{
  "model_parameters": {
    "n_dimensions": 3,
    "n_clusters": 5,
    "n_points": 15,
    "coord_range_lower": -1,
    "coord_range_upper": 1
  },
  "solution": {
    "status": "optimal",
    "center_coordinates": {
      "cluster_1": {
        "dim_1": -0.694675407802446,
        "dim_2": -0.432495344480792,
        "dim_3": -0.722426023810662
      },
      "cluster_2": {
        "dim_1": -0.660464858304126,
        "dim_2": 0.377569457061329,
        "dim_3": 0.705213262876747
      },
      "cluster_3": {
        "dim_1": -0.344245391761253,
        "dim_2": -0.77587890625,
        "dim_3": 0.547605958774931
      },
      "cluster_4": {
        "dim_1": 0.071752959727581,
        "dim_2": 0.512060761419618,
        "dim_3": -0.474496364593516
      },
      "cluster_5": {
        "dim_1": 0.561982848047294,
        "dim_2": -0.13744864151879,
        "dim_3": 0.105976159388051
      }
    },
    "distances": {
      "1": 0.312050601744448,
      "2": 0.100219806728058,
      "3": 0.118603034501991,
      "4": 0.428821025491942,
      "5": 0.081275086205088,
      "6": 0.201975850105542,
      "7": 0.343252413697034,
      "8": 0.260518675498552,
      "9": 0.054607401036788,
      "10": 0.080954931751551,
      "11": 0.260493544850728,
      "12": 0.452091253378886,
      "13": 0.217703092547382,
      "14": 0.023267679904342,
      "15": 0.118724041967471
    },
    "objective_value": 3.054558439409803,
    "lower_bound": 1.148035543865421,
    "upper_bound": 3.054558439409802,
    "absolute_gap": 1.9065228955443818,
    "relative_gap": 1.6606828122456414
  },
  "performance": {
    "solution_time_seconds": 301.4905757904053,
    "solver_status": "ok",
    "termination_condition": "optimal",
    "solver": "gams",
    "subsolver": "scip",
    "is_relaxation": false,
    "root_relaxation_value": 1.14803554386542,
    "root_relaxation_gap_percent": 62.415662799129755,
    "relaxation_gap_percent": null,
    "absolute_gap": null
  }
}