{
  "model_parameters": {
    "n_dimensions": 5,
    "n_clusters": 4,
    "n_points": 14,
    "coord_range_lower": -1,
    "coord_range_upper": 1
  },
  "solution": {
    "status": "optimal",
    "center_coordinates": {
      "cluster_1": {
        "dim_1": -0.394525003162995,
        "dim_2": 0.347578270565127,
        "dim_3": 0.693603191842569,
        "dim_4": 0.162155178832096,
        "dim_5": 0.384242429759552
      },
      "cluster_2": {
        "dim_1": -0.114515030726047,
        "dim_2": -0.400642101024434,
        "dim_3": -0.563090985683005,
        "dim_4": 0.614114093675425,
        "dim_5": -0.868038091474702
      },
      "cluster_3": {
        "dim_1": 0.42683614945805,
        "dim_2": 0.29367682990387,
        "dim_3": -0.972081416909554,
        "dim_4": 0.281172698761369,
        "dim_5": 0.752566642307245
      },
      "cluster_4": {
        "dim_1": 0.781496205326557,
        "dim_2": -0.132527472670602,
        "dim_3": 0.413869737463788,
        "dim_4": 0.399730422108688,
        "dim_5": -0.177994936036754
      }
    },
    "distances": {
      "1": 0.10760650522477,
      "2": 0.687348052231115,
      "3": 0.746584036190895,
      "4": 1.463659062084994,
      "5": 0.321918396675409,
      "6": 0.464019078468763,
      "7": 0.866883883891819,
      "8": 0.321837956552684,
      "9": 0.680788872381185,
      "10": 0.107595147181826,
      "11": 0.822527469973456,
      "12": 0.468692634819085,
      "13": 1.038814221542087,
      "14": 0.466740984177745
    },
    "objective_value": 8.565016301395833,
    "lower_bound": 8.565016077146705,
    "absolute_gap": 2.2424912771157324e-07,
    "relative_gap": 2.6181985613537596e-08
  },
  "performance": {
    "solution_time_seconds": 735.2509784698486,
    "solver_status": "ok",
    "termination_condition": "optimal",
    "solver": "gams",
    "subsolver": "gurobi",
    "is_relaxation": false,
    "root_relaxation_value": 0.0,
    "root_relaxation_gap_percent": 100.0,
    "relaxation_gap_percent": null,
    "absolute_gap": null
  }
}