{
  "model_parameters": {
    "n_dimensions": 2,
    "n_clusters": 5,
    "n_points": 11,
    "coord_range_lower": -1,
    "coord_range_upper": 1
  },
  "solution": {
    "status": "optimal",
    "center_coordinates": {
      "cluster_1": {
        "dim_1": -0.740922656444677,
        "dim_2": 0.094540089084999
      },
      "cluster_2": {
        "dim_1": -0.135304212198166,
        "dim_2": 0.651245089576046
      },
      "cluster_3": {
        "dim_1": -0.126595954861473,
        "dim_2": 0.081573486328125
      },
      "cluster_4": {
        "dim_1": 0.522568986098804,
        "dim_2": 0.939281349898332
      },
      "cluster_5": {
        "dim_1": 0.646663098486599,
        "dim_2": -0.264578459597747
      }
    },
    "distances": {
      "1": 0.022885928373285,
      "2": 0.06375506975852,
      "3": 0.022887169157484,
      "4": 0.0,
      "5": 0.068434504791079,
      "6": 0.029763305107614,
      "7": 0.0,
      "8": 0.033750056353002,
      "9": 0.036528395696072,
      "10": 0.065424216785798,
      "11": 0.07583008469564
    },
    "objective_value": 0.419258730718494,
    "lower_bound": 0.419258730718484,
    "upper_bound": 0.419258730718494,
    "absolute_gap": 9.992007221626409e-15,
    "relative_gap": 2.38325561032518e-14
  },
  "performance": {
    "solution_time_seconds": 13.927066087722778,
    "solver_status": "ok",
    "termination_condition": "optimal",
    "solver": "gams",
    "subsolver": "scip",
    "is_relaxation": false,
    "root_relaxation_value": 0.419258730718484,
    "root_relaxation_gap_percent": 2.3832556103251232e-12,
    "relaxation_gap_percent": null,
    "absolute_gap": null
  }
}