{
  "model_parameters": {
    "n_dimensions": 2,
    "n_clusters": 3,
    "n_points": 16,
    "coord_range_lower": -1,
    "coord_range_upper": 1
  },
  "solution": {
    "status": "optimal",
    "center_coordinates": {
      "cluster_1": {
        "dim_1": -0.591466903532349,
        "dim_2": -0.567486898426721
      },
      "cluster_2": {
        "dim_1": -0.36322257407616,
        "dim_2": 0.333329998725153
      },
      "cluster_3": {
        "dim_1": 0.687511783085137,
        "dim_2": 0.482236737675631
      }
    },
    "distances": {
      "1": 0.109239881911499,
      "2": 0.348269328602052,
      "3": 0.047109022361033,
      "4": 0.141863384977081,
      "5": 0.024310500779711,
      "6": 0.773148162131682,
      "7": 0.227422116573472,
      "8": 0.101398450528298,
      "9": 0.135480089335455,
      "10": 0.096809770969463,
      "11": 0.038941249430189,
      "12": 0.169333630306903,
      "13": 0.078600692718403,
      "14": 0.159791037910776,
      "15": 0.214530801238268,
      "16": 0.171839367431602
    },
    "objective_value": 2.838087487205887,
    "lower_bound": 2.838085808721934,
    "upper_bound": 2.838087487205885,
    "absolute_gap": 1.6784839531602813e-06,
    "relative_gap": 5.914140960791272e-07
  },
  "performance": {
    "solution_time_seconds": 1.5094242095947266,
    "solver_status": "ok",
    "termination_condition": "optimal",
    "solver": "gams",
    "subsolver": "gurobi",
    "is_relaxation": false,
    "root_relaxation_value": 0.0,
    "root_relaxation_gap_percent": 100.0,
    "relaxation_gap_percent": null,
    "absolute_gap": null
  }
}