{
  "model_parameters": {
    "n_dimensions": 5,
    "n_clusters": 4,
    "n_points": 15,
    "coord_range_lower": -1,
    "coord_range_upper": 1
  },
  "solution": {
    "status": "optimal",
    "center_coordinates": {
      "cluster_1": {
        "dim_1": -0.553288284813046,
        "dim_2": -0.57694819192858,
        "dim_3": -0.712241502407184,
        "dim_4": 0.051587260015335,
        "dim_5": 0.223049019282835
      },
      "cluster_2": {
        "dim_1": -0.350889401675531,
        "dim_2": 0.733029521175327,
        "dim_3": -0.240588765105935,
        "dim_4": 0.479709821545224,
        "dim_5": 0.068546273601513
      },
      "cluster_3": {
        "dim_1": 0.296661185219321,
        "dim_2": 0.507593727237167,
        "dim_3": 0.626866590402334,
        "dim_4": -0.283384106764966,
        "dim_5": 0.183879647174108
      },
      "cluster_4": {
        "dim_1": 0.784300217802669,
        "dim_2": -0.514449404877329,
        "dim_3": -0.170010910857389,
        "dim_4": 0.313580159523465,
        "dim_5": 0.376169329130961
      }
    },
    "distances": {
      "1": 0.582060357969543,
      "2": 0.685421506545477,
      "3": 0.617760492540761,
      "4": 1.335892820634791,
      "5": 0.424433417311208,
      "6": 1.225571967046372,
      "7": 1.231212584766794,
      "8": 0.276569205357419,
      "9": 0.307006708518237,
      "10": 0.494335443875773,
      "11": 1.117909416525387,
      "12": 0.618805406629923,
      "13": 0.608965547311502,
      "14": 0.355449309030372,
      "15": 0.789124894119403
    },
    "objective_value": 10.670519078182963,
    "lower_bound": 1.751931832907175,
    "upper_bound": 10.670519078182965,
    "absolute_gap": 8.918587245275788,
    "relative_gap": 5.090715904440292
  },
  "performance": {
    "solution_time_seconds": 301.61467385292053,
    "solver_status": "ok",
    "termination_condition": "optimal",
    "solver": "gams",
    "subsolver": "baron",
    "is_relaxation": false,
    "root_relaxation_value": 0.0,
    "root_relaxation_gap_percent": 100.0,
    "relaxation_gap_percent": null,
    "absolute_gap": null
  }
}