{
  "model_parameters": {
    "n_dimensions": 4,
    "n_clusters": 4,
    "n_points": 15,
    "coord_range_lower": -1,
    "coord_range_upper": 1
  },
  "solution": {
    "status": "optimal",
    "center_coordinates": {
      "cluster_1": {
        "dim_1": -0.676180426195161,
        "dim_2": -0.516690683507614,
        "dim_3": 0.728241145035961,
        "dim_4": -0.507434197107791
      },
      "cluster_2": {
        "dim_1": -0.676180426195161,
        "dim_2": -0.201126048223641,
        "dim_3": -0.923835965872784,
        "dim_4": 0.141715253327848
      },
      "cluster_3": {
        "dim_1": 0.23038606260564,
        "dim_2": 0.317274089753656,
        "dim_3": -0.508295126479385,
        "dim_4": -0.518092359327511
      },
      "cluster_4": {
        "dim_1": 0.626417897200133,
        "dim_2": 0.304877767762962,
        "dim_3": 0.481495651354935,
        "dim_4": -0.036119566891361
      }
    },
    "distances": {
      "1": 0.790200532285755,
      "2": 0.666667180304349,
      "3": 0.57408659107418,
      "4": 0.269548431790962,
      "5": 0.445235386747895,
      "6": 0.688357067410857,
      "7": 0.525803311284148,
      "8": 0.194487859988921,
      "9": 0.230436754641845,
      "10": 0.310253417433881,
      "11": 0.101541509448469,
      "12": 0.495031951936198,
      "13": 0.276957243415042,
      "14": 0.799833878804158,
      "15": 0.41122713989549
    },
    "objective_value": 6.77966825646215,
    "lower_bound": 1.653882560224104,
    "upper_bound": 6.77966825646215,
    "absolute_gap": 5.125785696238046,
    "relative_gap": 3.0992440572947895
  },
  "performance": {
    "solution_time_seconds": 301.50350165367126,
    "solver_status": "ok",
    "termination_condition": "optimal",
    "solver": "gams",
    "subsolver": "baron",
    "is_relaxation": false,
    "root_relaxation_value": 0.0,
    "root_relaxation_gap_percent": 100.0,
    "relaxation_gap_percent": null,
    "absolute_gap": null
  }
}