{
  "model_parameters": {
    "n_dimensions": 5,
    "n_clusters": 5,
    "n_points": 13,
    "coord_range_lower": -1,
    "coord_range_upper": 1
  },
  "solution": {
    "status": "optimal",
    "center_coordinates": {
      "cluster_1": {
        "dim_1": -0.354389867479172,
        "dim_2": 0.700321819064243,
        "dim_3": -0.411661823747211,
        "dim_4": 0.310933121457109,
        "dim_5": 0.52657919244356
      },
      "cluster_2": {
        "dim_1": -0.21233654288837,
        "dim_2": -0.495430822903736,
        "dim_3": -0.206056914379392,
        "dim_4": 0.204418895821748,
        "dim_5": -0.656993096333971
      },
      "cluster_3": {
        "dim_1": -0.184795181741658,
        "dim_2": -0.495247624767901,
        "dim_3": 0.386930684922959,
        "dim_4": -0.688569232753662,
        "dim_5": 0.292633918039187
      },
      "cluster_4": {
        "dim_1": -0.184795191691873,
        "dim_2": 0.700592100578819,
        "dim_3": 0.815206851372163,
        "dim_4": 0.351789590061134,
        "dim_5": 0.446482880697591
      },
      "cluster_5": {
        "dim_1": 0.561332801921163,
        "dim_2": -0.321359793029472,
        "dim_3": -0.306533926950502,
        "dim_4": 0.411984516043024,
        "dim_5": 0.119885967966399
      }
    },
    "distances": {
      "1": 0.42340801347247,
      "2": 0.299183020268315,
      "3": 0.093741126969858,
      "4": 0.285902078605335,
      "5": 0.603155852681427,
      "6": 0.519188468490048,
      "7": 0.328470980320167,
      "8": 0.216940828713153,
      "9": 0.259454340878904,
      "10": 0.285902082043439,
      "11": 0.432896288763815,
      "12": 0.632849094124909,
      "13": 0.718841442852409
    },
    "objective_value": 5.099933618184249,
    "lower_bound": 1.688400142495978,
    "absolute_gap": 3.4115334756882705,
    "relative_gap": 2.0205716582355695
  },
  "performance": {
    "solution_time_seconds": 1803.4167420864105,
    "solver_status": "ok",
    "termination_condition": "optimal",
    "solver": "gams",
    "subsolver": "scip",
    "is_relaxation": false,
    "root_relaxation_value": 1.68840014249598,
    "root_relaxation_gap_percent": 66.89368393980962,
    "relaxation_gap_percent": null,
    "absolute_gap": null
  }
}