{
  "model_parameters": {
    "n_dimensions": 4,
    "n_clusters": 3,
    "n_points": 10,
    "coord_range_lower": -1,
    "coord_range_upper": 1
  },
  "solution": {
    "status": "optimal",
    "center_coordinates": {
      "cluster_1": {
        "dim_1": -0.459581111087339,
        "dim_2": 0.151087057214779,
        "dim_3": 0.785471502115226,
        "dim_4": -0.538662105887341
      },
      "cluster_2": {
        "dim_1": 0.038468973833258,
        "dim_2": -0.52503592175766,
        "dim_3": 0.436329001360903,
        "dim_4": 0.385663535093855
      },
      "cluster_3": {
        "dim_1": 0.359180940960006,
        "dim_2": 0.936359696390149,
        "dim_3": 0.091533100803845,
        "dim_4": -0.607892134789323
      }
    },
    "distances": {
      "1": 0.007353177241196,
      "2": 0.915051181073767,
      "3": 0.579191837354207,
      "4": 0.291296773807757,
      "5": 0.045213744951786,
      "6": 0.0,
      "7": 0.656781603217347,
      "8": 0.399878035072384,
      "9": 0.371157682870658,
      "10": 0.57707926846338
    },
    "objective_value": 3.843003304052482,
    "lower_bound": 3.843003304052482,
    "upper_bound": 3.843003304052482,
    "absolute_gap": 0.0,
    "relative_gap": 0.0
  },
  "performance": {
    "solution_time_seconds": 68.53664374351501,
    "solver_status": "ok",
    "termination_condition": "optimal",
    "solver": "gams",
    "subsolver": "baron",
    "is_relaxation": false,
    "root_relaxation_value": 0.0,
    "root_relaxation_gap_percent": 100.0,
    "relaxation_gap_percent": null,
    "absolute_gap": null
  }
}