{
  "model_parameters": {
    "n_dimensions": 3,
    "n_clusters": 4,
    "n_points": 16,
    "coord_range_lower": -1,
    "coord_range_upper": 1
  },
  "solution": {
    "status": "feasible",
    "center_coordinates": {
      "cluster_1": {
        "dim_1": -0.816267109172716,
        "dim_2": 0.480505502819816,
        "dim_3": 0.213425937457644
      },
      "cluster_2": {
        "dim_1": -0.353640881356411,
        "dim_2": -0.571481699325558,
        "dim_3": -0.113916227178683
      },
      "cluster_3": {
        "dim_1": 0.448137561455639,
        "dim_2": 0.54449264888436,
        "dim_3": 0.715549318749984
      },
      "cluster_4": {
        "dim_1": 0.761468858686818,
        "dim_2": 0.803661993999338,
        "dim_3": -0.75831435442314
      }
    },
    "distances": {
      "1": 0.217745931935063,
      "2": 0.317647067476726,
      "3": 0.268462447851869,
      "4": 0.114416594086999,
      "5": 0.293609770964312,
      "6": 0.470087620612319,
      "7": 0.096558193708003,
      "8": 0.188107401798206,
      "9": 0.194119561576478,
      "10": 0.325052471605551,
      "11": 0.060947500098946,
      "12": 0.1384701503749,
      "13": 0.04006996176673,
      "14": 0.044799761665905,
      "15": 0.079900951504002,
      "16": 0.092562098136912
    },
    "objective_value": 2.9425574851629213,
    "lower_bound": 2.911125617162092,
    "upper_bound": 2.94255748516292,
    "absolute_gap": 0.03143186800082942,
    "relative_gap": 0.010797152763016371
  },
  "performance": {
    "solution_time_seconds": 300.58415269851685,
    "solver_status": "ok",
    "termination_condition": "feasible",
    "solver": "gams",
    "subsolver": "gurobi",
    "is_relaxation": false,
    "root_relaxation_value": 0.0,
    "root_relaxation_gap_percent": 100.0,
    "relaxation_gap_percent": null,
    "absolute_gap": null
  }
}