{
  "model_parameters": {
    "n_dimensions": 2,
    "n_clusters": 3,
    "n_points": 13,
    "coord_range_lower": -1,
    "coord_range_upper": 1
  },
  "solution": {
    "status": "optimal",
    "center_coordinates": {
      "cluster_1": {
        "dim_1": -0.684438483188748,
        "dim_2": 0.245979385386638
      },
      "cluster_2": {
        "dim_1": 0.414617849177121,
        "dim_2": -0.26673557105772
      },
      "cluster_3": {
        "dim_1": 0.824463607222298,
        "dim_2": 0.787775931315715
      }
    },
    "distances": {
      "1": 0.103361536557164,
      "2": 0.04495266225377,
      "3": 0.056039445666095,
      "4": 0.109294649469275,
      "5": 0.035250687655114,
      "6": 0.059306829832226,
      "7": 0.079795782566565,
      "8": 0.364060987619897,
      "9": 0.302585038723035,
      "10": 0.015508776961244,
      "11": 0.058081751393252,
      "12": 0.128628695490713,
      "13": 0.106357078062124
    },
    "objective_value": 1.463223922250474,
    "lower_bound": 1.463223922250475,
    "absolute_gap": -1.1102230246251565e-15,
    "relative_gap": -7.587512804722367e-16
  },
  "performance": {
    "solution_time_seconds": 5.4322991371154785,
    "solver_status": "ok",
    "termination_condition": "optimal",
    "solver": "gams",
    "subsolver": "baron",
    "is_relaxation": false,
    "root_relaxation_value": 0.0,
    "root_relaxation_gap_percent": 100.0,
    "relaxation_gap_percent": null,
    "absolute_gap": null
  }
}