{
  "model_parameters": {
    "n_dimensions": 2,
    "n_clusters": 4,
    "n_points": 10,
    "coord_range_lower": -1,
    "coord_range_upper": 1
  },
  "solution": {
    "status": "optimal",
    "center_coordinates": {
      "cluster_1": {
        "dim_1": -0.703553372287389,
        "dim_2": -0.404458167348262
      },
      "cluster_2": {
        "dim_1": -0.078164737695621,
        "dim_2": 0.277721935369645
      },
      "cluster_3": {
        "dim_1": 0.579142912097306,
        "dim_2": 0.6369850163859
      },
      "cluster_4": {
        "dim_1": 0.723398235479309,
        "dim_2": -0.196805640530385
      }
    },
    "distances": {
      "1": 0.10127294740753,
      "2": 0.123230414496625,
      "3": 0.093605481215293,
      "4": 0.052668192973572,
      "5": 0.006154477444104,
      "6": 0.014943683330153,
      "7": 0.006327258118399,
      "8": 0.077762694785476,
      "9": 0.029790009150697,
      "10": 0.093974993735135
    },
    "objective_value": 0.599730152656984,
    "lower_bound": 0.599729598322248,
    "upper_bound": 0.599730152656985,
    "absolute_gap": 5.543347360026374e-07,
    "relative_gap": 9.24307783963634e-07
  },
  "performance": {
    "solution_time_seconds": 28.36223292350769,
    "solver_status": "ok",
    "termination_condition": "optimal",
    "solver": "gams",
    "subsolver": "gurobi",
    "is_relaxation": false,
    "root_relaxation_value": 0.0,
    "root_relaxation_gap_percent": 100.0,
    "relaxation_gap_percent": null,
    "absolute_gap": null
  }
}