{
  "model_parameters": {
    "n_dimensions": 3,
    "n_clusters": 4,
    "n_points": 13,
    "coord_range_lower": -1,
    "coord_range_upper": 1
  },
  "solution": {
    "status": "optimal",
    "center_coordinates": {
      "cluster_1": {
        "dim_1": -0.956410044668725,
        "dim_2": -0.586652477193897,
        "dim_3": 0.842750703204278
      },
      "cluster_2": {
        "dim_1": -0.228633009133419,
        "dim_2": 0.745614119789624,
        "dim_3": 0.391774478778553
      },
      "cluster_3": {
        "dim_1": 0.471206391453333,
        "dim_2": 0.058524980901709,
        "dim_3": -0.524084122497114
      },
      "cluster_4": {
        "dim_1": 0.670428909931686,
        "dim_2": -0.299547141628737,
        "dim_3": 0.410780600650434
      }
    },
    "distances": {
      "1": 0.074190554098896,
      "2": -1e-08,
      "3": 0.418489486663028,
      "4": 0.030122732366611,
      "5": 0.220263579625104,
      "6": 0.099506821859953,
      "7": 0.576887977725745,
      "8": 0.019145849408508,
      "9": 0.157337990504769,
      "10": 0.133301452319807,
      "11": 0.387092858740073,
      "12": 0.220609714293217,
      "13": 0.109220889233902
    },
    "objective_value": 2.446169896839613,
    "lower_bound": 2.44616594031663,
    "absolute_gap": 3.9565229830174076e-06,
    "relative_gap": 1.6174385056253697e-06
  },
  "performance": {
    "solution_time_seconds": 1801.257244348526,
    "solver_status": "ok",
    "termination_condition": "optimal",
    "solver": "gams",
    "subsolver": "scip",
    "is_relaxation": false,
    "root_relaxation_value": 2.44616594031663,
    "root_relaxation_gap_percent": 0.00016174358895222816,
    "relaxation_gap_percent": null,
    "absolute_gap": null
  }
}