{
  "model_parameters": {
    "n_dimensions": 5,
    "n_clusters": 3,
    "n_points": 12,
    "coord_range_lower": -1,
    "coord_range_upper": 1
  },
  "solution": {
    "status": "optimal",
    "center_coordinates": {
      "cluster_1": {
        "dim_1": -0.103205860478442,
        "dim_2": 0.159839033365579,
        "dim_3": 0.384186973222359,
        "dim_4": -0.626390517018115,
        "dim_5": -0.247229616546368
      },
      "cluster_2": {
        "dim_1": 0.553015343475701,
        "dim_2": -0.560249564452361,
        "dim_3": -0.000996974724298,
        "dim_4": 0.463428143460013,
        "dim_5": 0.292036110270615
      },
      "cluster_3": {
        "dim_1": 0.553015333621247,
        "dim_2": 0.413313067843969,
        "dim_3": -0.172902899903532,
        "dim_4": 0.673171368617183,
        "dim_5": -0.754698626972624
      }
    },
    "distances": {
      "1": 0.580332538401521,
      "2": 0.32468045768596,
      "3": 1.300849328367,
      "4": 0.733319209386844,
      "5": 0.973022420742007,
      "6": 0.639553312975847,
      "7": 0.731241299426577,
      "8": 0.340875510069481,
      "9": 0.843415654118838,
      "10": 0.676547387026469,
      "11": 0.835634934194105,
      "12": 2.571159721943078
    },
    "objective_value": 10.550631774337727,
    "lower_bound": 8.14350428913791,
    "absolute_gap": 2.4071274851998172,
    "relative_gap": 0.2955886556614857
  },
  "performance": {
    "solution_time_seconds": 1801.3976292610168,
    "solver_status": "ok",
    "termination_condition": "optimal",
    "solver": "gams",
    "subsolver": "scip",
    "is_relaxation": false,
    "root_relaxation_value": 8.14350428913791,
    "root_relaxation_gap_percent": 22.81500801738401,
    "relaxation_gap_percent": null,
    "absolute_gap": null
  }
}