{
  "model_parameters": {
    "n_dimensions": 5,
    "n_clusters": 5,
    "n_points": 12,
    "coord_range_lower": -1,
    "coord_range_upper": 1
  },
  "solution": {
    "status": "optimal",
    "center_coordinates": {
      "cluster_1": {
        "dim_1": -0.4324951171875,
        "dim_2": 0.60400390625,
        "dim_3": 0.46435546875,
        "dim_4": 0.5042724609375,
        "dim_5": 0.469223468336857
      },
      "cluster_2": {
        "dim_1": -0.0743408203125,
        "dim_2": -0.1365966796875,
        "dim_3": 0.1959228515625,
        "dim_4": 0.5855712890625,
        "dim_5": -0.755371093750012
      },
      "cluster_3": {
        "dim_1": 0.059319403182624,
        "dim_2": -0.6500244140625,
        "dim_3": 0.85595703125,
        "dim_4": -0.512393654590485,
        "dim_5": 0.228415675072569
      },
      "cluster_4": {
        "dim_1": 0.059319403182624,
        "dim_2": 0.5108642578125,
        "dim_3": -0.81689453125,
        "dim_4": 0.2083740234375,
        "dim_5": 0.565992214288663
      },
      "cluster_5": {
        "dim_1": 0.579153988509294,
        "dim_2": 0.647463367417576,
        "dim_3": 0.623404651944752,
        "dim_4": -0.769751620065165,
        "dim_5": 0.683118874678871
      }
    },
    "distances": {
      "1": 0.53370537621256,
      "2": 0.690939980029375,
      "3": 0.391292698422018,
      "4": 0.144060987923201,
      "5": 0.533493152526009,
      "6": 0.667665650864407,
      "7": 0.510315458360685,
      "8": 0.33185821818226,
      "9": 0.0,
      "10": 0.540429490322835,
      "11": 0.154583263213172,
      "12": 0.183224607044324
    },
    "objective_value": 4.681568883100846,
    "lower_bound": 0.134681240314916,
    "upper_bound": 4.681568883100847,
    "absolute_gap": 4.54688764278593,
    "relative_gap": 33.76036359744128
  },
  "performance": {
    "solution_time_seconds": 301.2377998828888,
    "solver_status": "ok",
    "termination_condition": "optimal",
    "solver": "gams",
    "subsolver": "scip",
    "is_relaxation": false,
    "root_relaxation_value": 0.134681240314916,
    "root_relaxation_gap_percent": 97.12316012691647,
    "relaxation_gap_percent": null,
    "absolute_gap": null
  }
}