{
  "model_parameters": {
    "n_dimensions": 5,
    "n_clusters": 4,
    "n_points": 13,
    "coord_range_lower": -1,
    "coord_range_upper": 1
  },
  "solution": {
    "status": "optimal",
    "center_coordinates": {
      "cluster_1": {
        "dim_1": -0.325544500485834,
        "dim_2": 0.727202841035716,
        "dim_3": 0.327467541715098,
        "dim_4": 0.130468829695314,
        "dim_5": 0.801351008927977
      },
      "cluster_2": {
        "dim_1": -0.299613378072432,
        "dim_2": -0.333039216111606,
        "dim_3": 0.005853621459786,
        "dim_4": -0.729845952260048,
        "dim_5": -0.116698575984123
      },
      "cluster_3": {
        "dim_1": 0.371928003355736,
        "dim_2": 0.45233790515276,
        "dim_3": -0.025786464291054,
        "dim_4": 0.389953307868877,
        "dim_5": -0.605326075970043
      },
      "cluster_4": {
        "dim_1": 0.765285050044596,
        "dim_2": -0.399972680736937,
        "dim_3": 0.746051502235287,
        "dim_4": 0.727729113037035,
        "dim_5": 0.700339416431802
      }
    },
    "distances": {
      "1": 0.084670467078995,
      "2": 0.382433131259024,
      "3": 0.182978206095734,
      "4": 0.535891539427202,
      "5": 0.60308195491376,
      "6": 0.526572084745382,
      "7": 0.443374485392366,
      "8": 0.0,
      "9": 1.220671020052942,
      "10": 1.220830338914677,
      "11": 0.618390939074408,
      "12": 0.105605831884784,
      "13": 0.195131982139673
    },
    "objective_value": 6.119631980978947,
    "lower_bound": 1.227425461113464,
    "upper_bound": 6.119631980978946,
    "absolute_gap": 4.892206519865483,
    "relative_gap": 3.985746324202447
  },
  "performance": {
    "solution_time_seconds": 300.9751205444336,
    "solver_status": "ok",
    "termination_condition": "optimal",
    "solver": "gams",
    "subsolver": "scip",
    "is_relaxation": false,
    "root_relaxation_value": 1.22742546111346,
    "root_relaxation_gap_percent": 79.94282229832535,
    "relaxation_gap_percent": null,
    "absolute_gap": null
  }
}