{
  "model_parameters": {
    "n_dimensions": 4,
    "n_clusters": 3,
    "n_points": 15,
    "coord_range_lower": -1,
    "coord_range_upper": 1
  },
  "solution": {
    "status": "feasible",
    "center_coordinates": {
      "cluster_1": {
        "dim_1": -0.519578863148097,
        "dim_2": -0.153666836320792,
        "dim_3": -0.002569304611262,
        "dim_4": 0.675454277543727
      },
      "cluster_2": {
        "dim_1": -0.51957886153701,
        "dim_2": 0.627700318314909,
        "dim_3": -0.465839080209631,
        "dim_4": -0.004140373870359
      },
      "cluster_3": {
        "dim_1": 0.519288594228709,
        "dim_2": -0.132650655076487,
        "dim_3": 0.250992580243176,
        "dim_4": -0.259568762178994
      }
    },
    "distances": {
      "1": 0.46599914499579,
      "2": 0.590390153011056,
      "3": 0.979040229654233,
      "4": 0.470380664866403,
      "5": 1.118118910815537,
      "6": 0.323881378292803,
      "7": 0.69592311225295,
      "8": 1.0972698658505,
      "9": 0.363039340661408,
      "10": 0.32140886070268,
      "11": 0.579625462124598,
      "12": 0.288374372597774,
      "13": 0.776026197891471,
      "14": 0.461564735712352,
      "15": 0.112996785713731
    },
    "objective_value": 8.644039215143286,
    "lower_bound": 8.398656507407962,
    "upper_bound": 8.644039215143286,
    "absolute_gap": 0.2453827077353239,
    "relative_gap": 0.029216900050488576
  },
  "performance": {
    "solution_time_seconds": 300.677720785141,
    "solver_status": "ok",
    "termination_condition": "feasible",
    "solver": "gams",
    "subsolver": "gurobi",
    "is_relaxation": false,
    "root_relaxation_value": 0.0,
    "root_relaxation_gap_percent": 100.0,
    "relaxation_gap_percent": null,
    "absolute_gap": null
  }
}