{
  "model_parameters": {
    "n_dimensions": 2,
    "n_clusters": 4,
    "n_points": 16,
    "coord_range_lower": -1,
    "coord_range_upper": 1
  },
  "solution": {
    "status": "optimal",
    "center_coordinates": {
      "cluster_1": {
        "dim_1": -0.708612527888862,
        "dim_2": 0.160663917170963
      },
      "cluster_2": {
        "dim_1": -0.680947452207334,
        "dim_2": -0.447843749151829
      },
      "cluster_3": {
        "dim_1": 0.286435442446314,
        "dim_2": 0.721833250754029
      },
      "cluster_4": {
        "dim_1": 0.630536021261682,
        "dim_2": 0.042194831582168
      }
    },
    "distances": {
      "1": 0.058741951494954,
      "2": 0.026956374182017,
      "3": 0.043177313964062,
      "4": 0.208673770881936,
      "5": 0.031830989977585,
      "6": 0.081518550455728,
      "7": 0.363886780328144,
      "8": 0.027325727319198,
      "9": 0.098917568092525,
      "10": 0.090301187541682,
      "11": 0.00363487282732,
      "12": 0.251216906948913,
      "13": 0.004013784830378,
      "14": 0.042980355854412,
      "15": 0.135659319426967,
      "16": 0.028094725892496
    },
    "objective_value": 1.496930180018317,
    "lower_bound": 1.496930180018297,
    "absolute_gap": 1.9984014443252818e-14,
    "relative_gap": 1.3349997688608664e-14
  },
  "performance": {
    "solution_time_seconds": 46.906163692474365,
    "solver_status": "ok",
    "termination_condition": "optimal",
    "solver": "gams",
    "subsolver": "scip",
    "is_relaxation": false,
    "root_relaxation_value": 1.4969301800183,
    "root_relaxation_gap_percent": 1.1421664689142815e-12,
    "relaxation_gap_percent": null,
    "absolute_gap": null
  }
}