{
  "model_parameters": {
    "n_dimensions": 5,
    "n_clusters": 3,
    "n_points": 10,
    "coord_range_lower": -1,
    "coord_range_upper": 1
  },
  "solution": {
    "status": "optimal",
    "center_coordinates": {
      "cluster_1": {
        "dim_1": -0.79630401236209,
        "dim_2": -0.012570825606089,
        "dim_3": 0.562695980072021,
        "dim_4": -0.404950759232084,
        "dim_5": -0.0433349609375
      },
      "cluster_2": {
        "dim_1": -0.560426581126741,
        "dim_2": 0.49432373046875,
        "dim_3": 0.099768706817716,
        "dim_4": 0.486326235749935,
        "dim_5": 0.546405167448279
      },
      "cluster_3": {
        "dim_1": 0.090793375700352,
        "dim_2": -0.273364090558951,
        "dim_3": -0.542959227130431,
        "dim_4": 0.374624262219628,
        "dim_5": -0.692962656682255
      }
    },
    "distances": {
      "1": 0.729312813059862,
      "2": 0.858904235661716,
      "3": 0.534487092183349,
      "4": 1.214986623526216,
      "5": 0.302291975748276,
      "6": 0.15592831635501,
      "7": 1.392133201898025,
      "8": 1.209654065000676,
      "9": 0.533794048421817,
      "10": 0.830520186620628
    },
    "objective_value": 7.762012558475575,
    "lower_bound": 7.762012558475529,
    "upper_bound": 7.762012558475575,
    "absolute_gap": 4.529709940470639e-14,
    "relative_gap": 5.83574157648655e-15
  },
  "performance": {
    "solution_time_seconds": 17.74193286895752,
    "solver_status": "ok",
    "termination_condition": "optimal",
    "solver": "gams",
    "subsolver": "scip",
    "is_relaxation": false,
    "root_relaxation_value": 7.76201255847553,
    "root_relaxation_gap_percent": 5.721315271065212e-13,
    "relaxation_gap_percent": null,
    "absolute_gap": null
  }
}