{
  "model_parameters": {
    "n_dimensions": 2,
    "n_clusters": 4,
    "n_points": 16,
    "coord_range_lower": -1,
    "coord_range_upper": 1
  },
  "solution": {
    "status": "optimal",
    "center_coordinates": {
      "cluster_1": {
        "dim_1": -0.708795720114143,
        "dim_2": 0.161049894136448
      },
      "cluster_2": {
        "dim_1": -0.680444886909638,
        "dim_2": -0.447934292393704
      },
      "cluster_3": {
        "dim_1": 0.285823686706944,
        "dim_2": 0.721336189007732
      },
      "cluster_4": {
        "dim_1": 0.630773630813038,
        "dim_2": 0.042368670812803
      }
    },
    "distances": {
      "1": 0.058837442103943,
      "2": 0.027163798051521,
      "3": 0.043172921516137,
      "4": 0.208283482861389,
      "5": 0.031847151859725,
      "6": 0.081740387151407,
      "7": 0.363884291574787,
      "8": 0.027118541943784,
      "9": 0.099199207271922,
      "10": 0.090097089087348,
      "11": 0.003600302764886,
      "12": 0.251509360248355,
      "13": 0.00399753564635,
      "14": 0.042869514173725,
      "15": 0.135492347094589,
      "16": 0.028126582287818
    },
    "objective_value": 1.4969399556376861,
    "lower_bound": 1.496939665186666,
    "absolute_gap": 2.9045102012403845e-07,
    "relative_gap": 1.9402987767567752e-07
  },
  "performance": {
    "solution_time_seconds": 16.16073989868164,
    "solver_status": "ok",
    "termination_condition": "optimal",
    "solver": "gams",
    "subsolver": "gurobi",
    "is_relaxation": false,
    "root_relaxation_value": 0.0,
    "root_relaxation_gap_percent": 100.0,
    "relaxation_gap_percent": null,
    "absolute_gap": null
  }
}