{
  "model_parameters": {
    "n_dimensions": 5,
    "n_clusters": 4,
    "n_points": 16,
    "coord_range_lower": -1,
    "coord_range_upper": 1
  },
  "solution": {
    "status": "feasible",
    "center_coordinates": {
      "cluster_1": {
        "dim_1": -0.371068995308801,
        "dim_2": 0.182672278036538,
        "dim_3": 0.507436520277933,
        "dim_4": -0.689856335040197,
        "dim_5": -0.67368191525394
      },
      "cluster_2": {
        "dim_1": -0.230604607872059,
        "dim_2": -0.487042346246743,
        "dim_3": 0.269755782366162,
        "dim_4": 0.483637533120338,
        "dim_5": -0.357706279632888
      },
      "cluster_3": {
        "dim_1": -0.012609071377765,
        "dim_2": 0.176746827125545,
        "dim_3": 0.124575654355159,
        "dim_4": -0.697572038649954,
        "dim_5": 0.627879929928891
      },
      "cluster_4": {
        "dim_1": 0.48375103902142,
        "dim_2": 0.774980936955744,
        "dim_3": -0.224226430268682,
        "dim_4": 0.423952348015003,
        "dim_5": -0.498452389882522
      }
    },
    "distances": {
      "1": 0.667750570197562,
      "2": 1.211812865529232,
      "3": 0.641108783262689,
      "4": 1.283724731413965,
      "5": 0.64698757832822,
      "6": 0.813714976232893,
      "7": 0.845193471223453,
      "8": 0.800204595309847,
      "9": 0.423217576217046,
      "10": 0.373600163296809,
      "11": 0.431123669524923,
      "12": 1.076005632181713,
      "13": 0.422619153781538,
      "14": 0.404154650679109,
      "15": 0.653899011976062,
      "16": 0.38248200949864
    },
    "objective_value": 11.077599438653701,
    "lower_bound": 3.822537183195649,
    "upper_bound": 11.077599438653701,
    "absolute_gap": 7.255062255458052,
    "relative_gap": 1.8979703552269451
  },
  "performance": {
    "solution_time_seconds": 300.72782039642334,
    "solver_status": "ok",
    "termination_condition": "feasible",
    "solver": "gams",
    "subsolver": "gurobi",
    "is_relaxation": false,
    "root_relaxation_value": 0.0,
    "root_relaxation_gap_percent": 100.0,
    "relaxation_gap_percent": null,
    "absolute_gap": null
  }
}