{
  "model_parameters": {
    "n_dimensions": 4,
    "n_clusters": 4,
    "n_points": 14,
    "coord_range_lower": -1,
    "coord_range_upper": 1
  },
  "solution": {
    "status": "feasible",
    "center_coordinates": {
      "cluster_1": {
        "dim_1": -0.788509229784344,
        "dim_2": 0.82866490993099,
        "dim_3": -0.908055445183041,
        "dim_4": -0.541993909573041
      },
      "cluster_2": {
        "dim_1": -0.545624127806357,
        "dim_2": -0.184892794572349,
        "dim_3": 0.522162275383793,
        "dim_4": 0.845061882269611
      },
      "cluster_3": {
        "dim_1": 0.170007847169791,
        "dim_2": 0.318004155641474,
        "dim_3": 0.824537814568941,
        "dim_4": -0.369756544353154
      },
      "cluster_4": {
        "dim_1": 0.825877514855219,
        "dim_2": -0.166990337696435,
        "dim_3": -0.207800659608717,
        "dim_4": 0.0138324278851
      }
    },
    "distances": {
      "1": 0.428819920678598,
      "2": 0.20849022036534,
      "3": 0.200993404609119,
      "4": 0.598090776553365,
      "5": 0.456062108866002,
      "6": 0.893694844939346,
      "7": 1.142904746339868,
      "8": 0.333421726658282,
      "9": 0.65905371140434,
      "10": 0.363584164735638,
      "11": 0.40090631831649,
      "12": 0.440589919667478,
      "13": 0.209560198563314,
      "14": 0.985036326762171
    },
    "objective_value": 7.321208388459351,
    "lower_bound": 6.797140728256633,
    "upper_bound": 7.321208388459349,
    "absolute_gap": 0.5240676602027179,
    "relative_gap": 0.07710119315671923
  },
  "performance": {
    "solution_time_seconds": 300.55843448638916,
    "solver_status": "ok",
    "termination_condition": "feasible",
    "solver": "gams",
    "subsolver": "gurobi",
    "is_relaxation": false,
    "root_relaxation_value": 0.0,
    "root_relaxation_gap_percent": 100.0,
    "relaxation_gap_percent": null,
    "absolute_gap": null
  }
}