{
  "model_parameters": {
    "n_dimensions": 3,
    "n_clusters": 4,
    "n_points": 16,
    "coord_range_lower": -1,
    "coord_range_upper": 1
  },
  "solution": {
    "status": "optimal",
    "center_coordinates": {
      "cluster_1": {
        "dim_1": -0.815354874283136,
        "dim_2": 0.480914615845469,
        "dim_3": 0.212840667234627
      },
      "cluster_2": {
        "dim_1": -0.353054565882043,
        "dim_2": -0.571443476151693,
        "dim_3": -0.114517886334314
      },
      "cluster_3": {
        "dim_1": 0.447995836738311,
        "dim_2": 0.54395658613728,
        "dim_3": 0.715025313490053
      },
      "cluster_4": {
        "dim_1": 0.761752229747555,
        "dim_2": 0.803644016636523,
        "dim_3": -0.758425168973385
      }
    },
    "distances": {
      "1": 0.218082226491283,
      "2": 0.317767448310604,
      "3": 0.269093103368641,
      "4": 0.114375059395448,
      "5": 0.293779428294699,
      "6": 0.469056102426669,
      "7": 0.096450238490163,
      "8": 0.187513828875656,
      "9": 0.194495963183295,
      "10": 0.325583746552321,
      "11": 0.060806014499737,
      "12": 0.138766667182316,
      "13": 0.039800019433192,
      "14": 0.044855918348237,
      "15": 0.07986707838599,
      "16": 0.092270961106243
    },
    "objective_value": 2.942563804344494,
    "lower_bound": 2.942563804344495,
    "upper_bound": 2.942563804344495,
    "absolute_gap": -8.881784197001252e-16,
    "relative_gap": -3.0183828754665925e-16
  },
  "performance": {
    "solution_time_seconds": 51.645119428634644,
    "solver_status": "ok",
    "termination_condition": "optimal",
    "solver": "gams",
    "subsolver": "baron",
    "is_relaxation": false,
    "root_relaxation_value": 0.0,
    "root_relaxation_gap_percent": 100.0,
    "relaxation_gap_percent": null,
    "absolute_gap": null
  }
}