{
  "model_parameters": {
    "n_dimensions": 4,
    "n_clusters": 3,
    "n_points": 13,
    "coord_range_lower": -1,
    "coord_range_upper": 1
  },
  "solution": {
    "status": "optimal",
    "center_coordinates": {
      "cluster_1": {
        "dim_1": -0.297633109686718,
        "dim_2": -0.516154989408485,
        "dim_3": -0.150378649323322,
        "dim_4": 0.596172017513012
      },
      "cluster_2": {
        "dim_1": 0.220806443701996,
        "dim_2": -0.123744107352986,
        "dim_3": -0.67459435658078,
        "dim_4": -0.569529840742884
      },
      "cluster_3": {
        "dim_1": 0.664041748812379,
        "dim_2": -0.294809972282528,
        "dim_3": 0.410495999977735,
        "dim_4": -0.215515375973543
      }
    },
    "distances": {
      "1": 0.855581211859416,
      "2": 0.369389797789113,
      "3": 1.070869354097145,
      "4": 0.476697267508061,
      "5": 0.686653606923587,
      "6": 0.2319403787425,
      "7": 0.328786086041991,
      "8": 0.667203938339737,
      "9": 0.522626334984814,
      "10": 0.176014174860048,
      "11": 0.812924410694357,
      "12": 0.25173189443059,
      "13": 0.289613111700732
    },
    "objective_value": 6.740031567972091,
    "lower_bound": 5.329357293075591,
    "absolute_gap": 1.4106742748964995,
    "relative_gap": 0.26469876146780064
  },
  "performance": {
    "solution_time_seconds": 1801.590811252594,
    "solver_status": "ok",
    "termination_condition": "optimal",
    "solver": "gams",
    "subsolver": "scip",
    "is_relaxation": false,
    "root_relaxation_value": 5.32935729307559,
    "root_relaxation_gap_percent": 20.929787355891236,
    "relaxation_gap_percent": null,
    "absolute_gap": null
  }
}