{
  "model_parameters": {
    "n_dimensions": 4,
    "n_clusters": 5,
    "n_points": 14,
    "coord_range_lower": -1,
    "coord_range_upper": 1
  },
  "solution": {
    "status": "optimal",
    "center_coordinates": {
      "cluster_1": {
        "dim_1": -0.784896801005405,
        "dim_2": 0.272026876164993,
        "dim_3": -0.163271579324112,
        "dim_4": -0.338704061773299
      },
      "cluster_2": {
        "dim_1": -0.666114111318049,
        "dim_2": -0.719641336597766,
        "dim_3": -0.819305964145908,
        "dim_4": -0.277753036256307
      },
      "cluster_3": {
        "dim_1": -0.072061782446509,
        "dim_2": 0.721624536258716,
        "dim_3": 0.35342084109354,
        "dim_4": 0.392372509258106
      },
      "cluster_4": {
        "dim_1": 0.21983180382784,
        "dim_2": -0.632415153586372,
        "dim_3": 0.27099905316819,
        "dim_4": 0.672650811245003
      },
      "cluster_5": {
        "dim_1": 0.338384334721358,
        "dim_2": 0.22574716996738,
        "dim_3": 0.491674109572217,
        "dim_4": -0.646703064261492
      }
    },
    "distances": {
      "1": 0.214595653407652,
      "2": 0.122824912625159,
      "3": 0.284503915056605,
      "4": 0.226396882950708,
      "5": 0.533822738395324,
      "6": 0.062163141419995,
      "7": 0.34974920949117,
      "8": 0.061493235520247,
      "9": 0.25235029737697,
      "10": 0.349749201065712,
      "11": 0.062163137158106,
      "12": 0.133711909625828,
      "13": 0.120649236903126,
      "14": 0.456626359653881
    },
    "objective_value": 3.230799830650483,
    "lower_bound": 1.642791284104706,
    "absolute_gap": 1.5880085465457767,
    "relative_gap": 0.9666526490072139
  },
  "performance": {
    "solution_time_seconds": 1801.9757661819458,
    "solver_status": "ok",
    "termination_condition": "optimal",
    "solver": "gams",
    "subsolver": "scip",
    "is_relaxation": false,
    "root_relaxation_value": 1.64279128410471,
    "root_relaxation_gap_percent": 49.15217994876663,
    "relaxation_gap_percent": null,
    "absolute_gap": null
  }
}