{
  "model_parameters": {
    "n_dimensions": 5,
    "n_clusters": 4,
    "n_points": 16,
    "coord_range_lower": -1,
    "coord_range_upper": 1
  },
  "solution": {
    "status": "optimal",
    "center_coordinates": {
      "cluster_1": {
        "dim_1": -0.382983664896981,
        "dim_2": -0.530620667988655,
        "dim_3": 0.148115957429019,
        "dim_4": 0.300879022965406,
        "dim_5": -0.237195976117075
      },
      "cluster_2": {
        "dim_1": -0.382983664896981,
        "dim_2": 0.168304260867156,
        "dim_3": 0.546836373145266,
        "dim_4": -0.620909944811104,
        "dim_5": -0.729884985657854
      },
      "cluster_3": {
        "dim_1": 0.295607266046467,
        "dim_2": 0.775002894447757,
        "dim_3": -0.22423902427634,
        "dim_4": 0.423955904729412,
        "dim_5": -0.498483417026161
      },
      "cluster_4": {
        "dim_1": 0.295607266046467,
        "dim_2": 0.4129343715827,
        "dim_3": 0.296662145520792,
        "dim_4": -0.831467283272079,
        "dim_5": 0.454562440016023
      }
    },
    "distances": {
      "1": 0.65792634325683,
      "2": 1.198413403864299,
      "3": 0.247680642899004,
      "4": 1.023092751476463,
      "5": 0.639553398340111,
      "6": 0.827560886246845,
      "7": 1.078424442165774,
      "8": 0.916592251370321,
      "9": 0.307587726929635,
      "10": 0.479051131120345,
      "11": 0.57864481499852,
      "12": 1.514207384080441,
      "13": 0.424014775535785,
      "14": 0.356565152970043,
      "15": 0.55130298080015,
      "16": 0.58927686329252
    },
    "objective_value": 11.389894949347086,
    "lower_bound": 2.383269370314922,
    "absolute_gap": 9.006625579032164,
    "relative_gap": 3.7791051616805027
  },
  "performance": {
    "solution_time_seconds": 1809.6471242904663,
    "solver_status": "ok",
    "termination_condition": "optimal",
    "solver": "gams",
    "subsolver": "baron",
    "is_relaxation": false,
    "root_relaxation_value": 0.0,
    "root_relaxation_gap_percent": 100.0,
    "relaxation_gap_percent": null,
    "absolute_gap": null
  }
}