{
  "model_parameters": {
    "n_dimensions": 4,
    "n_clusters": 3,
    "n_points": 13,
    "coord_range_lower": -1,
    "coord_range_upper": 1
  },
  "solution": {
    "status": "optimal",
    "center_coordinates": {
      "cluster_1": {
        "dim_1": -0.297979287304951,
        "dim_2": -0.51619549680316,
        "dim_3": -0.150458754967554,
        "dim_4": 0.595855384160867
      },
      "cluster_2": {
        "dim_1": 0.220738490502556,
        "dim_2": -0.123444118398781,
        "dim_3": -0.674349234513224,
        "dim_4": -0.569319563768777
      },
      "cluster_3": {
        "dim_1": 0.663778169833361,
        "dim_2": -0.29443359375,
        "dim_3": 0.410211593751775,
        "dim_4": -0.215415954589844
      }
    },
    "distances": {
      "1": 0.855093028233822,
      "2": 0.369354365983913,
      "3": 1.070255214131343,
      "4": 0.476898123731327,
      "5": 0.687058529862151,
      "6": 0.23217052474681,
      "7": 0.328651604754336,
      "8": 0.667337237735358,
      "9": 0.522912226162335,
      "10": 0.176058550295282,
      "11": 0.812857235941047,
      "12": 0.251953803256709,
      "13": 0.289426708657043
    },
    "objective_value": 6.740027153491476,
    "lower_bound": 6.740027153491473,
    "upper_bound": 6.740027153491473,
    "absolute_gap": 2.6645352591003757e-15,
    "relative_gap": 3.953300481467781e-16
  },
  "performance": {
    "solution_time_seconds": 89.30621838569641,
    "solver_status": "ok",
    "termination_condition": "optimal",
    "solver": "gams",
    "subsolver": "scip",
    "is_relaxation": false,
    "root_relaxation_value": 6.74002715349147,
    "root_relaxation_gap_percent": 9.224367790091486e-14,
    "relaxation_gap_percent": null,
    "absolute_gap": null
  }
}