{
  "model_parameters": {
    "n_dimensions": 4,
    "n_clusters": 5,
    "n_points": 16,
    "coord_range_lower": -1,
    "coord_range_upper": 1
  },
  "solution": {
    "status": "optimal",
    "center_coordinates": {
      "cluster_1": {
        "dim_1": -0.866131493393709,
        "dim_2": -0.315616654742311,
        "dim_3": -0.156455838890456,
        "dim_4": -0.299130468367003
      },
      "cluster_2": {
        "dim_1": -0.803724402278757,
        "dim_2": 0.805457463052326,
        "dim_3": 0.501940697246952,
        "dim_4": 0.882242766635759
      },
      "cluster_3": {
        "dim_1": -0.001773055390748,
        "dim_2": 0.461910402338009,
        "dim_3": 0.543672238186508,
        "dim_4": -0.258607024348648
      },
      "cluster_4": {
        "dim_1": -0.001773031023495,
        "dim_2": -0.378528210060879,
        "dim_3": 0.622799215561173,
        "dim_4": 0.430283150988115
      },
      "cluster_5": {
        "dim_1": 0.612887334684095,
        "dim_2": -0.491153814675968,
        "dim_3": -0.246598160248112,
        "dim_4": -0.689045210356778
      }
    },
    "distances": {
      "1": 0.954008248055564,
      "2": 0.663347575576535,
      "3": 0.389252106616046,
      "4": 0.476917197071084,
      "5": 0.276502632930422,
      "6": 0.285824679539802,
      "7": 0.165130169422269,
      "8": 0.125301464481707,
      "9": 0.498563967644034,
      "10": 0.354446856632798,
      "11": 0.367073641823153,
      "12": 0.496780844159978,
      "13": 2.322633e-09,
      "14": 0.166394480644905,
      "15": 0.365032533934939,
      "16": 0.21500061248329
    },
    "objective_value": 5.799577013339159,
    "lower_bound": 3.866077729094473,
    "absolute_gap": 1.9334992842446863,
    "relative_gap": 0.5001190921987897
  },
  "performance": {
    "solution_time_seconds": 1802.3092317581177,
    "solver_status": "ok",
    "termination_condition": "optimal",
    "solver": "gams",
    "subsolver": "gurobi",
    "is_relaxation": false,
    "root_relaxation_value": 0.0,
    "root_relaxation_gap_percent": 100.0,
    "relaxation_gap_percent": null,
    "absolute_gap": null
  }
}