{
  "model_parameters": {
    "n_dimensions": 3,
    "n_clusters": 4,
    "n_points": 11,
    "coord_range_lower": -1,
    "coord_range_upper": 1
  },
  "solution": {
    "status": "optimal",
    "center_coordinates": {
      "cluster_1": {
        "dim_1": -0.225380207446559,
        "dim_2": 0.752648560785077,
        "dim_3": -0.615442584959256
      },
      "cluster_2": {
        "dim_1": 0.229209007523352,
        "dim_2": -0.859427738965485,
        "dim_3": 0.479300705096069
      },
      "cluster_3": {
        "dim_1": 0.589749493683924,
        "dim_2": 0.078966093957784,
        "dim_3": -0.245063189499391
      },
      "cluster_4": {
        "dim_1": 0.653827699858398,
        "dim_2": 0.567481611010967,
        "dim_3": 0.585410606956971
      }
    },
    "distances": {
      "1": 0.138301574675464,
      "2": 0.19188334161242,
      "3": 0.058327868470725,
      "4": 0.515347488731265,
      "5": 0.069156800149749,
      "6": 0.058462252910159,
      "7": 0.167613433627311,
      "8": 0.15201841930097,
      "9": 0.51433408657898,
      "10": 0.149104778676235,
      "11": 0.12121906072811
    },
    "objective_value": 2.135769105461388,
    "lower_bound": 2.135769105461387,
    "upper_bound": 2.135769105461389,
    "absolute_gap": 8.881784197001252e-16,
    "relative_gap": 4.1585881986445036e-16
  },
  "performance": {
    "solution_time_seconds": 94.04432606697083,
    "solver_status": "ok",
    "termination_condition": "optimal",
    "solver": "gams",
    "subsolver": "scip",
    "is_relaxation": false,
    "root_relaxation_value": 2.13576910546139,
    "root_relaxation_gap_percent": 1.0396470496611254e-13,
    "relaxation_gap_percent": null,
    "absolute_gap": null
  }
}