{
  "model_parameters": {
    "n_dimensions": 3,
    "n_clusters": 4,
    "n_points": 12,
    "coord_range_lower": -1,
    "coord_range_upper": 1
  },
  "solution": {
    "status": "optimal",
    "center_coordinates": {
      "cluster_1": {
        "dim_1": -0.559677504352712,
        "dim_2": 0.175342493264441,
        "dim_3": 0.354615784048865
      },
      "cluster_2": {
        "dim_1": -0.103579542023906,
        "dim_2": 0.830998068437618,
        "dim_3": -0.44998751347078
      },
      "cluster_3": {
        "dim_1": 0.524836449149758,
        "dim_2": -0.0926513671875,
        "dim_3": 0.896120661996267
      },
      "cluster_4": {
        "dim_1": 0.524836449149758,
        "dim_2": -0.451161728704124,
        "dim_3": -0.457494763003269
      }
    },
    "distances": {
      "1": 0.020441793932971,
      "2": 0.3670819891921,
      "3": 0.261083412110153,
      "4": 0.17973347128017,
      "5": 0.136613274910634,
      "6": 0.057380994267325,
      "7": 0.253398783067517,
      "8": 0.115841834676961,
      "9": 0.037206189504698,
      "10": 0.192230040459598,
      "11": 0.468725712613336,
      "12": 0.095721690001016
    },
    "objective_value": 2.185459186016479,
    "lower_bound": 0.611360966303869,
    "upper_bound": 2.185459186016481,
    "absolute_gap": 1.5740982197126099,
    "relative_gap": 2.574744392382789
  },
  "performance": {
    "solution_time_seconds": 300.9127345085144,
    "solver_status": "ok",
    "termination_condition": "optimal",
    "solver": "gams",
    "subsolver": "scip",
    "is_relaxation": false,
    "root_relaxation_value": 0.611360966303869,
    "root_relaxation_gap_percent": 72.02597192317188,
    "relaxation_gap_percent": null,
    "absolute_gap": null
  }
}