{
  "model_parameters": {
    "n_dimensions": 5,
    "n_clusters": 5,
    "n_points": 15,
    "coord_range_lower": -1,
    "coord_range_upper": 1
  },
  "solution": {
    "status": "optimal",
    "center_coordinates": {
      "cluster_1": {
        "dim_1": -0.553332963159476,
        "dim_2": -0.413953255246983,
        "dim_3": 0.769300754800547,
        "dim_4": -0.314401996411322,
        "dim_5": 0.451929885118734
      },
      "cluster_2": {
        "dim_1": -0.388686722166652,
        "dim_2": 0.473717481945741,
        "dim_3": 0.792577258628574,
        "dim_4": 0.292632330178143,
        "dim_5": -0.250206072189899
      },
      "cluster_3": {
        "dim_1": -0.388686722166652,
        "dim_2": 0.547930591097985,
        "dim_3": -0.423281227211322,
        "dim_4": 0.667069396067687,
        "dim_5": -0.258142547857178
      },
      "cluster_4": {
        "dim_1": -0.383901727513086,
        "dim_2": -0.700402450174858,
        "dim_3": -0.477358453625515,
        "dim_4": -0.396260826255592,
        "dim_5": -0.145418865912086
      },
      "cluster_5": {
        "dim_1": 0.489437350770523,
        "dim_2": 0.290345532179023,
        "dim_3": -0.269024917598343,
        "dim_4": -0.443847017381858,
        "dim_5": -0.163329442751668
      }
    },
    "distances": {
      "1": 0.496044272036157,
      "2": 0.408392967997874,
      "3": 0.262281259600386,
      "4": 0.441230478564931,
      "5": 0.23987423783542,
      "6": 0.179674081089179,
      "7": 0.549205121744698,
      "8": 0.0,
      "9": 0.511669422813278,
      "10": 0.426600100242019,
      "11": 0.624458229389613,
      "12": 0.458265885075191,
      "13": 0.236646061505446,
      "14": 0.380327164098739,
      "15": 0.431716743383662
    },
    "objective_value": 5.646386025376593,
    "lower_bound": 0.535409749421378,
    "absolute_gap": 5.110976275955215,
    "relative_gap": 9.545915593577988
  },
  "performance": {
    "solution_time_seconds": 1808.5986201763153,
    "solver_status": "ok",
    "termination_condition": "optimal",
    "solver": "gams",
    "subsolver": "baron",
    "is_relaxation": false,
    "root_relaxation_value": 0.0,
    "root_relaxation_gap_percent": 100.0,
    "relaxation_gap_percent": null,
    "absolute_gap": null
  }
}