{
  "model_parameters": {
    "n_dimensions": 4,
    "n_clusters": 5,
    "n_points": 15,
    "coord_range_lower": -1,
    "coord_range_upper": 1
  },
  "solution": {
    "status": "optimal",
    "center_coordinates": {
      "cluster_1": {
        "dim_1": -0.819493307049574,
        "dim_2": 0.424746879876124,
        "dim_3": -0.924500288806554,
        "dim_4": 0.202411647091357
      },
      "cluster_2": {
        "dim_1": -0.411198562549407,
        "dim_2": 0.390927926379398,
        "dim_3": 0.474776981634723,
        "dim_4": -0.060239019340219
      },
      "cluster_3": {
        "dim_1": -0.411198572519613,
        "dim_2": -0.634561772078136,
        "dim_3": 0.259425912021825,
        "dim_4": 0.454895674039468
      },
      "cluster_4": {
        "dim_1": 0.484705662955055,
        "dim_2": -0.038191256560913,
        "dim_3": -0.469803368456023,
        "dim_4": -0.290052267343895
      },
      "cluster_5": {
        "dim_1": 0.538948135741472,
        "dim_2": 0.355230704673266,
        "dim_3": 0.879761528820106,
        "dim_4": 0.699975191436319
      }
    },
    "distances": {
      "1": 0.280096533305109,
      "2": 0.772538258698146,
      "3": 0.224634017455438,
      "4": 0.252968888225078,
      "5": 0.093869640415565,
      "6": 0.181375478686929,
      "7": 0.495014621890492,
      "8": 0.253001865218238,
      "9": 0.554319885027102,
      "10": 0.772538260508734,
      "11": 0.702294373767417,
      "12": 0.221579894420621,
      "13": 0.093869628541207,
      "14": 0.869433531851466,
      "15": 0.306585994269477
    },
    "objective_value": 6.074120872281019,
    "lower_bound": 1.856331680628923,
    "absolute_gap": 4.217789191652096,
    "relative_gap": 2.2721096858203236
  },
  "performance": {
    "solution_time_seconds": 1803.9555988311768,
    "solver_status": "ok",
    "termination_condition": "optimal",
    "solver": "gams",
    "subsolver": "scip",
    "is_relaxation": false,
    "root_relaxation_value": 1.85633168062892,
    "root_relaxation_gap_percent": 69.43867730554707,
    "relaxation_gap_percent": null,
    "absolute_gap": null
  }
}