{
  "model_parameters": {
    "n_dimensions": 4,
    "n_clusters": 4,
    "n_points": 10,
    "coord_range_lower": -1,
    "coord_range_upper": 1
  },
  "solution": {
    "status": "optimal",
    "center_coordinates": {
      "cluster_1": {
        "dim_1": -0.997225928330367,
        "dim_2": 0.933982362420981,
        "dim_3": -0.764737034116742,
        "dim_4": 0.097409352079873
      },
      "cluster_2": {
        "dim_1": -0.510003448005399,
        "dim_2": -0.187845805060884,
        "dim_3": 0.279864009750364,
        "dim_4": -0.583019141138636
      },
      "cluster_3": {
        "dim_1": -0.143663834084556,
        "dim_2": -0.408342405750608,
        "dim_3": 0.024403253284435,
        "dim_4": 0.608554703614358
      },
      "cluster_4": {
        "dim_1": 0.433826800317185,
        "dim_2": 0.598292184356573,
        "dim_3": -0.259372923647259,
        "dim_4": -0.817541733393722
      }
    },
    "distances": {
      "1": 0.538794268593225,
      "2": 0.569005901060674,
      "3": 0.475872788693039,
      "4": 0.106486374522825,
      "5": 0.0,
      "6": 0.323682090403354,
      "7": 0.103001350706497,
      "8": 0.75075579082346,
      "9": 0.588533607486096,
      "10": 0.317009085974551
    },
    "objective_value": 3.773141258263721,
    "lower_bound": 3.773141236226095,
    "upper_bound": 3.773141258322199,
    "absolute_gap": 2.203762594632508e-08,
    "relative_gap": 5.840657575905419e-09
  },
  "performance": {
    "solution_time_seconds": 11.707144975662231,
    "solver_status": "ok",
    "termination_condition": "optimal",
    "solver": "gams",
    "subsolver": "baron",
    "is_relaxation": false,
    "root_relaxation_value": 0.0,
    "root_relaxation_gap_percent": 100.0,
    "relaxation_gap_percent": null,
    "absolute_gap": null
  }
}