{
  "model_parameters": {
    "n_dimensions": 4,
    "n_clusters": 4,
    "n_points": 16,
    "coord_range_lower": -1,
    "coord_range_upper": 1
  },
  "solution": {
    "status": "optimal",
    "center_coordinates": {
      "cluster_1": {
        "dim_1": -0.472861154014098,
        "dim_2": 0.68192230553052,
        "dim_3": 0.760698899392518,
        "dim_4": -0.891620869734828
      },
      "cluster_2": {
        "dim_1": 0.301280116195272,
        "dim_2": 0.679716375608768,
        "dim_3": 0.251312596460887,
        "dim_4": -0.059528612337372
      },
      "cluster_3": {
        "dim_1": 0.301280121706174,
        "dim_2": -0.319040052743376,
        "dim_3": 0.254142309368555,
        "dim_4": -0.305854483998427
      },
      "cluster_4": {
        "dim_1": 0.583738666725953,
        "dim_2": 0.054461878470655,
        "dim_3": -0.814622880767209,
        "dim_4": -0.29054419992346
      }
    },
    "distances": {
      "1": 0.237596466571384,
      "2": 0.384530415720115,
      "3": 0.054243416853543,
      "4": 0.340415201477504,
      "5": 0.144339480448965,
      "6": 0.506100383524839,
      "7": 0.328575481943955,
      "8": 0.555453931231914,
      "9": 0.628077638042321,
      "10": 0.716541859035142,
      "11": 0.333540891596416,
      "12": 0.650537415189249,
      "13": 0.466216172804682,
      "14": 0.0,
      "15": 0.346244355773009,
      "16": 0.647851852934654
    },
    "objective_value": 6.340264963147692,
    "lower_bound": 1.901300259805877,
    "upper_bound": 6.340264963147692,
    "absolute_gap": 4.4389647033418145,
    "relative_gap": 2.3346994670873467
  },
  "performance": {
    "solution_time_seconds": 301.6125319004059,
    "solver_status": "ok",
    "termination_condition": "optimal",
    "solver": "gams",
    "subsolver": "baron",
    "is_relaxation": false,
    "root_relaxation_value": 0.00228805,
    "root_relaxation_gap_percent": 99.96391239146473,
    "relaxation_gap_percent": null,
    "absolute_gap": null
  }
}