{
  "model_parameters": {
    "n_dimensions": 2,
    "n_clusters": 3,
    "n_points": 17,
    "coord_range_lower": -1,
    "coord_range_upper": 1
  },
  "solution": {
    "status": "optimal",
    "center_coordinates": {
      "cluster_1": {
        "dim_1": -0.740619101042018,
        "dim_2": -0.677607909391714
      },
      "cluster_2": {
        "dim_1": -0.337259244467469,
        "dim_2": 0.480906742870469
      },
      "cluster_3": {
        "dim_1": 0.45051451453681,
        "dim_2": -0.39786072700806
      }
    },
    "distances": {
      "1": 0.672516148403784,
      "2": 0.197905135037469,
      "3": 0.007579986706635,
      "4": 0.131119512895072,
      "5": 0.053421195453707,
      "6": 0.313572484025756,
      "7": 0.102964217299207,
      "8": 0.082203916524676,
      "9": 0.120688956099678,
      "10": 0.071698289954072,
      "11": 0.154936096829295,
      "12": 0.170402875750414,
      "13": 0.029727055305071,
      "14": 0.048422717162909,
      "15": 0.179549454555393,
      "16": 0.237589144119159,
      "17": 0.255547943197526
    },
    "objective_value": 2.829845129319823,
    "lower_bound": 2.829845129319824,
    "upper_bound": 2.829845129319824,
    "absolute_gap": -8.881784197001252e-16,
    "relative_gap": -3.138611404906127e-16
  },
  "performance": {
    "solution_time_seconds": 44.77272605895996,
    "solver_status": "ok",
    "termination_condition": "optimal",
    "solver": "gams",
    "subsolver": "baron",
    "is_relaxation": false,
    "root_relaxation_value": 0.0,
    "root_relaxation_gap_percent": 100.0,
    "relaxation_gap_percent": null,
    "absolute_gap": null
  }
}