{
  "model_parameters": {
    "n_dimensions": 3,
    "n_clusters": 3,
    "n_points": 13,
    "coord_range_lower": -1,
    "coord_range_upper": 1
  },
  "solution": {
    "status": "optimal",
    "center_coordinates": {
      "cluster_1": {
        "dim_1": -0.224885213720698,
        "dim_2": -0.06550280737913,
        "dim_3": -0.749218531006661
      },
      "cluster_2": {
        "dim_1": -0.161461107426704,
        "dim_2": 0.278121422545579,
        "dim_3": 0.690154466178548
      },
      "cluster_3": {
        "dim_1": 0.846523722882837,
        "dim_2": -0.755878840136573,
        "dim_3": 0.605121872186277
      }
    },
    "distances": {
      "1": 0.416189209682904,
      "2": 0.260700699386405,
      "3": 0.849647869307077,
      "4": 0.437381817782011,
      "5": 0.055258992645886,
      "6": 0.506233102723722,
      "7": 0.617488731131841,
      "8": 1.265506748620284,
      "9": 0.039675760019837,
      "10": 0.098972718564549,
      "11": 0.072613643610345,
      "12": 0.617506573292995,
      "13": 0.489793570583911
    },
    "objective_value": 5.726969437351767,
    "lower_bound": 5.726970135445237,
    "absolute_gap": -6.980934701417141e-07,
    "relative_gap": -1.2189577623621423e-07
  },
  "performance": {
    "solution_time_seconds": 11.954466104507446,
    "solver_status": "ok",
    "termination_condition": "optimal",
    "solver": "gams",
    "subsolver": "gurobi",
    "is_relaxation": false,
    "root_relaxation_value": 0.0,
    "root_relaxation_gap_percent": 100.0,
    "relaxation_gap_percent": null,
    "absolute_gap": null
  }
}