{
  "model_parameters": {
    "n_dimensions": 2,
    "n_clusters": 4,
    "n_points": 17,
    "coord_range_lower": -1,
    "coord_range_upper": 1
  },
  "solution": {
    "status": "optimal",
    "center_coordinates": {
      "cluster_1": {
        "dim_1": -0.684201145994932,
        "dim_2": -0.700081185786189
      },
      "cluster_2": {
        "dim_1": -0.647220748344925,
        "dim_2": 0.547050591854418
      },
      "cluster_3": {
        "dim_1": 0.370328205176922,
        "dim_2": -0.092923481303726
      },
      "cluster_4": {
        "dim_1": 0.565328327455363,
        "dim_2": 0.729618973347113
      }
    },
    "distances": {
      "1": 0.076790460905153,
      "2": 0.097428800006152,
      "3": 0.328376452842907,
      "4": 0.108239936613697,
      "5": 0.091072334158287,
      "6": 0.039504015105883,
      "7": 0.026702951112677,
      "8": 0.378316439213554,
      "9": 0.00467611854093,
      "10": 0.086154828839459,
      "11": 0.000777856855977,
      "12": 0.006826032648673,
      "13": 0.157678847660699,
      "14": 0.251689243991667,
      "15": 0.012186473008404,
      "16": 0.311224210088209,
      "17": 0.114168735966183
    },
    "objective_value": 2.091813737558511,
    "lower_bound": 2.09181373755851,
    "upper_bound": 2.09181373755851,
    "absolute_gap": 8.881784197001252e-16,
    "relative_gap": 4.2459727831062783e-16
  },
  "performance": {
    "solution_time_seconds": 46.30162191390991,
    "solver_status": "ok",
    "termination_condition": "optimal",
    "solver": "gams",
    "subsolver": "baron",
    "is_relaxation": false,
    "root_relaxation_value": 0.0,
    "root_relaxation_gap_percent": 100.0,
    "relaxation_gap_percent": null,
    "absolute_gap": null
  }
}