{
  "model_parameters": {
    "n_dimensions": 2,
    "n_clusters": 4,
    "n_points": 16,
    "coord_range_lower": -1,
    "coord_range_upper": 1
  },
  "solution": {
    "status": "optimal",
    "center_coordinates": {
      "cluster_1": {
        "dim_1": -0.708765119453096,
        "dim_2": 0.161054846478668
      },
      "cluster_2": {
        "dim_1": -0.680500468333438,
        "dim_2": -0.447949908546897
      },
      "cluster_3": {
        "dim_1": 0.285891352768066,
        "dim_2": 0.72136712728074
      },
      "cluster_4": {
        "dim_1": 0.630790043543341,
        "dim_2": 0.042387182295312
      }
    },
    "distances": {
      "1": 0.058816480203794,
      "2": 0.027141139275937,
      "3": 0.043170314062926,
      "4": 0.208335737663279,
      "5": 0.031836590066363,
      "6": 0.081728659277797,
      "7": 0.363890352013319,
      "8": 0.02714113939124,
      "9": 0.099178354584922,
      "10": 0.090112004718719,
      "11": 0.003597419778933,
      "12": 0.251534125617476,
      "13": 0.003994271193088,
      "14": 0.042859468646025,
      "15": 0.135476120453036,
      "16": 0.028127459889452
    },
    "objective_value": 1.496939636836306,
    "lower_bound": 1.496939620918419,
    "upper_bound": 1.496939636836305,
    "absolute_gap": 1.591788700849861e-08,
    "relative_gap": 1.0633619944358539e-08
  },
  "performance": {
    "solution_time_seconds": 8.322004795074463,
    "solver_status": "ok",
    "termination_condition": "optimal",
    "solver": "gams",
    "subsolver": "baron",
    "is_relaxation": false,
    "root_relaxation_value": 0.0,
    "root_relaxation_gap_percent": 100.0,
    "relaxation_gap_percent": null,
    "absolute_gap": null
  }
}