{
  "model_parameters": {
    "n_dimensions": 3,
    "n_clusters": 3,
    "n_points": 12,
    "coord_range_lower": -1,
    "coord_range_upper": 1
  },
  "solution": {
    "status": "optimal",
    "center_coordinates": {
      "cluster_1": {
        "dim_1": -0.761353918201409,
        "dim_2": 0.674586232375917,
        "dim_3": 0.330209280348685
      },
      "cluster_2": {
        "dim_1": -0.399698852656466,
        "dim_2": 0.044320400136884,
        "dim_3": -0.644024904798624
      },
      "cluster_3": {
        "dim_1": 0.545991974615159,
        "dim_2": 0.313335376612895,
        "dim_3": 0.184049649814299
      }
    },
    "distances": {
      "1": 0.33011772040854,
      "2": 0.229654003970653,
      "3": 0.387566051876842,
      "4": 0.166528176328085,
      "5": 0.52151153145376,
      "6": 0.30912976615221,
      "7": 0.170436519544872,
      "8": 0.082154414015662,
      "9": 0.693058565979692,
      "10": 0.610664826858474,
      "11": 0.0,
      "12": 0.11569123719206
    },
    "objective_value": 3.61651281378085,
    "lower_bound": 3.61651281378085,
    "upper_bound": 3.61651281378085,
    "absolute_gap": 0.0,
    "relative_gap": 0.0
  },
  "performance": {
    "solution_time_seconds": 48.40980792045593,
    "solver_status": "ok",
    "termination_condition": "optimal",
    "solver": "gams",
    "subsolver": "baron",
    "is_relaxation": false,
    "root_relaxation_value": 0.0,
    "root_relaxation_gap_percent": 100.0,
    "relaxation_gap_percent": null,
    "absolute_gap": null
  }
}