{
  "model_parameters": {
    "n_dimensions": 4,
    "n_clusters": 5,
    "n_points": 12,
    "coord_range_lower": -1,
    "coord_range_upper": 1
  },
  "solution": {
    "status": "feasible",
    "center_coordinates": {
      "cluster_1": {
        "dim_1": -0.532601206264234,
        "dim_2": -0.401197306479621,
        "dim_3": -0.284338263444201,
        "dim_4": -0.106181880780388
      },
      "cluster_2": {
        "dim_1": -0.43119171104974,
        "dim_2": 0.41910780217235,
        "dim_3": 0.240957140223838,
        "dim_4": 0.448758146071831
      },
      "cluster_3": {
        "dim_1": 0.343552308877664,
        "dim_2": 0.515561690684573,
        "dim_3": -0.479547317481299,
        "dim_4": 0.16447732372207
      },
      "cluster_4": {
        "dim_1": 0.635655170196252,
        "dim_2": -0.85854935201115,
        "dim_3": -0.094822218521923,
        "dim_4": -0.745705355442837
      },
      "cluster_5": {
        "dim_1": 0.635655170196248,
        "dim_2": -0.449397098323401,
        "dim_3": 0.361314577603806,
        "dim_4": 0.954197385719806
      }
    },
    "distances": {
      "1": 0.159726035028895,
      "2": 0.48411741365847,
      "3": 0.280596001390003,
      "4": 0.15856247326683,
      "5": 0.298595269093226,
      "6": 0.774841518567861,
      "7": 0.000479130309955,
      "8": 0.294548625976542,
      "9": 0.100207872587086,
      "10": 0.100207872487786,
      "11": 0.330183143484115,
      "12": 0.677025760527887
    },
    "objective_value": 3.659091116378656,
    "lower_bound": 1.567874457599083,
    "upper_bound": 3.659091116378657,
    "absolute_gap": 2.0912166587795733,
    "relative_gap": 1.3337908839856314
  },
  "performance": {
    "solution_time_seconds": 300.7296760082245,
    "solver_status": "ok",
    "termination_condition": "feasible",
    "solver": "gams",
    "subsolver": "gurobi",
    "is_relaxation": false,
    "root_relaxation_value": 0.0,
    "root_relaxation_gap_percent": 100.0,
    "relaxation_gap_percent": null,
    "absolute_gap": null
  }
}