{
  "model_parameters": {
    "n_dimensions": 2,
    "n_clusters": 5,
    "n_points": 10,
    "coord_range_lower": -1,
    "coord_range_upper": 1
  },
  "solution": {
    "status": "optimal",
    "center_coordinates": {
      "cluster_1": {
        "dim_1": -0.921434566255651,
        "dim_2": 0.952102328572664
      },
      "cluster_2": {
        "dim_1": -0.765025731568762,
        "dim_2": -0.281085041411845
      },
      "cluster_3": {
        "dim_1": -0.456317744431772,
        "dim_2": -0.92954712079069
      },
      "cluster_4": {
        "dim_1": -0.360583450510551,
        "dim_2": 0.556704595245705
      },
      "cluster_5": {
        "dim_1": 0.563442376950748,
        "dim_2": 0.012199366603778
      }
    },
    "distances": {
      "1": 0.0213652811501,
      "2": 0.018286707236768,
      "3": 0.031415518030522,
      "4": 0.032614313774857,
      "5": 0.018094962322752,
      "6": 0.0,
      "7": 0.063631952853522,
      "8": 0.033056965162725,
      "9": 0.0,
      "10": 0.013204010104433
    },
    "objective_value": 0.23166971063567898,
    "lower_bound": 0.23166971063568,
    "absolute_gap": -1.0269562977782698e-15,
    "relative_gap": -4.432846637397689e-15
  },
  "performance": {
    "solution_time_seconds": 8.494867086410522,
    "solver_status": "ok",
    "termination_condition": "optimal",
    "solver": "gams",
    "subsolver": "scip",
    "is_relaxation": false,
    "root_relaxation_value": 0.23166971063568,
    "root_relaxation_gap_percent": 4.432846637397709e-13,
    "relaxation_gap_percent": null,
    "absolute_gap": null
  }
}