{
  "model_parameters": {
    "n_dimensions": 4,
    "n_clusters": 3,
    "n_points": 17,
    "coord_range_lower": -1,
    "coord_range_upper": 1
  },
  "solution": {
    "status": "optimal",
    "center_coordinates": {
      "cluster_1": {
        "dim_1": -0.355858636926784,
        "dim_2": 0.004456547409572,
        "dim_3": -0.558519896915354,
        "dim_4": 0.440027618558435
      },
      "cluster_2": {
        "dim_1": -0.054915227714057,
        "dim_2": 0.38877429193505,
        "dim_3": 0.842216586202861,
        "dim_4": 0.084615761255267
      },
      "cluster_3": {
        "dim_1": 0.32154002200405,
        "dim_2": 0.159959013627599,
        "dim_3": -0.128956594333099,
        "dim_4": -0.19432678474983
      }
    },
    "distances": {
      "1": 0.591363931742857,
      "2": 0.802019777647217,
      "3": 1.004120107428296,
      "4": 0.669360977935844,
      "5": 0.508418027629016,
      "6": 0.190009099617513,
      "7": 0.10300015426632,
      "8": 0.091505813732087,
      "9": 0.67314959947641,
      "10": 0.612769411346725,
      "11": 0.141416531237941,
      "12": 0.668127874488642,
      "13": 0.421077323401253,
      "14": 0.634050654132486,
      "15": 0.571206556366497,
      "16": 0.309452840623784,
      "17": 0.269261807882929
    },
    "objective_value": 8.260310488955817,
    "lower_bound": 4.465841569511356,
    "absolute_gap": 3.794468919444461,
    "relative_gap": 0.8496649198998891
  },
  "performance": {
    "solution_time_seconds": 1801.8561618328094,
    "solver_status": "ok",
    "termination_condition": "optimal",
    "solver": "gams",
    "subsolver": "scip",
    "is_relaxation": false,
    "root_relaxation_value": 4.46584156951136,
    "root_relaxation_gap_percent": 45.93615366538255,
    "relaxation_gap_percent": null,
    "absolute_gap": null
  }
}