{
  "model_parameters": {
    "n_dimensions": 2,
    "n_clusters": 3,
    "n_points": 16,
    "coord_range_lower": -1,
    "coord_range_upper": 1
  },
  "solution": {
    "status": "optimal",
    "center_coordinates": {
      "cluster_1": {
        "dim_1": -0.591407842190094,
        "dim_2": -0.567790030634491
      },
      "cluster_2": {
        "dim_1": -0.363722065922507,
        "dim_2": 0.333364271419361
      },
      "cluster_3": {
        "dim_1": 0.68739778849425,
        "dim_2": 0.482207992742931
      }
    },
    "distances": {
      "1": 0.108936715846285,
      "2": 0.348440751038457,
      "3": 0.047238582295987,
      "4": 0.142010114896419,
      "5": 0.02432224079518,
      "6": 0.772823694788738,
      "7": 0.22755083143948,
      "8": 0.101593872846825,
      "9": 0.135476231525918,
      "10": 0.096738835838318,
      "11": 0.039093391695137,
      "12": 0.169182589900013,
      "13": 0.078603399417399,
      "14": 0.159833566776456,
      "15": 0.214597058447895,
      "16": 0.171637099905228
    },
    "objective_value": 2.838078977453735,
    "lower_bound": 2.838078977453736,
    "upper_bound": 2.838078977453735,
    "absolute_gap": -8.881784197001252e-16,
    "relative_gap": -3.1295056506742457e-16
  },
  "performance": {
    "solution_time_seconds": 41.921645402908325,
    "solver_status": "ok",
    "termination_condition": "optimal",
    "solver": "gams",
    "subsolver": "scip",
    "is_relaxation": false,
    "root_relaxation_value": 2.83807897745374,
    "root_relaxation_gap_percent": 1.7212281078708357e-13,
    "relaxation_gap_percent": null,
    "absolute_gap": null
  }
}