{
  "model_parameters": {
    "n_dimensions": 4,
    "n_clusters": 4,
    "n_points": 13,
    "coord_range_lower": -1,
    "coord_range_upper": 1
  },
  "solution": {
    "status": "optimal",
    "center_coordinates": {
      "cluster_1": {
        "dim_1": -0.457684853517842,
        "dim_2": -0.140457002446107,
        "dim_3": 0.598135632521368,
        "dim_4": 0.567917777668216
      },
      "cluster_2": {
        "dim_1": -0.410363796655403,
        "dim_2": -0.230627971696259,
        "dim_3": -0.509681065826685,
        "dim_4": -0.289810941895321
      },
      "cluster_3": {
        "dim_1": 0.634088117999645,
        "dim_2": 0.628611886775149,
        "dim_3": 0.716518782789162,
        "dim_4": 0.065591113008593
      },
      "cluster_4": {
        "dim_1": 0.807139409455105,
        "dim_2": 0.881075051261839,
        "dim_3": -0.72157216630504,
        "dim_4": -0.849265460523283
      }
    },
    "distances": {
      "1": 0.271039862657051,
      "2": 0.167651849871136,
      "3": 0.717779555459203,
      "4": 1.057087496676558,
      "5": 0.241755619308459,
      "6": 1.109743734889472,
      "7": 0.931291993235969,
      "8": 0.431360652400136,
      "9": 0.743703573159483,
      "10": 0.246999570955808,
      "11": 0.0,
      "12": 0.356350684608986,
      "13": 0.680284849118334
    },
    "objective_value": 6.955049442340595,
    "lower_bound": 5.633681197845487,
    "absolute_gap": 1.3213682444951083,
    "relative_gap": 0.23454792667367208
  },
  "performance": {
    "solution_time_seconds": 1803.0845873355865,
    "solver_status": "ok",
    "termination_condition": "optimal",
    "solver": "gams",
    "subsolver": "scip",
    "is_relaxation": false,
    "root_relaxation_value": 5.63368119784549,
    "root_relaxation_gap_percent": 18.998689447855632,
    "relaxation_gap_percent": null,
    "absolute_gap": null
  }
}