{
  "model_parameters": {
    "n_dimensions": 3,
    "n_clusters": 5,
    "n_points": 11,
    "coord_range_lower": -1,
    "coord_range_upper": 1
  },
  "solution": {
    "status": "optimal",
    "center_coordinates": {
      "cluster_1": {
        "dim_1": -0.860074785723995,
        "dim_2": 0.964650655548024,
        "dim_3": 0.918046289018573
      },
      "cluster_2": {
        "dim_1": -0.380815888461363,
        "dim_2": 0.540057787137254,
        "dim_3": -0.788431153900466
      },
      "cluster_3": {
        "dim_1": 0.130726880325219,
        "dim_2": -0.463002772683097,
        "dim_3": -0.701141710574829
      },
      "cluster_4": {
        "dim_1": 0.650854887653148,
        "dim_2": -0.592320221678375,
        "dim_3": 0.311053279771409
      },
      "cluster_5": {
        "dim_1": 0.679033477071379,
        "dim_2": 0.58576274943552,
        "dim_3": -0.118594085296737
      }
    },
    "distances": {
      "1": 0.380409951277464,
      "2": 0.098070942576806,
      "3": 0.090526508114033,
      "4": 0.090526509851446,
      "5": 0.56792390547386,
      "6": 0.085624381510765,
      "7": 0.0,
      "8": 0.251184936284589,
      "9": 0.251184937619196,
      "10": 0.20460409622667,
      "11": 0.085624380112284
    },
    "objective_value": 2.105680549047113,
    "lower_bound": 1.974524191425975,
    "upper_bound": 2.105680549047114,
    "absolute_gap": 0.1311563576211381,
    "relative_gap": 0.06642428499517077
  },
  "performance": {
    "solution_time_seconds": 301.65670561790466,
    "solver_status": "ok",
    "termination_condition": "optimal",
    "solver": "gams",
    "subsolver": "baron",
    "is_relaxation": false,
    "root_relaxation_value": 0.0,
    "root_relaxation_gap_percent": 100.0,
    "relaxation_gap_percent": null,
    "absolute_gap": null
  }
}