{
  "model_parameters": {
    "n_dimensions": 4,
    "n_clusters": 3,
    "n_points": 17,
    "coord_range_lower": -1,
    "coord_range_upper": 1
  },
  "solution": {
    "status": "feasible",
    "center_coordinates": {
      "cluster_1": {
        "dim_1": -0.355897833522319,
        "dim_2": 0.004617712042563,
        "dim_3": -0.558394825498814,
        "dim_4": 0.439703262153342
      },
      "cluster_2": {
        "dim_1": -0.055954719545336,
        "dim_2": 0.38812283975139,
        "dim_3": 0.842499371863369,
        "dim_4": 0.084645391328324
      },
      "cluster_3": {
        "dim_1": 0.321522782661934,
        "dim_2": 0.160907222161908,
        "dim_3": -0.129109767443357,
        "dim_4": -0.193777479231717
      }
    },
    "distances": {
      "1": 0.593147998681599,
      "2": 0.800177558901122,
      "3": 1.003038978220612,
      "4": 0.669706983611362,
      "5": 0.508204528752927,
      "6": 0.189975606490188,
      "7": 0.102947598484673,
      "8": 0.09081459618609,
      "9": 0.673651240371922,
      "10": 0.612654771203342,
      "11": 0.142219760838465,
      "12": 0.668341832960178,
      "13": 0.421791238605498,
      "14": 0.635545714441414,
      "15": 0.569725549991955,
      "16": 0.309397625137488,
      "17": 0.268955120705512
    },
    "objective_value": 8.260296703584347,
    "lower_bound": 6.622327287503833,
    "upper_bound": 8.260296703584347,
    "absolute_gap": 1.637969416080514,
    "relative_gap": 0.247340450716068
  },
  "performance": {
    "solution_time_seconds": 300.6917712688446,
    "solver_status": "ok",
    "termination_condition": "feasible",
    "solver": "gams",
    "subsolver": "gurobi",
    "is_relaxation": false,
    "root_relaxation_value": 0.0,
    "root_relaxation_gap_percent": 100.0,
    "relaxation_gap_percent": null,
    "absolute_gap": null
  }
}