{
  "model_parameters": {
    "n_dimensions": 5,
    "n_clusters": 4,
    "n_points": 14,
    "coord_range_lower": -1,
    "coord_range_upper": 1
  },
  "solution": {
    "status": "optimal",
    "center_coordinates": {
      "cluster_1": {
        "dim_1": -0.39409210815179,
        "dim_2": 0.347532788346268,
        "dim_3": 0.693565239915909,
        "dim_4": 0.161964483816048,
        "dim_5": 0.38412883299184
      },
      "cluster_2": {
        "dim_1": -0.114470561867478,
        "dim_2": -0.400072066858038,
        "dim_3": -0.563238215894227,
        "dim_4": 0.61412656679489,
        "dim_5": -0.86787612097133
      },
      "cluster_3": {
        "dim_1": 0.426837819626542,
        "dim_2": 0.293676294721191,
        "dim_3": -0.972482959758222,
        "dim_4": 0.281761306014588,
        "dim_5": 0.752746793476951
      },
      "cluster_4": {
        "dim_1": 0.781505916851004,
        "dim_2": -0.13216404903945,
        "dim_3": 0.413911024056748,
        "dim_4": 0.399673574061138,
        "dim_5": -0.17799100937127
      }
    },
    "distances": {
      "1": 0.107794159464168,
      "2": 0.686919922311314,
      "3": 0.746289123502023,
      "4": 1.463260459840931,
      "5": 0.321798035043735,
      "6": 0.463886965662144,
      "7": 0.867042717441364,
      "8": 0.321957349799848,
      "9": 0.680707524528499,
      "10": 0.107406831598066,
      "11": 0.822568273732703,
      "12": 0.469146748723122,
      "13": 1.039172351510145,
      "14": 0.467061715334438
    },
    "objective_value": 8.5650121784925,
    "lower_bound": 5.067263914446787,
    "absolute_gap": 3.497748264045713,
    "relative_gap": 0.6902636853142029
  },
  "performance": {
    "solution_time_seconds": 1870.712075471878,
    "solver_status": "ok",
    "termination_condition": "optimal",
    "solver": "gams",
    "subsolver": "baron",
    "is_relaxation": false,
    "root_relaxation_value": 0.0,
    "root_relaxation_gap_percent": 100.0,
    "relaxation_gap_percent": null,
    "absolute_gap": null
  }
}