{
  "model_parameters": {
    "n_dimensions": 5,
    "n_clusters": 3,
    "n_points": 16,
    "coord_range_lower": -1,
    "coord_range_upper": 1
  },
  "solution": {
    "status": "feasible",
    "center_coordinates": {
      "cluster_1": {
        "dim_1": -0.216883294835033,
        "dim_2": -0.441924408227435,
        "dim_3": -0.187266071629951,
        "dim_4": 0.588578715568412,
        "dim_5": 0.162107403926137
      },
      "cluster_2": {
        "dim_1": 0.504068266931726,
        "dim_2": -0.126318935506169,
        "dim_3": -0.406056230232187,
        "dim_4": -0.346151810533643,
        "dim_5": -0.439234729393778
      },
      "cluster_3": {
        "dim_1": 0.504068268518171,
        "dim_2": 0.562535817200235,
        "dim_3": 0.784513000921112,
        "dim_4": 0.38835979223813,
        "dim_5": 0.553309660638713
      }
    },
    "distances": {
      "1": 1.68487894982238,
      "2": 1.05707581349774,
      "3": 0.734384161869477,
      "4": 0.418339368014679,
      "5": 0.648122579976614,
      "6": 0.31693825706795,
      "7": 0.878382801444265,
      "8": 0.724986036010973,
      "9": 1.288244553093285,
      "10": 1.464430634664346,
      "11": 1.778977271336273,
      "12": 0.663383865250134,
      "13": 0.465541477556569,
      "14": 0.993807239959288,
      "15": 2.477616219570669,
      "16": 0.866069566973264
    },
    "objective_value": 16.461178796107905,
    "lower_bound": 10.588625114918072,
    "upper_bound": 16.461178796107905,
    "absolute_gap": 5.872553681189833,
    "relative_gap": 0.554609651154438
  },
  "performance": {
    "solution_time_seconds": 300.6790454387665,
    "solver_status": "ok",
    "termination_condition": "feasible",
    "solver": "gams",
    "subsolver": "gurobi",
    "is_relaxation": false,
    "root_relaxation_value": 0.0,
    "root_relaxation_gap_percent": 100.0,
    "relaxation_gap_percent": null,
    "absolute_gap": null
  }
}