{
  "model_parameters": {
    "n_dimensions": 4,
    "n_clusters": 3,
    "n_points": 10,
    "coord_range_lower": -1,
    "coord_range_upper": 1
  },
  "solution": {
    "status": "optimal",
    "center_coordinates": {
      "cluster_1": {
        "dim_1": -0.459581109342654,
        "dim_2": 0.151087055469511,
        "dim_3": 0.78547150113229,
        "dim_4": -0.538662108089379
      },
      "cluster_2": {
        "dim_1": 0.038468975503281,
        "dim_2": -0.525035922534573,
        "dim_3": 0.436329002873194,
        "dim_4": 0.385663534483549
      },
      "cluster_3": {
        "dim_1": 0.359186616310333,
        "dim_2": 0.936359848205557,
        "dim_3": 0.091547720003776,
        "dim_4": -0.607885275989985
      }
    },
    "distances": {
      "1": 0.007353176833182,
      "2": 0.915051184947782,
      "3": 0.57919184255869,
      "4": 0.2912967702385,
      "5": 0.045213743730717,
      "6": 0.0,
      "7": 0.656781600940249,
      "8": 0.399878032216542,
      "9": 0.371157683991872,
      "10": 0.577079268682252
    },
    "objective_value": 3.843003304139786,
    "lower_bound": 3.843003304139787,
    "absolute_gap": -8.881784197001252e-16,
    "relative_gap": -2.311157054544698e-16
  },
  "performance": {
    "solution_time_seconds": 14.651856899261475,
    "solver_status": "ok",
    "termination_condition": "optimal",
    "solver": "gams",
    "subsolver": "baron",
    "is_relaxation": false,
    "root_relaxation_value": 0.0,
    "root_relaxation_gap_percent": 100.0,
    "relaxation_gap_percent": null,
    "absolute_gap": null
  }
}