{
  "model_parameters": {
    "n_dimensions": 3,
    "n_clusters": 4,
    "n_points": 11,
    "coord_range_lower": -1,
    "coord_range_upper": 1
  },
  "solution": {
    "status": "optimal",
    "center_coordinates": {
      "cluster_1": {
        "dim_1": -0.284771953658163,
        "dim_2": 0.752853051839544,
        "dim_3": -0.615141538453401
      },
      "cluster_2": {
        "dim_1": -0.284771953658163,
        "dim_2": -0.789604036890574,
        "dim_3": 0.295167446136475
      },
      "cluster_3": {
        "dim_1": 0.610899546727891,
        "dim_2": 0.24220848039261,
        "dim_3": 0.032207195267292
      },
      "cluster_4": {
        "dim_1": 0.918727861593538,
        "dim_2": -0.928898770976776,
        "dim_3": 0.662531372503903
      }
    },
    "distances": {
      "1": 0.101153012240353,
      "2": 0.167637615524565,
      "3": 0.429315231106159,
      "4": 0.031088186175653,
      "5": 0.071847106391877,
      "6": 0.514948585748811,
      "7": 0.404113700983678,
      "8": 0.196938681762547,
      "9": 0.0,
      "10": 0.11806146510763,
      "11": 0.35547257554319
    },
    "objective_value": 2.390576160584463,
    "lower_bound": 0.57153547551311,
    "upper_bound": 2.390576160584353,
    "absolute_gap": 1.8190406850713527,
    "relative_gap": 3.1827257677019336
  },
  "performance": {
    "solution_time_seconds": 300.9029378890991,
    "solver_status": "ok",
    "termination_condition": "optimal",
    "solver": "gams",
    "subsolver": "scip",
    "is_relaxation": false,
    "root_relaxation_value": 0.57153547551311,
    "root_relaxation_gap_percent": 76.09214527708761,
    "relaxation_gap_percent": null,
    "absolute_gap": null
  }
}