{
  "model_parameters": {
    "n_dimensions": 3,
    "n_clusters": 3,
    "n_points": 16,
    "coord_range_lower": -1,
    "coord_range_upper": 1
  },
  "solution": {
    "status": "optimal",
    "center_coordinates": {
      "cluster_1": {
        "dim_1": -0.466635951359095,
        "dim_2": 0.124188150817879,
        "dim_3": 0.271933894545948
      },
      "cluster_2": {
        "dim_1": 0.433536263179433,
        "dim_2": 0.343837458459945,
        "dim_3": -0.540276687684616
      },
      "cluster_3": {
        "dim_1": 0.724265581137435,
        "dim_2": -0.856569159267813,
        "dim_3": 0.420739415507184
      }
    },
    "distances": {
      "1": 0.665666759975476,
      "2": 0.230813111410294,
      "3": 0.427521613135531,
      "4": 0.333278658075408,
      "5": 0.05245216738617,
      "6": 0.64114095237245,
      "7": 0.590705691551756,
      "8": 0.358170536371395,
      "9": 0.072531886844603,
      "10": 0.052057269443498,
      "11": 1.219474296189979,
      "12": 0.486010975290303,
      "13": 0.89326564432166,
      "14": 0.337916074841955,
      "15": 0.210336630217109,
      "16": 0.19678338940187
    },
    "objective_value": 6.768125656829457,
    "lower_bound": 6.768118897936604,
    "absolute_gap": 6.758892853397924e-06,
    "relative_gap": 9.986368376977698e-07
  },
  "performance": {
    "solution_time_seconds": 183.79575634002686,
    "solver_status": "ok",
    "termination_condition": "optimal",
    "solver": "gams",
    "subsolver": "gurobi",
    "is_relaxation": false,
    "root_relaxation_value": 0.0,
    "root_relaxation_gap_percent": 100.0,
    "relaxation_gap_percent": null,
    "absolute_gap": null
  }
}