{
  "model_parameters": {
    "n_dimensions": 2,
    "n_clusters": 4,
    "n_points": 12,
    "coord_range_lower": -1,
    "coord_range_upper": 1
  },
  "solution": {
    "status": "optimal",
    "center_coordinates": {
      "cluster_1": {
        "dim_1": -0.665447719611352,
        "dim_2": 0.281368960828667
      },
      "cluster_2": {
        "dim_1": -0.379771803198036,
        "dim_2": -0.68558997775763
      },
      "cluster_3": {
        "dim_1": 0.524316671750912,
        "dim_2": -0.016696576869673
      },
      "cluster_4": {
        "dim_1": 0.568864541252592,
        "dim_2": -0.730836786317666
      }
    },
    "distances": {
      "1": 0.034064506178818,
      "2": 0.116941494442209,
      "3": 0.064857684748313,
      "4": 0.103384974534145,
      "5": 0.077094072057902,
      "6": 0.117423536725261,
      "7": 0.064857684748313,
      "8": 0.014976713718102,
      "9": 0.187340095248859,
      "10": 0.121557231638619,
      "11": 0.034064551780324,
      "12": 0.011902617959533
    },
    "objective_value": 0.948465163780398,
    "lower_bound": 0.948465150858686,
    "upper_bound": 0.948465163780398,
    "absolute_gap": 1.2921712033708843e-08,
    "relative_gap": 1.3623813191249321e-08
  },
  "performance": {
    "solution_time_seconds": 18.77669930458069,
    "solver_status": "ok",
    "termination_condition": "optimal",
    "solver": "gams",
    "subsolver": "baron",
    "is_relaxation": false,
    "root_relaxation_value": 0.0,
    "root_relaxation_gap_percent": 100.0,
    "relaxation_gap_percent": null,
    "absolute_gap": null
  }
}