{
  "model_parameters": {
    "n_dimensions": 3,
    "n_clusters": 5,
    "n_points": 16,
    "coord_range_lower": -1,
    "coord_range_upper": 1
  },
  "solution": {
    "status": "optimal",
    "center_coordinates": {
      "cluster_1": {
        "dim_1": -0.610251431979851,
        "dim_2": 0.599500706844445,
        "dim_3": 0.235826246936355
      },
      "cluster_2": {
        "dim_1": -0.388461993064626,
        "dim_2": -0.809672083013834,
        "dim_3": -0.195767878120423
      },
      "cluster_3": {
        "dim_1": -0.331145031317151,
        "dim_2": 0.256412506103516,
        "dim_3": -0.63853011266006
      },
      "cluster_4": {
        "dim_1": 0.566832620897543,
        "dim_2": 0.205161195174044,
        "dim_3": -0.048877854059188
      },
      "cluster_5": {
        "dim_1": 0.732536810851124,
        "dim_2": 0.416840553428018,
        "dim_3": 0.859808412152562
      }
    },
    "distances": {
      "1": 0.130234134793249,
      "2": 0.097539211498317,
      "3": 0.141750319526027,
      "4": 0.096245810144162,
      "5": 0.248131302567222,
      "6": 0.078317939944991,
      "7": 0.291153936018822,
      "8": 0.395727436938615,
      "9": 0.090814762615549,
      "10": 0.170671559438637,
      "11": 0.07823666326948,
      "12": 0.227128460890601,
      "13": 0.128425697913942,
      "14": 0.323551420340187,
      "15": 0.322612066360925,
      "16": 0.058910398066337
    },
    "objective_value": 2.879451120327063,
    "lower_bound": 2.449468745487279,
    "absolute_gap": 0.42998237483978397,
    "relative_gap": 0.17554107421535867
  },
  "performance": {
    "solution_time_seconds": 1803.0433342456818,
    "solver_status": "ok",
    "termination_condition": "optimal",
    "solver": "gams",
    "subsolver": "scip",
    "is_relaxation": false,
    "root_relaxation_value": 2.44946874548728,
    "root_relaxation_gap_percent": 14.93278950993075,
    "relaxation_gap_percent": null,
    "absolute_gap": null
  }
}