{
  "model_parameters": {
    "n_dimensions": 2,
    "n_clusters": 3,
    "n_points": 10,
    "coord_range_lower": -1,
    "coord_range_upper": 1
  },
  "solution": {
    "status": "optimal",
    "center_coordinates": {
      "cluster_1": {
        "dim_1": -0.787020269704543,
        "dim_2": 0.220620151117474
      },
      "cluster_2": {
        "dim_1": 0.229340314671525,
        "dim_2": -0.494525627673628
      },
      "cluster_3": {
        "dim_1": 0.351981772290181,
        "dim_2": 0.247278895514031
      }
    },
    "distances": {
      "1": 0.357085194476621,
      "2": 0.107222699583882,
      "3": 0.086135279252578,
      "4": 0.196610071378317,
      "5": 0.06806607042174,
      "6": 0.033887354495085,
      "7": 0.016825866425313,
      "8": 0.077668625719303,
      "9": 0.17833753453859,
      "10": 0.149298779923551
    },
    "objective_value": 1.27113747621498,
    "lower_bound": 1.271137476214979,
    "absolute_gap": 1.1102230246251565e-15,
    "relative_gap": 8.734090886306242e-16
  },
  "performance": {
    "solution_time_seconds": 0.6091210842132568,
    "solver_status": "ok",
    "termination_condition": "optimal",
    "solver": "gams",
    "subsolver": "baron",
    "is_relaxation": false,
    "root_relaxation_value": 0.0,
    "root_relaxation_gap_percent": 100.0,
    "relaxation_gap_percent": null,
    "absolute_gap": null
  }
}