{
  "model_parameters": {
    "n_dimensions": 3,
    "n_clusters": 5,
    "n_points": 14,
    "coord_range_lower": -1,
    "coord_range_upper": 1
  },
  "solution": {
    "status": "optimal",
    "center_coordinates": {
      "cluster_1": {
        "dim_1": -0.928790798272874,
        "dim_2": -0.24103709312908,
        "dim_3": -0.663148070368296
      },
      "cluster_2": {
        "dim_1": -0.422224216285421,
        "dim_2": 0.764909774361612,
        "dim_3": 0.604993259503202
      },
      "cluster_3": {
        "dim_1": -0.120446304552386,
        "dim_2": -0.264740101590928,
        "dim_3": 0.309284580139101
      },
      "cluster_4": {
        "dim_1": 0.469046983713007,
        "dim_2": 0.001102414483008,
        "dim_3": -0.420862879712557
      },
      "cluster_5": {
        "dim_1": 0.932102541594153,
        "dim_2": -0.504738146243221,
        "dim_3": 0.35955481809563
      }
    },
    "distances": {
      "1": 0.297368613477495,
      "2": 0.0,
      "3": 0.346266102909772,
      "4": 0.152912031674607,
      "5": 0.14942258083717,
      "6": 0.055560971778683,
      "7": 0.0,
      "8": 0.149568996989098,
      "9": 0.094428204221888,
      "10": 0.188261458032077,
      "11": 0.083943672633616,
      "12": 0.19164673324989,
      "13": 0.067758462776548,
      "14": 0.335946241982034
    },
    "objective_value": 2.113084070562878,
    "lower_bound": 2.046118879476419,
    "absolute_gap": 0.06696519108645882,
    "relative_gap": 0.03272790831371172
  },
  "performance": {
    "solution_time_seconds": 1800.2799854278564,
    "solver_status": "ok",
    "termination_condition": "optimal",
    "solver": "gams",
    "subsolver": "gurobi",
    "is_relaxation": false,
    "root_relaxation_value": 0.0,
    "root_relaxation_gap_percent": 100.0,
    "relaxation_gap_percent": null,
    "absolute_gap": null
  }
}