{
  "model_parameters": {
    "n_dimensions": 5,
    "n_clusters": 4,
    "n_points": 14,
    "coord_range_lower": -1,
    "coord_range_upper": 1
  },
  "solution": {
    "status": "optimal",
    "center_coordinates": {
      "cluster_1": {
        "dim_1": -0.314564216460458,
        "dim_2": -0.400641459949387,
        "dim_3": -0.563097145068477,
        "dim_4": 0.61412656679489,
        "dim_5": -0.868001663594959
      },
      "cluster_2": {
        "dim_1": -0.314564216460458,
        "dim_2": 0.347532788346268,
        "dim_3": 0.693595699088071,
        "dim_4": 0.16215022428317,
        "dim_5": 0.384231017196677
      },
      "cluster_3": {
        "dim_1": 0.426837819631715,
        "dim_2": 0.293676294721191,
        "dim_3": -0.972359706334807,
        "dim_4": 0.281172509541994,
        "dim_5": 0.752569599119295
      },
      "cluster_4": {
        "dim_1": 0.781505916851003,
        "dim_2": -0.132513398053499,
        "dim_3": 0.413911024056748,
        "dim_4": 0.399727885035932,
        "dim_5": -0.17799100937127
      }
    },
    "distances": {
      "1": 0.107600741087377,
      "2": 0.681522227527695,
      "3": 0.746560384311028,
      "4": 1.463617613548005,
      "5": 0.558997847585232,
      "6": 0.418135609993866,
      "7": 0.838058713345852,
      "8": 0.164833439082709,
      "9": 0.680817667965931,
      "10": 0.107600741087376,
      "11": 0.892564411842794,
      "12": 0.468701167361321,
      "13": 1.081341669065717,
      "14": 0.466768738742726
    },
    "objective_value": 8.677120972547629,
    "lower_bound": 1.86602085190599,
    "upper_bound": 8.677120972547629,
    "absolute_gap": 6.811100120641639,
    "relative_gap": 3.650066457555739
  },
  "performance": {
    "solution_time_seconds": 301.56842255592346,
    "solver_status": "ok",
    "termination_condition": "optimal",
    "solver": "gams",
    "subsolver": "baron",
    "is_relaxation": false,
    "root_relaxation_value": 0.0,
    "root_relaxation_gap_percent": 100.0,
    "relaxation_gap_percent": null,
    "absolute_gap": null
  }
}