{
  "model_parameters": {
    "n_dimensions": 4,
    "n_clusters": 4,
    "n_points": 16,
    "coord_range_lower": -1,
    "coord_range_upper": 1
  },
  "solution": {
    "status": "feasible",
    "center_coordinates": {
      "cluster_1": {
        "dim_1": 0.2134029743125,
        "dim_2": -0.319036578775728,
        "dim_3": 0.254144783169022,
        "dim_4": -0.305858003346655
      },
      "cluster_2": {
        "dim_1": 0.213402976401097,
        "dim_2": 0.676194193896502,
        "dim_3": 0.605270417215435,
        "dim_4": -0.281270701354871
      },
      "cluster_3": {
        "dim_1": 0.545761975371257,
        "dim_2": -0.224786369042184,
        "dim_3": -0.824339892276155,
        "dim_4": -0.177820939928722
      },
      "cluster_4": {
        "dim_1": 0.545761975483221,
        "dim_2": 0.639469538661247,
        "dim_3": -0.630490387613633,
        "dim_4": -0.419458882293918
      }
    },
    "distances": {
      "1": 0.27802218406002,
      "2": 0.631089016763378,
      "3": 0.087884071143407,
      "4": 0.223650922601727,
      "5": 0.095650478444617,
      "6": 0.487868436941577,
      "7": 0.393670531938858,
      "8": 0.325035254774343,
      "9": 0.641495394013506,
      "10": 0.299164847308139,
      "11": 0.200374494079656,
      "12": 0.559342670553157,
      "13": 0.49700870481263,
      "14": 0.867790431563654,
      "15": 0.130313983869518,
      "16": 0.440661608745323
    },
    "objective_value": 6.15902303161351,
    "lower_bound": 2.408791395858613,
    "upper_bound": 6.159023031613509,
    "absolute_gap": 3.7502316357548975,
    "relative_gap": 1.5568934870004085
  },
  "performance": {
    "solution_time_seconds": 300.69771909713745,
    "solver_status": "ok",
    "termination_condition": "feasible",
    "solver": "gams",
    "subsolver": "gurobi",
    "is_relaxation": false,
    "root_relaxation_value": 0.0,
    "root_relaxation_gap_percent": 100.0,
    "relaxation_gap_percent": null,
    "absolute_gap": null
  }
}