{
  "model_parameters": {
    "n_dimensions": 4,
    "n_clusters": 3,
    "n_points": 15,
    "coord_range_lower": -1,
    "coord_range_upper": 1
  },
  "solution": {
    "status": "optimal",
    "center_coordinates": {
      "cluster_1": {
        "dim_1": -0.672801463691869,
        "dim_2": 0.627519640542728,
        "dim_3": -0.466470482169715,
        "dim_4": -0.005356604292458
      },
      "cluster_2": {
        "dim_1": 0.020569370194854,
        "dim_2": -0.430182579309398,
        "dim_3": 0.155344676503743,
        "dim_4": 0.282433931201365
      },
      "cluster_3": {
        "dim_1": 0.680261285243461,
        "dim_2": 0.298574484360244,
        "dim_3": 0.204509528335391,
        "dim_4": -0.369693597630921
      }
    },
    "distances": {
      "1": 0.257724620743511,
      "2": 0.646623205110221,
      "3": 0.599232639096723,
      "4": 0.36514122625971,
      "5": 1.266015252965032,
      "6": 0.342814558711912,
      "7": 0.694405020875049,
      "8": 0.705882461287112,
      "9": 0.480487918633399,
      "10": 0.388802082689427,
      "11": 0.493439086511627,
      "12": 0.543155063270495,
      "13": 0.298469894161236,
      "14": 0.636001515359904,
      "15": 0.522232970306217
    },
    "objective_value": 8.240427515981574,
    "lower_bound": 8.196448998335072,
    "absolute_gap": 0.043978517646502624,
    "relative_gap": 0.005365557408511404
  },
  "performance": {
    "solution_time_seconds": 1800.5797288417816,
    "solver_status": "ok",
    "termination_condition": "optimal",
    "solver": "gams",
    "subsolver": "gurobi",
    "is_relaxation": false,
    "root_relaxation_value": 0.0,
    "root_relaxation_gap_percent": 100.0,
    "relaxation_gap_percent": null,
    "absolute_gap": null
  }
}