{
  "model_parameters": {
    "n_dimensions": 3,
    "n_clusters": 3,
    "n_points": 12,
    "coord_range_lower": -1,
    "coord_range_upper": 1
  },
  "solution": {
    "status": "optimal",
    "center_coordinates": {
      "cluster_1": {
        "dim_1": -0.761520732209639,
        "dim_2": 0.674586228296347,
        "dim_3": 0.330209280096521
      },
      "cluster_2": {
        "dim_1": -0.399698852656466,
        "dim_2": 0.044320400136884,
        "dim_3": -0.644024904798624
      },
      "cluster_3": {
        "dim_1": 0.54599197461516,
        "dim_2": 0.313335376612894,
        "dim_3": 0.184049649814299
      }
    },
    "distances": {
      "1": 0.330116890071914,
      "2": 0.229653173634026,
      "3": 0.387565221540214,
      "4": 0.166527345991458,
      "5": 0.521510698383303,
      "6": 0.309128932451153,
      "7": 0.170435689208244,
      "8": 0.082153583679036,
      "9": 0.69305772736976,
      "10": 0.610663996521848,
      "11": -1e-08,
      "12": 0.115690406335921
    },
    "objective_value": 3.616503655186877,
    "lower_bound": 3.616500825827285,
    "absolute_gap": 2.8293595919492986e-06,
    "relative_gap": 7.8234728214173e-07
  },
  "performance": {
    "solution_time_seconds": 1802.5292475223541,
    "solver_status": "ok",
    "termination_condition": "optimal",
    "solver": "gams",
    "subsolver": "scip",
    "is_relaxation": false,
    "root_relaxation_value": 3.61650082582729,
    "root_relaxation_gap_percent": 7.823466687241921e-05,
    "relaxation_gap_percent": null,
    "absolute_gap": null
  }
}