{
  "model_parameters": {
    "n_dimensions": 2,
    "n_clusters": 5,
    "n_points": 16,
    "coord_range_lower": -1,
    "coord_range_upper": 1
  },
  "solution": {
    "status": "optimal",
    "center_coordinates": {
      "cluster_1": {
        "dim_1": -0.884209994282625,
        "dim_2": -0.610952521854284
      },
      "cluster_2": {
        "dim_1": -0.261315655998576,
        "dim_2": 0.530772123817584
      },
      "cluster_3": {
        "dim_1": 0.256560032277973,
        "dim_2": 0.027780861408543
      },
      "cluster_4": {
        "dim_1": 0.274214724486272,
        "dim_2": -0.82904318284838
      },
      "cluster_5": {
        "dim_1": 0.588125765882669,
        "dim_2": 0.621664349352714
      }
    },
    "distances": {
      "1": 0.024658800433377,
      "2": 0.062820885001514,
      "3": 0.063161611144971,
      "4": 0.024691068257805,
      "5": 0.00037811960504,
      "6": 0.165199914577359,
      "7": 0.022840173564024,
      "8": 0.053816786909342,
      "9": 0.079698572566741,
      "10": 0.006914303761555,
      "11": 0.083691334633672,
      "12": 0.212798200954866,
      "13": 0.033486161511194,
      "14": 0.0,
      "15": 0.091843748319992,
      "16": 0.143840526155787
    },
    "objective_value": 1.069840207397239,
    "lower_bound": 0.537873951522799,
    "upper_bound": 1.069840207397239,
    "absolute_gap": 0.53196625587444,
    "relative_gap": 0.9890165797551016
  },
  "performance": {
    "solution_time_seconds": 300.8051359653473,
    "solver_status": "ok",
    "termination_condition": "optimal",
    "solver": "gams",
    "subsolver": "scip",
    "is_relaxation": false,
    "root_relaxation_value": 0.537873951522799,
    "root_relaxation_gap_percent": 49.72389822295371,
    "relaxation_gap_percent": null,
    "absolute_gap": null
  }
}