{
  "model_parameters": {
    "n_dimensions": 2,
    "n_clusters": 5,
    "n_points": 15,
    "coord_range_lower": -1,
    "coord_range_upper": 1
  },
  "solution": {
    "status": "optimal",
    "center_coordinates": {
      "cluster_1": {
        "dim_1": -0.580369040283403,
        "dim_2": -0.47566421718958
      },
      "cluster_2": {
        "dim_1": -0.549955132482215,
        "dim_2": 0.346738030528828
      },
      "cluster_3": {
        "dim_1": -0.005249180373294,
        "dim_2": 0.377028295355445
      },
      "cluster_4": {
        "dim_1": 0.16801379658836,
        "dim_2": -0.442525296280375
      },
      "cluster_5": {
        "dim_1": 0.735791353149509,
        "dim_2": -0.153025174295565
      }
    },
    "distances": {
      "1": 0.041658956651486,
      "2": 0.000397926567246,
      "3": 0.058497819865149,
      "4": 0.042781167589562,
      "5": 0.031744187485867,
      "6": 0.058868838023963,
      "7": 0.041658951622829,
      "8": 0.069038666584599,
      "9": 0.052334083662883,
      "10": 0.123150731739659,
      "11": 0.069038651788985,
      "12": 0.052987283920405,
      "13": 0.032792422811571,
      "14": 0.058868843353531,
      "15": 0.005369288895918
    },
    "objective_value": 0.739187820563653,
    "lower_bound": 0.739187820563654,
    "absolute_gap": -9.992007221626409e-16,
    "relative_gap": -1.3517548508858261e-15
  },
  "performance": {
    "solution_time_seconds": 878.158415555954,
    "solver_status": "ok",
    "termination_condition": "optimal",
    "solver": "gams",
    "subsolver": "baron",
    "is_relaxation": false,
    "root_relaxation_value": 0.0,
    "root_relaxation_gap_percent": 100.0,
    "relaxation_gap_percent": null,
    "absolute_gap": null
  }
}