{
  "model_parameters": {
    "n_dimensions": 2,
    "n_clusters": 4,
    "n_points": 10,
    "coord_range_lower": -1,
    "coord_range_upper": 1
  },
  "solution": {
    "status": "optimal",
    "center_coordinates": {
      "cluster_1": {
        "dim_1": -0.703997599613552,
        "dim_2": -0.404268997768822
      },
      "cluster_2": {
        "dim_1": -0.077937941074231,
        "dim_2": 0.278030080379173
      },
      "cluster_3": {
        "dim_1": 0.579694160548754,
        "dim_2": 0.637193166784051
      },
      "cluster_4": {
        "dim_1": 0.722755945264588,
        "dim_2": -0.196562240522717
      }
    },
    "distances": {
      "1": 0.101031354897092,
      "2": 0.123560010231662,
      "3": 0.093355787155311,
      "4": 0.052496805531584,
      "5": 0.006239288983683,
      "6": 0.014983673398661,
      "7": 0.006242941833117,
      "8": 0.077967396417261,
      "9": 0.029634042708276,
      "10": 0.094225938505832
    },
    "objective_value": 0.599737239662479,
    "lower_bound": 0.599737239662479,
    "absolute_gap": 0.0,
    "relative_gap": 0.0
  },
  "performance": {
    "solution_time_seconds": 8.105386734008789,
    "solver_status": "ok",
    "termination_condition": "optimal",
    "solver": "gams",
    "subsolver": "scip",
    "is_relaxation": false,
    "root_relaxation_value": 0.599737239662479,
    "root_relaxation_gap_percent": 0.0,
    "relaxation_gap_percent": null,
    "absolute_gap": null
  }
}