{
  "model_parameters": {
    "n_dimensions": 4,
    "n_clusters": 5,
    "n_points": 10,
    "coord_range_lower": -1,
    "coord_range_upper": 1
  },
  "solution": {
    "status": "feasible",
    "center_coordinates": {
      "cluster_1": {
        "dim_1": -0.629225357790285,
        "dim_2": -0.154960506924623,
        "dim_3": 0.683845533710494,
        "dim_4": 0.064024204508091
      },
      "cluster_2": {
        "dim_1": -0.11324489121631,
        "dim_2": 0.470946307679673,
        "dim_3": -0.587528954618678,
        "dim_4": 0.628326725640074
      },
      "cluster_3": {
        "dim_1": 0.410659009369184,
        "dim_2": 0.565718763037565,
        "dim_3": 0.351776203620031,
        "dim_4": -0.90881536648215
      },
      "cluster_4": {
        "dim_1": 0.509667517016097,
        "dim_2": 0.530939065824437,
        "dim_3": 0.908628042452283,
        "dim_4": -0.034074664877294
      },
      "cluster_5": {
        "dim_1": 0.886670308222459,
        "dim_2": -0.447438335579234,
        "dim_3": 0.794323262691064,
        "dim_4": 0.623525493809151
      }
    },
    "distances": {
      "1": 0.19515145308184,
      "2": 0.257048678660927,
      "3": 0.102871322730635,
      "4": 0.0,
      "5": 0.195117232598838,
      "6": 0.257048190119094,
      "7": 0.246288226482599,
      "8": 0.136221824818358,
      "9": 0.246482975684808,
      "10": 0.328745923025381
    },
    "objective_value": 1.96497582720248,
    "lower_bound": 1.747359985376034,
    "upper_bound": 1.96497582720248,
    "absolute_gap": 0.217615841826446,
    "relative_gap": 0.12453978782146302
  },
  "performance": {
    "solution_time_seconds": 300.6357514858246,
    "solver_status": "ok",
    "termination_condition": "feasible",
    "solver": "gams",
    "subsolver": "gurobi",
    "is_relaxation": false,
    "root_relaxation_value": 0.0,
    "root_relaxation_gap_percent": 100.0,
    "relaxation_gap_percent": null,
    "absolute_gap": null
  }
}