{
  "model_parameters": {
    "n_dimensions": 5,
    "n_clusters": 3,
    "n_points": 12,
    "coord_range_lower": -1,
    "coord_range_upper": 1
  },
  "solution": {
    "status": "optimal",
    "center_coordinates": {
      "cluster_1": {
        "dim_1": -0.103126727267913,
        "dim_2": 0.160247621556139,
        "dim_3": 0.384124042318281,
        "dim_4": -0.626238818913411,
        "dim_5": -0.247231306121665
      },
      "cluster_2": {
        "dim_1": 0.465443956285914,
        "dim_2": 0.413092493598102,
        "dim_3": -0.172720343109384,
        "dim_4": 0.673348725651936,
        "dim_5": -0.754762665234544
      },
      "cluster_3": {
        "dim_1": 0.619043523537645,
        "dim_2": -0.56015127611933,
        "dim_3": -0.00075691274897,
        "dim_4": 0.463761372345412,
        "dim_5": 0.292198378454066
      }
    },
    "distances": {
      "1": 0.579961962147541,
      "2": 0.328043154349186,
      "3": 1.295165113004473,
      "4": 0.732925727193649,
      "5": 0.954277921794745,
      "6": 0.658310245960192,
      "7": 0.738175174024225,
      "8": 0.34084992586411,
      "9": 0.810034289994808,
      "10": 0.664905143118112,
      "11": 0.835795430764637,
      "12": 2.571785893922257
    },
    "objective_value": 10.510229982137934,
    "lower_bound": 6.188121309167537,
    "upper_bound": 10.510229982137936,
    "absolute_gap": 4.322108672970398,
    "relative_gap": 0.6984524796835041
  },
  "performance": {
    "solution_time_seconds": 301.0023338794708,
    "solver_status": "ok",
    "termination_condition": "optimal",
    "solver": "gams",
    "subsolver": "scip",
    "is_relaxation": false,
    "root_relaxation_value": 6.18812130916754,
    "root_relaxation_gap_percent": 41.12287438348912,
    "relaxation_gap_percent": null,
    "absolute_gap": null
  }
}