{
  "model_parameters": {
    "n_dimensions": 2,
    "n_clusters": 3,
    "n_points": 12,
    "coord_range_lower": -1,
    "coord_range_upper": 1
  },
  "solution": {
    "status": "optimal",
    "center_coordinates": {
      "cluster_1": {
        "dim_1": -0.634572122280929,
        "dim_2": -0.662504042180899
      },
      "cluster_2": {
        "dim_1": -0.12634111494216,
        "dim_2": 0.659061502128913
      },
      "cluster_3": {
        "dim_1": 0.590857505274573,
        "dim_2": -0.379021140238491
      }
    },
    "distances": {
      "1": 0.128212184529823,
      "2": 0.124237310809608,
      "3": 0.099010083143575,
      "4": 0.175807901419629,
      "5": 0.343861455268379,
      "6": 0.306031078799939,
      "7": 0.115518307264567,
      "8": 0.064057333108968,
      "9": 0.311785619540639,
      "10": 0.053855670178319,
      "11": 0.138897035796455,
      "12": 0.337871671632149
    },
    "objective_value": 2.1991456514920498,
    "lower_bound": 2.199145651492051,
    "absolute_gap": -1.3322676295501878e-15,
    "relative_gap": -6.058114562108636e-16
  },
  "performance": {
    "solution_time_seconds": 12.996183156967163,
    "solver_status": "ok",
    "termination_condition": "optimal",
    "solver": "gams",
    "subsolver": "gurobi",
    "is_relaxation": false,
    "root_relaxation_value": 0.0,
    "root_relaxation_gap_percent": 100.0,
    "relaxation_gap_percent": null,
    "absolute_gap": null
  }
}