{
  "model_parameters": {
    "n_dimensions": 2,
    "n_clusters": 3,
    "n_points": 11,
    "coord_range_lower": -1,
    "coord_range_upper": 1
  },
  "solution": {
    "status": "optimal",
    "center_coordinates": {
      "cluster_1": {
        "dim_1": -0.856610672873197,
        "dim_2": 0.286734419283983
      },
      "cluster_2": {
        "dim_1": 0.123279308870149,
        "dim_2": 0.345981363234083
      },
      "cluster_3": {
        "dim_1": 0.760248488590548,
        "dim_2": -0.788256930700247
      }
    },
    "distances": {
      "1": 0.107897258615947,
      "2": 0.093199393404508,
      "3": 0.123420436317471,
      "4": 0.201695712603534,
      "5": 0.017791720460987,
      "6": 0.046369828694846,
      "7": 0.0,
      "8": 0.001093684165766,
      "9": 0.109522462452804,
      "10": 0.012785060987974,
      "11": 0.169994692589015
    },
    "objective_value": 0.883770250292852,
    "lower_bound": 0.883770250278776,
    "upper_bound": 0.883770250292851,
    "absolute_gap": 1.407607364001251e-11,
    "relative_gap": 1.5927299697599417e-11
  },
  "performance": {
    "solution_time_seconds": 3.629977226257324,
    "solver_status": "ok",
    "termination_condition": "optimal",
    "solver": "gams",
    "subsolver": "baron",
    "is_relaxation": false,
    "root_relaxation_value": 0.0,
    "root_relaxation_gap_percent": 100.0,
    "relaxation_gap_percent": null,
    "absolute_gap": null
  }
}