{
  "model_parameters": {
    "n_dimensions": 3,
    "n_clusters": 5,
    "n_points": 17,
    "coord_range_lower": -1,
    "coord_range_upper": 1
  },
  "solution": {
    "status": "optimal",
    "center_coordinates": {
      "cluster_1": {
        "dim_1": -0.546848908302253,
        "dim_2": 0.505923082426933,
        "dim_3": -0.58534245360748
      },
      "cluster_2": {
        "dim_1": -0.229392038865784,
        "dim_2": -0.786194682668377,
        "dim_3": -0.539442462631788
      },
      "cluster_3": {
        "dim_1": -0.049778797989195,
        "dim_2": -0.030687285273718,
        "dim_3": 0.838452446673064
      },
      "cluster_4": {
        "dim_1": 0.442734484909894,
        "dim_2": -0.922670238515171,
        "dim_3": 0.328043285173429
      },
      "cluster_5": {
        "dim_1": 0.729066248646802,
        "dim_2": 0.348930445742218,
        "dim_3": -0.096563923530115
      }
    },
    "distances": {
      "1": 0.01728450413568,
      "2": 0.043597774426456,
      "3": 0.039298516590101,
      "4": 0.060722724430537,
      "5": 0.418509104990137,
      "6": 0.184734552193293,
      "7": 0.337176107829404,
      "8": 0.439241173098585,
      "9": 0.309192413253564,
      "10": 0.108406128929188,
      "11": 0.043597774426456,
      "12": 0.038544584190533,
      "13": 0.272437769276592,
      "14": 0.038544584190533,
      "15": 0.609261591000805,
      "16": 0.143669593207717,
      "17": 0.039298516590101
    },
    "objective_value": 3.143517412759682,
    "lower_bound": 1.250097029084577,
    "absolute_gap": 1.8934203836751051,
    "relative_gap": 1.5146187372844346
  },
  "performance": {
    "solution_time_seconds": 1848.4447770118713,
    "solver_status": "ok",
    "termination_condition": "optimal",
    "solver": "gams",
    "subsolver": "baron",
    "is_relaxation": false,
    "root_relaxation_value": 0.0,
    "root_relaxation_gap_percent": 100.0,
    "relaxation_gap_percent": null,
    "absolute_gap": null
  }
}