{
  "model_parameters": {
    "n_dimensions": 3,
    "n_clusters": 4,
    "n_points": 15,
    "coord_range_lower": -1,
    "coord_range_upper": 1
  },
  "solution": {
    "status": "optimal",
    "center_coordinates": {
      "cluster_1": {
        "dim_1": -0.629533484538485,
        "dim_2": 0.701048169329304,
        "dim_3": -0.212604916207028
      },
      "cluster_2": {
        "dim_1": 0.127199229393395,
        "dim_2": 0.200381265123743,
        "dim_3": 0.47481006435297
      },
      "cluster_3": {
        "dim_1": 0.498134104204101,
        "dim_2": -0.795149821690885,
        "dim_3": 0.557327013039929
      },
      "cluster_4": {
        "dim_1": 0.49813409421201,
        "dim_2": -0.492882677112927,
        "dim_3": -0.606823414589659
      }
    },
    "distances": {
      "1": 0.181024132558206,
      "2": 0.115315533866708,
      "3": 0.082061494339258,
      "4": 0.092784173789005,
      "5": 0.122741967876073,
      "6": 0.222183213742179,
      "7": 0.020484881646462,
      "8": 0.150365732943763,
      "9": 0.099015381252702,
      "10": 0.423960586240163,
      "11": 0.005174162757239,
      "12": 0.658409359709778,
      "13": 0.131657399406038,
      "14": 0.038899377597418,
      "15": 0.092784176854988
    },
    "objective_value": 2.43686157457998,
    "lower_bound": 0.835242852807868,
    "absolute_gap": 1.601618721772112,
    "relative_gap": 1.9175485505657293
  },
  "performance": {
    "solution_time_seconds": 1801.4906063079834,
    "solver_status": "ok",
    "termination_condition": "optimal",
    "solver": "gams",
    "subsolver": "scip",
    "is_relaxation": false,
    "root_relaxation_value": 0.835242852807868,
    "root_relaxation_gap_percent": 65.72464921599696,
    "relaxation_gap_percent": null,
    "absolute_gap": null
  }
}