{
  "model_parameters": {
    "n_dimensions": 2,
    "n_clusters": 3,
    "n_points": 13,
    "coord_range_lower": -1,
    "coord_range_upper": 1
  },
  "solution": {
    "status": "optimal",
    "center_coordinates": {
      "cluster_1": {
        "dim_1": -0.683922411388238,
        "dim_2": 0.245818405218431
      },
      "cluster_2": {
        "dim_1": 0.414291837409724,
        "dim_2": -0.266428416424231
      },
      "cluster_3": {
        "dim_1": 0.824136011824888,
        "dim_2": 0.788111627233572
      }
    },
    "distances": {
      "1": 0.103153318861582,
      "2": 0.044758391162511,
      "3": 0.056027850121534,
      "4": 0.10949808903204,
      "5": 0.035255537694792,
      "6": 0.059083176086445,
      "7": 0.079583930947215,
      "8": 0.363826157686202,
      "9": 0.302873402523076,
      "10": 0.015634835813531,
      "11": 0.058001170483131,
      "12": 0.128832825796854,
      "13": 0.10669125804294
    },
    "objective_value": 1.463219944251853,
    "lower_bound": 1.463219944248265,
    "upper_bound": 1.463219944251853,
    "absolute_gap": 3.588018770983581e-12,
    "relative_gap": 2.4521390547522503e-12
  },
  "performance": {
    "solution_time_seconds": 42.73770499229431,
    "solver_status": "ok",
    "termination_condition": "optimal",
    "solver": "gams",
    "subsolver": "scip",
    "is_relaxation": false,
    "root_relaxation_value": 1.46321994424827,
    "root_relaxation_gap_percent": 2.448648789367243e-10,
    "relaxation_gap_percent": null,
    "absolute_gap": null
  }
}