{
  "model_parameters": {
    "n_dimensions": 2,
    "n_clusters": 3,
    "n_points": 12,
    "coord_range_lower": -1,
    "coord_range_upper": 1
  },
  "solution": {
    "status": "optimal",
    "center_coordinates": {
      "cluster_1": {
        "dim_1": -0.634545973844471,
        "dim_2": -0.662597656250019
      },
      "cluster_2": {
        "dim_1": -0.12621336037464,
        "dim_2": 0.659325705451797
      },
      "cluster_3": {
        "dim_1": 0.590380385781824,
        "dim_2": -0.379471524665611
      }
    },
    "distances": {
      "1": 0.128210747955695,
      "2": 0.124452318092255,
      "3": 0.098926827317562,
      "4": 0.17556939137753,
      "5": 0.343330615333501,
      "6": 0.306585092224126,
      "7": 0.115717728459224,
      "8": 0.0640333251892,
      "9": 0.311742926771098,
      "10": 0.053822286085845,
      "11": 0.138782930698665,
      "12": 0.337977433726169
    },
    "objective_value": 2.19915162323087,
    "lower_bound": 2.199151623230869,
    "upper_bound": 2.199151623230869,
    "absolute_gap": 8.881784197001252e-16,
    "relative_gap": 4.038732074304471e-16
  },
  "performance": {
    "solution_time_seconds": 62.918785095214844,
    "solver_status": "ok",
    "termination_condition": "optimal",
    "solver": "gams",
    "subsolver": "scip",
    "is_relaxation": false,
    "root_relaxation_value": 2.19915162323087,
    "root_relaxation_gap_percent": 0.0,
    "relaxation_gap_percent": null,
    "absolute_gap": null
  }
}