{
  "model_parameters": {
    "n_dimensions": 4,
    "n_clusters": 4,
    "n_points": 12,
    "coord_range_lower": -1,
    "coord_range_upper": 1
  },
  "solution": {
    "status": "optimal",
    "center_coordinates": {
      "cluster_1": {
        "dim_1": -0.170066517695451,
        "dim_2": -0.504907314230826,
        "dim_3": 0.628865294571962,
        "dim_4": -0.693875080996843
      },
      "cluster_2": {
        "dim_1": 0.13699153672128,
        "dim_2": -0.644470224038603,
        "dim_3": -0.642488218901721,
        "dim_4": 0.786891555703291
      },
      "cluster_3": {
        "dim_1": 0.497894241933355,
        "dim_2": 0.031115007697451,
        "dim_3": -0.40209132615541,
        "dim_4": -0.57391791084875
      },
      "cluster_4": {
        "dim_1": 0.640767785886519,
        "dim_2": 0.696160709386324,
        "dim_3": -0.342904469968292,
        "dim_4": 0.761167276022211
      }
    },
    "distances": {
      "1": 0.189002900165613,
      "2": 0.148848463581226,
      "3": 0.083643935528802,
      "4": 0.416953722113585,
      "5": 0.547212908871027,
      "6": 0.543954808025585,
      "7": 0.350313406860438,
      "8": 0.416966739415517,
      "9": 0.083306707158698,
      "10": 0.429986939467432,
      "11": 0.399913093092106,
      "12": 0.327198839177768
    },
    "objective_value": 3.937302463457797,
    "lower_bound": 3.937302463457799,
    "absolute_gap": -2.220446049250313e-15,
    "relative_gap": -5.639510984635617e-16
  },
  "performance": {
    "solution_time_seconds": 24.663907766342163,
    "solver_status": "ok",
    "termination_condition": "optimal",
    "solver": "gams",
    "subsolver": "baron",
    "is_relaxation": false,
    "root_relaxation_value": 0.0,
    "root_relaxation_gap_percent": 100.0,
    "relaxation_gap_percent": null,
    "absolute_gap": null
  }
}