{
  "model_parameters": {
    "n_dimensions": 5,
    "n_clusters": 5,
    "n_points": 17,
    "coord_range_lower": -1,
    "coord_range_upper": 1
  },
  "solution": {
    "status": "optimal",
    "center_coordinates": {
      "cluster_1": {
        "dim_1": -0.474394653703838,
        "dim_2": 0.250675353559084,
        "dim_3": -0.430617389564014,
        "dim_4": 0.919695496745872,
        "dim_5": -0.861424165977683
      },
      "cluster_2": {
        "dim_1": -0.44482467061558,
        "dim_2": 0.283435035336733,
        "dim_3": 0.711027905842404,
        "dim_4": 0.058111650318432,
        "dim_5": -0.245845720143386
      },
      "cluster_3": {
        "dim_1": 0.304886544105663,
        "dim_2": -0.13090692760739,
        "dim_3": 0.061683534084798,
        "dim_4": 0.584245787997713,
        "dim_5": 0.640512092290853
      },
      "cluster_4": {
        "dim_1": 0.304886534112278,
        "dim_2": 0.497347197514687,
        "dim_3": 0.353143536796545,
        "dim_4": -0.874107235138267,
        "dim_5": 0.576492015090201
      },
      "cluster_5": {
        "dim_1": 0.304886524127461,
        "dim_2": -0.894049352200589,
        "dim_3": -0.164335581334417,
        "dim_4": -0.644156131180731,
        "dim_5": -0.513044299876417
      }
    },
    "distances": {
      "1": 1.043879058037127,
      "2": 0.266532030611673,
      "3": 0.723394022150845,
      "4": 0.450656688940287,
      "5": 1.337625969859133,
      "6": 1.029810463459745,
      "7": 0.71749333969906,
      "8": 0.30944822067321,
      "9": 0.999421952135142,
      "10": 0.746634634190146,
      "11": 0.450656671352219,
      "12": 0.533122950475062,
      "13": 1.0433981796969,
      "14": 0.545567192940524,
      "15": 0.109756672381615,
      "16": 0.84716833753099,
      "17": 0.209876211342093
    },
    "objective_value": 11.36444259547577,
    "lower_bound": 3.690603268314861,
    "absolute_gap": 7.673839327160909,
    "relative_gap": 2.0792913161497317
  },
  "performance": {
    "solution_time_seconds": 1809.0308256149292,
    "solver_status": "ok",
    "termination_condition": "optimal",
    "solver": "gams",
    "subsolver": "scip",
    "is_relaxation": false,
    "root_relaxation_value": 3.69060326831486,
    "root_relaxation_gap_percent": 67.52499528851416,
    "relaxation_gap_percent": null,
    "absolute_gap": null
  }
}