{
  "model_parameters": {
    "n_dimensions": 2,
    "n_clusters": 3,
    "n_points": 16,
    "coord_range_lower": -1,
    "coord_range_upper": 1
  },
  "solution": {
    "status": "optimal",
    "center_coordinates": {
      "cluster_1": {
        "dim_1": -0.591690880139719,
        "dim_2": -0.567444107642272
      },
      "cluster_2": {
        "dim_1": -0.363341584795171,
        "dim_2": 0.333494997569299
      },
      "cluster_3": {
        "dim_1": 0.687828007407078,
        "dim_2": 0.482183405879934
      }
    },
    "distances": {
      "1": 0.109202478786104,
      "2": 0.3481368733127,
      "3": 0.047197051676283,
      "4": 0.14169932981502,
      "5": 0.024372531555121,
      "6": 0.773535760047397,
      "7": 0.227567652061166,
      "8": 0.10135251429299,
      "9": 0.135324850244814,
      "10": 0.09696291432034,
      "11": 0.038941277316231,
      "12": 0.169414008473982,
      "13": 0.078519444871178,
      "14": 0.159612313424604,
      "15": 0.214456955347297,
      "16": 0.171786676015747
    },
    "objective_value": 2.838082631560974,
    "lower_bound": 2.838082631560974,
    "absolute_gap": 0.0,
    "relative_gap": 0.0
  },
  "performance": {
    "solution_time_seconds": 19.22652840614319,
    "solver_status": "ok",
    "termination_condition": "optimal",
    "solver": "gams",
    "subsolver": "baron",
    "is_relaxation": false,
    "root_relaxation_value": 0.0,
    "root_relaxation_gap_percent": 100.0,
    "relaxation_gap_percent": null,
    "absolute_gap": null
  }
}