{
  "model_parameters": {
    "n_dimensions": 4,
    "n_clusters": 5,
    "n_points": 14,
    "coord_range_lower": -1,
    "coord_range_upper": 1
  },
  "solution": {
    "status": "optimal",
    "center_coordinates": {
      "cluster_1": {
        "dim_1": -0.785169827553527,
        "dim_2": 0.271873710312997,
        "dim_3": -0.163502941129272,
        "dim_4": -0.338703289731824
      },
      "cluster_2": {
        "dim_1": -0.666225072352769,
        "dim_2": -0.719732713078096,
        "dim_3": -0.819403473620079,
        "dim_4": -0.278091388159494
      },
      "cluster_3": {
        "dim_1": -0.071671254650254,
        "dim_2": 0.721534825630024,
        "dim_3": 0.353533283488639,
        "dim_4": 0.392295334769119
      },
      "cluster_4": {
        "dim_1": 0.220281068794947,
        "dim_2": -0.632157430002566,
        "dim_3": 0.270974825317983,
        "dim_4": 0.672994241075901
      },
      "cluster_5": {
        "dim_1": 0.338305314665191,
        "dim_2": 0.225834524447165,
        "dim_3": 0.491715123125969,
        "dim_4": -0.646952413364626
      }
    },
    "distances": {
      "1": 0.214306008617514,
      "2": 0.122820974369196,
      "3": 0.284638178892509,
      "4": 0.226684929712768,
      "5": 0.533704306926541,
      "6": 0.062325153555718,
      "7": 0.349553427656976,
      "8": 0.061493875534832,
      "9": 0.252430388088574,
      "10": 0.34994442557833,
      "11": 0.062000231480932,
      "12": 0.133776938787016,
      "13": 0.120503145280839,
      "14": 0.456612775925873
    },
    "objective_value": 3.230794760407618,
    "lower_bound": 0.522458539358687,
    "upper_bound": 3.230794760407617,
    "absolute_gap": 2.7083362210489312,
    "relative_gap": 5.183829944426574
  },
  "performance": {
    "solution_time_seconds": 301.0383815765381,
    "solver_status": "ok",
    "termination_condition": "optimal",
    "solver": "gams",
    "subsolver": "scip",
    "is_relaxation": false,
    "root_relaxation_value": 0.522458539358687,
    "root_relaxation_gap_percent": 83.82879204333085,
    "relaxation_gap_percent": null,
    "absolute_gap": null
  }
}