{
  "model_parameters": {
    "n_dimensions": 4,
    "n_clusters": 4,
    "n_points": 11,
    "coord_range_lower": -1,
    "coord_range_upper": 1
  },
  "solution": {
    "status": "optimal",
    "center_coordinates": {
      "cluster_1": {
        "dim_1": -0.538054386368415,
        "dim_2": -0.085648126020911,
        "dim_3": -0.581145064313987,
        "dim_4": 0.091134848496778
      },
      "cluster_2": {
        "dim_1": 0.443605616582082,
        "dim_2": -0.832333383753154,
        "dim_3": -0.107406593687927,
        "dim_4": 0.774616957221837
      },
      "cluster_3": {
        "dim_1": 0.478101059887619,
        "dim_2": -0.818538912951825,
        "dim_3": 0.727649036360506,
        "dim_4": -0.691507164121835
      },
      "cluster_4": {
        "dim_1": 0.683631875837232,
        "dim_2": 0.229884858924557,
        "dim_3": 0.364735793054342,
        "dim_4": 0.190188519136505
      }
    },
    "distances": {
      "1": 0.158180849097025,
      "2": 0.16497681030123,
      "3": 0.309665005804959,
      "4": 0.278544360116421,
      "5": 0.164997059944937,
      "6": 0.410406238413013,
      "7": 0.228048573636455,
      "8": 0.927090953594779,
      "9": 0.523750403734127,
      "10": 0.228047120174076,
      "11": 3.3863447e-08
    },
    "objective_value": 3.393707408680469,
    "lower_bound": 3.393707408680469,
    "absolute_gap": 0.0,
    "relative_gap": 0.0
  },
  "performance": {
    "solution_time_seconds": 29.660902976989746,
    "solver_status": "ok",
    "termination_condition": "optimal",
    "solver": "gams",
    "subsolver": "baron",
    "is_relaxation": false,
    "root_relaxation_value": 0.0,
    "root_relaxation_gap_percent": 100.0,
    "relaxation_gap_percent": null,
    "absolute_gap": null
  }
}