{
  "model_parameters": {
    "n_dimensions": 3,
    "n_clusters": 4,
    "n_points": 12,
    "coord_range_lower": -1,
    "coord_range_upper": 1
  },
  "solution": {
    "status": "optimal",
    "center_coordinates": {
      "cluster_1": {
        "dim_1": -0.559662398386579,
        "dim_2": 0.175392352352774,
        "dim_3": 0.354822727059761
      },
      "cluster_2": {
        "dim_1": -0.103544424697006,
        "dim_2": 0.83134902750854,
        "dim_3": -0.450000824152928
      },
      "cluster_3": {
        "dim_1": 0.477071728577932,
        "dim_2": -0.45122331443275,
        "dim_3": -0.457727315914217
      },
      "cluster_4": {
        "dim_1": 0.620384579970047,
        "dim_2": -0.092428756099089,
        "dim_3": 0.895713243444354
      }
    },
    "distances": {
      "1": 0.020128830672441,
      "2": 0.366972333612129,
      "3": 0.29358594203417,
      "4": 0.179702013313269,
      "5": 0.136563511616356,
      "6": 0.057460926754735,
      "7": 0.238071917658797,
      "8": 0.08987056268806,
      "9": 0.057172080758013,
      "10": 0.192260387920897,
      "11": 0.468807265437825,
      "12": 0.057345435583745
    },
    "objective_value": 2.157941208050437,
    "lower_bound": 2.157941208050437,
    "absolute_gap": 0.0,
    "relative_gap": 0.0
  },
  "performance": {
    "solution_time_seconds": 27.53266143798828,
    "solver_status": "ok",
    "termination_condition": "optimal",
    "solver": "gams",
    "subsolver": "baron",
    "is_relaxation": false,
    "root_relaxation_value": 0.0,
    "root_relaxation_gap_percent": 100.0,
    "relaxation_gap_percent": null,
    "absolute_gap": null
  }
}