{
  "model_parameters": {
    "n_dimensions": 4,
    "n_clusters": 3,
    "n_points": 11,
    "coord_range_lower": -1,
    "coord_range_upper": 1
  },
  "solution": {
    "status": "optimal",
    "center_coordinates": {
      "cluster_1": {
        "dim_1": -0.350170474679727,
        "dim_2": -0.121547430130092,
        "dim_3": 0.628942799340651,
        "dim_4": -0.459390239167287
      },
      "cluster_2": {
        "dim_1": 0.249687013246888,
        "dim_2": -0.33600328354635,
        "dim_3": -0.465544202522492,
        "dim_4": -0.573429387286368
      },
      "cluster_3": {
        "dim_1": 0.423298081518199,
        "dim_2": 0.228348956602903,
        "dim_3": -0.158453956296619,
        "dim_4": 0.419910137782406
      }
    },
    "distances": {
      "1": 0.381780931530695,
      "2": 0.226790784587132,
      "3": 0.069895864009732,
      "4": 0.477545580740587,
      "5": 0.071077885419706,
      "6": 0.426262553183359,
      "7": 0.697868561143527,
      "8": 0.401339824422881,
      "9": 0.188706072868246,
      "10": 0.545770624643179,
      "11": 0.467899834045064
    },
    "objective_value": 3.9549385165941082,
    "lower_bound": 3.954938516594107,
    "absolute_gap": 1.3322676295501878e-15,
    "relative_gap": 3.3686178026795297e-16
  },
  "performance": {
    "solution_time_seconds": 78.01030898094177,
    "solver_status": "ok",
    "termination_condition": "optimal",
    "solver": "gams",
    "subsolver": "baron",
    "is_relaxation": false,
    "root_relaxation_value": 0.0,
    "root_relaxation_gap_percent": 100.0,
    "relaxation_gap_percent": null,
    "absolute_gap": null
  }
}