{
  "model_parameters": {
    "n_dimensions": 2,
    "n_clusters": 3,
    "n_points": 11,
    "coord_range_lower": -1,
    "coord_range_upper": 1
  },
  "solution": {
    "status": "optimal",
    "center_coordinates": {
      "cluster_1": {
        "dim_1": -0.856888207582088,
        "dim_2": 0.286802837590999
      },
      "cluster_2": {
        "dim_1": 0.12388842645266,
        "dim_2": 0.345887348518694
      },
      "cluster_3": {
        "dim_1": 0.759571277262676,
        "dim_2": -0.788766215452767
      }
    },
    "distances": {
      "1": 0.107854890866209,
      "2": 0.093194644209588,
      "3": 0.123830819212592,
      "4": 0.201796074090766,
      "5": 0.017905245580249,
      "6": 0.046148350961156,
      "7": 0.0,
      "8": 0.001062158504048,
      "9": 0.109439363415932,
      "10": 0.01281407044466,
      "11": 0.169722043152624
    },
    "objective_value": 0.883767660437824,
    "lower_bound": 0.883767660437824,
    "upper_bound": 0.883767660437824,
    "absolute_gap": 0.0,
    "relative_gap": 0.0
  },
  "performance": {
    "solution_time_seconds": 3.991882085800171,
    "solver_status": "ok",
    "termination_condition": "optimal",
    "solver": "gams",
    "subsolver": "scip",
    "is_relaxation": false,
    "root_relaxation_value": 0.883767660437824,
    "root_relaxation_gap_percent": 0.0,
    "relaxation_gap_percent": null,
    "absolute_gap": null
  }
}