{
  "model_parameters": {
    "n_dimensions": 2,
    "n_clusters": 4,
    "n_points": 14,
    "coord_range_lower": -1,
    "coord_range_upper": 1
  },
  "solution": {
    "status": "optimal",
    "center_coordinates": {
      "cluster_1": {
        "dim_1": -0.451257642425189,
        "dim_2": 0.262715365754238
      },
      "cluster_2": {
        "dim_1": -0.229444185255697,
        "dim_2": -0.702643749659884
      },
      "cluster_3": {
        "dim_1": 0.608631579106578,
        "dim_2": -0.240713608470045
      },
      "cluster_4": {
        "dim_1": 0.691002413291228,
        "dim_2": 0.773780151503939
      }
    },
    "distances": {
      "1": 0.049984915206375,
      "2": 0.034201474059588,
      "3": 0.145703811453958,
      "4": 0.058185953184588,
      "5": 0.015038793527181,
      "6": 0.092457266596923,
      "7": 0.050429733686809,
      "8": 0.078081495160536,
      "9": 0.050511659533752,
      "10": 0.305345107035102,
      "11": 0.139324103825376,
      "12": 0.004145045763956,
      "13": 0.044487387456393,
      "14": 0.042106817960577
    },
    "objective_value": 1.110003564451114,
    "lower_bound": 1.110003564451112,
    "absolute_gap": 1.9984014443252818e-15,
    "relative_gap": 1.800355880220507e-15
  },
  "performance": {
    "solution_time_seconds": 40.472275495529175,
    "solver_status": "ok",
    "termination_condition": "optimal",
    "solver": "gams",
    "subsolver": "scip",
    "is_relaxation": false,
    "root_relaxation_value": 1.11000356445111,
    "root_relaxation_gap_percent": 3.6007117604410067e-13,
    "relaxation_gap_percent": null,
    "absolute_gap": null
  }
}