{
  "model_parameters": {
    "n_dimensions": 4,
    "n_clusters": 4,
    "n_points": 17,
    "coord_range_lower": -1,
    "coord_range_upper": 1
  },
  "solution": {
    "status": "optimal",
    "center_coordinates": {
      "cluster_1": {
        "dim_1": -0.444455991032449,
        "dim_2": -0.726564305809072,
        "dim_3": -0.384520636108182,
        "dim_4": 0.215706263735012
      },
      "cluster_2": {
        "dim_1": -0.266970423467616,
        "dim_2": 0.67644603360537,
        "dim_3": 0.620486634036789,
        "dim_4": -0.27071975369868
      },
      "cluster_3": {
        "dim_1": -0.266970415250969,
        "dim_2": 0.423089518653219,
        "dim_3": -0.585938446244433,
        "dim_4": 0.188623655221123
      },
      "cluster_4": {
        "dim_1": 0.669286974967486,
        "dim_2": -0.523954558793235,
        "dim_3": 0.314472614137764,
        "dim_4": -0.046438725299451
      }
    },
    "distances": {
      "1": 0.115266996174253,
      "2": 0.652245578439893,
      "3": 0.67579381258249,
      "4": 0.812058924975538,
      "5": 1.352384074781854,
      "6": 0.580306841044601,
      "7": 0.522300274097042,
      "8": 0.022644074203118,
      "9": 0.487133773885453,
      "10": 0.54387741955031,
      "11": 0.271690994537426,
      "12": 0.124989066286431,
      "13": 0.259574309215334,
      "14": 0.252901609746442,
      "15": 0.674284021605562,
      "16": 0.772739601015835,
      "17": 0.887001357600876
    },
    "objective_value": 9.007192729742458,
    "lower_bound": 2.652720688905265,
    "upper_bound": 9.007192729742458,
    "absolute_gap": 6.3544720408371935,
    "relative_gap": 2.3954546241578045
  },
  "performance": {
    "solution_time_seconds": 301.6383259296417,
    "solver_status": "ok",
    "termination_condition": "optimal",
    "solver": "gams",
    "subsolver": "baron",
    "is_relaxation": false,
    "root_relaxation_value": 0.0,
    "root_relaxation_gap_percent": 100.0,
    "relaxation_gap_percent": null,
    "absolute_gap": null
  }
}