{
  "model_parameters": {
    "n_dimensions": 5,
    "n_clusters": 3,
    "n_points": 10,
    "coord_range_lower": -1,
    "coord_range_upper": 1
  },
  "solution": {
    "status": "optimal",
    "center_coordinates": {
      "cluster_1": {
        "dim_1": -0.796563860344592,
        "dim_2": -0.012260059698599,
        "dim_3": 0.562550862981027,
        "dim_4": -0.404796137449256,
        "dim_5": -0.042987383840666
      },
      "cluster_2": {
        "dim_1": -0.560016684068032,
        "dim_2": 0.494395818937677,
        "dim_3": 0.099745700894493,
        "dim_4": 0.486103598671634,
        "dim_5": 0.546607822677441
      },
      "cluster_3": {
        "dim_1": 0.091001871055203,
        "dim_2": -0.273555488724953,
        "dim_3": -0.542995356375628,
        "dim_4": 0.374342805233207,
        "dim_5": -0.692908568920144
      }
    },
    "distances": {
      "1": 0.729947608877268,
      "2": 0.858743905590464,
      "3": 0.53489945275364,
      "4": 1.214953458476354,
      "5": 0.302533067029819,
      "6": 0.156065743949268,
      "7": 1.391881791917404,
      "8": 1.209311159207004,
      "9": 0.533830656966825,
      "10": 0.829849609961812
    },
    "objective_value": 7.762016454729858,
    "lower_bound": 7.762016454729857,
    "absolute_gap": 8.881784197001252e-16,
    "relative_gap": 1.144262479833968e-16
  },
  "performance": {
    "solution_time_seconds": 1.6737735271453857,
    "solver_status": "ok",
    "termination_condition": "optimal",
    "solver": "gams",
    "subsolver": "baron",
    "is_relaxation": false,
    "root_relaxation_value": 0.0,
    "root_relaxation_gap_percent": 100.0,
    "relaxation_gap_percent": null,
    "absolute_gap": null
  }
}