{
  "model_parameters": {
    "n_dimensions": 3,
    "n_clusters": 5,
    "n_points": 17,
    "coord_range_lower": -1,
    "coord_range_upper": 1
  },
  "solution": {
    "status": "feasible",
    "center_coordinates": {
      "cluster_1": {
        "dim_1": -0.546882164620978,
        "dim_2": 0.505922393513915,
        "dim_3": -0.585374080957893
      },
      "cluster_2": {
        "dim_1": -0.229394802576085,
        "dim_2": -0.786223236489374,
        "dim_3": -0.539382347833083
      },
      "cluster_3": {
        "dim_1": -0.049779022570118,
        "dim_2": -0.03060907121149,
        "dim_3": 0.838455606371799
      },
      "cluster_4": {
        "dim_1": 0.442734491391488,
        "dim_2": -0.922651369839524,
        "dim_3": 0.328043313774443
      },
      "cluster_5": {
        "dim_1": 0.729062134409627,
        "dim_2": 0.348904582050618,
        "dim_3": -0.09657594092779
      }
    },
    "distances": {
      "1": 0.017281308086109,
      "2": 0.043610375701996,
      "3": 0.039319546919716,
      "4": 0.060715169951182,
      "5": 0.418540977548303,
      "6": 0.184717292831228,
      "7": 0.337172369964303,
      "8": 0.439189795752545,
      "9": 0.309222597409379,
      "10": 0.108412036748683,
      "11": 0.043585185405825,
      "12": 0.038542222959876,
      "13": 0.272422077666105,
      "14": 0.038546946133201,
      "15": 0.609305239454345,
      "16": 0.143656813724985,
      "17": 0.039277495133941
    },
    "objective_value": 3.143517451391722,
    "lower_bound": 1.40829689286081,
    "upper_bound": 3.143517451391721,
    "absolute_gap": 1.735220558530912,
    "relative_gap": 1.2321411538485967
  },
  "performance": {
    "solution_time_seconds": 300.6807289123535,
    "solver_status": "ok",
    "termination_condition": "feasible",
    "solver": "gams",
    "subsolver": "gurobi",
    "is_relaxation": false,
    "root_relaxation_value": 0.0,
    "root_relaxation_gap_percent": 100.0,
    "relaxation_gap_percent": null,
    "absolute_gap": null
  }
}