{
  "model_parameters": {
    "n_dimensions": 2,
    "n_clusters": 3,
    "n_points": 11,
    "coord_range_lower": -1,
    "coord_range_upper": 1
  },
  "solution": {
    "status": "optimal",
    "center_coordinates": {
      "cluster_1": {
        "dim_1": -0.856633156221231,
        "dim_2": 0.286763981379084
      },
      "cluster_2": {
        "dim_1": 0.123316002517318,
        "dim_2": 0.346126130461982
      },
      "cluster_3": {
        "dim_1": 0.760052855587013,
        "dim_2": -0.788061176443382
      }
    },
    "distances": {
      "1": 0.107878077831646,
      "2": 0.093213167830835,
      "3": 0.123396885529685,
      "4": 0.201725161215498,
      "5": 0.017765721739905,
      "6": 0.046329315975592,
      "7": 8.043878e-09,
      "8": 0.001086632523163,
      "9": 0.109500212333006,
      "10": 0.012783308514974,
      "11": 0.170091959045409
    },
    "objective_value": 0.8837704505835909,
    "lower_bound": 0.883770270754305,
    "absolute_gap": 1.7982928590676295e-07,
    "relative_gap": 2.034796732337208e-07
  },
  "performance": {
    "solution_time_seconds": 0.7579407691955566,
    "solver_status": "ok",
    "termination_condition": "optimal",
    "solver": "gams",
    "subsolver": "gurobi",
    "is_relaxation": false,
    "root_relaxation_value": 0.0,
    "root_relaxation_gap_percent": 100.0,
    "relaxation_gap_percent": null,
    "absolute_gap": null
  }
}