{
  "model_parameters": {
    "n_dimensions": 4,
    "n_clusters": 4,
    "n_points": 13,
    "coord_range_lower": -1,
    "coord_range_upper": 1
  },
  "solution": {
    "status": "optimal",
    "center_coordinates": {
      "cluster_1": {
        "dim_1": -0.457594776668592,
        "dim_2": -0.140122164635438,
        "dim_3": 0.598595076814545,
        "dim_4": 0.568627354932367
      },
      "cluster_2": {
        "dim_1": -0.410367804271158,
        "dim_2": -0.230618361784481,
        "dim_3": -0.50940775277911,
        "dim_4": -0.289745450971919
      },
      "cluster_3": {
        "dim_1": 0.633944469639136,
        "dim_2": 0.628151164707953,
        "dim_3": 0.716157748422838,
        "dim_4": 0.065471193477813
      },
      "cluster_4": {
        "dim_1": 0.807802595564467,
        "dim_2": 0.880705270422185,
        "dim_3": -0.721572870092293,
        "dim_4": -0.848789253996448
      }
    },
    "distances": {
      "1": 0.270913159765831,
      "2": 0.167799936153543,
      "3": 0.717857908940546,
      "4": 1.057996657468799,
      "5": 0.241784601851575,
      "6": 1.109499641317773,
      "7": 0.930929463019594,
      "8": 0.43062101556397,
      "9": 0.744002256822267,
      "10": 0.246830448000365,
      "11": 4.4286592e-08,
      "12": 0.356565986120744,
      "13": 0.680254786805378
    },
    "objective_value": 6.955055906116977,
    "lower_bound": 4.710729888494581,
    "upper_bound": 6.955055906116977,
    "absolute_gap": 2.244326017622396,
    "relative_gap": 0.476428509115733
  },
  "performance": {
    "solution_time_seconds": 301.73993492126465,
    "solver_status": "ok",
    "termination_condition": "optimal",
    "solver": "gams",
    "subsolver": "baron",
    "is_relaxation": false,
    "root_relaxation_value": 0.703746,
    "root_relaxation_gap_percent": 89.88151914952898,
    "relaxation_gap_percent": null,
    "absolute_gap": null
  }
}