{
  "model_parameters": {
    "n_dimensions": 4,
    "n_clusters": 4,
    "n_points": 17,
    "coord_range_lower": -1,
    "coord_range_upper": 1
  },
  "solution": {
    "status": "optimal",
    "center_coordinates": {
      "cluster_1": {
        "dim_1": -0.437257448965201,
        "dim_2": 0.522377780349582,
        "dim_3": 0.690268164935987,
        "dim_4": 0.07726084127438
      },
      "cluster_2": {
        "dim_1": -0.384543175679679,
        "dim_2": 0.298489486091253,
        "dim_3": -0.613589406714741,
        "dim_4": 0.272731004858821
      },
      "cluster_3": {
        "dim_1": 0.232935004752529,
        "dim_2": -0.715582883245107,
        "dim_3": 0.111413898547661,
        "dim_4": 0.095156457703488
      },
      "cluster_4": {
        "dim_1": 0.729542751578316,
        "dim_2": 0.429437415893466,
        "dim_3": 0.418250002147246,
        "dim_4": -0.922013314062101
      }
    },
    "distances": {
      "1": 0.344112782039767,
      "2": 0.955405935482267,
      "3": 0.521331121625599,
      "4": 0.801604028656749,
      "5": 0.329657897991247,
      "6": 0.198481609627465,
      "7": 0.218798648962681,
      "8": 0.036671072799328,
      "9": 0.565344443410277,
      "10": 0.370310105483488,
      "11": 0.218138824456556,
      "12": 1.057819140300677,
      "13": 0.194520735095798,
      "14": 0.255039939274962,
      "15": 1.231270820217577,
      "16": 0.982792384717974,
      "17": 0.329296946963065
    },
    "objective_value": 8.610596437105476,
    "lower_bound": 0.918292656422471,
    "upper_bound": 8.610596437105476,
    "absolute_gap": 7.692303780683005,
    "relative_gap": 8.376745394710063
  },
  "performance": {
    "solution_time_seconds": 301.22494411468506,
    "solver_status": "ok",
    "termination_condition": "optimal",
    "solver": "gams",
    "subsolver": "scip",
    "is_relaxation": false,
    "root_relaxation_value": 0.918292656422471,
    "root_relaxation_gap_percent": 89.33531883499626,
    "relaxation_gap_percent": null,
    "absolute_gap": null
  }
}