{
  "model_parameters": {
    "n_dimensions": 4,
    "n_clusters": 5,
    "n_points": 16,
    "coord_range_lower": -1,
    "coord_range_upper": 1
  },
  "solution": {
    "status": "optimal",
    "center_coordinates": {
      "cluster_1": {
        "dim_1": -0.841706416919012,
        "dim_2": -0.231328902800432,
        "dim_3": -0.374003246750122,
        "dim_4": -0.312165316723273
      },
      "cluster_2": {
        "dim_1": -0.555370178624712,
        "dim_2": -0.644009976481737,
        "dim_3": 0.669418748791222,
        "dim_4": 0.237156697501449
      },
      "cluster_3": {
        "dim_1": -0.222290882438235,
        "dim_2": 0.79976515807346,
        "dim_3": 0.459772351660737,
        "dim_4": 0.197195567029669
      },
      "cluster_4": {
        "dim_1": 0.005577483717309,
        "dim_2": -0.040557719985753,
        "dim_3": 0.580760257354403,
        "dim_4": -0.046812178001607
      },
      "cluster_5": {
        "dim_1": 0.612882518792325,
        "dim_2": -0.49114581899389,
        "dim_3": -0.24659382168356,
        "dim_4": -0.689039493287624
      }
    },
    "distances": {
      "1": 0.954005915862946,
      "2": 0.345106704705994,
      "3": 0.52106813259363,
      "4": 0.4769192773615,
      "5": 0.504310416685451,
      "6": 0.430379607610882,
      "7": 0.165137659739101,
      "8": 0.380690515903319,
      "9": 0.498556643053358,
      "10": 0.491491996579189,
      "11": 0.382675948877029,
      "12": 0.430379610383309,
      "13": 0.809140769606061,
      "14": 0.060980310890263,
      "15": 0.235615969581535,
      "16": 0.109741265360455
    },
    "objective_value": 6.796200744794022,
    "lower_bound": 0.677353454991945,
    "absolute_gap": 6.118847289802077,
    "relative_gap": 9.033462876298227
  },
  "performance": {
    "solution_time_seconds": 1803.0492706298828,
    "solver_status": "ok",
    "termination_condition": "optimal",
    "solver": "gams",
    "subsolver": "scip",
    "is_relaxation": false,
    "root_relaxation_value": 0.677353454991945,
    "root_relaxation_gap_percent": 90.03335127334479,
    "relaxation_gap_percent": null,
    "absolute_gap": null
  }
}