{
  "model_parameters": {
    "n_dimensions": 4,
    "n_clusters": 5,
    "n_points": 12,
    "coord_range_lower": -1,
    "coord_range_upper": 1
  },
  "solution": {
    "status": "optimal",
    "center_coordinates": {
      "cluster_1": {
        "dim_1": -0.662625019004079,
        "dim_2": -0.444838362474029,
        "dim_3": -0.004521473274091,
        "dim_4": -0.375228836900591
      },
      "cluster_2": {
        "dim_1": -0.402584265985155,
        "dim_2": 0.426870015119841,
        "dim_3": 0.430694670520124,
        "dim_4": 0.445576278506385
      },
      "cluster_3": {
        "dim_1": -0.02554686903457,
        "dim_2": 0.278408568463191,
        "dim_3": -0.532612554743352,
        "dim_4": 0.304258633136314
      },
      "cluster_4": {
        "dim_1": 0.624942257846993,
        "dim_2": -0.450065885255293,
        "dim_3": 0.361350544099635,
        "dim_4": 0.954197396444588
      },
      "cluster_5": {
        "dim_1": 0.657544193035619,
        "dim_2": -0.85854935509542,
        "dim_3": -0.094822218521983,
        "dim_4": -0.744964927851136
      }
    },
    "distances": {
      "1": 0.135330750764715,
      "2": 0.310794477232318,
      "3": 0.286820682673404,
      "4": 0.246218602939079,
      "5": 0.367803152061782,
      "6": 0.367119345907126,
      "7": 0.0,
      "8": 0.288083955492804,
      "9": 0.136012893617512,
      "10": 0.494062554019098,
      "11": 0.321507164837249,
      "12": 0.525111160132551
    },
    "objective_value": 3.478864739677638,
    "lower_bound": 3.26945284555798,
    "absolute_gap": 0.2094118941196581,
    "relative_gap": 0.06405105196858067
  },
  "performance": {
    "solution_time_seconds": 1800.659741640091,
    "solver_status": "ok",
    "termination_condition": "optimal",
    "solver": "gams",
    "subsolver": "gurobi",
    "is_relaxation": false,
    "root_relaxation_value": 0.0,
    "root_relaxation_gap_percent": 100.0,
    "relaxation_gap_percent": null,
    "absolute_gap": null
  }
}