{
  "model_parameters": {
    "n_dimensions": 5,
    "n_clusters": 5,
    "n_points": 13,
    "coord_range_lower": -1,
    "coord_range_upper": 1
  },
  "solution": {
    "status": "optimal",
    "center_coordinates": {
      "cluster_1": {
        "dim_1": -0.14360320876609,
        "dim_2": -0.495108643564267,
        "dim_3": 0.38679524630421,
        "dim_4": -0.68855557592079,
        "dim_5": 0.29257254681025
      },
      "cluster_2": {
        "dim_1": -0.14360320876609,
        "dim_2": -0.523214469675578,
        "dim_3": -0.0494384765625,
        "dim_4": 0.2442626953125,
        "dim_5": -0.97998046875
      },
      "cluster_3": {
        "dim_1": -0.14360320876609,
        "dim_2": 0.7005615234375,
        "dim_3": -0.4119873046875,
        "dim_4": 0.311020135576491,
        "dim_5": 0.5262451171875
      },
      "cluster_4": {
        "dim_1": -0.070297843344495,
        "dim_2": -0.3607177734375,
        "dim_3": -0.3775634765625,
        "dim_4": 0.3160400390625,
        "dim_5": 0.0765380859375
      },
      "cluster_5": {
        "dim_1": -0.070297843344495,
        "dim_2": 0.7005615234375,
        "dim_3": 0.81494140625,
        "dim_4": 0.3519287109375,
        "dim_5": 0.4464111328125
      }
    },
    "distances": {
      "1": 0.573710600807326,
      "2": 0.235019196957657,
      "3": 0.072942094485664,
      "4": 1.02550641209277,
      "5": 0.487178872960616,
      "6": 0.566342046843221,
      "7": 0.338698765145968,
      "8": 0.197806819767118,
      "9": 0.236142484911958,
      "10": 0.379568319288258,
      "11": 0.583611332187079,
      "12": 0.435380729954564,
      "13": 0.41036913717456
    },
    "objective_value": 5.542276812576759,
    "lower_bound": 0.0,
    "upper_bound": 5.542276812576759,
    "absolute_gap": 5.542276812576759,
    "relative_gap": null
  },
  "performance": {
    "solution_time_seconds": 301.1154360771179,
    "solver_status": "ok",
    "termination_condition": "optimal",
    "solver": "gams",
    "subsolver": "scip",
    "is_relaxation": false,
    "root_relaxation_value": 0.0,
    "root_relaxation_gap_percent": 100.0,
    "relaxation_gap_percent": null,
    "absolute_gap": null
  }
}