{
  "model_parameters": {
    "n_dimensions": 2,
    "n_clusters": 4,
    "n_points": 11,
    "coord_range_lower": -1,
    "coord_range_upper": 1
  },
  "solution": {
    "status": "optimal",
    "center_coordinates": {
      "cluster_1": {
        "dim_1": -0.760435074967383,
        "dim_2": -0.7511488664959
      },
      "cluster_2": {
        "dim_1": -0.753679831028817,
        "dim_2": 0.545490562453676
      },
      "cluster_3": {
        "dim_1": 0.596421336417536,
        "dim_2": 0.702545121907168
      },
      "cluster_4": {
        "dim_1": 0.617709399212441,
        "dim_2": 0.02676863832074
      }
    },
    "distances": {
      "1": 0.028772309135294,
      "2": 0.047436306959671,
      "3": 0.023611474213147,
      "4": 0.044041696096839,
      "5": 0.15237621947678,
      "6": 0.037360631801351,
      "7": 0.001875366777816,
      "8": 0.043954961433763,
      "9": 0.043930671557169,
      "10": 0.048137547796418,
      "11": 0.249353561003236
    },
    "objective_value": 0.720850746251484,
    "lower_bound": 0.720850073615003,
    "absolute_gap": 6.726364810694108e-07,
    "relative_gap": 9.331156445558713e-07
  },
  "performance": {
    "solution_time_seconds": 62.319345235824585,
    "solver_status": "ok",
    "termination_condition": "optimal",
    "solver": "gams",
    "subsolver": "gurobi",
    "is_relaxation": false,
    "root_relaxation_value": 0.0,
    "root_relaxation_gap_percent": 100.0,
    "relaxation_gap_percent": null,
    "absolute_gap": null
  }
}