{
  "model_parameters": {
    "n_dimensions": 2,
    "n_clusters": 3,
    "n_points": 11,
    "coord_range_lower": -1,
    "coord_range_upper": 1
  },
  "solution": {
    "status": "optimal",
    "center_coordinates": {
      "cluster_1": {
        "dim_1": -0.85665135643471,
        "dim_2": 0.286756246979247
      },
      "cluster_2": {
        "dim_1": 0.12324632092611,
        "dim_2": 0.346008493615074
      },
      "cluster_3": {
        "dim_1": 0.760052884001254,
        "dim_2": -0.788061059163949
      }
    },
    "distances": {
      "1": 0.107883330144423,
      "2": 0.093205682001554,
      "3": 0.123391117282884,
      "4": 0.201720932286246,
      "5": 0.017780775896964,
      "6": 0.046377840123745,
      "7": 2.4950153e-08,
      "8": 0.001094658096177,
      "9": 0.10950267842786,
      "10": 0.012787356790965,
      "11": 0.170026100491481
    },
    "objective_value": 0.883770496492452,
    "lower_bound": 0.883770257396965,
    "upper_bound": 0.883770496492454,
    "absolute_gap": 2.3909548696465777e-07,
    "relative_gap": 2.7054031855392336e-07
  },
  "performance": {
    "solution_time_seconds": 1.2165844440460205,
    "solver_status": "ok",
    "termination_condition": "optimal",
    "solver": "gams",
    "subsolver": "gurobi",
    "is_relaxation": false,
    "root_relaxation_value": 0.0,
    "root_relaxation_gap_percent": 100.0,
    "relaxation_gap_percent": null,
    "absolute_gap": null
  }
}