{
  "model_parameters": {
    "n_dimensions": 5,
    "n_clusters": 5,
    "n_points": 10,
    "coord_range_lower": -1,
    "coord_range_upper": 1
  },
  "solution": {
    "status": "optimal",
    "center_coordinates": {
      "cluster_1": {
        "dim_1": -0.603306929684932,
        "dim_2": -0.240818495352643,
        "dim_3": 0.759428863294704,
        "dim_4": 0.311363855522721,
        "dim_5": -0.598046169988379
      },
      "cluster_2": {
        "dim_1": -0.570770068447121,
        "dim_2": -0.102473897693736,
        "dim_3": 0.696411484950533,
        "dim_4": 0.926472870940748,
        "dim_5": 0.426294417889722
      },
      "cluster_3": {
        "dim_1": -0.187075742178152,
        "dim_2": -0.198439676235516,
        "dim_3": -0.268951299311984,
        "dim_4": -0.442981987759549,
        "dim_5": -0.72978557849346
      },
      "cluster_4": {
        "dim_1": -0.186427434435661,
        "dim_2": 0.694252675474366,
        "dim_3": -0.760027288353019,
        "dim_4": -0.134548137170437,
        "dim_5": 0.711774145815741
      },
      "cluster_5": {
        "dim_1": -0.131536969863439,
        "dim_2": -0.309320650214401,
        "dim_3": -0.453609707064079,
        "dim_4": 0.582666573561616,
        "dim_5": 0.58527727308495
      }
    },
    "distances": {
      "1": 0.126323143460239,
      "2": 0.461099037574036,
      "3": 0.203445529106963,
      "4": 0.288164709236817,
      "5": 8.390585e-09,
      "6": 0.618352972624672,
      "7": 0.198340414835528,
      "8": 0.288164819692589,
      "9": 0.198338061429736,
      "10": 0.203444623275922
    },
    "objective_value": 2.585673319627087,
    "lower_bound": 2.585673319627086,
    "absolute_gap": 8.881784197001252e-16,
    "relative_gap": 3.4349985860867417e-16
  },
  "performance": {
    "solution_time_seconds": 61.005664110183716,
    "solver_status": "ok",
    "termination_condition": "optimal",
    "solver": "gams",
    "subsolver": "baron",
    "is_relaxation": false,
    "root_relaxation_value": 1.47921,
    "root_relaxation_gap_percent": 42.79207706666766,
    "relaxation_gap_percent": null,
    "absolute_gap": null
  }
}