{
  "model_parameters": {
    "n_dimensions": 2,
    "n_clusters": 5,
    "n_points": 12,
    "coord_range_lower": -1,
    "coord_range_upper": 1
  },
  "solution": {
    "status": "optimal",
    "center_coordinates": {
      "cluster_1": {
        "dim_1": -0.706618237620489,
        "dim_2": -0.464382832874371
      },
      "cluster_2": {
        "dim_1": -0.454520748377256,
        "dim_2": 0.655957329261378
      },
      "cluster_3": {
        "dim_1": 0.184014984517775,
        "dim_2": 0.448515682804588
      },
      "cluster_4": {
        "dim_1": 0.332314476201238,
        "dim_2": -0.760429411383043
      },
      "cluster_5": {
        "dim_1": 0.941246436242454,
        "dim_2": -0.003246852307301
      }
    },
    "distances": {
      "1": 0.167842841130401,
      "2": 0.094494593547228,
      "3": 0.050815698914931,
      "4": 0.060536342920094,
      "5": 0.054480974377024,
      "6": 0.148526060152524,
      "7": 0.076838500919605,
      "8": 0.054487035847858,
      "9": 0.0,
      "10": 0.027405432025213,
      "11": 0.10303120643979,
      "12": 0.060534052242011
    },
    "objective_value": 0.8989927385166789,
    "lower_bound": 0.898992738516672,
    "upper_bound": 0.898992738516678,
    "absolute_gap": 6.8833827526759706e-15,
    "relative_gap": 7.656772360623818e-15
  },
  "performance": {
    "solution_time_seconds": 22.896735668182373,
    "solver_status": "ok",
    "termination_condition": "optimal",
    "solver": "gams",
    "subsolver": "scip",
    "is_relaxation": false,
    "root_relaxation_value": 0.898992738516672,
    "root_relaxation_gap_percent": 7.65677236062376e-13,
    "relaxation_gap_percent": null,
    "absolute_gap": null
  }
}