{
  "model_parameters": {
    "n_dimensions": 2,
    "n_clusters": 3,
    "n_points": 16,
    "coord_range_lower": -1,
    "coord_range_upper": 1
  },
  "solution": {
    "status": "optimal",
    "center_coordinates": {
      "cluster_1": {
        "dim_1": -0.591413098467627,
        "dim_2": -0.567704343721649
      },
      "cluster_2": {
        "dim_1": -0.363520117499071,
        "dim_2": 0.333705269776187
      },
      "cluster_3": {
        "dim_1": 0.687844331644044,
        "dim_2": 0.482497451432494
      }
    },
    "distances": {
      "1": 0.109137820402374,
      "2": 0.347979104093381,
      "3": 0.047315114458521,
      "4": 0.141975713820819,
      "5": 0.024314815856867,
      "6": 0.772896609315843,
      "7": 0.227505455650616,
      "8": 0.101539294428258,
      "9": 0.135485248706629,
      "10": 0.097069616046575,
      "11": 0.038949641488667,
      "12": 0.169506647513227,
      "13": 0.078685143356828,
      "14": 0.159830254263183,
      "15": 0.214184757136626,
      "16": 0.171697836197291
    },
    "objective_value": 2.838073072735705,
    "lower_bound": 2.838073072735694,
    "absolute_gap": 1.1102230246251565e-14,
    "relative_gap": 3.911890202160944e-15
  },
  "performance": {
    "solution_time_seconds": 14.534178972244263,
    "solver_status": "ok",
    "termination_condition": "optimal",
    "solver": "gams",
    "subsolver": "scip",
    "is_relaxation": false,
    "root_relaxation_value": 2.83807307273569,
    "root_relaxation_gap_percent": 5.320170674938863e-13,
    "relaxation_gap_percent": null,
    "absolute_gap": null
  }
}