{
  "model_parameters": {
    "n_dimensions": 4,
    "n_clusters": 5,
    "n_points": 16,
    "coord_range_lower": -1,
    "coord_range_upper": 1
  },
  "solution": {
    "status": "optimal",
    "center_coordinates": {
      "cluster_1": {
        "dim_1": -0.468082438528901,
        "dim_2": 0.167467546716354,
        "dim_3": -0.072474639338367,
        "dim_4": -0.500268102009786
      },
      "cluster_2": {
        "dim_1": -0.468082438528901,
        "dim_2": 0.805175781249959,
        "dim_3": 0.50194184437547,
        "dim_4": 0.88232421875
      },
      "cluster_3": {
        "dim_1": -0.468082438528901,
        "dim_2": -0.7225341796875,
        "dim_3": 0.3812255859375,
        "dim_4": 0.119781672059058
      },
      "cluster_4": {
        "dim_1": 0.2398681640625,
        "dim_2": 0.4896240234375,
        "dim_3": 0.607072474594797,
        "dim_4": -0.204538933639715
      },
      "cluster_5": {
        "dim_1": 0.2398681640625,
        "dim_2": -0.3328857421875,
        "dim_3": 0.0604248046875,
        "dim_4": -0.2742919921875
      }
    },
    "distances": {
      "1": 1.748233924198536,
      "2": 0.928382049502888,
      "3": 0.236809693344036,
      "4": 0.622368922028704,
      "5": 0.904664999946707,
      "6": 0.678645746270963,
      "7": 0.913629999078633,
      "8": 0.70043071800975,
      "9": 1.652662675921541,
      "10": 0.557671011089518,
      "11": 0.159828922240872,
      "12": 0.40334732975738,
      "13": 0.112640843288401,
      "14": 0.688518397728514,
      "15": 1.006259992731428,
      "16": 0.214217948230948
    },
    "objective_value": 11.528313173368819,
    "lower_bound": 0.0,
    "upper_bound": 11.528313173368819,
    "absolute_gap": 11.528313173368819,
    "relative_gap": null
  },
  "performance": {
    "solution_time_seconds": 301.0291516780853,
    "solver_status": "ok",
    "termination_condition": "optimal",
    "solver": "gams",
    "subsolver": "scip",
    "is_relaxation": false,
    "root_relaxation_value": 0.0,
    "root_relaxation_gap_percent": 100.0,
    "relaxation_gap_percent": null,
    "absolute_gap": null
  }
}