{
  "model_parameters": {
    "n_dimensions": 3,
    "n_clusters": 4,
    "n_points": 17,
    "coord_range_lower": -1,
    "coord_range_upper": 1
  },
  "solution": {
    "status": "optimal",
    "center_coordinates": {
      "cluster_1": {
        "dim_1": -0.437676999154094,
        "dim_2": -0.034173462165101,
        "dim_3": 0.951023884185082
      },
      "cluster_2": {
        "dim_1": -0.125214930119447,
        "dim_2": -0.667299191704957,
        "dim_3": -0.466631806069887
      },
      "cluster_3": {
        "dim_1": 0.5993341143614,
        "dim_2": -0.421171134224497,
        "dim_3": 0.526172393751048
      },
      "cluster_4": {
        "dim_1": 0.688057313016595,
        "dim_2": 0.549797192772926,
        "dim_3": -0.473479553257337
      }
    },
    "distances": {
      "1": 0.325593866406027,
      "2": 0.302578692811004,
      "3": 0.628484866997765,
      "4": 0.553908336866723,
      "5": 0.250756005515307,
      "6": 0.83329998141682,
      "7": 0.229905313139521,
      "8": 0.235091048608165,
      "9": 0.317733249192883,
      "10": 0.173042575161521,
      "11": 0.27847880929996,
      "12": 0.635277272047909,
      "13": 0.628213843832974,
      "14": 0.386633602631806,
      "15": 0.091513028813278,
      "16": 0.359422623894989,
      "17": 0.301604389464838
    },
    "objective_value": 6.53153750610149,
    "lower_bound": 6.531537505050389,
    "upper_bound": 6.531537506101492,
    "absolute_gap": 1.051100539939398e-09,
    "relative_gap": 1.6092696997095312e-10
  },
  "performance": {
    "solution_time_seconds": 152.1610779762268,
    "solver_status": "ok",
    "termination_condition": "optimal",
    "solver": "gams",
    "subsolver": "baron",
    "is_relaxation": false,
    "root_relaxation_value": 0.0,
    "root_relaxation_gap_percent": 100.0,
    "relaxation_gap_percent": null,
    "absolute_gap": null
  }
}