{
  "model_parameters": {
    "n_dimensions": 3,
    "n_clusters": 3,
    "n_points": 10,
    "coord_range_lower": -1,
    "coord_range_upper": 1
  },
  "solution": {
    "status": "optimal",
    "center_coordinates": {
      "cluster_1": {
        "dim_1": -0.658966006397347,
        "dim_2": 0.158501672451747,
        "dim_3": -0.42242936139099
      },
      "cluster_2": {
        "dim_1": 0.482532899299502,
        "dim_2": -0.371821007912621,
        "dim_3": -0.649892665656118
      },
      "cluster_3": {
        "dim_1": 0.690316689367954,
        "dim_2": 0.162407640329919,
        "dim_3": 0.642492998963011
      }
    },
    "distances": {
      "1": 0.395934100419507,
      "2": 0.251146749611538,
      "3": 0.395400504219182,
      "4": 0.292712301531327,
      "5": 0.182491353339614,
      "6": 0.190704838468018,
      "7": 0.847082728988763,
      "8": 0.319105714122189,
      "9": 0.079914389645212,
      "10": 0.271994286574345
    },
    "objective_value": 3.226486966919695,
    "lower_bound": 3.226486966919692,
    "upper_bound": 3.226486966919694,
    "absolute_gap": 3.1086244689504383e-15,
    "relative_gap": 9.634703319189986e-16
  },
  "performance": {
    "solution_time_seconds": 12.7649085521698,
    "solver_status": "ok",
    "termination_condition": "optimal",
    "solver": "gams",
    "subsolver": "scip",
    "is_relaxation": false,
    "root_relaxation_value": 3.22648696691969,
    "root_relaxation_gap_percent": 1.514024807301282e-13,
    "relaxation_gap_percent": null,
    "absolute_gap": null
  }
}