{
  "model_parameters": {
    "n_dimensions": 5,
    "n_clusters": 3,
    "n_points": 15,
    "coord_range_lower": -1,
    "coord_range_upper": 1
  },
  "solution": {
    "status": "optimal",
    "center_coordinates": {
      "cluster_1": {
        "dim_1": 0.117611551287625,
        "dim_2": -0.038616390115034,
        "dim_3": -0.624329431144043,
        "dim_4": -0.177188875682115,
        "dim_5": -0.658944041209811
      },
      "cluster_2": {
        "dim_1": 0.316884096875914,
        "dim_2": 0.079963589001109,
        "dim_3": 0.600258654447293,
        "dim_4": -0.753647113837846,
        "dim_5": -0.170165067799249
      },
      "cluster_3": {
        "dim_1": 0.434236358910359,
        "dim_2": 0.032029794097238,
        "dim_3": -0.029276897522618,
        "dim_4": 0.3967075570036,
        "dim_5": 0.668356464814218
      }
    },
    "distances": {
      "1": 1.154010079216107,
      "2": 0.373889105048593,
      "3": 0.331696529954422,
      "4": 0.294139981469824,
      "5": 1.104458196608461,
      "6": 0.950781635164382,
      "7": 1.077002485104575,
      "8": 1.280702672979463,
      "9": 1.532331569544905,
      "10": 0.780545854656303,
      "11": 0.279162306976761,
      "12": 1.119782171063812,
      "13": 0.482486187948437,
      "14": 1.220585612119898,
      "15": 0.663229970145465
    },
    "objective_value": 12.644804358001409,
    "lower_bound": 12.393513207723144,
    "absolute_gap": 0.25129115027826465,
    "relative_gap": 0.02027602230832094
  },
  "performance": {
    "solution_time_seconds": 1800.4653811454773,
    "solver_status": "ok",
    "termination_condition": "optimal",
    "solver": "gams",
    "subsolver": "gurobi",
    "is_relaxation": false,
    "root_relaxation_value": 0.0,
    "root_relaxation_gap_percent": 100.0,
    "relaxation_gap_percent": null,
    "absolute_gap": null
  }
}