{
  "model_parameters": {
    "n_dimensions": 3,
    "n_clusters": 4,
    "n_points": 12,
    "coord_range_lower": -1,
    "coord_range_upper": 1
  },
  "solution": {
    "status": "optimal",
    "center_coordinates": {
      "cluster_1": {
        "dim_1": -0.559482939230308,
        "dim_2": 0.175351919502937,
        "dim_3": 0.354673249878328
      },
      "cluster_2": {
        "dim_1": -0.10379616279541,
        "dim_2": 0.831172251753665,
        "dim_3": -0.45015408907905
      },
      "cluster_3": {
        "dim_1": 0.477118902831455,
        "dim_2": -0.451188012204072,
        "dim_3": -0.457734943599729
      },
      "cluster_4": {
        "dim_1": 0.620779732401336,
        "dim_2": -0.092358461857983,
        "dim_3": 0.895756129849235
      }
    },
    "distances": {
      "1": 0.020117037127298,
      "2": 0.36713629315713,
      "3": 0.293540953769163,
      "4": 0.179934250146183,
      "5": 0.13675824184775,
      "6": 0.057358743384778,
      "7": 0.238093643387201,
      "8": 0.08990566620537,
      "9": 0.057262854582888,
      "10": 0.192198836835856,
      "11": 0.468381023354178,
      "12": 0.057255422134087
    },
    "objective_value": 2.157942965931882,
    "lower_bound": 2.157942965931882,
    "absolute_gap": 0.0,
    "relative_gap": 0.0
  },
  "performance": {
    "solution_time_seconds": 4.76466965675354,
    "solver_status": "ok",
    "termination_condition": "optimal",
    "solver": "gams",
    "subsolver": "baron",
    "is_relaxation": false,
    "root_relaxation_value": 0.0,
    "root_relaxation_gap_percent": 100.0,
    "relaxation_gap_percent": null,
    "absolute_gap": null
  }
}