{
  "model_parameters": {
    "n_dimensions": 3,
    "n_clusters": 5,
    "n_points": 14,
    "coord_range_lower": -1,
    "coord_range_upper": 1
  },
  "solution": {
    "status": "optimal",
    "center_coordinates": {
      "cluster_1": {
        "dim_1": -0.929087527516774,
        "dim_2": -0.241314966476931,
        "dim_3": -0.663868616365123
      },
      "cluster_2": {
        "dim_1": -0.403015948201819,
        "dim_2": 0.935358185152247,
        "dim_3": 0.210372059337367
      },
      "cluster_3": {
        "dim_1": -0.403015948201819,
        "dim_2": 0.53807319153177,
        "dim_3": 0.755032439514645
      },
      "cluster_4": {
        "dim_1": 0.476236233737243,
        "dim_2": -0.520712390396682,
        "dim_3": -0.062503220602261
      },
      "cluster_5": {
        "dim_1": 0.476236233737243,
        "dim_2": 0.187902212652671,
        "dim_3": -0.361949648084208
      }
    },
    "distances": {
      "1": 0.336914402949567,
      "2": 0.38659808681833,
      "3": 0.288951041451989,
      "4": 0.148742519573992,
      "5": 0.196576508404927,
      "6": 0.006345129160128,
      "7": 0.0,
      "8": 0.372478779958282,
      "9": 0.0445124089705,
      "10": 0.127723046449666,
      "11": 0.021112956749404,
      "12": 0.172505998019996,
      "13": 0.008712448714276,
      "14": 0.025482115571033
    },
    "objective_value": 2.13665544279209,
    "lower_bound": 2.136655442792089,
    "absolute_gap": 8.881784197001252e-16,
    "relative_gap": 4.156863113780723e-16
  },
  "performance": {
    "solution_time_seconds": 110.27298712730408,
    "solver_status": "ok",
    "termination_condition": "optimal",
    "solver": "gams",
    "subsolver": "baron",
    "is_relaxation": false,
    "root_relaxation_value": 0.0,
    "root_relaxation_gap_percent": 100.0,
    "relaxation_gap_percent": null,
    "absolute_gap": null
  }
}