{
  "model_parameters": {
    "n_dimensions": 2,
    "n_clusters": 3,
    "n_points": 16,
    "coord_range_lower": -1,
    "coord_range_upper": 1
  },
  "solution": {
    "status": "optimal",
    "center_coordinates": {
      "cluster_1": {
        "dim_1": -0.6393017811247,
        "dim_2": -0.325594822188915
      },
      "cluster_2": {
        "dim_1": 0.317729445712884,
        "dim_2": 0.55556744445811
      },
      "cluster_3": {
        "dim_1": 0.317729445712884,
        "dim_2": -0.948018740789022
      }
    },
    "distances": {
      "1": 0.300589515596923,
      "2": 0.330706108317617,
      "3": 0.381371054576695,
      "4": 0.084563020037037,
      "5": 0.075709666680173,
      "6": 0.013541155368145,
      "7": 0.185334569915566,
      "8": 0.005476597350427,
      "9": 0.1980703429851,
      "10": 0.062598356273009,
      "11": 0.282456212308499,
      "12": 0.092405566497506,
      "13": 0.320865463081607,
      "14": 0.185440953236028,
      "15": 0.432841777276891,
      "16": 0.393474422507987
    },
    "objective_value": 3.34544478200921,
    "lower_bound": 0.737034262396305,
    "upper_bound": 3.345444782009209,
    "absolute_gap": 2.608410519612905,
    "relative_gap": 3.5390627718340135
  },
  "performance": {
    "solution_time_seconds": 300.9644958972931,
    "solver_status": "ok",
    "termination_condition": "optimal",
    "solver": "gams",
    "subsolver": "scip",
    "is_relaxation": false,
    "root_relaxation_value": 0.737034262396305,
    "root_relaxation_gap_percent": 77.96902025225906,
    "relaxation_gap_percent": null,
    "absolute_gap": null
  }
}