{
  "model_parameters": {
    "n_dimensions": 5,
    "n_clusters": 4,
    "n_points": 15,
    "coord_range_lower": -1,
    "coord_range_upper": 1
  },
  "solution": {
    "status": "optimal",
    "center_coordinates": {
      "cluster_1": {
        "dim_1": -0.591837102866459,
        "dim_2": 0.711958617210782,
        "dim_3": 0.041848544017772,
        "dim_4": 0.011443123159562,
        "dim_5": 0.560287640680784
      },
      "cluster_2": {
        "dim_1": -0.553428719696835,
        "dim_2": -0.577573211758408,
        "dim_3": -0.711531623584792,
        "dim_4": 0.051455674791121,
        "dim_5": 0.222519286599135
      },
      "cluster_3": {
        "dim_1": 0.45326680490621,
        "dim_2": 0.398043696250163,
        "dim_3": 0.483256723870837,
        "dim_4": 0.177367520402572,
        "dim_5": -0.360823599530634
      },
      "cluster_4": {
        "dim_1": 0.770546081565288,
        "dim_2": -0.360636413392076,
        "dim_3": -0.201226480426309,
        "dim_4": 0.089093760868179,
        "dim_5": 0.689192144459226
      }
    },
    "distances": {
      "1": 0.521947720404109,
      "2": 0.753239246379962,
      "3": 0.756897541032444,
      "4": 0.972429256733868,
      "5": 0.42453765147475,
      "6": 1.024643352024379,
      "7": 0.461972791314324,
      "8": 0.81677922124351,
      "9": 0.379091447537925,
      "10": 0.095661400636981,
      "11": 1.7994598331123,
      "12": 0.280415348337233,
      "13": 0.608332188557321,
      "14": 0.355979816901554,
      "15": 0.844577582877345
    },
    "objective_value": 10.095964398568006,
    "lower_bound": 6.796958182714732,
    "absolute_gap": 3.2990062158532734,
    "relative_gap": 0.48536508937820727
  },
  "performance": {
    "solution_time_seconds": 1800.5906867980957,
    "solver_status": "ok",
    "termination_condition": "optimal",
    "solver": "gams",
    "subsolver": "gurobi",
    "is_relaxation": false,
    "root_relaxation_value": 0.0,
    "root_relaxation_gap_percent": 100.0,
    "relaxation_gap_percent": null,
    "absolute_gap": null
  }
}