{
  "model_parameters": {
    "n_dimensions": 2,
    "n_clusters": 5,
    "n_points": 11,
    "coord_range_lower": -1,
    "coord_range_upper": 1
  },
  "solution": {
    "status": "optimal",
    "center_coordinates": {
      "cluster_1": {
        "dim_1": -0.74076632897424,
        "dim_2": 0.094255468207976
      },
      "cluster_2": {
        "dim_1": -0.135367909015314,
        "dim_2": 0.651441641948754
      },
      "cluster_3": {
        "dim_1": -0.126006030263771,
        "dim_2": 0.081495792820042
      },
      "cluster_4": {
        "dim_1": 0.522801785972618,
        "dim_2": 0.938714948288498
      },
      "cluster_5": {
        "dim_1": 0.646025529918481,
        "dim_2": -0.265019023195338
      }
    },
    "distances": {
      "1": 0.022894945609461,
      "2": 0.064028954621492,
      "3": 0.022878529697202,
      "4": 7.957211e-09,
      "5": 0.068196757825695,
      "6": 0.029802871571066,
      "7": 7.081827e-09,
      "8": 0.033781422241387,
      "9": 0.036453285767076,
      "10": 0.065429537211728,
      "11": 0.075795293314937
    },
    "objective_value": 0.419261612899082,
    "lower_bound": 0.419261468649606,
    "upper_bound": 0.419261612899082,
    "absolute_gap": 1.4424947597513338e-07,
    "relative_gap": 3.440561243076897e-07
  },
  "performance": {
    "solution_time_seconds": 7.632389307022095,
    "solver_status": "ok",
    "termination_condition": "optimal",
    "solver": "gams",
    "subsolver": "gurobi",
    "is_relaxation": false,
    "root_relaxation_value": 0.0,
    "root_relaxation_gap_percent": 100.0,
    "relaxation_gap_percent": null,
    "absolute_gap": null
  }
}