{
  "model_parameters": {
    "n_dimensions": 2,
    "n_clusters": 5,
    "n_points": 14,
    "coord_range_lower": -1,
    "coord_range_upper": 1
  },
  "solution": {
    "status": "optimal",
    "center_coordinates": {
      "cluster_1": {
        "dim_1": -0.802622399719904,
        "dim_2": 0.41137109672005
      },
      "cluster_2": {
        "dim_1": -0.444513407323299,
        "dim_2": -0.597939522564022
      },
      "cluster_3": {
        "dim_1": -0.135112317389499,
        "dim_2": 0.570598800412687
      },
      "cluster_4": {
        "dim_1": 0.293004518117337,
        "dim_2": -0.79852965891386
      },
      "cluster_5": {
        "dim_1": 0.434434923126288,
        "dim_2": 0.23759585182492
      }
    },
    "distances": {
      "1": 0.079437781739415,
      "2": 0.080176997087934,
      "3": 0.08021601230173,
      "4": 0.107027434598186,
      "5": 0.089726573911619,
      "6": 0.089453013247821,
      "7": 0.050259913954941,
      "8": 0.179451606597921,
      "9": 0.040272120818744,
      "10": 0.018200645767289,
      "11": 0.155846685321447,
      "12": 0.0571665332854,
      "13": 0.031470561733498,
      "14": 0.054105880131032
    },
    "objective_value": 1.112811760496977,
    "lower_bound": 1.112810670229626,
    "absolute_gap": 1.0902673508450533e-06,
    "relative_gap": 9.79741999256782e-07
  },
  "performance": {
    "solution_time_seconds": 646.6542093753815,
    "solver_status": "ok",
    "termination_condition": "optimal",
    "solver": "gams",
    "subsolver": "gurobi",
    "is_relaxation": false,
    "root_relaxation_value": 0.0,
    "root_relaxation_gap_percent": 100.0,
    "relaxation_gap_percent": null,
    "absolute_gap": null
  }
}