{
  "model_parameters": {
    "n_dimensions": 3,
    "n_clusters": 4,
    "n_points": 14,
    "coord_range_lower": -1,
    "coord_range_upper": 1
  },
  "solution": {
    "status": "optimal",
    "center_coordinates": {
      "cluster_1": {
        "dim_1": -0.742140598392074,
        "dim_2": -0.926691106644788,
        "dim_3": -0.933536696558422
      },
      "cluster_2": {
        "dim_1": -0.47625362749317,
        "dim_2": 0.507556147358667,
        "dim_3": 0.400812185398801
      },
      "cluster_3": {
        "dim_1": -0.008569721948156,
        "dim_2": 0.218416193273409,
        "dim_3": -0.324255975377924
      },
      "cluster_4": {
        "dim_1": 0.240624823966251,
        "dim_2": -0.469252314571728,
        "dim_3": 0.509939722465064
      }
    },
    "distances": {
      "1": 0.113979882881021,
      "2": 0.20549614909744,
      "3": 0.179970689042527,
      "4": 0.351477373038965,
      "5": 0.475980587089368,
      "6": 0.612972939005431,
      "7": 0.233421779107524,
      "8": 0.093997178019784,
      "9": 0.068217748090921,
      "10": 0.379923941632091,
      "11": 0.066339635936841,
      "12": 0.382545637227335,
      "13": 0.268020070108289,
      "14": 2.197345e-09
    },
    "objective_value": 3.432343612474882,
    "lower_bound": 3.432343482447765,
    "absolute_gap": 1.3002711662934985e-07,
    "relative_gap": 3.788289758710903e-08
  },
  "performance": {
    "solution_time_seconds": 113.02250289916992,
    "solver_status": "ok",
    "termination_condition": "optimal",
    "solver": "gams",
    "subsolver": "gurobi",
    "is_relaxation": false,
    "root_relaxation_value": 0.0,
    "root_relaxation_gap_percent": 100.0,
    "relaxation_gap_percent": null,
    "absolute_gap": null
  }
}