{
  "model_parameters": {
    "n_dimensions": 5,
    "n_clusters": 5,
    "n_points": 17,
    "coord_range_lower": -1,
    "coord_range_upper": 1
  },
  "solution": {
    "status": "optimal",
    "center_coordinates": {
      "cluster_1": {
        "dim_1": -0.900279384823326,
        "dim_2": -0.138652353409385,
        "dim_3": -0.057346397156586,
        "dim_4": 0.621182852369241,
        "dim_5": -0.681935151099183
      },
      "cluster_2": {
        "dim_1": -0.217219389244837,
        "dim_2": 0.444939924540565,
        "dim_3": 0.412843223835316,
        "dim_4": -0.569513881038267,
        "dim_5": 0.291979322994984
      },
      "cluster_3": {
        "dim_1": 0.044189009863962,
        "dim_2": -0.894049352322253,
        "dim_3": -0.164335581357835,
        "dim_4": -0.644156130857662,
        "dim_5": -0.513044300403734
      },
      "cluster_4": {
        "dim_1": 0.044189009863962,
        "dim_2": 0.470255096105229,
        "dim_3": 0.621170574375027,
        "dim_4": 0.472474863912905,
        "dim_5": -0.534379965832901
      },
      "cluster_5": {
        "dim_1": 0.456050994285216,
        "dim_2": -0.130906927521305,
        "dim_3": 0.061683534217279,
        "dim_4": 0.584245788437017,
        "dim_5": 0.640512092368792
      }
    },
    "distances": {
      "1": 0.475326673619707,
      "2": 0.289938103112283,
      "3": 0.170871708522221,
      "4": 0.74609746859929,
      "5": 1.453992397930234,
      "6": 0.652497732363316,
      "7": 0.804192715521676,
      "8": 0.302012571094865,
      "9": 0.972287127483891,
      "10": 1.220972496508534,
      "11": 1.005584596756896,
      "12": 0.432919216293837,
      "13": 1.005584593940978,
      "14": 1.382778450336634,
      "15": 0.725339238043676,
      "16": 0.720481215873728,
      "17": 0.162797609881753
    },
    "objective_value": 12.523673915883519,
    "lower_bound": 0.0,
    "upper_bound": 12.523673915883517,
    "absolute_gap": 12.523673915883519,
    "relative_gap": null
  },
  "performance": {
    "solution_time_seconds": 301.62981367111206,
    "solver_status": "ok",
    "termination_condition": "optimal",
    "solver": "gams",
    "subsolver": "baron",
    "is_relaxation": false,
    "root_relaxation_value": 0.0,
    "root_relaxation_gap_percent": 100.0,
    "relaxation_gap_percent": null,
    "absolute_gap": null
  }
}