{
  "model_parameters": {
    "n_dimensions": 4,
    "n_clusters": 3,
    "n_points": 14,
    "coord_range_lower": -1,
    "coord_range_upper": 1
  },
  "solution": {
    "status": "feasible",
    "center_coordinates": {
      "cluster_1": {
        "dim_1": -0.458257028282913,
        "dim_2": -0.287339811450074,
        "dim_3": 0.54838253486545,
        "dim_4": 0.692714140427992
      },
      "cluster_2": {
        "dim_1": -0.140234832255803,
        "dim_2": 0.637474433094272,
        "dim_3": 0.00912716390344,
        "dim_4": 0.054614895837291
      },
      "cluster_3": {
        "dim_1": 0.116863313764781,
        "dim_2": -0.536929100170834,
        "dim_3": -0.487377702260753,
        "dim_4": -0.595807687360061
      }
    },
    "distances": {
      "1": 0.793223363817067,
      "2": 0.511082974004688,
      "3": 0.889902804851582,
      "4": 0.294934755551753,
      "5": 0.814861204941531,
      "6": 0.410294066914469,
      "7": 1.323476529766758,
      "8": 0.344925938202692,
      "9": 0.648089089480772,
      "10": 0.783062053175101,
      "11": 0.417333249932405,
      "12": 0.945780651667687,
      "13": 0.755317930199093,
      "14": 0.427942667209599
    },
    "objective_value": 9.360227279715197,
    "lower_bound": 9.32003958435008,
    "upper_bound": 9.360227279715195,
    "absolute_gap": 0.04018769536511613,
    "relative_gap": 0.004311966167246548
  },
  "performance": {
    "solution_time_seconds": 300.5478677749634,
    "solver_status": "ok",
    "termination_condition": "feasible",
    "solver": "gams",
    "subsolver": "gurobi",
    "is_relaxation": false,
    "root_relaxation_value": 0.0,
    "root_relaxation_gap_percent": 100.0,
    "relaxation_gap_percent": null,
    "absolute_gap": null
  }
}