{
  "model_parameters": {
    "n_dimensions": 3,
    "n_clusters": 5,
    "n_points": 12,
    "coord_range_lower": -1,
    "coord_range_upper": 1
  },
  "solution": {
    "status": "optimal",
    "center_coordinates": {
      "cluster_1": {
        "dim_1": -0.94189453125,
        "dim_2": -0.061598141261605,
        "dim_3": 0.281095294192819
      },
      "cluster_2": {
        "dim_1": 0.395965738193529,
        "dim_2": 0.226913452148436,
        "dim_3": 0.520385204188517
      },
      "cluster_3": {
        "dim_1": 0.460247274676278,
        "dim_2": -0.527749577746295,
        "dim_3": -0.461733044765452
      },
      "cluster_4": {
        "dim_1": 0.663405808615939,
        "dim_2": 0.646558424923387,
        "dim_3": -0.067767667083799
      },
      "cluster_5": {
        "dim_1": 0.998417286254607,
        "dim_2": 0.779940916415173,
        "dim_3": -0.759237183856488
      }
    },
    "distances": {
      "1": 0.0,
      "2": 0.0,
      "3": 0.061178247335031,
      "4": 0.232785971729994,
      "5": 0.224207266995872,
      "6": 0.121524342651889,
      "7": 0.121393900660328,
      "8": 0.060485942401014,
      "9": 0.257984668174017,
      "10": 0.027273622256404,
      "11": 0.230640620101348,
      "12": 0.201415642296188
    },
    "objective_value": 1.538890224602085,
    "lower_bound": 0.932130522425769,
    "upper_bound": 1.538890224602085,
    "absolute_gap": 0.606759702176316,
    "relative_gap": 0.6509385623349072
  },
  "performance": {
    "solution_time_seconds": 301.0104992389679,
    "solver_status": "ok",
    "termination_condition": "optimal",
    "solver": "gams",
    "subsolver": "scip",
    "is_relaxation": false,
    "root_relaxation_value": 0.932130522425769,
    "root_relaxation_gap_percent": 39.42839407750527,
    "relaxation_gap_percent": null,
    "absolute_gap": null
  }
}