{
  "model_parameters": {
    "n_dimensions": 3,
    "n_clusters": 5,
    "n_points": 16,
    "coord_range_lower": -1,
    "coord_range_upper": 1
  },
  "solution": {
    "status": "optimal",
    "center_coordinates": {
      "cluster_1": {
        "dim_1": -0.483254510906142,
        "dim_2": -0.810125544156007,
        "dim_3": -0.1955700158351
      },
      "cluster_2": {
        "dim_1": -0.483254510906142,
        "dim_2": 0.599312288815869,
        "dim_3": 0.236346628595098
      },
      "cluster_3": {
        "dim_1": -0.331143870927391,
        "dim_2": 0.256026633682649,
        "dim_3": -0.638831938535972
      },
      "cluster_4": {
        "dim_1": 0.566842893083735,
        "dim_2": 0.204603535004707,
        "dim_3": -0.049233949318599
      },
      "cluster_5": {
        "dim_1": 0.732636136407427,
        "dim_2": 0.416641942341285,
        "dim_3": 0.859713645632553
      }
    },
    "distances": {
      "1": 0.066774934757659,
      "2": 0.186685264547291,
      "3": 0.178135805098213,
      "4": 0.096311204887123,
      "5": 0.340121292406489,
      "6": 0.078380391082715,
      "7": 0.266096365309647,
      "8": 0.395075937559632,
      "9": 0.11341422961192,
      "10": 0.170935037797931,
      "11": 0.078175704007379,
      "12": 0.227715883499529,
      "13": 0.128204533656644,
      "14": 0.323500755492679,
      "15": 0.255383481986168,
      "16": 0.058919030472915
    },
    "objective_value": 2.963829852173934,
    "lower_bound": 1.78881704553193,
    "absolute_gap": 1.175012806642004,
    "relative_gap": 0.6568658374409649
  },
  "performance": {
    "solution_time_seconds": 1844.9822223186493,
    "solver_status": "ok",
    "termination_condition": "optimal",
    "solver": "gams",
    "subsolver": "baron",
    "is_relaxation": false,
    "root_relaxation_value": 0.0,
    "root_relaxation_gap_percent": 100.0,
    "relaxation_gap_percent": null,
    "absolute_gap": null
  }
}