{
  "model_parameters": {
    "n_dimensions": 3,
    "n_clusters": 5,
    "n_points": 10,
    "coord_range_lower": -1,
    "coord_range_upper": 1
  },
  "solution": {
    "status": "optimal",
    "center_coordinates": {
      "cluster_1": {
        "dim_1": -0.843091901351039,
        "dim_2": -0.545322897008818,
        "dim_3": 0.11622887945262
      },
      "cluster_2": {
        "dim_1": -0.619813766731658,
        "dim_2": 0.888710173905673,
        "dim_3": -0.055404975580077
      },
      "cluster_3": {
        "dim_1": -0.45881902205887,
        "dim_2": 0.152792966264406,
        "dim_3": 0.596865361585663
      },
      "cluster_4": {
        "dim_1": -0.22850404819248,
        "dim_2": -0.024117170362843,
        "dim_3": -0.871014100119687
      },
      "cluster_5": {
        "dim_1": 0.770883184840927,
        "dim_2": 0.482707079895697,
        "dim_3": -0.395715540109299
      }
    },
    "distances": {
      "1": 0.102944670650945,
      "2": 0.125465582154625,
      "3": 0.102944664820478,
      "4": 0.0,
      "5": 0.0,
      "6": 0.239035691245596,
      "7": 0.253719973045335,
      "8": 0.141270210751163,
      "9": 0.236035606090161,
      "10": 0.077484917193714
    },
    "objective_value": 1.278901315952017,
    "lower_bound": 1.278900928530907,
    "upper_bound": 1.278901315952016,
    "absolute_gap": 3.8742111008183144e-07,
    "relative_gap": 3.029328554220912e-07
  },
  "performance": {
    "solution_time_seconds": 55.482561111450195,
    "solver_status": "ok",
    "termination_condition": "optimal",
    "solver": "gams",
    "subsolver": "baron",
    "is_relaxation": false,
    "root_relaxation_value": 0.0,
    "root_relaxation_gap_percent": 100.0,
    "relaxation_gap_percent": null,
    "absolute_gap": null
  }
}