{
  "model_parameters": {
    "n_dimensions": 3,
    "n_clusters": 5,
    "n_points": 20,
    "coord_range_lower": -1,
    "coord_range_upper": 1
  },
  "solution": {
    "status": "optimal",
    "center_coordinates": {
      "cluster_1": {
        "dim_1": -0.757899343153014,
        "dim_2": 0.48077999952098,
        "dim_3": 0.933079117124526
      },
      "cluster_2": {
        "dim_1": -0.757899343153014,
        "dim_2": -0.148538558870386,
        "dim_3": -0.566153762579265
      },
      "cluster_3": {
        "dim_1": 0.618670070040515,
        "dim_2": 0.186975409217943,
        "dim_3": 0.545554724645698
      },
      "cluster_4": {
        "dim_1": 0.618670070040515,
        "dim_2": -0.528912097180503,
        "dim_3": -0.512239501761732
      },
      "cluster_5": {
        "dim_1": 0.636681553648669,
        "dim_2": 0.579741397803103,
        "dim_3": -0.572402746709445
      }
    },
    "distances": {
      "1": 0.213728835420125,
      "2": 0.222776498280794,
      "3": 0.225063843568835,
      "4": 0.105635566069377,
      "5": 0.215054463543743,
      "6": 0.05028440597512,
      "7": 0.499871922150965,
      "8": 0.150052035044574,
      "9": 0.271401972344401,
      "10": 0.560189932826062,
      "11": 0.081438997167176,
      "12": 0.280654587591314,
      "13": 0.192818096121345,
      "14": 0.468754544674098,
      "15": 0.459702007314536,
      "16": 0.104571769153946,
      "17": 0.047061484296417,
      "18": 0.558998667628019,
      "19": 0.910148389906456,
      "20": 0.475646801218798
    },
    "objective_value": 6.093854820296101,
    "lower_bound": 0.848721347785395,
    "absolute_gap": 5.245133472510705,
    "relative_gap": 6.180041878523566
  },
  "performance": {
    "solution_time_seconds": 1806.1469571590424,
    "solver_status": "ok",
    "termination_condition": "optimal",
    "solver": "gams",
    "subsolver": "baron",
    "is_relaxation": false,
    "root_relaxation_value": 0.0,
    "root_relaxation_gap_percent": 100.0,
    "relaxation_gap_percent": null,
    "absolute_gap": null
  }
}