{
  "model_parameters": {
    "n_dimensions": 5,
    "n_clusters": 4,
    "n_points": 12,
    "coord_range_lower": -1,
    "coord_range_upper": 1
  },
  "solution": {
    "status": "feasible",
    "center_coordinates": {
      "cluster_1": {
        "dim_1": -0.780758530805033,
        "dim_2": -0.801287679961122,
        "dim_3": 0.717770662572424,
        "dim_4": -0.375352013785787,
        "dim_5": -0.628474862482981
      },
      "cluster_2": {
        "dim_1": -0.111500160177126,
        "dim_2": -0.556561918611157,
        "dim_3": -0.747866133238639,
        "dim_4": 0.256773750500882,
        "dim_5": 0.429651240800925
      },
      "cluster_3": {
        "dim_1": 0.132853916294885,
        "dim_2": -0.830977605931343,
        "dim_3": 0.51643106116536,
        "dim_4": -0.107383492303278,
        "dim_5": 0.531454921961935
      },
      "cluster_4": {
        "dim_1": 0.350614051644457,
        "dim_2": 0.430341502454967,
        "dim_3": -0.145817393395125,
        "dim_4": -0.288324321063198,
        "dim_5": -0.628052302864082
      }
    },
    "distances": {
      "1": 0.313203145589711,
      "2": 0.211114416626497,
      "3": 0.156056048985742,
      "4": 0.422637049794542,
      "5": 0.313203137443468,
      "6": 1.007263911158457,
      "7": 1.005602978940008,
      "8": 0.827272511140676,
      "9": 0.454259308942562,
      "10": 1.57588864055734,
      "11": 0.803426735893689,
      "12": 0.610821927927241
    },
    "objective_value": 7.700749812999933,
    "lower_bound": 6.323300408586165,
    "upper_bound": 7.700749812999932,
    "absolute_gap": 1.3774494044137686,
    "relative_gap": 0.21783709699184675
  },
  "performance": {
    "solution_time_seconds": 300.53040623664856,
    "solver_status": "ok",
    "termination_condition": "feasible",
    "solver": "gams",
    "subsolver": "gurobi",
    "is_relaxation": false,
    "root_relaxation_value": 0.0,
    "root_relaxation_gap_percent": 100.0,
    "relaxation_gap_percent": null,
    "absolute_gap": null
  }
}