{
  "model_parameters": {
    "n_dimensions": 2,
    "n_clusters": 4,
    "n_points": 11,
    "coord_range_lower": -1,
    "coord_range_upper": 1
  },
  "solution": {
    "status": "optimal",
    "center_coordinates": {
      "cluster_1": {
        "dim_1": -0.760920194053027,
        "dim_2": -0.750490839945172
      },
      "cluster_2": {
        "dim_1": -0.754341434975805,
        "dim_2": 0.545280977825764
      },
      "cluster_3": {
        "dim_1": 0.596611970565117,
        "dim_2": 0.702746856361975
      },
      "cluster_4": {
        "dim_1": 0.617748951929481,
        "dim_2": 0.026814293517789
      }
    },
    "distances": {
      "1": 0.028767585679937,
      "2": 0.047786735715463,
      "3": 0.023531786381158,
      "4": 0.043756782515852,
      "5": 0.152532241929544,
      "6": 0.037344523294849,
      "7": 0.001896416407338,
      "8": 0.043942339985207,
      "9": 0.043942339985229,
      "10": 0.047786735227496,
      "11": 0.249562538118867
    },
    "objective_value": 0.72085002524094,
    "lower_bound": 0.720850025240938,
    "absolute_gap": 1.9984014443252818e-15,
    "relative_gap": 2.7722846283557154e-15
  },
  "performance": {
    "solution_time_seconds": 1639.3685619831085,
    "solver_status": "ok",
    "termination_condition": "optimal",
    "solver": "gams",
    "subsolver": "scip",
    "is_relaxation": false,
    "root_relaxation_value": 0.720850025240938,
    "root_relaxation_gap_percent": 2.7722846283557077e-13,
    "relaxation_gap_percent": null,
    "absolute_gap": null
  }
}