{
  "model_parameters": {
    "n_dimensions": 2,
    "n_clusters": 4,
    "n_points": 13,
    "coord_range_lower": -1,
    "coord_range_upper": 1
  },
  "solution": {
    "status": "optimal",
    "center_coordinates": {
      "cluster_1": {
        "dim_1": -0.827468275598006,
        "dim_2": 0.446037037648609
      },
      "cluster_2": {
        "dim_1": -0.089014615185938,
        "dim_2": 0.202417015391432
      },
      "cluster_3": {
        "dim_1": 0.733987931714973,
        "dim_2": 0.029354755006373
      },
      "cluster_4": {
        "dim_1": 0.93222773771042,
        "dim_2": -0.532264674832876
      }
    },
    "distances": {
      "1": 0.024558332716328,
      "2": 0.029801302149646,
      "3": 0.133057399800366,
      "4": 0.062144048605487,
      "5": 0.133056814813365,
      "6": 0.117011016618442,
      "7": 0.18056573512097,
      "8": 0.020558331308906,
      "9": 0.028110957618668,
      "10": 0.051064234975394,
      "11": 0.062144032898624,
      "12": 0.03244325518468,
      "13": 0.081848287470652
    },
    "objective_value": 0.956363749281528,
    "lower_bound": 0.956363749281529,
    "absolute_gap": -9.992007221626409e-16,
    "relative_gap": -1.0447915062791676e-15
  },
  "performance": {
    "solution_time_seconds": 13.812447786331177,
    "solver_status": "ok",
    "termination_condition": "optimal",
    "solver": "gams",
    "subsolver": "baron",
    "is_relaxation": false,
    "root_relaxation_value": 0.0,
    "root_relaxation_gap_percent": 100.0,
    "relaxation_gap_percent": null,
    "absolute_gap": null
  }
}