{
  "model_parameters": {
    "n_dimensions": 4,
    "n_clusters": 4,
    "n_points": 17,
    "coord_range_lower": -1,
    "coord_range_upper": 1
  },
  "solution": {
    "status": "optimal",
    "center_coordinates": {
      "cluster_1": {
        "dim_1": -0.684941191078341,
        "dim_2": -0.167340451119872,
        "dim_3": -0.486817169124988,
        "dim_4": 0.391399146009918
      },
      "cluster_2": {
        "dim_1": -0.091123121129023,
        "dim_2": 0.676434895138637,
        "dim_3": 0.620477954643841,
        "dim_4": -0.270720944449378
      },
      "cluster_3": {
        "dim_1": -0.069324192195157,
        "dim_2": 0.563909281753392,
        "dim_3": -0.715494096553754,
        "dim_4": 0.065240643400655
      },
      "cluster_4": {
        "dim_1": 0.529906721652647,
        "dim_2": -0.546530810892372,
        "dim_3": 0.259778053094318,
        "dim_4": -0.087253030099128
      }
    },
    "distances": {
      "1": 0.131378173832764,
      "2": 0.376042614449487,
      "3": 0.276868914526818,
      "4": 0.883201565137116,
      "5": 1.077780330201974,
      "6": 0.393430693237027,
      "7": 0.740660365973287,
      "8": 0.150311719497222,
      "9": 0.466727725218998,
      "10": 0.516347080104019,
      "11": 0.235167821404827,
      "12": 0.783083081820622,
      "13": 0.338965598835315,
      "14": 0.266641040341605,
      "15": 0.488782025288693,
      "16": 0.543926406391662,
      "17": 0.918511248402605
    },
    "objective_value": 8.58782640466404,
    "lower_bound": 2.821291388496513,
    "absolute_gap": 5.766535016167527,
    "relative_gap": 2.043934575379169
  },
  "performance": {
    "solution_time_seconds": 1860.018343925476,
    "solver_status": "ok",
    "termination_condition": "optimal",
    "solver": "gams",
    "subsolver": "baron",
    "is_relaxation": false,
    "root_relaxation_value": 0.486838,
    "root_relaxation_gap_percent": 94.33106845597625,
    "relaxation_gap_percent": null,
    "absolute_gap": null
  }
}