{
  "model_parameters": {
    "n_dimensions": 5,
    "n_clusters": 5,
    "n_points": 14,
    "coord_range_lower": -1,
    "coord_range_upper": 1
  },
  "solution": {
    "status": "optimal",
    "center_coordinates": {
      "cluster_1": {
        "dim_1": -0.464478507358759,
        "dim_2": -0.604444129636966,
        "dim_3": -0.288663466129234,
        "dim_4": -0.207101229337845,
        "dim_5": -0.1634416249002
      },
      "cluster_2": {
        "dim_1": -0.464478517345791,
        "dim_2": 0.646713506845814,
        "dim_3": 0.598294236160835,
        "dim_4": -0.3799940403897,
        "dim_5": -0.280809686674417
      },
      "cluster_3": {
        "dim_1": 0.487353398393682,
        "dim_2": 0.554240719166742,
        "dim_3": 0.505835460602914,
        "dim_4": 0.307722555287501,
        "dim_5": 0.119406681655089
      },
      "cluster_4": {
        "dim_1": 0.487353388410343,
        "dim_2": -0.143713739892311,
        "dim_3": -0.536337801634501,
        "dim_4": 0.410117945722159,
        "dim_5": 0.753827951115912
      },
      "cluster_5": {
        "dim_1": 0.619351205345205,
        "dim_2": 0.853743009474741,
        "dim_3": -0.529514052550858,
        "dim_4": -0.925581451349241,
        "dim_5": 0.66443261693005
      }
    },
    "distances": {
      "1": 0.439297865664807,
      "2": 0.462065250036467,
      "3": 0.804987187788456,
      "4": 0.249692577788748,
      "5": 0.337662223716062,
      "6": 0.876181114332166,
      "7": 0.336885926625585,
      "8": 0.286994832703017,
      "9": 0.419886096598211,
      "10": 0.286994842622784,
      "11": 0.772599958560668,
      "12": 0.187667485265044,
      "13": 0.167745151549471,
      "14": 0.496228175784763
    },
    "objective_value": 6.124888689036249,
    "lower_bound": 1.482771572365453,
    "absolute_gap": 4.6421171166707955,
    "relative_gap": 3.13070280222952
  },
  "performance": {
    "solution_time_seconds": 1804.1918120384216,
    "solver_status": "ok",
    "termination_condition": "optimal",
    "solver": "gams",
    "subsolver": "scip",
    "is_relaxation": false,
    "root_relaxation_value": 1.48277157236545,
    "root_relaxation_gap_percent": 75.79104457817071,
    "relaxation_gap_percent": null,
    "absolute_gap": null
  }
}