{
  "model_parameters": {
    "n_dimensions": 4,
    "n_clusters": 3,
    "n_points": 16,
    "coord_range_lower": -1,
    "coord_range_upper": 1
  },
  "solution": {
    "status": "optimal",
    "center_coordinates": {
      "cluster_1": {
        "dim_1": -0.611053183075866,
        "dim_2": 0.262082698570036,
        "dim_3": 0.249957899985307,
        "dim_4": 0.243234097133998
      },
      "cluster_2": {
        "dim_1": -0.063022092199673,
        "dim_2": 0.428846890955735,
        "dim_3": 0.637157041545026,
        "dim_4": -0.808895280653528
      },
      "cluster_3": {
        "dim_1": 0.266525306961345,
        "dim_2": -0.347416730672617,
        "dim_3": -0.368212204898696,
        "dim_4": 0.616167511547358
      }
    },
    "distances": {
      "1": 0.55051235420139,
      "2": 0.650154751226411,
      "3": 0.448300820446549,
      "4": 0.458556988114391,
      "5": 0.321407572498473,
      "6": 0.229306919489981,
      "7": 0.435457118442411,
      "8": 0.328478897010756,
      "9": 1.162472049484575,
      "10": 0.474422907254376,
      "11": 0.538289934686357,
      "12": 0.466716735192354,
      "13": 0.124327905868812,
      "14": 1.176130300686069,
      "15": 1.019395629182259,
      "16": 0.554320218055857
    },
    "objective_value": 8.93825110184102,
    "lower_bound": 8.938251319390778,
    "upper_bound": 8.938251101841022,
    "absolute_gap": -2.1754975776389074e-07,
    "relative_gap": -2.433918559572553e-08
  },
  "performance": {
    "solution_time_seconds": 190.50167107582092,
    "solver_status": "ok",
    "termination_condition": "optimal",
    "solver": "gams",
    "subsolver": "baron",
    "is_relaxation": false,
    "root_relaxation_value": 2.84031,
    "root_relaxation_gap_percent": 68.22297821309832,
    "relaxation_gap_percent": null,
    "absolute_gap": null
  }
}