{
  "model_parameters": {
    "n_dimensions": 3,
    "n_clusters": 4,
    "n_points": 12,
    "coord_range_lower": -1,
    "coord_range_upper": 1
  },
  "solution": {
    "status": "optimal",
    "center_coordinates": {
      "cluster_1": {
        "dim_1": -0.559569572731607,
        "dim_2": 0.175215643385135,
        "dim_3": 0.354602340134774
      },
      "cluster_2": {
        "dim_1": -0.10359070260625,
        "dim_2": 0.831158736210131,
        "dim_3": -0.450214251219832
      },
      "cluster_3": {
        "dim_1": 0.47701236308625,
        "dim_2": -0.451194296152721,
        "dim_3": -0.457605871195091
      },
      "cluster_4": {
        "dim_1": 0.620779740568114,
        "dim_2": -0.092444113305622,
        "dim_3": 0.895374418984849
      }
    },
    "distances": {
      "1": 0.02013845356436,
      "2": 0.367270366129008,
      "3": 0.293721254098823,
      "4": 0.179891785948189,
      "5": 0.136606427341164,
      "6": 0.057320623526594,
      "7": 0.237942840405319,
      "8": 0.089853465609558,
      "9": 0.057354547056688,
      "10": 0.192101607824956,
      "11": 0.468573894396795,
      "12": 0.057162370075703
    },
    "objective_value": 2.1579376359771567,
    "lower_bound": 2.157937635977158,
    "upper_bound": 2.157937635977158,
    "absolute_gap": -1.3322676295501878e-15,
    "relative_gap": -6.173800425640707e-16
  },
  "performance": {
    "solution_time_seconds": 76.89584875106812,
    "solver_status": "ok",
    "termination_condition": "optimal",
    "solver": "gams",
    "subsolver": "scip",
    "is_relaxation": false,
    "root_relaxation_value": 2.15793763597716,
    "root_relaxation_gap_percent": 1.440553432649499e-13,
    "relaxation_gap_percent": null,
    "absolute_gap": null
  }
}