{
  "model_parameters": {
    "n_dimensions": 4,
    "n_clusters": 5,
    "n_points": 17,
    "coord_range_lower": -1,
    "coord_range_upper": 1
  },
  "solution": {
    "status": "feasible",
    "center_coordinates": {
      "cluster_1": {
        "dim_1": -0.680292739848654,
        "dim_2": 0.551822992389319,
        "dim_3": -0.076012746338374,
        "dim_4": 0.070202324247945
      },
      "cluster_2": {
        "dim_1": -0.299617688685333,
        "dim_2": -0.646341957592743,
        "dim_3": 0.544775343054698,
        "dim_4": 0.376153070839998
      },
      "cluster_3": {
        "dim_1": -0.299617372501845,
        "dim_2": 0.081375921124532,
        "dim_3": -0.599443397835896,
        "dim_4": -0.835257902174485
      },
      "cluster_4": {
        "dim_1": 0.425673970456343,
        "dim_2": 0.59877830856284,
        "dim_3": 0.134000234778759,
        "dim_4": -0.604705311118264
      },
      "cluster_5": {
        "dim_1": 0.425674015432928,
        "dim_2": -0.180661776271526,
        "dim_3": -0.429097186580315,
        "dim_4": 0.813512606487468
      }
    },
    "distances": {
      "1": 0.178695777276603,
      "2": 0.320632242037467,
      "3": 0.146290730709447,
      "4": 0.450103087789304,
      "5": 0.286654884569529,
      "6": 0.367189024613816,
      "7": 0.371307178184062,
      "8": 0.209662012371793,
      "9": 0.464771341515176,
      "10": 0.434081195761721,
      "11": 0.467071728812577,
      "12": 0.555426432109559,
      "13": 0.353799169820867,
      "14": 0.62085051793502,
      "15": 0.669687620675624,
      "16": 0.295106141474197,
      "17": 0.122271467423338
    },
    "objective_value": 6.3136005530801,
    "lower_bound": 1.083994258251271,
    "upper_bound": 6.313600553080103,
    "absolute_gap": 5.229606294828829,
    "relative_gap": 4.824385604463784
  },
  "performance": {
    "solution_time_seconds": 300.7421247959137,
    "solver_status": "ok",
    "termination_condition": "feasible",
    "solver": "gams",
    "subsolver": "gurobi",
    "is_relaxation": false,
    "root_relaxation_value": 0.0,
    "root_relaxation_gap_percent": 100.0,
    "relaxation_gap_percent": null,
    "absolute_gap": null
  }
}