{
  "model_parameters": {
    "n_dimensions": 2,
    "n_clusters": 3,
    "n_points": 16,
    "coord_range_lower": -1,
    "coord_range_upper": 1
  },
  "solution": {
    "status": "optimal",
    "center_coordinates": {
      "cluster_1": {
        "dim_1": -0.591474968529512,
        "dim_2": -0.567527017555501
      },
      "cluster_2": {
        "dim_1": -0.363320848697029,
        "dim_2": 0.333405988594207
      },
      "cluster_3": {
        "dim_1": 0.687517300301063,
        "dim_2": 0.482203897571369
      }
    },
    "distances": {
      "1": 0.109195640062511,
      "2": 0.34822654801974,
      "3": 0.047159828491207,
      "4": 0.141872209146287,
      "5": 0.024316721968596,
      "6": 0.773130411867236,
      "7": 0.227451271390088,
      "8": 0.101423013478474,
      "9": 0.135468093936632,
      "10": 0.096802495567756,
      "11": 0.03895523914831,
      "12": 0.169355329843523,
      "13": 0.07858210354645,
      "14": 0.159783910711707,
      "15": 0.214556375072146,
      "16": 0.171806526190636
    },
    "objective_value": 2.838085718441299,
    "lower_bound": 2.838085718441299,
    "absolute_gap": 0.0,
    "relative_gap": 0.0
  },
  "performance": {
    "solution_time_seconds": 2.904712200164795,
    "solver_status": "ok",
    "termination_condition": "optimal",
    "solver": "gams",
    "subsolver": "baron",
    "is_relaxation": false,
    "root_relaxation_value": 0.0,
    "root_relaxation_gap_percent": 100.0,
    "relaxation_gap_percent": null,
    "absolute_gap": null
  }
}