{
  "model_parameters": {
    "n_dimensions": 3,
    "n_clusters": 3,
    "n_points": 12,
    "coord_range_lower": -1,
    "coord_range_upper": 1
  },
  "solution": {
    "status": "optimal",
    "center_coordinates": {
      "cluster_1": {
        "dim_1": -0.760889405727028,
        "dim_2": 0.673855911892408,
        "dim_3": 0.330111975520165
      },
      "cluster_2": {
        "dim_1": -0.399729137949464,
        "dim_2": 0.043957238177261,
        "dim_3": -0.643544315685322
      },
      "cluster_3": {
        "dim_1": 0.545917441109802,
        "dim_2": 0.313531995628257,
        "dim_3": 0.18403757790944
      }
    },
    "distances": {
      "1": 0.330231992878751,
      "2": 0.229786914936156,
      "3": 0.387479229901789,
      "4": 0.166082189403432,
      "5": 0.522232279040504,
      "6": 0.30949874031936,
      "7": 0.170185115678645,
      "8": 0.082215223631884,
      "9": 0.692963468646433,
      "10": 0.610054515137514,
      "11": 0.0,
      "12": 0.115766968128745
    },
    "objective_value": 3.616496637703213,
    "lower_bound": 3.616493044179505,
    "absolute_gap": 3.5935237079343096e-06,
    "relative_gap": 9.936487265523259e-07
  },
  "performance": {
    "solution_time_seconds": 146.17107677459717,
    "solver_status": "ok",
    "termination_condition": "optimal",
    "solver": "gams",
    "subsolver": "gurobi",
    "is_relaxation": false,
    "root_relaxation_value": 0.0,
    "root_relaxation_gap_percent": 100.0,
    "relaxation_gap_percent": null,
    "absolute_gap": null
  }
}