{
  "model_parameters": {
    "n_dimensions": 4,
    "n_clusters": 3,
    "n_points": 13,
    "coord_range_lower": -1,
    "coord_range_upper": 1
  },
  "solution": {
    "status": "optimal",
    "center_coordinates": {
      "cluster_1": {
        "dim_1": -0.297633103933272,
        "dim_2": -0.516154991706832,
        "dim_3": -0.150378648899937,
        "dim_4": 0.596172016818729
      },
      "cluster_2": {
        "dim_1": 0.220806442024039,
        "dim_2": -0.123744107636935,
        "dim_3": -0.67459435644331,
        "dim_4": -0.569529841077622
      },
      "cluster_3": {
        "dim_1": 0.664041740861521,
        "dim_2": -0.29480997357513,
        "dim_3": 0.410495988302957,
        "dim_4": -0.215515367702789
      }
    },
    "distances": {
      "1": 0.855581236845628,
      "2": 0.369389812969091,
      "3": 1.070869368172952,
      "4": 0.476697274919264,
      "5": 0.686653623134447,
      "6": 0.231940394597228,
      "7": 0.328786099061244,
      "8": 0.667203952322597,
      "9": 0.522626343390705,
      "10": 0.176014188477648,
      "11": 0.81292442284478,
      "12": 0.251731901146337,
      "13": 0.289613120335909
    },
    "objective_value": 6.74003173821783,
    "lower_bound": 6.740031867493848,
    "upper_bound": 6.74003173821783,
    "absolute_gap": -1.292760183346786e-07,
    "relative_gap": -1.9180327463755365e-08
  },
  "performance": {
    "solution_time_seconds": 58.11824822425842,
    "solver_status": "ok",
    "termination_condition": "optimal",
    "solver": "gams",
    "subsolver": "baron",
    "is_relaxation": false,
    "root_relaxation_value": 3.42444,
    "root_relaxation_gap_percent": 49.19252411553961,
    "relaxation_gap_percent": null,
    "absolute_gap": null
  }
}