{
  "model_parameters": {
    "n_dimensions": 2,
    "n_clusters": 4,
    "n_points": 11,
    "coord_range_lower": -1,
    "coord_range_upper": 1
  },
  "solution": {
    "status": "optimal",
    "center_coordinates": {
      "cluster_1": {
        "dim_1": -0.760940345437878,
        "dim_2": -0.750502595174634
      },
      "cluster_2": {
        "dim_1": -0.754351994084366,
        "dim_2": 0.545302523073543
      },
      "cluster_3": {
        "dim_1": 0.596393649523084,
        "dim_2": 0.702912572915003
      },
      "cluster_4": {
        "dim_1": 0.617760562869374,
        "dim_2": 0.026814469009521
      }
    },
    "distances": {
      "1": 0.028860569889119,
      "2": 0.047790625465776,
      "3": 0.023525452296391,
      "4": 0.043758098629179,
      "5": 0.152516099284495,
      "6": 0.037242958425994,
      "7": 0.001906368709913,
      "8": 0.04393842302298,
      "9": 0.043947903567455,
      "10": 0.047784568554005,
      "11": 0.249587181828917
    },
    "objective_value": 0.720858249674224,
    "lower_bound": 0.720857697693246,
    "upper_bound": 0.720858249674224,
    "absolute_gap": 5.519809779253038e-07,
    "relative_gap": 7.657280760011997e-07
  },
  "performance": {
    "solution_time_seconds": 1.302238941192627,
    "solver_status": "ok",
    "termination_condition": "optimal",
    "solver": "gams",
    "subsolver": "gurobi",
    "is_relaxation": false,
    "root_relaxation_value": 0.0,
    "root_relaxation_gap_percent": 100.0,
    "relaxation_gap_percent": null,
    "absolute_gap": null
  }
}