{
  "model_parameters": {
    "n_dimensions": 3,
    "n_clusters": 5,
    "n_points": 11,
    "coord_range_lower": -1,
    "coord_range_upper": 1
  },
  "solution": {
    "status": "optimal",
    "center_coordinates": {
      "cluster_1": {
        "dim_1": -0.860061095922451,
        "dim_2": 0.964646424131963,
        "dim_3": 0.918040570070703
      },
      "cluster_2": {
        "dim_1": -0.38140429545921,
        "dim_2": 0.539874321000354,
        "dim_3": -0.788431140332305
      },
      "cluster_3": {
        "dim_1": -0.068019573425415,
        "dim_2": -0.457088238572048,
        "dim_3": -0.753418127511913
      },
      "cluster_4": {
        "dim_1": 0.676242138999495,
        "dim_2": -0.555292648453733,
        "dim_3": 0.025916982000158
      },
      "cluster_5": {
        "dim_1": 0.678879901775908,
        "dim_2": 0.586040325014664,
        "dim_3": -0.118593067247459
      }
    },
    "distances": {
      "1": 0.333311156055013,
      "2": 0.047813339531495,
      "3": 0.325342314103025,
      "4": 0.022346624626037,
      "5": 0.350682962988881,
      "6": 0.085481013120097,
      "7": 0.0,
      "8": 0.251792165401543,
      "9": 0.250577394416292,
      "10": 0.34529862028333,
      "11": 0.085766735093167
    },
    "objective_value": 2.09841232561888,
    "lower_bound": 2.098412325618879,
    "absolute_gap": 8.881784197001252e-16,
    "relative_gap": 4.2326210576283053e-16
  },
  "performance": {
    "solution_time_seconds": 233.34229636192322,
    "solver_status": "ok",
    "termination_condition": "optimal",
    "solver": "gams",
    "subsolver": "baron",
    "is_relaxation": false,
    "root_relaxation_value": 0.0,
    "root_relaxation_gap_percent": 100.0,
    "relaxation_gap_percent": null,
    "absolute_gap": null
  }
}