{
  "model_parameters": {
    "n_dimensions": 5,
    "n_clusters": 4,
    "n_points": 14,
    "coord_range_lower": -1,
    "coord_range_upper": 1
  },
  "solution": {
    "status": "optimal",
    "center_coordinates": {
      "cluster_1": {
        "dim_1": -0.394507043563437,
        "dim_2": 0.347302426016517,
        "dim_3": 0.693931057523133,
        "dim_4": 0.162026566047027,
        "dim_5": 0.384256615032567
      },
      "cluster_2": {
        "dim_1": 0.156123485422359,
        "dim_2": 0.29363298715042,
        "dim_3": -0.972220133762762,
        "dim_4": 0.281197770158411,
        "dim_5": 0.752715499281821
      },
      "cluster_3": {
        "dim_1": 0.156123485422359,
        "dim_2": -0.400739208337571,
        "dim_3": -0.563151603649205,
        "dim_4": 0.614216789239268,
        "dim_5": -0.867911748528808
      },
      "cluster_4": {
        "dim_1": 0.781377679940231,
        "dim_2": -0.1327444348745,
        "dim_3": 0.413800109743979,
        "dim_4": 0.399896926420557,
        "dim_5": -0.17773768213137
      }
    },
    "distances": {
      "1": 0.201899824521308,
      "2": 0.687375297862453,
      "3": 0.747033215033046,
      "4": 1.463987542470149,
      "5": 0.128578988264214,
      "6": 0.463909127449862,
      "7": 0.866882344769178,
      "8": 0.661618629196003,
      "9": 0.680517677110785,
      "10": 0.159873509204362,
      "11": 0.822231326691792,
      "12": 0.468383070410825,
      "13": 1.039191276576934,
      "14": 0.466542470287304
    },
    "objective_value": 8.858024299848214,
    "lower_bound": 0.267355959578819,
    "upper_bound": 8.85802429984822,
    "absolute_gap": 8.590668340269396,
    "relative_gap": 32.13195005565899
  },
  "performance": {
    "solution_time_seconds": 300.94835591316223,
    "solver_status": "ok",
    "termination_condition": "optimal",
    "solver": "gams",
    "subsolver": "scip",
    "is_relaxation": false,
    "root_relaxation_value": 0.267355959578819,
    "root_relaxation_gap_percent": 96.98176534034346,
    "relaxation_gap_percent": null,
    "absolute_gap": null
  }
}