{
  "model_parameters": {
    "n_dimensions": 2,
    "n_clusters": 5,
    "n_points": 15,
    "coord_range_lower": -1,
    "coord_range_upper": 1
  },
  "solution": {
    "status": "optimal",
    "center_coordinates": {
      "cluster_1": {
        "dim_1": -0.605366613026979,
        "dim_2": -0.476044311982555
      },
      "cluster_2": {
        "dim_1": -0.605366613026979,
        "dim_2": 0.250516227738437
      },
      "cluster_3": {
        "dim_1": -0.078167188140923,
        "dim_2": 0.390111561052601
      },
      "cluster_4": {
        "dim_1": 0.168441113832734,
        "dim_2": -0.442159246043513
      },
      "cluster_5": {
        "dim_1": 0.735395832818232,
        "dim_2": -0.153282629271557
      }
    },
    "distances": {
      "1": 0.015552207044406,
      "2": 0.003082027991253,
      "3": 0.095907059642589,
      "4": 0.053327690310519,
      "5": 0.028778138915327,
      "6": 0.059005590571018,
      "7": 0.087837114673252,
      "8": 0.06889610455659,
      "9": 0.042223766257859,
      "10": 0.12545064886506,
      "11": 0.069181130674536,
      "12": 0.049618342425185,
      "13": 0.01801773962513,
      "14": 0.058731044103807,
      "15": 0.008721325031319
    },
    "objective_value": 0.78432993068785,
    "lower_bound": 0.030259916632618,
    "upper_bound": 0.78432993068785,
    "absolute_gap": 0.754070014055232,
    "relative_gap": 24.919765087601036
  },
  "performance": {
    "solution_time_seconds": 300.90127205848694,
    "solver_status": "ok",
    "termination_condition": "optimal",
    "solver": "gams",
    "subsolver": "scip",
    "is_relaxation": false,
    "root_relaxation_value": 0.0302599166326178,
    "root_relaxation_gap_percent": 96.14194034313083,
    "relaxation_gap_percent": null,
    "absolute_gap": null
  }
}