{
  "model_parameters": {
    "n_dimensions": 2,
    "n_clusters": 5,
    "n_points": 16,
    "coord_range_lower": -1,
    "coord_range_upper": 1
  },
  "solution": {
    "status": "optimal",
    "center_coordinates": {
      "cluster_1": {
        "dim_1": -0.883904981479675,
        "dim_2": -0.610903306271344
      },
      "cluster_2": {
        "dim_1": -0.261146771600095,
        "dim_2": 0.530599688072568
      },
      "cluster_3": {
        "dim_1": 0.256202807822028,
        "dim_2": 0.028141318742178
      },
      "cluster_4": {
        "dim_1": 0.27431783069247,
        "dim_2": -0.828284379424083
      },
      "cluster_5": {
        "dim_1": 0.587879059286783,
        "dim_2": 0.621241587236151
      }
    },
    "distances": {
      "1": 0.024675126358694,
      "2": 0.062838522228258,
      "3": 0.063402684640468,
      "4": 0.024675126358699,
      "5": 0.000388301975262,
      "6": 0.165218909239073,
      "7": 0.022768297562903,
      "8": 0.053900118024092,
      "9": 0.079929699140903,
      "10": 0.006852469733818,
      "11": 0.083652366190067,
      "12": 0.212841751190466,
      "13": 0.033307786340051,
      "14": 0.0,
      "15": 0.091839914351553,
      "16": 0.143555486406175
    },
    "objective_value": 1.069846559740482,
    "lower_bound": 1.06984655974048,
    "absolute_gap": 1.9984014443252818e-15,
    "relative_gap": 1.8679327667418473e-15
  },
  "performance": {
    "solution_time_seconds": 1051.0522058010101,
    "solver_status": "ok",
    "termination_condition": "optimal",
    "solver": "gams",
    "subsolver": "baron",
    "is_relaxation": false,
    "root_relaxation_value": 0.0,
    "root_relaxation_gap_percent": 100.0,
    "relaxation_gap_percent": null,
    "absolute_gap": null
  }
}