{
  "model_parameters": {
    "n_dimensions": 4,
    "n_clusters": 5,
    "n_points": 15,
    "coord_range_lower": -1,
    "coord_range_upper": 1
  },
  "solution": {
    "status": "optimal",
    "center_coordinates": {
      "cluster_1": {
        "dim_1": -0.642149682177334,
        "dim_2": 0.413433488561306,
        "dim_3": 0.450716699441989,
        "dim_4": -0.040901850295556
      },
      "cluster_2": {
        "dim_1": -0.642149682177334,
        "dim_2": -0.345983834565161,
        "dim_3": -0.314789095096453,
        "dim_4": 0.68962352991499
      },
      "cluster_3": {
        "dim_1": -0.642149682177334,
        "dim_2": 0.872653991959641,
        "dim_3": -0.96055538514769,
        "dim_4": -0.552343877939195
      },
      "cluster_4": {
        "dim_1": 0.391519367617297,
        "dim_2": -0.038191256560017,
        "dim_3": -0.469803368458473,
        "dim_4": -0.2900522673442
      },
      "cluster_5": {
        "dim_1": 0.391519367617297,
        "dim_2": 0.030618260563859,
        "dim_3": 0.791185249228292,
        "dim_4": 0.378836572971894
      }
    },
    "distances": {
      "1": 0.254484697119972,
      "2": 0.021413477357087,
      "3": 0.294768092695909,
      "4": 0.30475255173576,
      "5": 0.180953703568227,
      "6": 0.07228565946354,
      "7": 0.401664707456217,
      "8": 0.333920570112242,
      "9": 1.073393753628323,
      "10": 0.548287304477817,
      "11": 0.766080497337693,
      "12": 0.221459156086997,
      "13": 0.482954097437215,
      "14": 0.801631736564553,
      "15": 0.141130589524306
    },
    "objective_value": 5.899180594565858,
    "lower_bound": 0.042921984655783,
    "upper_bound": 5.89918059456586,
    "absolute_gap": 5.856258609910075,
    "relative_gap": 136.43960447949706
  },
  "performance": {
    "solution_time_seconds": 301.53175497055054,
    "solver_status": "ok",
    "termination_condition": "optimal",
    "solver": "gams",
    "subsolver": "baron",
    "is_relaxation": false,
    "root_relaxation_value": 0.0,
    "root_relaxation_gap_percent": 100.0,
    "relaxation_gap_percent": null,
    "absolute_gap": null
  }
}