{
  "model_parameters": {
    "n_dimensions": 4,
    "n_clusters": 4,
    "n_points": 14,
    "coord_range_lower": -1,
    "coord_range_upper": 1
  },
  "solution": {
    "status": "optimal",
    "center_coordinates": {
      "cluster_1": {
        "dim_1": -0.788499457132248,
        "dim_2": 0.828400831484979,
        "dim_3": -0.907798141184707,
        "dim_4": -0.542610863565552
      },
      "cluster_2": {
        "dim_1": -0.545585787129068,
        "dim_2": -0.184297126313923,
        "dim_3": 0.521417311177738,
        "dim_4": 0.845027840337056
      },
      "cluster_3": {
        "dim_1": 0.169980377469077,
        "dim_2": 0.317900219908286,
        "dim_3": 0.825006764370307,
        "dim_4": -0.370551313743758
      },
      "cluster_4": {
        "dim_1": 0.826442496289153,
        "dim_2": -0.16624921656239,
        "dim_3": -0.207702574493626,
        "dim_4": 0.014136537781355
      }
    },
    "distances": {
      "1": 0.428272780329356,
      "2": 0.208920867216578,
      "3": 0.200565933888633,
      "4": 0.597439130116799,
      "5": 0.455832149746099,
      "6": 0.89340936915277,
      "7": 1.144089610857108,
      "8": 0.333433683631219,
      "9": 0.658875757210053,
      "10": 0.364387218816791,
      "11": 0.40118504581381,
      "12": 0.441371175286081,
      "13": 0.209131738587485,
      "14": 0.984308951299577
    },
    "objective_value": 7.321223411952359,
    "lower_bound": 7.321222453560128,
    "upper_bound": 7.321223411952358,
    "absolute_gap": 9.58392231353855e-07,
    "relative_gap": 1.3090603890717906e-07
  },
  "performance": {
    "solution_time_seconds": 87.74268174171448,
    "solver_status": "ok",
    "termination_condition": "optimal",
    "solver": "gams",
    "subsolver": "gurobi",
    "is_relaxation": false,
    "root_relaxation_value": 0.0,
    "root_relaxation_gap_percent": 100.0,
    "relaxation_gap_percent": null,
    "absolute_gap": null
  }
}