{
  "model_parameters": {
    "n_dimensions": 3,
    "n_clusters": 5,
    "n_points": 14,
    "coord_range_lower": -1,
    "coord_range_upper": 1
  },
  "solution": {
    "status": "optimal",
    "center_coordinates": {
      "cluster_1": {
        "dim_1": -0.928969252123624,
        "dim_2": -0.241230487143493,
        "dim_3": -0.663656173854392
      },
      "cluster_2": {
        "dim_1": -0.421835304028895,
        "dim_2": 0.765012347767798,
        "dim_3": 0.604448087227381
      },
      "cluster_3": {
        "dim_1": -0.120268339262849,
        "dim_2": -0.265165532015306,
        "dim_3": 0.309109331564454
      },
      "cluster_4": {
        "dim_1": 0.46900459497213,
        "dim_2": 0.0011267646012,
        "dim_3": -0.42094351528292
      },
      "cluster_5": {
        "dim_1": 0.932408380153942,
        "dim_2": -0.50442342029591,
        "dim_3": 0.359501400485944
      }
    },
    "distances": {
      "1": 0.298022668807405,
      "2": 0.0,
      "3": 0.346268057641752,
      "4": 0.152844394415421,
      "5": 0.149074462073596,
      "6": 0.055749975029837,
      "7": 0.0,
      "8": 0.149918895433212,
      "9": 0.09445465874756,
      "10": 0.188306337835319,
      "11": 0.083616354050703,
      "12": 0.191751555257351,
      "13": 0.067832262285442,
      "14": 0.335254382488521
    },
    "objective_value": 2.1130940040661192,
    "lower_bound": 2.113094004066119,
    "absolute_gap": 4.440892098500626e-16,
    "relative_gap": 2.101606502103193e-16
  },
  "performance": {
    "solution_time_seconds": 435.18763875961304,
    "solver_status": "ok",
    "termination_condition": "optimal",
    "solver": "gams",
    "subsolver": "baron",
    "is_relaxation": false,
    "root_relaxation_value": 0.0,
    "root_relaxation_gap_percent": 100.0,
    "relaxation_gap_percent": null,
    "absolute_gap": null
  }
}