{
  "model_parameters": {
    "n_dimensions": 2,
    "n_clusters": 3,
    "n_points": 16,
    "coord_range_lower": -1,
    "coord_range_upper": 1
  },
  "solution": {
    "status": "optimal",
    "center_coordinates": {
      "cluster_1": {
        "dim_1": -0.591840083367919,
        "dim_2": -0.567535174415038
      },
      "cluster_2": {
        "dim_1": -0.362731897840973,
        "dim_2": 0.333263223446754
      },
      "cluster_3": {
        "dim_1": 0.68751232194042,
        "dim_2": 0.48201121420891
      }
    },
    "distances": {
      "1": 0.109529819589946,
      "2": 0.348136911427615,
      "3": 0.046969409578459,
      "4": 0.141632233570232,
      "5": 0.024424955061835,
      "6": 0.773702446099727,
      "7": 0.227732890850679,
      "8": 0.101396859205848,
      "9": 0.135203015299758,
      "10": 0.096739272858361,
      "11": 0.038798783972224,
      "12": 0.169456956597615,
      "13": 0.078479142260028,
      "14": 0.159491233971291,
      "15": 0.214721036718405,
      "16": 0.171662691022155
    },
    "objective_value": 2.838077658084178,
    "lower_bound": 2.838074884272332,
    "upper_bound": 2.838077658084177,
    "absolute_gap": 2.7738118459907923e-06,
    "relative_gap": 9.773568207668994e-07
  },
  "performance": {
    "solution_time_seconds": 36.48167538642883,
    "solver_status": "ok",
    "termination_condition": "optimal",
    "solver": "gams",
    "subsolver": "gurobi",
    "is_relaxation": false,
    "root_relaxation_value": 0.0,
    "root_relaxation_gap_percent": 100.0,
    "relaxation_gap_percent": null,
    "absolute_gap": null
  }
}