{
  "model_parameters": {
    "n_dimensions": 5,
    "n_clusters": 3,
    "n_points": 17,
    "coord_range_lower": -1,
    "coord_range_upper": 1
  },
  "solution": {
    "status": "optimal",
    "center_coordinates": {
      "cluster_1": {
        "dim_1": -0.450201125937048,
        "dim_2": -0.162433704637228,
        "dim_3": -0.393615173004053,
        "dim_4": -0.161394282440725,
        "dim_5": 0.597843200116748
      },
      "cluster_2": {
        "dim_1": -0.227270915686984,
        "dim_2": -0.203993978598255,
        "dim_3": -0.145009739007837,
        "dim_4": 0.404236031514766,
        "dim_5": -0.694369755602162
      },
      "cluster_3": {
        "dim_1": 0.301364819964269,
        "dim_2": -0.272804342942396,
        "dim_3": 0.332751947967625,
        "dim_4": 0.863571029662703,
        "dim_5": 0.532542317369699
      }
    },
    "distances": {
      "1": 1.01700563917687,
      "2": 0.730399498411222,
      "3": 1.288068592425203,
      "4": 0.93184225319399,
      "5": 2.000762847929884,
      "6": 0.708357893453582,
      "7": 1.001210961591644,
      "8": 0.208218776012948,
      "9": 0.798503190837535,
      "10": 1.480851155235921,
      "11": 1.469094472072758,
      "12": 0.499580241964814,
      "13": 0.676124603454347,
      "14": 0.354010177200868,
      "15": 0.766486111850885,
      "16": 1.791167636535675,
      "17": 0.787101643869609
    },
    "objective_value": 16.508785695217757,
    "lower_bound": 6.573554256195045,
    "absolute_gap": 9.935231439022711,
    "relative_gap": 1.511394148707232
  },
  "performance": {
    "solution_time_seconds": 1801.4515612125397,
    "solver_status": "ok",
    "termination_condition": "optimal",
    "solver": "gams",
    "subsolver": "scip",
    "is_relaxation": false,
    "root_relaxation_value": 6.57355425619505,
    "root_relaxation_gap_percent": 60.18147925865155,
    "relaxation_gap_percent": null,
    "absolute_gap": null
  }
}