{
  "model_parameters": {
    "n_dimensions": 4,
    "n_clusters": 4,
    "n_points": 11,
    "coord_range_lower": -1,
    "coord_range_upper": 1
  },
  "solution": {
    "status": "optimal",
    "center_coordinates": {
      "cluster_1": {
        "dim_1": -0.538054418362772,
        "dim_2": -0.085648720270997,
        "dim_3": -0.581145020227757,
        "dim_4": 0.09113492863307
      },
      "cluster_2": {
        "dim_1": 0.44357950985217,
        "dim_2": -0.832334182208098,
        "dim_3": -0.107395559293364,
        "dim_4": 0.774609586392069
      },
      "cluster_3": {
        "dim_1": 0.478016987645776,
        "dim_2": -0.818426359573325,
        "dim_3": 0.727582275330684,
        "dim_4": -0.691456184055361
      },
      "cluster_4": {
        "dim_1": 0.683635163996784,
        "dim_2": 0.229890567666066,
        "dim_3": 0.364732602532626,
        "dim_4": 0.190190740808067
      }
    },
    "distances": {
      "1": 0.158180793498847,
      "2": 0.164992352643513,
      "3": 0.30966803788758,
      "4": 0.278552066706225,
      "5": 0.164981593173951,
      "6": 0.410399623461433,
      "7": 0.228048188067903,
      "8": 0.927082796039734,
      "9": 0.523754677974282,
      "10": 0.228047559168535,
      "11": 1.9703202e-08
    },
    "objective_value": 3.393707708325205,
    "lower_bound": 3.393707661445247,
    "upper_bound": 3.393707708325205,
    "absolute_gap": 4.687995813767998e-08,
    "relative_gap": 1.3813787990717987e-08
  },
  "performance": {
    "solution_time_seconds": 54.33494567871094,
    "solver_status": "ok",
    "termination_condition": "optimal",
    "solver": "gams",
    "subsolver": "gurobi",
    "is_relaxation": false,
    "root_relaxation_value": 0.0,
    "root_relaxation_gap_percent": 100.0,
    "relaxation_gap_percent": null,
    "absolute_gap": null
  }
}