{
  "model_parameters": {
    "n_dimensions": 5,
    "n_clusters": 5,
    "n_points": 11,
    "coord_range_lower": -1,
    "coord_range_upper": 1
  },
  "solution": {
    "status": "optimal",
    "center_coordinates": {
      "cluster_1": {
        "dim_1": -0.072054888791864,
        "dim_2": -0.535695031672225,
        "dim_3": 0.192260742187499,
        "dim_4": -0.07958984375,
        "dim_5": -0.041743640847089
      },
      "cluster_2": {
        "dim_1": -0.072054888791864,
        "dim_2": 0.607812881593308,
        "dim_3": -0.869692325592029,
        "dim_4": 0.258679673794891,
        "dim_5": -0.834186225165207
      },
      "cluster_3": {
        "dim_1": -0.072054888791864,
        "dim_2": 0.00047796481292,
        "dim_3": -0.632374523920684,
        "dim_4": -0.566519021668735,
        "dim_5": 0.762878417968774
      },
      "cluster_4": {
        "dim_1": -0.072054888791864,
        "dim_2": 0.051084083041479,
        "dim_3": -0.510830109270934,
        "dim_4": 0.787764192594035,
        "dim_5": 0.599003043063902
      },
      "cluster_5": {
        "dim_1": -0.072054888791864,
        "dim_2": 0.82559502377985,
        "dim_3": 0.615446543422306,
        "dim_4": 0.047542485265955,
        "dim_5": 0.18896484395786
      }
    },
    "distances": {
      "1": 1.56217933883509,
      "2": 0.128522371127918,
      "3": 0.661177658600625,
      "4": 0.622623916593945,
      "5": 0.347605936937864,
      "6": 0.380812736198326,
      "7": 1.282625960192503,
      "8": 0.722364757569699,
      "9": 0.466277727817413,
      "10": 0.324013552479465,
      "11": 0.343287370339091
    },
    "objective_value": 6.841491326691939,
    "lower_bound": 0.0,
    "upper_bound": 6.84149132669194,
    "absolute_gap": 6.841491326691939,
    "relative_gap": null
  },
  "performance": {
    "solution_time_seconds": 300.9401059150696,
    "solver_status": "ok",
    "termination_condition": "optimal",
    "solver": "gams",
    "subsolver": "scip",
    "is_relaxation": false,
    "root_relaxation_value": 0.0,
    "root_relaxation_gap_percent": 100.0,
    "relaxation_gap_percent": null,
    "absolute_gap": null
  }
}