{
  "model_parameters": {
    "n_dimensions": 4,
    "n_clusters": 5,
    "n_points": 12,
    "coord_range_lower": -1,
    "coord_range_upper": 1
  },
  "solution": {
    "status": "optimal",
    "center_coordinates": {
      "cluster_1": {
        "dim_1": -0.508278350549068,
        "dim_2": 0.419107802487684,
        "dim_3": 0.240957140335717,
        "dim_4": 0.448758146925677
      },
      "cluster_2": {
        "dim_1": -0.508278350549068,
        "dim_2": -0.444838362473995,
        "dim_3": -0.004488905719855,
        "dim_4": -0.374836125017085
      },
      "cluster_3": {
        "dim_1": 0.138068085699162,
        "dim_2": 0.239069395308953,
        "dim_3": -0.601043871896177,
        "dim_4": 0.25336041854555
      },
      "cluster_4": {
        "dim_1": 0.624710672000257,
        "dim_2": -0.44939709891896,
        "dim_3": 0.361314578000772,
        "dim_4": 0.954197396444545
      },
      "cluster_5": {
        "dim_1": 0.657638000933533,
        "dim_2": -0.858380193321277,
        "dim_3": -0.094748784301957,
        "dim_4": -0.746044379885595
      }
    },
    "distances": {
      "1": 0.210435030740867,
      "2": 0.459259998722525,
      "3": 0.287452530687274,
      "4": 0.163814813194557,
      "5": 0.396550254362027,
      "6": 0.385912450725354,
      "7": 0.0,
      "8": 0.287452530687274,
      "9": 0.135271863357595,
      "10": 0.347810626049496,
      "11": 0.32284861768528,
      "12": 0.56533349297011
    },
    "objective_value": 3.562142209182359,
    "lower_bound": 3.562142209182358,
    "upper_bound": 3.562142209182358,
    "absolute_gap": 1.3322676295501878e-15,
    "relative_gap": 3.740074234307428e-16
  },
  "performance": {
    "solution_time_seconds": 289.43044996261597,
    "solver_status": "ok",
    "termination_condition": "optimal",
    "solver": "gams",
    "subsolver": "baron",
    "is_relaxation": false,
    "root_relaxation_value": 0.0,
    "root_relaxation_gap_percent": 100.0,
    "relaxation_gap_percent": null,
    "absolute_gap": null
  }
}