{
  "model_parameters": {
    "n_dimensions": 4,
    "n_clusters": 5,
    "n_points": 12,
    "coord_range_lower": -1,
    "coord_range_upper": 1
  },
  "solution": {
    "status": "optimal",
    "center_coordinates": {
      "cluster_1": {
        "dim_1": -0.508278350741317,
        "dim_2": 0.419107802612098,
        "dim_3": 0.240957141781883,
        "dim_4": 0.448758148649564
      },
      "cluster_2": {
        "dim_1": -0.508278350741317,
        "dim_2": -0.444838364141135,
        "dim_3": -0.004488904884582,
        "dim_4": -0.374836126637605
      },
      "cluster_3": {
        "dim_1": 0.138068085193509,
        "dim_2": 0.239069397210268,
        "dim_3": -0.601043873107944,
        "dim_4": 0.253360420362508
      },
      "cluster_4": {
        "dim_1": 0.635655178739759,
        "dim_2": -0.858549353229345,
        "dim_3": -0.094822217451751,
        "dim_4": -0.745705355244544
      },
      "cluster_5": {
        "dim_1": 0.635655178739759,
        "dim_2": -0.449397100493423,
        "dim_3": 0.361314578839338,
        "dim_4": 0.954197393275846
      }
    },
    "distances": {
      "1": 0.210435029938137,
      "2": 0.459259997934835,
      "3": 0.280595993652661,
      "4": 0.163814813256552,
      "5": 0.396550254517909,
      "6": 0.385912450450821,
      "7": 0.000479128946793,
      "8": 0.294548632177346,
      "9": 0.135271861628276,
      "10": 0.347810627326201,
      "11": 0.322848619291091,
      "12": 0.565333493422239
    },
    "objective_value": 3.562860902542861,
    "lower_bound": 1.445739502055455,
    "upper_bound": 3.562860902542861,
    "absolute_gap": 2.117121400487406,
    "relative_gap": 1.4643864938859492
  },
  "performance": {
    "solution_time_seconds": 301.57174038887024,
    "solver_status": "ok",
    "termination_condition": "optimal",
    "solver": "gams",
    "subsolver": "baron",
    "is_relaxation": false,
    "root_relaxation_value": 1.05069,
    "root_relaxation_gap_percent": 70.50993488827733,
    "relaxation_gap_percent": null,
    "absolute_gap": null
  }
}