{
  "model_parameters": {
    "n_dimensions": 5,
    "n_clusters": 3,
    "n_points": 10,
    "coord_range_lower": -1,
    "coord_range_upper": 1
  },
  "solution": {
    "status": "optimal",
    "center_coordinates": {
      "cluster_1": {
        "dim_1": -0.796583493076439,
        "dim_2": -0.01227636840203,
        "dim_3": 0.562512230165528,
        "dim_4": -0.404732834147575,
        "dim_5": -0.042976426731089
      },
      "cluster_2": {
        "dim_1": -0.559976889411697,
        "dim_2": 0.494428122749881,
        "dim_3": 0.099843207592949,
        "dim_4": 0.486216330424718,
        "dim_5": 0.546753377770581
      },
      "cluster_3": {
        "dim_1": 0.091001811016068,
        "dim_2": -0.273588094311206,
        "dim_3": -0.543117893862871,
        "dim_4": 0.374422777162687,
        "dim_5": -0.693074318579093
      }
    },
    "distances": {
      "1": 0.730145034643721,
      "2": 0.85875272486585,
      "3": 0.534876287123476,
      "4": 1.21484016525649,
      "5": 0.302667144696408,
      "6": 0.155967161713148,
      "7": 1.391896614242909,
      "8": 1.209389761294991,
      "9": 0.533534468679759,
      "10": 0.829948926340361
    },
    "objective_value": 7.762018288857113,
    "lower_bound": 7.762018996621002,
    "absolute_gap": -7.077638892738491e-07,
    "relative_gap": -9.118296278094091e-08
  },
  "performance": {
    "solution_time_seconds": 16.899750471115112,
    "solver_status": "ok",
    "termination_condition": "optimal",
    "solver": "gams",
    "subsolver": "gurobi",
    "is_relaxation": false,
    "root_relaxation_value": 0.0,
    "root_relaxation_gap_percent": 100.0,
    "relaxation_gap_percent": null,
    "absolute_gap": null
  }
}