{
  "model_parameters": {
    "n_dimensions": 3,
    "n_clusters": 4,
    "n_points": 17,
    "coord_range_lower": -1,
    "coord_range_upper": 1
  },
  "solution": {
    "status": "optimal",
    "center_coordinates": {
      "cluster_1": {
        "dim_1": -0.255805322522244,
        "dim_2": -0.145631962196027,
        "dim_3": 0.844264926346878
      },
      "cluster_2": {
        "dim_1": -0.125358581542969,
        "dim_2": -0.667417577538564,
        "dim_3": -0.466415405273438
      },
      "cluster_3": {
        "dim_1": 0.724066304699304,
        "dim_2": 0.495558897405241,
        "dim_3": -0.244169717542313
      },
      "cluster_4": {
        "dim_1": 0.786961456811008,
        "dim_2": -0.63559021618761,
        "dim_3": 0.494635757331133
      }
    },
    "distances": {
      "1": 0.29450330174289,
      "2": 0.16520663987413,
      "3": 0.438761910102212,
      "4": 0.253212388060739,
      "5": 0.250886430439606,
      "6": 0.808664064268958,
      "7": 0.160145133063203,
      "8": 0.316738619680796,
      "9": 0.59625512895634,
      "10": 0.246894307007297,
      "11": 0.246446055831829,
      "12": 0.716941622836116,
      "13": 0.512257940126232,
      "14": 0.405497049842414,
      "15": 0.091367876180389,
      "16": 0.359436227190543,
      "17": 0.566057004362728
    },
    "objective_value": 6.429271699566422,
    "lower_bound": 4.18801932855761,
    "upper_bound": 6.429271699566421,
    "absolute_gap": 2.2412523710088115,
    "relative_gap": 0.5351580771669261
  },
  "performance": {
    "solution_time_seconds": 301.1433916091919,
    "solver_status": "ok",
    "termination_condition": "optimal",
    "solver": "gams",
    "subsolver": "scip",
    "is_relaxation": false,
    "root_relaxation_value": 4.18801932855761,
    "root_relaxation_gap_percent": 34.86012842107695,
    "relaxation_gap_percent": null,
    "absolute_gap": null
  }
}