{
  "model_parameters": {
    "n_dimensions": 3,
    "n_clusters": 5,
    "n_points": 10,
    "coord_range_lower": -1,
    "coord_range_upper": 1
  },
  "solution": {
    "status": "optimal",
    "center_coordinates": {
      "cluster_1": {
        "dim_1": -0.767746189604024,
        "dim_2": -0.537157063175874,
        "dim_3": -0.055741719697543
      },
      "cluster_2": {
        "dim_1": -0.690805522437036,
        "dim_2": 0.888705812337534,
        "dim_3": -0.055404566986616
      },
      "cluster_3": {
        "dim_1": -0.690805522437036,
        "dim_2": -0.204430750699352,
        "dim_3": 0.528525131948053
      },
      "cluster_4": {
        "dim_1": -0.228504053645069,
        "dim_2": -0.024117187701991,
        "dim_3": -0.871014110883415
      },
      "cluster_5": {
        "dim_1": 0.770883107448143,
        "dim_2": 0.482707029145908,
        "dim_3": -0.395715509495007
      }
    },
    "distances": {
      "1": 0.102944658451305,
      "2": 0.125465598252077,
      "3": 0.102944677024256,
      "4": 0.186097699080383,
      "5": 0.005039760598436,
      "6": 0.12294279582663,
      "7": 0.253719887886014,
      "8": 0.224076624660419,
      "9": 0.236035675159499,
      "10": 0.122942708938647
    },
    "objective_value": 1.4822100858776661,
    "lower_bound": 1.482210085877665,
    "absolute_gap": 1.1102230246251565e-15,
    "relative_gap": 7.490321616370308e-16
  },
  "performance": {
    "solution_time_seconds": 30.17748236656189,
    "solver_status": "ok",
    "termination_condition": "optimal",
    "solver": "gams",
    "subsolver": "baron",
    "is_relaxation": false,
    "root_relaxation_value": 0.0,
    "root_relaxation_gap_percent": 100.0,
    "relaxation_gap_percent": null,
    "absolute_gap": null
  }
}