{
  "model_parameters": {
    "n_dimensions": 4,
    "n_clusters": 5,
    "n_points": 16,
    "coord_range_lower": -1,
    "coord_range_upper": 1
  },
  "solution": {
    "status": "feasible",
    "center_coordinates": {
      "cluster_1": {
        "dim_1": -0.866132096565727,
        "dim_2": -0.315614011989196,
        "dim_3": -0.156454601002434,
        "dim_4": -0.299127930679885
      },
      "cluster_2": {
        "dim_1": -0.274544990099347,
        "dim_2": -0.082532964319759,
        "dim_3": 0.592588002540021,
        "dim_4": 0.543278184850034
      },
      "cluster_3": {
        "dim_1": 0.070571143186874,
        "dim_2": 0.461911306507853,
        "dim_3": 0.543673182710994,
        "dim_4": -0.258607445591209
      },
      "cluster_4": {
        "dim_1": 0.501954809309725,
        "dim_2": -0.698788065767657,
        "dim_3": -0.024998969320389,
        "dim_4": -0.727436697451776
      },
      "cluster_5": {
        "dim_1": 0.945683423489604,
        "dim_2": 0.131793640103389,
        "dim_3": -0.911395177766353,
        "dim_4": -0.573879971757618
      }
    },
    "distances": {
      "1": 0.0,
      "2": 0.66334706192548,
      "3": 0.317929171782783,
      "4": 0.168372575984774,
      "5": 0.261052674667885,
      "6": 0.515477644331932,
      "7": 0.31056759787489,
      "8": 0.159566387415494,
      "9": 0.343671473844241,
      "10": 0.354449018278681,
      "11": 0.367072552559589,
      "12": 0.496780275884841,
      "13": 1.191649579818405,
      "14": 0.271826127042909,
      "15": 0.42526507118037,
      "16": 0.220606395434558
    },
    "objective_value": 6.067633608026832,
    "lower_bound": 2.575981659152764,
    "upper_bound": 6.067633608026832,
    "absolute_gap": 3.4916519488740683,
    "relative_gap": 1.3554645998615016
  },
  "performance": {
    "solution_time_seconds": 301.0666744709015,
    "solver_status": "ok",
    "termination_condition": "feasible",
    "solver": "gams",
    "subsolver": "gurobi",
    "is_relaxation": false,
    "root_relaxation_value": 0.0,
    "root_relaxation_gap_percent": 100.0,
    "relaxation_gap_percent": null,
    "absolute_gap": null
  }
}