{
  "model_parameters": {
    "n_dimensions": 5,
    "n_clusters": 3,
    "n_points": 13,
    "coord_range_lower": -1,
    "coord_range_upper": 1
  },
  "solution": {
    "status": "optimal",
    "center_coordinates": {
      "cluster_1": {
        "dim_1": -0.4549062733394,
        "dim_2": 0.452183882662704,
        "dim_3": -0.212028172635338,
        "dim_4": -0.537617068187176,
        "dim_5": -0.360491429926627
      },
      "cluster_2": {
        "dim_1": -0.406423190971303,
        "dim_2": -0.432045838357839,
        "dim_3": -0.304271763441723,
        "dim_4": 0.37734523279153,
        "dim_5": -0.055570473588943
      },
      "cluster_3": {
        "dim_1": 0.229767358186579,
        "dim_2": 0.467347670122342,
        "dim_3": -0.161288947152957,
        "dim_4": 0.659818202251428,
        "dim_5": -0.26254902827566
      }
    },
    "distances": {
      "1": 1.169581529919516,
      "2": 1.028057640391691,
      "3": 0.872458485666994,
      "4": 0.7026538519169,
      "5": 0.980227252035323,
      "6": 0.449859974785783,
      "7": 0.373236953257613,
      "8": 0.221052223098856,
      "9": 0.753695195220251,
      "10": 0.571044039648292,
      "11": 0.362957477448752,
      "12": 0.308577095281044,
      "13": 0.368413012142436
    },
    "objective_value": 8.16181473081345,
    "lower_bound": 7.835167533486783,
    "absolute_gap": 0.32664719732666736,
    "relative_gap": 0.04168988039255158
  },
  "performance": {
    "solution_time_seconds": 1800.6977279186249,
    "solver_status": "ok",
    "termination_condition": "optimal",
    "solver": "gams",
    "subsolver": "gurobi",
    "is_relaxation": false,
    "root_relaxation_value": 0.0,
    "root_relaxation_gap_percent": 100.0,
    "relaxation_gap_percent": null,
    "absolute_gap": null
  }
}