{
  "model_parameters": {
    "n_dimensions": 4,
    "n_clusters": 5,
    "n_points": 13,
    "coord_range_lower": -1,
    "coord_range_upper": 1
  },
  "solution": {
    "status": "optimal",
    "center_coordinates": {
      "cluster_1": {
        "dim_1": -0.520109141592847,
        "dim_2": 0.40204348080974,
        "dim_3": 0.689497044620926,
        "dim_4": -0.182710346989231
      },
      "cluster_2": {
        "dim_1": -0.257287391883836,
        "dim_2": 0.393427778229833,
        "dim_3": -0.804350038358307,
        "dim_4": -0.566015200236552
      },
      "cluster_3": {
        "dim_1": -0.231421446754052,
        "dim_2": -0.803665466121925,
        "dim_3": -0.503131231925682,
        "dim_4": -0.39817287089726
      },
      "cluster_4": {
        "dim_1": 0.064723904348376,
        "dim_2": -0.509277912163453,
        "dim_3": 0.296815136668344,
        "dim_4": 0.160947539101318
      },
      "cluster_5": {
        "dim_1": 0.801950913065527,
        "dim_2": 0.15006131823684,
        "dim_3": -0.851902822934606,
        "dim_4": 0.440332011028599
      }
    },
    "distances": {
      "1": 0.99838458298001,
      "2": 0.198198971638951,
      "3": 0.30538588935042,
      "4": 0.651836281894169,
      "5": 0.141473647459156,
      "6": 0.438558711169334,
      "7": 0.304600457768943,
      "8": 0.619495763103585,
      "9": 0.438850169137214,
      "10": 0.119156872433388,
      "11": 0.198201153563573,
      "12": 0.123490881038166,
      "13": 0.238280161145674
    },
    "objective_value": 4.7759135426825825,
    "lower_bound": 4.775912217005231,
    "absolute_gap": 1.3256773518932619e-06,
    "relative_gap": 2.775757366672324e-07
  },
  "performance": {
    "solution_time_seconds": 1457.9110836982727,
    "solver_status": "ok",
    "termination_condition": "optimal",
    "solver": "gams",
    "subsolver": "gurobi",
    "is_relaxation": false,
    "root_relaxation_value": 0.0,
    "root_relaxation_gap_percent": 100.0,
    "relaxation_gap_percent": null,
    "absolute_gap": null
  }
}