{
  "model_parameters": {
    "n_dimensions": 5,
    "n_clusters": 5,
    "n_points": 11,
    "coord_range_lower": -1,
    "coord_range_upper": 1
  },
  "solution": {
    "status": "optimal",
    "center_coordinates": {
      "cluster_1": {
        "dim_1": -0.535352536101652,
        "dim_2": 0.825611067693611,
        "dim_3": 0.615299817923422,
        "dim_4": 0.047593100037333,
        "dim_5": 0.18927957485307
      },
      "cluster_2": {
        "dim_1": -0.259672307302499,
        "dim_2": 0.050883018608995,
        "dim_3": -0.510605215457119,
        "dim_4": 0.787898867749553,
        "dim_5": 0.598942779583333
      },
      "cluster_3": {
        "dim_1": 0.06453464063664,
        "dim_2": -0.603733102715908,
        "dim_3": -0.144125910864529,
        "dim_4": -0.160243879894438,
        "dim_5": 0.155555755579653
      },
      "cluster_4": {
        "dim_1": 0.21901453824104,
        "dim_2": 0.607596433385747,
        "dim_3": -0.869700291788722,
        "dim_4": 0.258582908260775,
        "dim_5": -0.833812636489743
      },
      "cluster_5": {
        "dim_1": 0.700259658483503,
        "dim_2": 0.74060662647471,
        "dim_3": -0.447868546914867,
        "dim_4": -0.810554336148901,
        "dim_5": 0.974482614382953
      }
    },
    "distances": {
      "1": 1.042403441790629,
      "2": 0.200704964199539,
      "3": 0.760566420528742,
      "4": 0.825566928308532,
      "5": 0.279488364479595,
      "6": 0.279488360235413,
      "7": 0.0,
      "8": 0.656265757757259,
      "9": 0.566915569991529,
      "10": 0.100468585270444,
      "11": 0.200704968111969
    },
    "objective_value": 4.912573360673651,
    "lower_bound": 4.912573314390277,
    "upper_bound": 4.912573360673649,
    "absolute_gap": 4.628337446632713e-08,
    "relative_gap": 9.421411448608902e-09
  },
  "performance": {
    "solution_time_seconds": 70.59977865219116,
    "solver_status": "ok",
    "termination_condition": "optimal",
    "solver": "gams",
    "subsolver": "baron",
    "is_relaxation": false,
    "root_relaxation_value": 2.42654,
    "root_relaxation_gap_percent": 50.60552134600075,
    "relaxation_gap_percent": null,
    "absolute_gap": null
  }
}