{
  "model_parameters": {
    "n_dimensions": 3,
    "n_clusters": 3,
    "n_points": 16,
    "coord_range_lower": -1,
    "coord_range_upper": 1
  },
  "solution": {
    "status": "optimal",
    "center_coordinates": {
      "cluster_1": {
        "dim_1": -0.466725420986191,
        "dim_2": 0.124430374701971,
        "dim_3": 0.272275402620688
      },
      "cluster_2": {
        "dim_1": 0.433423849423371,
        "dim_2": 0.34395004633666,
        "dim_3": -0.540425101517633
      },
      "cluster_3": {
        "dim_1": 0.726157820171381,
        "dim_2": -0.856290589019774,
        "dim_3": 0.421735969657124
      }
    },
    "distances": {
      "1": 0.666051632450386,
      "2": 0.2306869982633,
      "3": 0.427240471095224,
      "4": 0.333719756401405,
      "5": 0.052342551034659,
      "6": 0.640646561329821,
      "7": 0.590646467625746,
      "8": 0.358146243515565,
      "9": 0.072564948871904,
      "10": 0.052166443385185,
      "11": 1.22017695712844,
      "12": 0.485981279717181,
      "13": 0.892641420602705,
      "14": 0.337667383523088,
      "15": 0.210529526175042,
      "16": 0.196927242862846
    },
    "objective_value": 6.768135883982497,
    "lower_bound": 4.680498453308552,
    "absolute_gap": 2.0876374306739454,
    "relative_gap": 0.44602886882661735
  },
  "performance": {
    "solution_time_seconds": 1801.8205144405365,
    "solver_status": "ok",
    "termination_condition": "optimal",
    "solver": "gams",
    "subsolver": "scip",
    "is_relaxation": false,
    "root_relaxation_value": 4.68049845330855,
    "root_relaxation_gap_percent": 30.8450874282025,
    "relaxation_gap_percent": null,
    "absolute_gap": null
  }
}