{
  "model_parameters": {
    "n_dimensions": 4,
    "n_clusters": 3,
    "n_points": 17,
    "coord_range_lower": -1,
    "coord_range_upper": 1
  },
  "solution": {
    "status": "optimal",
    "center_coordinates": {
      "cluster_1": {
        "dim_1": -0.356011625667205,
        "dim_2": 0.004062367913133,
        "dim_3": -0.558606940973644,
        "dim_4": 0.439986746655039
      },
      "cluster_2": {
        "dim_1": -0.055255052955141,
        "dim_2": 0.388607546603597,
        "dim_3": 0.84182291346293,
        "dim_4": 0.084327495210359
      },
      "cluster_3": {
        "dim_1": 0.321644420340394,
        "dim_2": 0.160762941874129,
        "dim_3": -0.128804345645902,
        "dim_4": -0.194305460646566
      }
    },
    "distances": {
      "1": 0.591911450332546,
      "2": 0.801462698045029,
      "3": 1.003818248846947,
      "4": 0.669285483271346,
      "5": 0.508197283596986,
      "6": 0.19006026613507,
      "7": 0.102775775505177,
      "8": 0.091484925895883,
      "9": 0.67266088028717,
      "10": 0.61336299152185,
      "11": 0.141630646841752,
      "12": 0.668039647177373,
      "13": 0.421500248114626,
      "14": 0.635034579556637,
      "15": 0.570178400254318,
      "16": 0.309272176126256,
      "17": 0.269644318558681
    },
    "objective_value": 8.260320020067647,
    "lower_bound": 8.260320020067645,
    "absolute_gap": 1.7763568394002505e-15,
    "relative_gap": 2.150469757932821e-16
  },
  "performance": {
    "solution_time_seconds": 750.0558438301086,
    "solver_status": "ok",
    "termination_condition": "optimal",
    "solver": "gams",
    "subsolver": "baron",
    "is_relaxation": false,
    "root_relaxation_value": 3.42139,
    "root_relaxation_gap_percent": 58.580418292656155,
    "relaxation_gap_percent": null,
    "absolute_gap": null
  }
}