{
  "model_parameters": {
    "n_dimensions": 5,
    "n_clusters": 4,
    "n_points": 10,
    "coord_range_lower": -1,
    "coord_range_upper": 1
  },
  "solution": {
    "status": "optimal",
    "center_coordinates": {
      "cluster_1": {
        "dim_1": -0.762199495649383,
        "dim_2": -0.88791259907992,
        "dim_3": 0.458190097892081,
        "dim_4": 0.272586653428809,
        "dim_5": -0.239719503963667
      },
      "cluster_2": {
        "dim_1": -0.32032604898917,
        "dim_2": 0.197463880259,
        "dim_3": -0.44181021654215,
        "dim_4": -0.163184093946571,
        "dim_5": 0.168142537977157
      },
      "cluster_3": {
        "dim_1": 0.115839340018859,
        "dim_2": 0.113862274029871,
        "dim_3": 0.379020115326611,
        "dim_4": 0.000767825965672,
        "dim_5": 0.055590898534884
      },
      "cluster_4": {
        "dim_1": 0.640257879516082,
        "dim_2": 0.252306799232239,
        "dim_3": -0.320736926715092,
        "dim_4": -0.776895491901297,
        "dim_5": 0.356266442317152
      }
    },
    "distances": {
      "1": 0.175091156890575,
      "2": 0.317941554613012,
      "3": 0.405823059846324,
      "4": 0.317941560647271,
      "5": 0.336296821424857,
      "6": 0.175091156892394,
      "7": 0.26501978831819,
      "8": 0.154428927596946,
      "9": 0.336296817021373,
      "10": 0.19087426251914
    },
    "objective_value": 2.674805105770082,
    "lower_bound": 2.674782430516885,
    "absolute_gap": 2.2675253197323997e-05,
    "relative_gap": 8.477419672949679e-06
  },
  "performance": {
    "solution_time_seconds": 1802.8148970603943,
    "solver_status": "ok",
    "termination_condition": "optimal",
    "solver": "gams",
    "subsolver": "scip",
    "is_relaxation": false,
    "root_relaxation_value": 2.67478243051688,
    "root_relaxation_gap_percent": 0.0008477347808740899,
    "relaxation_gap_percent": null,
    "absolute_gap": null
  }
}