{
  "model_parameters": {
    "n_dimensions": 3,
    "n_clusters": 4,
    "n_points": 16,
    "coord_range_lower": -1,
    "coord_range_upper": 1
  },
  "solution": {
    "status": "optimal",
    "center_coordinates": {
      "cluster_1": {
        "dim_1": -0.815523974396014,
        "dim_2": 0.48099458421991,
        "dim_3": 0.212637362394684
      },
      "cluster_2": {
        "dim_1": -0.352834833177313,
        "dim_2": -0.571156720733654,
        "dim_3": -0.114436061069346
      },
      "cluster_3": {
        "dim_1": 0.448093688092409,
        "dim_2": 0.543925202111129,
        "dim_3": 0.715004840228411
      },
      "cluster_4": {
        "dim_1": 0.761752754777527,
        "dim_2": 0.80361152879122,
        "dim_3": -0.758018940102175
      }
    },
    "distances": {
      "1": 0.218172357053285,
      "2": 0.317436900438048,
      "3": 0.268936720873215,
      "4": 0.114308676641415,
      "5": 0.294178111698588,
      "6": 0.46877849223968,
      "7": 0.096424610268717,
      "8": 0.187277326718509,
      "9": 0.19445006338383,
      "10": 0.325939793173333,
      "11": 0.060878948401402,
      "12": 0.138685084882287,
      "13": 0.039872199522596,
      "14": 0.044927787852187,
      "15": 0.080055131317608,
      "16": 0.092247419321193
    },
    "objective_value": 2.942569623785893,
    "lower_bound": 2.942569558142762,
    "upper_bound": 2.942569623785893,
    "absolute_gap": 6.564313093093688e-08,
    "relative_gap": 2.2308098290926494e-08
  },
  "performance": {
    "solution_time_seconds": 48.79741954803467,
    "solver_status": "ok",
    "termination_condition": "optimal",
    "solver": "gams",
    "subsolver": "gurobi",
    "is_relaxation": false,
    "root_relaxation_value": 0.0,
    "root_relaxation_gap_percent": 100.0,
    "relaxation_gap_percent": null,
    "absolute_gap": null
  }
}