{
  "model_parameters": {
    "n_dimensions": 2,
    "n_clusters": 4,
    "n_points": 10,
    "coord_range_lower": -1,
    "coord_range_upper": 1
  },
  "solution": {
    "status": "optimal",
    "center_coordinates": {
      "cluster_1": {
        "dim_1": -0.703565047053582,
        "dim_2": -0.404749445906268
      },
      "cluster_2": {
        "dim_1": -0.077806651519701,
        "dim_2": 0.277532111070185
      },
      "cluster_3": {
        "dim_1": 0.57914292451986,
        "dim_2": 0.637752697507621
      },
      "cluster_4": {
        "dim_1": 0.723154847027718,
        "dim_2": -0.197187740000178
      }
    },
    "distances": {
      "1": 0.10125859430153,
      "2": 0.123207625530634,
      "3": 0.09379122651876,
      "4": 0.052627576849771,
      "5": 0.006241245567465,
      "6": 0.014862586274467,
      "7": 0.006241246585977,
      "8": 0.077863180726096,
      "9": 0.029857152002018,
      "10": 0.093791222943234
    },
    "objective_value": 0.599741657299952,
    "lower_bound": 0.599741657299951,
    "upper_bound": 0.599741657299951,
    "absolute_gap": 9.992007221626409e-16,
    "relative_gap": 1.666051890844239e-15
  },
  "performance": {
    "solution_time_seconds": 40.427663803100586,
    "solver_status": "ok",
    "termination_condition": "optimal",
    "solver": "gams",
    "subsolver": "baron",
    "is_relaxation": false,
    "root_relaxation_value": 0.0,
    "root_relaxation_gap_percent": 100.0,
    "relaxation_gap_percent": null,
    "absolute_gap": null
  }
}