{
  "model_parameters": {
    "n_dimensions": 4,
    "n_clusters": 5,
    "n_points": 11,
    "coord_range_lower": -1,
    "coord_range_upper": 1
  },
  "solution": {
    "status": "optimal",
    "center_coordinates": {
      "cluster_1": {
        "dim_1": -0.226336789937688,
        "dim_2": -0.181669041113604,
        "dim_3": -0.722822823153019,
        "dim_4": -0.873977592114478
      },
      "cluster_2": {
        "dim_1": -0.214492334500189,
        "dim_2": 0.156165416946815,
        "dim_3": -0.486065759823638,
        "dim_4": 0.419300411882847
      },
      "cluster_3": {
        "dim_1": 0.006905987082247,
        "dim_2": 0.941631123001745,
        "dim_3": 0.546597224828916,
        "dim_4": -0.804862251210806
      },
      "cluster_4": {
        "dim_1": 0.732474664016893,
        "dim_2": 0.572889422492331,
        "dim_3": -0.413237311705116,
        "dim_4": 0.524587086073327
      },
      "cluster_5": {
        "dim_1": 0.766648072648362,
        "dim_2": -0.545732707821249,
        "dim_3": -0.196945710245655,
        "dim_4": 0.698847182741289
      }
    },
    "distances": {
      "1": 0.26246721048432,
      "2": 0.480448864970851,
      "3": 0.39356610096671,
      "4": 0.246528807311244,
      "5": -9.976066e-09,
      "6": 0.408785642802353,
      "7": 0.408785661052687,
      "8": 0.616075971764952,
      "9": 0.177120852465863,
      "10": 0.262467210622548,
      "11": 0.177120854742478
    },
    "objective_value": 3.43336716720794,
    "lower_bound": 3.33628693541395,
    "absolute_gap": 0.09708023179398984,
    "relative_gap": 0.029098286110677288
  },
  "performance": {
    "solution_time_seconds": 1803.3638916015625,
    "solver_status": "ok",
    "termination_condition": "optimal",
    "solver": "gams",
    "subsolver": "scip",
    "is_relaxation": false,
    "root_relaxation_value": 3.33628693541395,
    "root_relaxation_gap_percent": 2.827551702631815,
    "relaxation_gap_percent": null,
    "absolute_gap": null
  }
}