{
  "model_parameters": {
    "n_dimensions": 5,
    "n_clusters": 5,
    "n_points": 14,
    "coord_range_lower": -1,
    "coord_range_upper": 1
  },
  "solution": {
    "status": "optimal",
    "center_coordinates": {
      "cluster_1": {
        "dim_1": -0.561261393810861,
        "dim_2": 0.646712343336872,
        "dim_3": 0.598293344596521,
        "dim_4": -0.379991603745654,
        "dim_5": -0.280808231308102
      },
      "cluster_2": {
        "dim_1": -0.270911206596155,
        "dim_2": -0.604439348513976,
        "dim_3": -0.288661126031859,
        "dim_4": -0.207097403539842,
        "dim_5": -0.16343791260911
      },
      "cluster_3": {
        "dim_1": 0.332519358398595,
        "dim_2": -0.143710703682148,
        "dim_3": -0.536333556310495,
        "dim_4": 0.410114330294414,
        "dim_5": 0.753826461461948
      },
      "cluster_4": {
        "dim_1": 0.564760851792849,
        "dim_2": 0.554246263525168,
        "dim_3": 0.505840266086455,
        "dim_4": 0.30772481153575,
        "dim_5": 0.119407833613479
      },
      "cluster_5": {
        "dim_1": 0.619350618222565,
        "dim_2": 0.853743797567116,
        "dim_3": -0.529514266275276,
        "dim_4": -0.925582060679501,
        "dim_5": 0.66443273305628
      }
    },
    "distances": {
      "1": 0.431661739156386,
      "2": 0.504344261430282,
      "3": 0.748871918052345,
      "4": 0.256208856601054,
      "5": 0.256211001647042,
      "6": 0.919397973425676,
      "7": 0.238303397109467,
      "8": 0.286994999614541,
      "9": 0.400675101432328,
      "10": 0.286994927663199,
      "11": 0.705752030225531,
      "12": 0.238304096938422,
      "13": 0.210429579110728,
      "14": 0.456417948402147
    },
    "objective_value": 5.940567830809148,
    "lower_bound": 4.638092010570946,
    "absolute_gap": 1.302475820238202,
    "relative_gap": 0.28082147082672215
  },
  "performance": {
    "solution_time_seconds": 1801.321252822876,
    "solver_status": "ok",
    "termination_condition": "optimal",
    "solver": "gams",
    "subsolver": "gurobi",
    "is_relaxation": false,
    "root_relaxation_value": 0.0,
    "root_relaxation_gap_percent": 100.0,
    "relaxation_gap_percent": null,
    "absolute_gap": null
  }
}