{
  "model_parameters": {
    "n_dimensions": 3,
    "n_clusters": 4,
    "n_points": 12,
    "coord_range_lower": -1,
    "coord_range_upper": 1
  },
  "solution": {
    "status": "optimal",
    "center_coordinates": {
      "cluster_1": {
        "dim_1": -0.559293938269219,
        "dim_2": 0.175061669479606,
        "dim_3": 0.354766883532086
      },
      "cluster_2": {
        "dim_1": -0.103550422769015,
        "dim_2": 0.830798206282697,
        "dim_3": -0.450027645825025
      },
      "cluster_3": {
        "dim_1": 0.477292897236561,
        "dim_2": -0.451377399061897,
        "dim_3": -0.457624152673133
      },
      "cluster_4": {
        "dim_1": 0.620950837592413,
        "dim_2": -0.092084023331307,
        "dim_3": 0.895690632714343
      }
    },
    "distances": {
      "1": 0.020170937954968,
      "2": 0.367506112235382,
      "3": 0.29352466356373,
      "4": 0.179765551610953,
      "5": 0.136604749703343,
      "6": 0.057276952773718,
      "7": 0.238030182867455,
      "8": 0.089930399669329,
      "9": 0.057236034158628,
      "10": 0.191910428478224,
      "11": 0.46870241981717,
      "12": 0.057281862003436
    },
    "objective_value": 2.157940294836336,
    "lower_bound": 2.157940294836338,
    "upper_bound": 2.157940294836338,
    "absolute_gap": -1.7763568394002505e-15,
    "relative_gap": -8.231723758302463e-16
  },
  "performance": {
    "solution_time_seconds": 91.04854702949524,
    "solver_status": "ok",
    "termination_condition": "optimal",
    "solver": "gams",
    "subsolver": "scip",
    "is_relaxation": false,
    "root_relaxation_value": 2.15794029483634,
    "root_relaxation_gap_percent": 1.8521378456180558e-13,
    "relaxation_gap_percent": null,
    "absolute_gap": null
  }
}