{
  "model_parameters": {
    "n_dimensions": 4,
    "n_clusters": 5,
    "n_points": 15,
    "coord_range_lower": -1,
    "coord_range_upper": 1
  },
  "solution": {
    "status": "optimal",
    "center_coordinates": {
      "cluster_1": {
        "dim_1": -0.788483518208425,
        "dim_2": 0.87265379574262,
        "dim_3": -0.96055460977775,
        "dim_4": -0.552343786985753
      },
      "cluster_2": {
        "dim_1": -0.728324040594033,
        "dim_2": -0.345983834555618,
        "dim_3": -0.314789095095983,
        "dim_4": 0.689623529909334
      },
      "cluster_3": {
        "dim_1": -0.540935551884621,
        "dim_2": 0.413433488560234,
        "dim_3": 0.450716699435812,
        "dim_4": -0.040901850298286
      },
      "cluster_4": {
        "dim_1": 0.321629646072575,
        "dim_2": 0.030618260558028,
        "dim_3": 0.791185249218744,
        "dim_4": 0.378836572969791
      },
      "cluster_5": {
        "dim_1": 0.484705662999183,
        "dim_2": -0.038191256559999,
        "dim_3": -0.469803368451854,
        "dim_4": -0.290052267340745
      }
    },
    "distances": {
      "1": 0.280096477447192,
      "2": -9.990375e-09,
      "3": 0.282568456387317,
      "4": 0.252968822281355,
      "5": 0.18791006854712,
      "6": 0.110377950905289,
      "7": 0.390343397573921,
      "8": 0.281877287595639,
      "9": 1.014192576720706,
      "10": 0.519803719387311,
      "11": 0.69839700633539,
      "12": 0.221579835303884,
      "13": 0.526981722082278,
      "14": 0.842288964607866,
      "15": 0.15953563433838
    },
    "objective_value": 5.768921909523273,
    "lower_bound": 3.781357305274103,
    "absolute_gap": 1.9875646042491701,
    "relative_gap": 0.5256220038971153
  },
  "performance": {
    "solution_time_seconds": 1805.659345626831,
    "solver_status": "ok",
    "termination_condition": "optimal",
    "solver": "gams",
    "subsolver": "scip",
    "is_relaxation": false,
    "root_relaxation_value": 3.7813573052741,
    "root_relaxation_gap_percent": 34.45296426994658,
    "relaxation_gap_percent": null,
    "absolute_gap": null
  }
}