{
  "model_parameters": {
    "n_dimensions": 4,
    "n_clusters": 4,
    "n_points": 17,
    "coord_range_lower": -1,
    "coord_range_upper": 1
  },
  "solution": {
    "status": "optimal",
    "center_coordinates": {
      "cluster_1": {
        "dim_1": -0.6529541015625,
        "dim_2": -0.77099609375,
        "dim_3": -0.597307245308395,
        "dim_4": 0.448844661245217
      },
      "cluster_2": {
        "dim_1": -0.450805664062501,
        "dim_2": 0.448424295121465,
        "dim_3": -0.427368164062521,
        "dim_4": 0.264770508674732
      },
      "cluster_3": {
        "dim_1": 0.298201426197913,
        "dim_2": 0.5299072265625,
        "dim_3": 0.0963134765625,
        "dim_4": -0.777660703468726
      },
      "cluster_4": {
        "dim_1": 0.298201426197913,
        "dim_2": -0.33735599465926,
        "dim_3": 0.22219089730829,
        "dim_4": 0.1360316050259
      }
    },
    "distances": {
      "1": 0.451671915774338,
      "2": 0.60263631983921,
      "3": 0.516237589125071,
      "4": 0.894118362387297,
      "5": 0.482000120412201,
      "6": 0.378079414059858,
      "7": 1.677815521600442,
      "8": 0.040658573635459,
      "9": 0.410538780387243,
      "10": 0.380454511180879,
      "11": 0.670708264589369,
      "12": 0.254761417742101,
      "13": 1.40207654592965,
      "14": 0.498593212359546,
      "15": 0.25439596015007,
      "16": 1.016667547115852,
      "17": 0.817638756707941
    },
    "objective_value": 10.749052812996528,
    "lower_bound": 0.0,
    "upper_bound": 10.74905281299653,
    "absolute_gap": 10.749052812996528,
    "relative_gap": null
  },
  "performance": {
    "solution_time_seconds": 301.0071451663971,
    "solver_status": "ok",
    "termination_condition": "optimal",
    "solver": "gams",
    "subsolver": "scip",
    "is_relaxation": false,
    "root_relaxation_value": 0.0,
    "root_relaxation_gap_percent": 100.0,
    "relaxation_gap_percent": null,
    "absolute_gap": null
  }
}