{
  "model_parameters": {
    "n_dimensions": 5,
    "n_clusters": 5,
    "n_points": 11,
    "coord_range_lower": -1,
    "coord_range_upper": 1
  },
  "solution": {
    "status": "optimal",
    "center_coordinates": {
      "cluster_1": {
        "dim_1": -0.535351686470862,
        "dim_2": 0.82560950196518,
        "dim_3": 0.615300355784655,
        "dim_4": 0.047594161290912,
        "dim_5": 0.189280382949806
      },
      "cluster_2": {
        "dim_1": -0.259672433103269,
        "dim_2": 0.050883063621064,
        "dim_3": -0.510605473239494,
        "dim_4": 0.787899760650179,
        "dim_5": 0.598943066734439
      },
      "cluster_3": {
        "dim_1": 0.064534677712627,
        "dim_2": -0.603733284106219,
        "dim_3": -0.144125954183857,
        "dim_4": -0.160243926028681,
        "dim_5": 0.155555767380102
      },
      "cluster_4": {
        "dim_1": 0.219014532812208,
        "dim_2": 0.607596466056041,
        "dim_3": -0.869700574636888,
        "dim_4": 0.258582909196538,
        "dim_5": -0.833812814003015
      },
      "cluster_5": {
        "dim_1": 0.700264780649823,
        "dim_2": 0.740613092342606,
        "dim_3": -0.447873344068371,
        "dim_4": -0.810561366613497,
        "dim_5": 0.974582988520194
      }
    },
    "distances": {
      "1": 1.042401731095421,
      "2": 0.200705540314295,
      "3": 0.760567481411565,
      "4": 0.825566985677068,
      "5": 0.279488308580856,
      "6": 0.279488401345865,
      "7": 2.5725026e-08,
      "8": 0.656265613945287,
      "9": 0.566915636967056,
      "10": 0.100469210138607,
      "11": 0.200704379189232
    },
    "objective_value": 4.912573314390278,
    "lower_bound": 4.912573314390277,
    "absolute_gap": 1.7763568394002505e-15,
    "relative_gap": 3.6159396017496846e-16
  },
  "performance": {
    "solution_time_seconds": 95.99733185768127,
    "solver_status": "ok",
    "termination_condition": "optimal",
    "solver": "gams",
    "subsolver": "baron",
    "is_relaxation": false,
    "root_relaxation_value": 2.0265,
    "root_relaxation_gap_percent": 58.748707239364265,
    "relaxation_gap_percent": null,
    "absolute_gap": null
  }
}