{
  "model_parameters": {
    "n_dimensions": 3,
    "n_clusters": 4,
    "n_points": 10,
    "coord_range_lower": -1,
    "coord_range_upper": 1
  },
  "solution": {
    "status": "optimal",
    "center_coordinates": {
      "cluster_1": {
        "dim_1": -0.60022369860766,
        "dim_2": -0.489973570201488,
        "dim_3": -0.373502539054957
      },
      "cluster_2": {
        "dim_1": -0.557465753239505,
        "dim_2": 0.559337645288923,
        "dim_3": -0.277177330291644
      },
      "cluster_3": {
        "dim_1": 0.406994672864519,
        "dim_2": 0.233111887252329,
        "dim_3": 0.330190896578356
      },
      "cluster_4": {
        "dim_1": 0.542309175012938,
        "dim_2": 0.439592067471556,
        "dim_3": -0.970101773388596
      }
    },
    "distances": {
      "1": 0.156173990911388,
      "2": 0.333765987781823,
      "3": 0.011771319682528,
      "4": 0.181448552936882,
      "5": 0.206300450588878,
      "6": 0.019996020127367,
      "7": 0.047701714490106,
      "8": 0.206300436080831,
      "9": 0.145634049817522,
      "10": 0.0
    },
    "objective_value": 1.309092522417325,
    "lower_bound": 1.309092522417326,
    "absolute_gap": -8.881784197001252e-16,
    "relative_gap": -6.7846879001344e-16
  },
  "performance": {
    "solution_time_seconds": 122.9885687828064,
    "solver_status": "ok",
    "termination_condition": "optimal",
    "solver": "gams",
    "subsolver": "baron",
    "is_relaxation": false,
    "root_relaxation_value": 0.0,
    "root_relaxation_gap_percent": 100.0,
    "relaxation_gap_percent": null,
    "absolute_gap": null
  }
}