{
  "model_parameters": {
    "n_dimensions": 2,
    "n_clusters": 3,
    "n_points": 15,
    "coord_range_lower": -1,
    "coord_range_upper": 1
  },
  "solution": {
    "status": "optimal",
    "center_coordinates": {
      "cluster_1": {
        "dim_1": -0.600379942683731,
        "dim_2": 0.434850383525813
      },
      "cluster_2": {
        "dim_1": 0.023279425966463,
        "dim_2": -0.689265747393957
      },
      "cluster_3": {
        "dim_1": 0.178813162281661,
        "dim_2": 0.714288968275674
      }
    },
    "distances": {
      "1": 0.070763785381632,
      "2": 0.065788040425545,
      "3": 0.084348210842367,
      "4": 0.207993028190394,
      "5": 0.141758711313569,
      "6": 0.138189939788237,
      "7": 0.101350987292065,
      "8": 0.002144819808353,
      "9": 0.273207030910439,
      "10": 0.029399924857871,
      "11": 0.302337294255177,
      "12": 0.115808791202386,
      "13": 0.053797360114266,
      "14": 0.037259517133935,
      "15": 0.005330864612677
    },
    "objective_value": 1.629478306128913,
    "lower_bound": 1.629478231264736,
    "upper_bound": 1.629478306128913,
    "absolute_gap": 7.486417707980308e-08,
    "relative_gap": 4.594364971767465e-08
  },
  "performance": {
    "solution_time_seconds": 1.0218987464904785,
    "solver_status": "ok",
    "termination_condition": "optimal",
    "solver": "gams",
    "subsolver": "baron",
    "is_relaxation": false,
    "root_relaxation_value": 0.0,
    "root_relaxation_gap_percent": 100.0,
    "relaxation_gap_percent": null,
    "absolute_gap": null
  }
}