{
  "model_parameters": {
    "n_dimensions": 3,
    "n_clusters": 3,
    "n_points": 17,
    "coord_range_lower": -1,
    "coord_range_upper": 1
  },
  "solution": {
    "status": "optimal",
    "center_coordinates": {
      "cluster_1": {
        "dim_1": -0.742199740100945,
        "dim_2": -0.230040724346986,
        "dim_3": -0.696269687739732
      },
      "cluster_2": {
        "dim_1": -0.408394807018769,
        "dim_2": 0.102815590327332,
        "dim_3": 0.741290953568765
      },
      "cluster_3": {
        "dim_1": 0.361166803832551,
        "dim_2": 0.016754760738728,
        "dim_3": -0.178181131240961
      }
    },
    "distances": {
      "1": 0.364411192355894,
      "2": 0.223670979060754,
      "3": 0.401782272863488,
      "4": 0.105338340073025,
      "5": 0.163081656571218,
      "6": 0.05748149307255,
      "7": 0.555930651262388,
      "8": 0.528580714060198,
      "9": 0.631560293222825,
      "10": 0.622887597948194,
      "11": 0.687020954425531,
      "12": 0.428049731109998,
      "13": 0.335397289070005,
      "14": 0.745460493696249,
      "15": 0.265577171106693,
      "16": 0.834814189665958,
      "17": 0.274608337630953
    },
    "objective_value": 7.225653357195921,
    "lower_bound": 7.22565451458636,
    "upper_bound": 7.225653357195922,
    "absolute_gap": -1.157390438599748e-06,
    "relative_gap": -1.601779376890128e-07
  },
  "performance": {
    "solution_time_seconds": 86.66159653663635,
    "solver_status": "ok",
    "termination_condition": "optimal",
    "solver": "gams",
    "subsolver": "baron",
    "is_relaxation": false,
    "root_relaxation_value": 3.45584,
    "root_relaxation_gap_percent": 52.17262953033334,
    "relaxation_gap_percent": null,
    "absolute_gap": null
  }
}