{
  "model_parameters": {
    "n_dimensions": 2,
    "n_clusters": 4,
    "n_points": 12,
    "coord_range_lower": -1,
    "coord_range_upper": 1
  },
  "solution": {
    "status": "optimal",
    "center_coordinates": {
      "cluster_1": {
        "dim_1": -0.665636816785666,
        "dim_2": 0.281612961683116
      },
      "cluster_2": {
        "dim_1": -0.379608706161234,
        "dim_2": -0.685869330290787
      },
      "cluster_3": {
        "dim_1": 0.523854387978662,
        "dim_2": -0.016503256414118
      },
      "cluster_4": {
        "dim_1": 0.568705093566627,
        "dim_2": -0.731312287306019
      }
    },
    "distances": {
      "1": 0.03422909805941,
      "2": 0.11718383203854,
      "3": 0.064698016592976,
      "4": 0.10328704127752,
      "5": 0.076842068468325,
      "6": 0.117538871600289,
      "7": 0.065015589905744,
      "8": 0.014984481147054,
      "9": 0.187437579671778,
      "10": 0.121372092634636,
      "11": 0.033899293600592,
      "12": 0.011968351948066
    },
    "objective_value": 0.94845631694493,
    "lower_bound": 0.948456316944932,
    "absolute_gap": -1.9984014443252818e-15,
    "relative_gap": -2.1070042010604375e-15
  },
  "performance": {
    "solution_time_seconds": 267.7949962615967,
    "solver_status": "ok",
    "termination_condition": "optimal",
    "solver": "gams",
    "subsolver": "scip",
    "is_relaxation": false,
    "root_relaxation_value": 0.948456316944932,
    "root_relaxation_gap_percent": 2.107004201060442e-13,
    "relaxation_gap_percent": null,
    "absolute_gap": null
  }
}