{
  "model_parameters": {
    "n_dimensions": 5,
    "n_clusters": 3,
    "n_points": 12,
    "coord_range_lower": -1,
    "coord_range_upper": 1
  },
  "solution": {
    "status": "optimal",
    "center_coordinates": {
      "cluster_1": {
        "dim_1": -0.103205860478064,
        "dim_2": 0.159839033365103,
        "dim_3": 0.384186973221637,
        "dim_4": -0.626390517016411,
        "dim_5": -0.247229616546244
      },
      "cluster_2": {
        "dim_1": 0.465297758925372,
        "dim_2": 0.413313067842629,
        "dim_3": -0.172902899902037,
        "dim_4": 0.673171368614731,
        "dim_5": -0.754698626969864
      },
      "cluster_3": {
        "dim_1": 0.618803524497145,
        "dim_2": -0.560249564450824,
        "dim_3": -0.000996974723759,
        "dim_4": 0.463428143458934,
        "dim_5": 0.292036110269067
      }
    },
    "distances": {
      "1": 0.580332538401684,
      "2": 0.327881070884106,
      "3": 1.294870003735828,
      "4": 0.733319209386656,
      "5": 0.954224856527082,
      "6": 0.658212510713351,
      "7": 0.738143166516353,
      "8": 0.340875510070759,
      "9": 0.810229788275808,
      "10": 0.665352556169096,
      "11": 0.835634934195377,
      "12": 2.57115972194257
    },
    "objective_value": 10.51023586681867,
    "lower_bound": 10.510212005759575,
    "absolute_gap": 2.386105909479852e-05,
    "relative_gap": 2.27027381386053e-06
  },
  "performance": {
    "solution_time_seconds": 1802.2761862277985,
    "solver_status": "ok",
    "termination_condition": "optimal",
    "solver": "gams",
    "subsolver": "scip",
    "is_relaxation": false,
    "root_relaxation_value": 10.5102120057596,
    "root_relaxation_gap_percent": 0.0002270268657362872,
    "relaxation_gap_percent": null,
    "absolute_gap": null
  }
}