{
  "model_parameters": {
    "n_dimensions": 2,
    "n_clusters": 5,
    "n_points": 10,
    "coord_range_lower": -1,
    "coord_range_upper": 1
  },
  "solution": {
    "status": "optimal",
    "center_coordinates": {
      "cluster_1": {
        "dim_1": -0.921321652552881,
        "dim_2": 0.951486805606311
      },
      "cluster_2": {
        "dim_1": -0.765130113126449,
        "dim_2": -0.280369450014696
      },
      "cluster_3": {
        "dim_1": -0.379182105623688,
        "dim_2": 0.557061110484198
      },
      "cluster_4": {
        "dim_1": -0.379182105623688,
        "dim_2": -0.929429512682824
      },
      "cluster_5": {
        "dim_1": 0.56370339053403,
        "dim_2": 0.011657618055124
      }
    },
    "distances": {
      "1": 0.017173638176921,
      "2": 0.018191167648752,
      "3": 0.025455599228876,
      "4": 0.032836065787897,
      "5": 0.018191162408117,
      "6": 0.005860303046825,
      "7": 0.072941608964822,
      "8": 0.032835669398737,
      "9": 0.0,
      "10": 0.015512719197735
    },
    "objective_value": 0.238997933858682,
    "lower_bound": 0.238997933858683,
    "absolute_gap": -9.992007221626409e-16,
    "relative_gap": -4.180792302386421e-15
  },
  "performance": {
    "solution_time_seconds": 6.028794527053833,
    "solver_status": "ok",
    "termination_condition": "optimal",
    "solver": "gams",
    "subsolver": "baron",
    "is_relaxation": false,
    "root_relaxation_value": 0.0,
    "root_relaxation_gap_percent": 100.0,
    "relaxation_gap_percent": null,
    "absolute_gap": null
  }
}