{
  "model_parameters": {
    "n_dimensions": 3,
    "n_clusters": 5,
    "n_points": 20,
    "coord_range_lower": -1,
    "coord_range_upper": 1
  },
  "solution": {
    "status": "optimal",
    "center_coordinates": {
      "cluster_1": {
        "dim_1": -0.757899334480752,
        "dim_2": 0.480780001563528,
        "dim_3": 0.93307911638052
      },
      "cluster_2": {
        "dim_1": -0.7578993440438,
        "dim_2": -0.148538561108276,
        "dim_3": -0.56615376016134
      },
      "cluster_3": {
        "dim_1": 0.521112251612492,
        "dim_2": -0.52891209801217,
        "dim_3": -0.51223950295041
      },
      "cluster_4": {
        "dim_1": 0.636681549208767,
        "dim_2": 0.579741398371339,
        "dim_3": -0.572402747510829
      },
      "cluster_5": {
        "dim_1": 0.677204759572626,
        "dim_2": 0.186975406254504,
        "dim_3": 0.545554723589248
      }
    },
    "distances": {
      "1": 0.21372881989473,
      "2": 0.222776488572123,
      "3": 0.225063817428479,
      "4": 0.088539138641333,
      "5": 0.215054446037021,
      "6": 0.055167732699382,
      "7": 0.499871910131025,
      "8": 0.15005201994228,
      "9": 0.241178938677732,
      "10": 0.560189918903566,
      "11": 0.081438976851371,
      "12": 0.280654569431941,
      "13": 0.192818088533852,
      "14": 0.465541634277205,
      "15": 0.427700696992232,
      "16": 0.104571756402811,
      "17": 0.025374476126707,
      "18": 0.631572485394138,
      "19": 0.910148374859922,
      "20": 0.456726112500942
    },
    "objective_value": 6.048170402298792,
    "lower_bound": 1.554323238246495,
    "absolute_gap": 4.493847164052298,
    "relative_gap": 2.891192162269939
  },
  "performance": {
    "solution_time_seconds": 1804.3134627342224,
    "solver_status": "ok",
    "termination_condition": "optimal",
    "solver": "gams",
    "subsolver": "scip",
    "is_relaxation": false,
    "root_relaxation_value": 1.55432323824649,
    "root_relaxation_gap_percent": 74.30093507855331,
    "relaxation_gap_percent": null,
    "absolute_gap": null
  }
}