{
  "model_parameters": {
    "n_dimensions": 4,
    "n_clusters": 3,
    "n_points": 12,
    "coord_range_lower": -1,
    "coord_range_upper": 1
  },
  "solution": {
    "status": "optimal",
    "center_coordinates": {
      "cluster_1": {
        "dim_1": -0.020143612916282,
        "dim_2": 0.732887216545434,
        "dim_3": 0.065347192418322,
        "dim_4": -0.380953689188527
      },
      "cluster_2": {
        "dim_1": 0.240844591512268,
        "dim_2": -0.852998415056099,
        "dim_3": 0.449211288229509,
        "dim_4": -0.368021745486064
      },
      "cluster_3": {
        "dim_1": 0.324056196123581,
        "dim_2": -0.088285636105479,
        "dim_3": -0.670725513872668,
        "dim_4": 0.496652447503014
      }
    },
    "distances": {
      "1": 0.07468530344656,
      "2": 0.548312367017156,
      "3": 0.381282951859475,
      "4": 0.150297902945438,
      "5": 1.565767019591474,
      "6": 0.560980682561587,
      "7": 0.692923753268039,
      "8": 0.93578039349044,
      "9": 0.169664419627768,
      "10": 0.77145855833805,
      "11": 0.424142377041548,
      "12": 0.62551319581331
    },
    "objective_value": 6.900808925000844,
    "lower_bound": 6.900805560052937,
    "upper_bound": 6.900808925000844,
    "absolute_gap": 3.364947906980831e-06,
    "relative_gap": 4.87616681516095e-07
  },
  "performance": {
    "solution_time_seconds": 48.89185547828674,
    "solver_status": "ok",
    "termination_condition": "optimal",
    "solver": "gams",
    "subsolver": "baron",
    "is_relaxation": false,
    "root_relaxation_value": 0.0,
    "root_relaxation_gap_percent": 100.0,
    "relaxation_gap_percent": null,
    "absolute_gap": null
  }
}