{
  "model_parameters": {
    "n_dimensions": 3,
    "n_clusters": 3,
    "n_points": 16,
    "coord_range_lower": -1,
    "coord_range_upper": 1
  },
  "solution": {
    "status": "optimal",
    "center_coordinates": {
      "cluster_1": {
        "dim_1": -0.466717505626459,
        "dim_2": 0.124256720416733,
        "dim_3": 0.272547313156221
      },
      "cluster_2": {
        "dim_1": 0.434034397465802,
        "dim_2": 0.344826148616676,
        "dim_3": -0.539338756858603
      },
      "cluster_3": {
        "dim_1": 0.724692212315324,
        "dim_2": -0.856014104158234,
        "dim_3": 0.421530801185943
      }
    },
    "distances": {
      "1": 0.666529671907113,
      "2": 0.230744560240798,
      "3": 0.426831761260412,
      "4": 0.333683382967127,
      "5": 0.052104065581096,
      "6": 0.640843636390614,
      "7": 0.592568329128491,
      "8": 0.356696604834547,
      "9": 0.07263300287744,
      "10": 0.05240270277198,
      "11": 1.220141503020665,
      "12": 0.485554314869077,
      "13": 0.892747303024791,
      "14": 0.3385749103018,
      "15": 0.210336035103838,
      "16": 0.195737866378956
    },
    "objective_value": 6.768129650658745,
    "lower_bound": 6.768122908997798,
    "upper_bound": 6.768129650658743,
    "absolute_gap": 6.741660946829597e-06,
    "relative_gap": 9.960902066165169e-07
  },
  "performance": {
    "solution_time_seconds": 283.67378211021423,
    "solver_status": "ok",
    "termination_condition": "optimal",
    "solver": "gams",
    "subsolver": "gurobi",
    "is_relaxation": false,
    "root_relaxation_value": 0.0,
    "root_relaxation_gap_percent": 100.0,
    "relaxation_gap_percent": null,
    "absolute_gap": null
  }
}