{
  "model_parameters": {
    "n_dimensions": 5,
    "n_clusters": 3,
    "n_points": 16,
    "coord_range_lower": -1,
    "coord_range_upper": 1
  },
  "solution": {
    "status": "optimal",
    "center_coordinates": {
      "cluster_1": {
        "dim_1": -0.216888092181489,
        "dim_2": -0.441913827147347,
        "dim_3": -0.187262207805883,
        "dim_4": 0.58856378874204,
        "dim_5": 0.162103903410257
      },
      "cluster_2": {
        "dim_1": 0.380756073139473,
        "dim_2": 0.562544856959599,
        "dim_3": 0.784508199006786,
        "dim_4": 0.388360248054547,
        "dim_5": 0.553301751874927
      },
      "cluster_3": {
        "dim_1": 0.550327646870836,
        "dim_2": -0.126318916609028,
        "dim_3": -0.406048320855517,
        "dim_4": -0.346143131188441,
        "dim_5": -0.4392225788267
      }
    },
    "distances": {
      "1": 1.793454522710683,
      "2": 1.057096519725866,
      "3": 0.725304689069376,
      "4": 0.378457206503969,
      "5": 0.76758169450591,
      "6": 0.281535514696803,
      "7": 0.86478358987508,
      "8": 0.737812913673739,
      "9": 1.288265160293573,
      "10": 1.436276383710542,
      "11": 1.778980062323398,
      "12": 0.642467103767952,
      "13": 0.335867795791006,
      "14": 0.966916973008145,
      "15": 2.477581652135747,
      "16": 0.866060026213737
    },
    "objective_value": 16.398441808005526,
    "lower_bound": 6.226473360454797,
    "upper_bound": 16.398441808005522,
    "absolute_gap": 10.171968447550729,
    "relative_gap": 1.633664493315642
  },
  "performance": {
    "solution_time_seconds": 301.5476701259613,
    "solver_status": "ok",
    "termination_condition": "optimal",
    "solver": "gams",
    "subsolver": "baron",
    "is_relaxation": false,
    "root_relaxation_value": 1.61697,
    "root_relaxation_gap_percent": 90.1394899653782,
    "relaxation_gap_percent": null,
    "absolute_gap": null
  }
}