{
  "model_parameters": {
    "n_dimensions": 2,
    "n_clusters": 5,
    "n_points": 10,
    "coord_range_lower": -1,
    "coord_range_upper": 1
  },
  "solution": {
    "status": "optimal",
    "center_coordinates": {
      "cluster_1": {
        "dim_1": -0.885261945284584,
        "dim_2": 0.57363578210984
      },
      "cluster_2": {
        "dim_1": -0.754607504933248,
        "dim_2": -0.823465140182035
      },
      "cluster_3": {
        "dim_1": -0.159385311543759,
        "dim_2": -0.130094528198242
      },
      "cluster_4": {
        "dim_1": 0.048653853889967,
        "dim_2": 0.509872640232239
      },
      "cluster_5": {
        "dim_1": 0.864757595726824,
        "dim_2": 0.741974168501432
      }
    },
    "distances": {
      "1": 0.006520639621684,
      "2": 0.025446875078035,
      "3": 0.013204766723114,
      "4": 0.016307765332434,
      "5": 0.0,
      "6": 0.145559003963895,
      "7": 0.160178319406127,
      "8": 0.013354831884296,
      "9": 0.0,
      "10": 0.027514494301484
    },
    "objective_value": 0.40808669631106903,
    "lower_bound": 0.408086696311066,
    "absolute_gap": 3.0531133177191805e-15,
    "relative_gap": 7.481531119044201e-15
  },
  "performance": {
    "solution_time_seconds": 8.308576107025146,
    "solver_status": "ok",
    "termination_condition": "optimal",
    "solver": "gams",
    "subsolver": "scip",
    "is_relaxation": false,
    "root_relaxation_value": 0.408086696311066,
    "root_relaxation_gap_percent": 7.481531119044146e-13,
    "relaxation_gap_percent": null,
    "absolute_gap": null
  }
}