{
  "model_parameters": {
    "n_dimensions": 4,
    "n_clusters": 4,
    "n_points": 15,
    "coord_range_lower": -1,
    "coord_range_upper": 1
  },
  "solution": {
    "status": "optimal",
    "center_coordinates": {
      "cluster_1": {
        "dim_1": -0.79457040111036,
        "dim_2": -0.201126048238732,
        "dim_3": -0.923835950606122,
        "dim_4": 0.141715253325338
      },
      "cluster_2": {
        "dim_1": -0.557790457994421,
        "dim_2": -0.516690661524239,
        "dim_3": 0.728241136841513,
        "dim_4": -0.507434187974988
      },
      "cluster_3": {
        "dim_1": 0.230386062250189,
        "dim_2": 0.317274086711311,
        "dim_3": -0.508295129003805,
        "dim_4": -0.518092356141602
      },
      "cluster_4": {
        "dim_1": 0.62641789902268,
        "dim_2": 0.304877763710153,
        "dim_3": 0.481495651431799,
        "dim_4": -0.03611957318107
      }
    },
    "distances": {
      "1": 0.790200523783882,
      "2": 0.666667169497695,
      "3": 0.574086581402771,
      "4": 0.275884722896777,
      "5": 0.445235370989854,
      "6": 0.688357053296742,
      "7": 0.525803302657463,
      "8": 0.133998488080562,
      "9": 0.230436749026323,
      "10": 0.275884715342733,
      "11": 0.133998482241683,
      "12": 0.495031939986476,
      "13": 0.276957225551267,
      "14": 0.799833857011017,
      "15": 0.411227118822137
    },
    "objective_value": 6.723603300587382,
    "lower_bound": 3.34963587621475,
    "absolute_gap": 3.3739674243726325,
    "relative_gap": 1.0072639382479323
  },
  "performance": {
    "solution_time_seconds": 1802.1680068969727,
    "solver_status": "ok",
    "termination_condition": "optimal",
    "solver": "gams",
    "subsolver": "scip",
    "is_relaxation": false,
    "root_relaxation_value": 3.34963587621475,
    "root_relaxation_gap_percent": 50.180941283045044,
    "relaxation_gap_percent": null,
    "absolute_gap": null
  }
}