{
  "model_parameters": {
    "n_dimensions": 5,
    "n_clusters": 4,
    "n_points": 16,
    "coord_range_lower": -1,
    "coord_range_upper": 1
  },
  "solution": {
    "status": "optimal",
    "center_coordinates": {
      "cluster_1": {
        "dim_1": -0.636869563830427,
        "dim_2": 0.168304260867156,
        "dim_3": 0.546836373145266,
        "dim_4": -0.620909944811104,
        "dim_5": -0.729884985657854
      },
      "cluster_2": {
        "dim_1": -0.179874945750225,
        "dim_2": -0.530620667988655,
        "dim_3": 0.148115957429019,
        "dim_4": 0.300879022965406,
        "dim_5": -0.237195976117075
      },
      "cluster_3": {
        "dim_1": -0.024496491263745,
        "dim_2": 0.470604770108516,
        "dim_3": 0.279032931892903,
        "dim_4": -0.786824610120312,
        "dim_5": 0.755622738238082
      },
      "cluster_4": {
        "dim_1": 0.535685084029126,
        "dim_2": 0.641232964837131,
        "dim_3": -0.08079182160614,
        "dim_4": 0.076618102865214,
        "dim_5": -0.486017176432159
      }
    },
    "distances": {
      "1": 0.822239108483199,
      "2": 1.074738711726519,
      "3": 0.288622851591237,
      "4": 1.457696309350636,
      "5": 0.397081156383821,
      "6": 0.98513602349946,
      "7": 0.729797538067609,
      "8": 0.812441146387215,
      "9": 0.770457858992993,
      "10": 0.500022089542115,
      "11": 0.669715424678067,
      "12": 0.785994512963451,
      "13": 0.340394324760108,
      "14": 0.260512881766666,
      "15": 0.759591515822416,
      "16": 0.489449028286404
    },
    "objective_value": 11.143890482301916,
    "lower_bound": 0.697074028290188,
    "upper_bound": 11.143890482301918,
    "absolute_gap": 10.446816454011728,
    "relative_gap": 14.98666716881722
  },
  "performance": {
    "solution_time_seconds": 301.45768690109253,
    "solver_status": "ok",
    "termination_condition": "optimal",
    "solver": "gams",
    "subsolver": "baron",
    "is_relaxation": false,
    "root_relaxation_value": 0.0,
    "root_relaxation_gap_percent": 100.0,
    "relaxation_gap_percent": null,
    "absolute_gap": null
  }
}