{
  "model_parameters": {
    "n_dimensions": 4,
    "n_clusters": 5,
    "n_points": 15,
    "coord_range_lower": -1,
    "coord_range_upper": 1
  },
  "solution": {
    "status": "optimal",
    "center_coordinates": {
      "cluster_1": {
        "dim_1": -0.641862934822653,
        "dim_2": 0.413500816422294,
        "dim_3": 0.450608594270487,
        "dim_4": -0.040621830064957
      },
      "cluster_2": {
        "dim_1": -0.641862934822662,
        "dim_2": 0.872653991959641,
        "dim_3": -0.96055538514769,
        "dim_4": -0.551680382108604
      },
      "cluster_3": {
        "dim_1": -0.641862934822661,
        "dim_2": -0.345838869499754,
        "dim_3": -0.31496485198743,
        "dim_4": 0.68974089258754
      },
      "cluster_4": {
        "dim_1": 0.321960343288581,
        "dim_2": 0.030239132386701,
        "dim_3": 0.790852634923857,
        "dim_4": 0.379209191424097
      },
      "cluster_5": {
        "dim_1": 0.484539149824413,
        "dim_2": -0.037908403813915,
        "dim_3": -0.469797213764989,
        "dim_4": -0.290635938256523
      }
    },
    "distances": {
      "1": 0.279715277519166,
      "2": 0.021497482318662,
      "3": 0.295038181773988,
      "4": 0.25342559904968,
      "5": 0.188193452580405,
      "6": 0.072387347762513,
      "7": 0.390817163458013,
      "8": 0.333570753799639,
      "9": 1.013874735984949,
      "10": 0.548047975081239,
      "11": 0.765466040506015,
      "12": 0.221505017560322,
      "13": 0.526542438543298,
      "14": 0.802259624058448,
      "15": 0.141245764153442
    },
    "objective_value": 5.853586854149778,
    "lower_bound": 2.837790442950282,
    "absolute_gap": 3.0157964111994966,
    "relative_gap": 1.0627269602276033
  },
  "performance": {
    "solution_time_seconds": 1800.6628255844116,
    "solver_status": "ok",
    "termination_condition": "optimal",
    "solver": "gams",
    "subsolver": "gurobi",
    "is_relaxation": false,
    "root_relaxation_value": 0.0,
    "root_relaxation_gap_percent": 100.0,
    "relaxation_gap_percent": null,
    "absolute_gap": null
  }
}