{
  "model_parameters": {
    "n_dimensions": 4,
    "n_clusters": 3,
    "n_points": 15,
    "coord_range_lower": -1,
    "coord_range_upper": 1
  },
  "solution": {
    "status": "optimal",
    "center_coordinates": {
      "cluster_1": {
        "dim_1": -0.673057149416746,
        "dim_2": 0.627901850699982,
        "dim_3": -0.465768052549205,
        "dim_4": -0.004687407764217
      },
      "cluster_2": {
        "dim_1": 0.020537430796088,
        "dim_2": -0.430487117704002,
        "dim_3": 0.155842224076849,
        "dim_4": 0.282035002066629
      },
      "cluster_3": {
        "dim_1": 0.680034804988549,
        "dim_2": 0.297989658035986,
        "dim_3": 0.204668198536864,
        "dim_4": -0.370292541399315
      }
    },
    "distances": {
      "1": 0.258182961326633,
      "2": 0.647679744995171,
      "3": 0.598231530241007,
      "4": 0.36562178608146,
      "5": 1.267544615863703,
      "6": 0.343495373215059,
      "7": 0.692795249800884,
      "8": 0.705166333185392,
      "9": 0.480051715298088,
      "10": 0.388375286330871,
      "11": 0.492828955083751,
      "12": 0.543313853044401,
      "13": 0.29913579408924,
      "14": 0.635590277199234,
      "15": 0.522410373225887
    },
    "objective_value": 8.24042384898078,
    "lower_bound": 8.240423988209496,
    "upper_bound": 8.24042384898078,
    "absolute_gap": -1.392287156676275e-07,
    "relative_gap": -1.689581942225761e-08
  },
  "performance": {
    "solution_time_seconds": 164.60905408859253,
    "solver_status": "ok",
    "termination_condition": "optimal",
    "solver": "gams",
    "subsolver": "baron",
    "is_relaxation": false,
    "root_relaxation_value": 3.0178,
    "root_relaxation_gap_percent": 63.378097349042825,
    "relaxation_gap_percent": null,
    "absolute_gap": null
  }
}