{
  "model_parameters": {
    "n_dimensions": 5,
    "n_clusters": 3,
    "n_points": 12,
    "coord_range_lower": -1,
    "coord_range_upper": 1
  },
  "solution": {
    "status": "optimal",
    "center_coordinates": {
      "cluster_1": {
        "dim_1": -0.011988850291395,
        "dim_2": 0.015781195341077,
        "dim_3": 0.42892430201878,
        "dim_4": -0.496090733035836,
        "dim_5": -0.205886004921215
      },
      "cluster_2": {
        "dim_1": 0.571168535644423,
        "dim_2": -0.512163110182096,
        "dim_3": -0.218866720999231,
        "dim_4": 0.566101702996553,
        "dim_5": 0.389103528518248
      },
      "cluster_3": {
        "dim_1": 0.571168535644423,
        "dim_2": 0.413312928120063,
        "dim_3": -0.172902955729372,
        "dim_4": 0.673171191096121,
        "dim_5": -0.754698801541575
      }
    },
    "distances": {
      "1": 0.589035606377745,
      "2": 0.325940199944103,
      "3": 1.14356193917969,
      "4": 0.692209826791815,
      "5": 0.630857660579003,
      "6": 1.244051050462312,
      "7": 0.73173441625661,
      "8": 0.528812445129419,
      "9": 0.852205602297367,
      "10": 0.954249630004808,
      "11": 0.731384912352139,
      "12": 2.768689006554752
    },
    "objective_value": 11.192732295929764,
    "lower_bound": 11.192732295929762,
    "absolute_gap": 1.7763568394002505e-15,
    "relative_gap": 1.5870627407449231e-16
  },
  "performance": {
    "solution_time_seconds": 86.91893720626831,
    "solver_status": "ok",
    "termination_condition": "optimal",
    "solver": "gams",
    "subsolver": "baron",
    "is_relaxation": false,
    "root_relaxation_value": 0.0,
    "root_relaxation_gap_percent": 100.0,
    "relaxation_gap_percent": null,
    "absolute_gap": null
  }
}