{
  "model_parameters": {
    "n_dimensions": 4,
    "n_clusters": 5,
    "n_points": 11,
    "coord_range_lower": -1,
    "coord_range_upper": 1
  },
  "solution": {
    "status": "optimal",
    "center_coordinates": {
      "cluster_1": {
        "dim_1": -0.226336782266575,
        "dim_2": -0.18166903937022,
        "dim_3": -0.722822821509279,
        "dim_4": -0.873977591976431
      },
      "cluster_2": {
        "dim_1": -0.214492338864166,
        "dim_2": 0.156165418516476,
        "dim_3": -0.486065763313829,
        "dim_4": 0.419300411299726
      },
      "cluster_3": {
        "dim_1": 0.006905974874611,
        "dim_2": 0.94163126216102,
        "dim_3": 0.546597240584066,
        "dim_4": -0.804862278224493
      },
      "cluster_4": {
        "dim_1": 0.732474663020793,
        "dim_2": 0.572889422307452,
        "dim_3": -0.41323731423046,
        "dim_4": 0.524587083774442
      },
      "cluster_5": {
        "dim_1": 0.766648072174293,
        "dim_2": -0.545732708226128,
        "dim_3": -0.196945708049794,
        "dim_4": 0.698847179976844
      }
    },
    "distances": {
      "1": 0.262467222981551,
      "2": 0.480448879697799,
      "3": 0.393566113264631,
      "4": 0.246528818032013,
      "5": 0.0,
      "6": 0.408785677126223,
      "7": 0.408785662305857,
      "8": 0.616075984633035,
      "9": 0.177120872097185,
      "10": 0.26246722953873,
      "11": 0.177120866868859
    },
    "objective_value": 3.433367326545883,
    "lower_bound": 3.142026329532245,
    "absolute_gap": 0.2913409970136378,
    "relative_gap": 0.09272391968052346
  },
  "performance": {
    "solution_time_seconds": 1856.5575156211853,
    "solver_status": "ok",
    "termination_condition": "optimal",
    "solver": "gams",
    "subsolver": "baron",
    "is_relaxation": false,
    "root_relaxation_value": 0.108204,
    "root_relaxation_gap_percent": 96.84845838767686,
    "relaxation_gap_percent": null,
    "absolute_gap": null
  }
}