{
  "model_parameters": {
    "n_dimensions": 2,
    "n_clusters": 4,
    "n_points": 13,
    "coord_range_lower": -1,
    "coord_range_upper": 1
  },
  "solution": {
    "status": "optimal",
    "center_coordinates": {
      "cluster_1": {
        "dim_1": -0.828078645144964,
        "dim_2": 0.445788952955097
      },
      "cluster_2": {
        "dim_1": -0.089412440365414,
        "dim_2": 0.202361053894391
      },
      "cluster_3": {
        "dim_1": 0.770670688725833,
        "dim_2": -0.02316779995752
      },
      "cluster_4": {
        "dim_1": 0.912549807839847,
        "dim_2": -0.781011315802402
      }
    },
    "distances": {
      "1": 0.011743392230395,
      "2": 0.022462614341552,
      "3": 0.133297299353587,
      "4": 0.100936753864342,
      "5": 0.132816281529176,
      "6": 0.117099985684818,
      "7": 0.218593160270179,
      "8": 0.006948845210702,
      "9": 0.044365842814227,
      "10": 0.050900733045498,
      "11": 0.0,
      "12": 0.032536854297172,
      "13": 0.081828571993575
    },
    "objective_value": 0.953530334635223,
    "lower_bound": 0.953530334635227,
    "upper_bound": 0.953530334635224,
    "absolute_gap": -3.9968028886505635e-15,
    "relative_gap": -4.1915844137035664e-15
  },
  "performance": {
    "solution_time_seconds": 9.88785457611084,
    "solver_status": "ok",
    "termination_condition": "optimal",
    "solver": "gams",
    "subsolver": "scip",
    "is_relaxation": false,
    "root_relaxation_value": 0.953530334635227,
    "root_relaxation_gap_percent": 4.1915844137035846e-13,
    "relaxation_gap_percent": null,
    "absolute_gap": null
  }
}