{
  "model_parameters": {
    "n_dimensions": 5,
    "n_clusters": 3,
    "n_points": 11,
    "coord_range_lower": -1,
    "coord_range_upper": 1
  },
  "solution": {
    "status": "optimal",
    "center_coordinates": {
      "cluster_1": {
        "dim_1": -0.605799089319533,
        "dim_2": -0.599998230078791,
        "dim_3": -0.207212004247035,
        "dim_4": 0.276124652205326,
        "dim_5": -0.170756624240143
      },
      "cluster_2": {
        "dim_1": 0.108605256847366,
        "dim_2": 0.575515100380223,
        "dim_3": -0.139803832409336,
        "dim_4": 0.163054104253387,
        "dim_5": 0.139458809669388
      },
      "cluster_3": {
        "dim_1": 0.853130447731634,
        "dim_2": -0.696203462201678,
        "dim_3": 0.840850180417754,
        "dim_4": -0.242500146058552,
        "dim_5": 0.021286934124493
      }
    },
    "distances": {
      "1": 0.90558331869497,
      "2": 1.000605417647498,
      "3": 0.74442681511749,
      "4": 0.441271844860605,
      "5": 0.838495369823363,
      "6": 0.721106938929879,
      "7": 0.487152473601207,
      "8": 0.915197056458037,
      "9": 1.071017728303083,
      "10": 1.325820249804084,
      "11": 0.744429478966161
    },
    "objective_value": 9.195106692206377,
    "lower_bound": 9.195106692206377,
    "absolute_gap": 0.0,
    "relative_gap": 0.0
  },
  "performance": {
    "solution_time_seconds": 30.594379663467407,
    "solver_status": "ok",
    "termination_condition": "optimal",
    "solver": "gams",
    "subsolver": "baron",
    "is_relaxation": false,
    "root_relaxation_value": 0.0,
    "root_relaxation_gap_percent": 100.0,
    "relaxation_gap_percent": null,
    "absolute_gap": null
  }
}