{
  "model_parameters": {
    "n_dimensions": 3,
    "n_clusters": 5,
    "n_points": 12,
    "coord_range_lower": -1,
    "coord_range_upper": 1
  },
  "solution": {
    "status": "optimal",
    "center_coordinates": {
      "cluster_1": {
        "dim_1": -0.942213970946093,
        "dim_2": -0.061426356418445,
        "dim_3": 0.280953839214036
      },
      "cluster_2": {
        "dim_1": 0.396197588753661,
        "dim_2": 0.226509641434902,
        "dim_3": 0.520364112464141
      },
      "cluster_3": {
        "dim_1": 0.629745746648974,
        "dim_2": 0.646003122634845,
        "dim_3": -0.067333365521808
      },
      "cluster_4": {
        "dim_1": 0.629745746648974,
        "dim_2": -0.527631852119733,
        "dim_3": -0.461257780768025
      },
      "cluster_5": {
        "dim_1": 0.998106507350077,
        "dim_2": 0.779355862765128,
        "dim_3": -0.758689019873801
      }
    },
    "distances": {
      "1": 0.028894620496022,
      "2": 0.0,
      "3": 0.072818119536451,
      "4": 0.233153007828888,
      "5": 0.223842243575235,
      "6": 0.121459428360817,
      "7": 0.121459436858429,
      "8": 0.074089141052081,
      "9": 0.261430580714316,
      "10": 0.019413365390979,
      "11": 0.21559230121002,
      "12": 0.20141433180537
    },
    "objective_value": 1.573566576828608,
    "lower_bound": 1.573566576828608,
    "absolute_gap": 0.0,
    "relative_gap": 0.0
  },
  "performance": {
    "solution_time_seconds": 36.159881591796875,
    "solver_status": "ok",
    "termination_condition": "optimal",
    "solver": "gams",
    "subsolver": "baron",
    "is_relaxation": false,
    "root_relaxation_value": 0.0,
    "root_relaxation_gap_percent": 100.0,
    "relaxation_gap_percent": null,
    "absolute_gap": null
  }
}