{
  "model_parameters": {
    "n_dimensions": 2,
    "n_clusters": 4,
    "n_points": 14,
    "coord_range_lower": -1,
    "coord_range_upper": 1
  },
  "solution": {
    "status": "optimal",
    "center_coordinates": {
      "cluster_1": {
        "dim_1": -0.312797018199833,
        "dim_2": -0.703015912788396
      },
      "cluster_2": {
        "dim_1": -0.312797028187823,
        "dim_2": 0.26322575315094
      },
      "cluster_3": {
        "dim_1": 0.636063169079037,
        "dim_2": 0.773874910257015
      },
      "cluster_4": {
        "dim_1": 0.636063159124254,
        "dim_2": -0.240791485147631
      }
    },
    "distances": {
      "1": 0.119811900531065,
      "2": 0.011164285494384,
      "3": 0.172919004685179,
      "4": 0.07137931697565,
      "5": 0.006633463844991,
      "6": 0.091147312440101,
      "7": 0.041196165419431,
      "8": 0.06362387493586,
      "9": 0.065860350138519,
      "10": 0.266077007068241,
      "11": 0.197138651645016,
      "12": 0.002056998366584,
      "13": 0.05487040002559,
      "14": 0.047741214474095
    },
    "objective_value": 1.2116199460447061,
    "lower_bound": 0.566298734248377,
    "absolute_gap": 0.6453212117963292,
    "relative_gap": 1.1395420345638512
  },
  "performance": {
    "solution_time_seconds": 1801.3361520767212,
    "solver_status": "ok",
    "termination_condition": "optimal",
    "solver": "gams",
    "subsolver": "scip",
    "is_relaxation": false,
    "root_relaxation_value": 0.566298734248377,
    "root_relaxation_gap_percent": 53.261025778170726,
    "relaxation_gap_percent": null,
    "absolute_gap": null
  }
}