{
  "model_parameters": {
    "n_dimensions": 3,
    "n_clusters": 5,
    "n_points": 12,
    "coord_range_lower": -1,
    "coord_range_upper": 1
  },
  "solution": {
    "status": "optimal",
    "center_coordinates": {
      "cluster_1": {
        "dim_1": -0.942310016010248,
        "dim_2": -0.061407572969104,
        "dim_3": 0.280698685720065
      },
      "cluster_2": {
        "dim_1": 0.39599609375,
        "dim_2": 0.226326472677422,
        "dim_3": 0.520393371582031
      },
      "cluster_3": {
        "dim_1": 0.459192839610392,
        "dim_2": -0.528297948216425,
        "dim_3": -0.460876943209172
      },
      "cluster_4": {
        "dim_1": 0.663775784683849,
        "dim_2": 0.645694134244945,
        "dim_3": -0.067501192006487
      },
      "cluster_5": {
        "dim_1": 0.998077103343348,
        "dim_2": 0.77951908500756,
        "dim_3": -0.758020456186765
      }
    },
    "distances": {
      "1": 0.0,
      "2": 0.0,
      "3": 0.060758449123331,
      "4": 0.233138534357464,
      "5": 0.223899278665154,
      "6": 0.12150845901425,
      "7": 0.1214099428576,
      "8": 0.060651754874293,
      "9": 0.258260021010019,
      "10": 0.027525486337214,
      "11": 0.230367965022177,
      "12": 0.201370787774799
    },
    "objective_value": 1.538890679036301,
    "lower_bound": 1.538890679036303,
    "upper_bound": 1.538890679036303,
    "absolute_gap": -1.9984014443252818e-15,
    "relative_gap": -1.2985987059046569e-15
  },
  "performance": {
    "solution_time_seconds": 88.69560933113098,
    "solver_status": "ok",
    "termination_condition": "optimal",
    "solver": "gams",
    "subsolver": "scip",
    "is_relaxation": false,
    "root_relaxation_value": 1.5388906790363,
    "root_relaxation_gap_percent": 7.214437255025881e-14,
    "relaxation_gap_percent": null,
    "absolute_gap": null
  }
}