{
  "model_parameters": {
    "n_dimensions": 2,
    "n_clusters": 4,
    "n_points": 13,
    "coord_range_lower": -1,
    "coord_range_upper": 1
  },
  "solution": {
    "status": "optimal",
    "center_coordinates": {
      "cluster_1": {
        "dim_1": -0.827468201186314,
        "dim_2": 0.446037432825449
      },
      "cluster_2": {
        "dim_1": -0.089014737663788,
        "dim_2": 0.202417072935795
      },
      "cluster_3": {
        "dim_1": 0.770383773747494,
        "dim_2": -0.02283636257748
      },
      "cluster_4": {
        "dim_1": 0.912099463286966,
        "dim_2": -0.780744600748407
      }
    },
    "distances": {
      "1": 0.01179560362955,
      "2": 0.022471798063147,
      "3": 0.133057106779557,
      "4": 0.101214377160352,
      "5": 0.133057107820081,
      "6": 0.117011089668013,
      "7": 0.218337227508266,
      "8": 0.007017591579502,
      "9": 0.044215313563394,
      "10": 0.051064203537319,
      "11": 0.0,
      "12": 0.032443261302123,
      "13": 0.081848239745509
    },
    "objective_value": 0.953532920356813,
    "lower_bound": 0.953532853082405,
    "upper_bound": 0.953532920356816,
    "absolute_gap": 6.72744080443266e-08,
    "relative_gap": 7.05527951416192e-08
  },
  "performance": {
    "solution_time_seconds": 4.176248788833618,
    "solver_status": "ok",
    "termination_condition": "optimal",
    "solver": "gams",
    "subsolver": "baron",
    "is_relaxation": false,
    "root_relaxation_value": 0.0,
    "root_relaxation_gap_percent": 100.0,
    "relaxation_gap_percent": null,
    "absolute_gap": null
  }
}