{
  "model_parameters": {
    "n_dimensions": 2,
    "n_clusters": 4,
    "n_points": 13,
    "coord_range_lower": -1,
    "coord_range_upper": 1
  },
  "solution": {
    "status": "optimal",
    "center_coordinates": {
      "cluster_1": {
        "dim_1": -0.827468201118857,
        "dim_2": 0.446037432183466
      },
      "cluster_2": {
        "dim_1": -0.088707990656529,
        "dim_2": 0.202250432867214
      },
      "cluster_3": {
        "dim_1": 0.770264947419097,
        "dim_2": -0.022892908924116
      },
      "cluster_4": {
        "dim_1": 0.912084793254162,
        "dim_2": -0.780704782116494
      }
    },
    "distances": {
      "1": 0.011776572976295,
      "2": 0.022434471132629,
      "3": 0.133057107246264,
      "4": 0.101228012055887,
      "5": 0.133057107372362,
      "6": 0.116813762560487,
      "7": 0.218409179369638,
      "8": 0.007030610426602,
      "9": 0.044172460823634,
      "10": 0.051136626104446,
      "11": 0.0,
      "12": 0.03243415382352,
      "13": 0.081979690770164
    },
    "objective_value": 0.953529754661928,
    "lower_bound": 0.953529754661931,
    "upper_bound": 0.953529754661931,
    "absolute_gap": -2.9976021664879227e-15,
    "relative_gap": -3.143690222389239e-15
  },
  "performance": {
    "solution_time_seconds": 11.29561471939087,
    "solver_status": "ok",
    "termination_condition": "optimal",
    "solver": "gams",
    "subsolver": "baron",
    "is_relaxation": false,
    "root_relaxation_value": 0.0,
    "root_relaxation_gap_percent": 100.0,
    "relaxation_gap_percent": null,
    "absolute_gap": null
  }
}