{
  "model_parameters": {
    "n_dimensions": 5,
    "n_clusters": 4,
    "n_points": 11,
    "coord_range_lower": -1,
    "coord_range_upper": 1
  },
  "solution": {
    "status": "optimal",
    "center_coordinates": {
      "cluster_1": {
        "dim_1": -0.78334768690691,
        "dim_2": -0.531067124603059,
        "dim_3": -0.500396866551717,
        "dim_4": 0.435979992503251,
        "dim_5": -0.381452211437142
      },
      "cluster_2": {
        "dim_1": -0.733312244688674,
        "dim_2": 0.546089263182657,
        "dim_3": 0.372931584453606,
        "dim_4": -0.663376980310537,
        "dim_5": 0.160434724677932
      },
      "cluster_3": {
        "dim_1": -0.467094635430121,
        "dim_2": 0.037510399359093,
        "dim_3": 0.661019153574667,
        "dim_4": 0.463437154252242,
        "dim_5": -0.080969962923448
      },
      "cluster_4": {
        "dim_1": 0.527746981313845,
        "dim_2": 0.281078656247134,
        "dim_3": 0.604841304468553,
        "dim_4": -0.395594071970216,
        "dim_5": 0.065165125401766
      }
    },
    "distances": {
      "1": 0.217559214854638,
      "2": 0.415531116943177,
      "3": 0.587305430819447,
      "4": 0.954611806722097,
      "5": 0.219314778873377,
      "6": 0.49972323070213,
      "7": 0.439636342175622,
      "8": 0.276967751175706,
      "9": 0.440595096122587,
      "10": 0.309780815910542,
      "11": 0.485673810078706
    },
    "objective_value": 4.846699394378029,
    "lower_bound": 4.434914471172165,
    "absolute_gap": 0.4117849232058637,
    "relative_gap": 0.0928507022813063
  },
  "performance": {
    "solution_time_seconds": 1801.2190310955048,
    "solver_status": "ok",
    "termination_condition": "optimal",
    "solver": "gams",
    "subsolver": "gurobi",
    "is_relaxation": false,
    "root_relaxation_value": 0.0,
    "root_relaxation_gap_percent": 100.0,
    "relaxation_gap_percent": null,
    "absolute_gap": null
  }
}