{
  "model_parameters": {
    "n_dimensions": 3,
    "n_clusters": 4,
    "n_points": 15,
    "coord_range_lower": -1,
    "coord_range_upper": 1
  },
  "solution": {
    "status": "optimal",
    "center_coordinates": {
      "cluster_1": {
        "dim_1": -0.629142450641472,
        "dim_2": 0.701126491006291,
        "dim_3": -0.212603784248013
      },
      "cluster_2": {
        "dim_1": 0.127498407632593,
        "dim_2": 0.200291801591027,
        "dim_3": 0.474824968230173
      },
      "cluster_3": {
        "dim_1": 0.289839465867033,
        "dim_2": -0.492623169837754,
        "dim_3": -0.606636242427302
      },
      "cluster_4": {
        "dim_1": 0.623064737548559,
        "dim_2": -0.795080929156346,
        "dim_3": 0.557394345581421
      }
    },
    "distances": {
      "1": 0.145081473806706,
      "2": 0.100766294737455,
      "3": 0.024529638128898,
      "4": 0.093021738909136,
      "5": 0.122916058542191,
      "6": 0.222305448245656,
      "7": 0.020535333767907,
      "8": 0.150491720294099,
      "9": 0.044434998268073,
      "10": 0.204622382541999,
      "11": 0.004685669159886,
      "12": 0.657935358588589,
      "13": 0.278153446579052,
      "14": 0.066234360626838,
      "15": 0.092546175558793
    },
    "objective_value": 2.228260097755278,
    "lower_bound": 1.714781881903267,
    "upper_bound": 2.228260097755277,
    "absolute_gap": 0.5134782158520108,
    "relative_gap": 0.2994422913321735
  },
  "performance": {
    "solution_time_seconds": 300.8708608150482,
    "solver_status": "ok",
    "termination_condition": "optimal",
    "solver": "gams",
    "subsolver": "scip",
    "is_relaxation": false,
    "root_relaxation_value": 1.71478188190327,
    "root_relaxation_gap_percent": 23.04390840051749,
    "relaxation_gap_percent": null,
    "absolute_gap": null
  }
}