{
  "model_parameters": {
    "n_dimensions": 4,
    "n_clusters": 4,
    "n_points": 11,
    "coord_range_lower": -1,
    "coord_range_upper": 1
  },
  "solution": {
    "status": "feasible",
    "center_coordinates": {
      "cluster_1": {
        "dim_1": -0.538498289284566,
        "dim_2": -0.086036059777153,
        "dim_3": -0.581142578696122,
        "dim_4": 0.090738835183337
      },
      "cluster_2": {
        "dim_1": 0.443449648323947,
        "dim_2": -0.831955398839369,
        "dim_3": -0.107823139190263,
        "dim_4": 0.774236864724893
      },
      "cluster_3": {
        "dim_1": 0.478356561144233,
        "dim_2": -0.819564727264984,
        "dim_3": 0.727332664893759,
        "dim_4": -0.690860189096158
      },
      "cluster_4": {
        "dim_1": 0.683843754689967,
        "dim_2": 0.230325715255097,
        "dim_3": 0.365136191850018,
        "dim_4": 0.190374533299948
      }
    },
    "distances": {
      "1": 0.157798257289822,
      "2": 0.164706864890724,
      "3": 0.31038188433746,
      "4": 0.278914080006885,
      "5": 0.165265467117301,
      "6": 0.410324408990335,
      "7": 0.227719752845012,
      "8": 0.926920845975527,
      "9": 0.523291503251227,
      "10": 0.228373832249287,
      "11": 1.313543985e-06
    },
    "objective_value": 3.3936982104975653,
    "lower_bound": 3.275131068855233,
    "upper_bound": 3.393698210497565,
    "absolute_gap": 0.11856714164233217,
    "relative_gap": 0.03620225852022933
  },
  "performance": {
    "solution_time_seconds": 300.5797367095947,
    "solver_status": "ok",
    "termination_condition": "feasible",
    "solver": "gams",
    "subsolver": "gurobi",
    "is_relaxation": false,
    "root_relaxation_value": 0.0,
    "root_relaxation_gap_percent": 100.0,
    "relaxation_gap_percent": null,
    "absolute_gap": null
  }
}