{
  "model_parameters": {
    "n_dimensions": 3,
    "n_clusters": 3,
    "n_points": 10,
    "coord_range_lower": -1,
    "coord_range_upper": 1
  },
  "solution": {
    "status": "optimal",
    "center_coordinates": {
      "cluster_1": {
        "dim_1": 0.039672167666001,
        "dim_2": 0.246088569801653,
        "dim_3": 0.488381012784614
      },
      "cluster_2": {
        "dim_1": 0.422411194315674,
        "dim_2": -0.559226150081974,
        "dim_3": -0.521486304729868
      },
      "cluster_3": {
        "dim_1": 0.763788996631635,
        "dim_2": 0.902633601237499,
        "dim_3": -0.692002159570882
      }
    },
    "distances": {
      "1": 0.94941640802162,
      "2": 0.384940614265904,
      "3": 0.079131037862286,
      "4": 0.161077449524805,
      "5": 0.316938958807927,
      "6": 0.570503327373984,
      "7": 0.298751086030269,
      "8": 0.0,
      "9": 0.079310614910849,
      "10": 0.190230173286766
    },
    "objective_value": 3.03029967008441,
    "lower_bound": 3.030299670084414,
    "absolute_gap": -3.9968028886505635e-15,
    "relative_gap": -1.318946415797625e-15
  },
  "performance": {
    "solution_time_seconds": 8.58252215385437,
    "solver_status": "ok",
    "termination_condition": "optimal",
    "solver": "gams",
    "subsolver": "scip",
    "is_relaxation": false,
    "root_relaxation_value": 3.03029967008441,
    "root_relaxation_gap_percent": 0.0,
    "relaxation_gap_percent": null,
    "absolute_gap": null
  }
}