{
  "model_parameters": {
    "n_dimensions": 3,
    "n_clusters": 3,
    "n_points": 15,
    "coord_range_lower": -1,
    "coord_range_upper": 1
  },
  "solution": {
    "status": "optimal",
    "center_coordinates": {
      "cluster_1": {
        "dim_1": -0.009195928341419,
        "dim_2": 0.517792094579674,
        "dim_3": -0.426813316974138
      },
      "cluster_2": {
        "dim_1": 0.366723503707456,
        "dim_2": -0.012794616164157,
        "dim_3": 0.625510177956986
      },
      "cluster_3": {
        "dim_1": 0.416895351813867,
        "dim_2": -0.555383075106223,
        "dim_3": -0.06394962040519
      }
    },
    "distances": {
      "1": 0.050391136465186,
      "2": 0.24799978032075,
      "3": 0.149578963097744,
      "4": 0.335921065737312,
      "5": 0.084749326576705,
      "6": 0.251800087979965,
      "7": 0.129965998588218,
      "8": 0.763978824003283,
      "9": 0.31169232274663,
      "10": 0.218210531675194,
      "11": 0.885522782544526,
      "12": 0.212547511230291,
      "13": 0.458033269332751,
      "14": 0.116342997307226,
      "15": 0.825308237550201
    },
    "objective_value": 5.042042835155982,
    "lower_bound": 5.042042835155983,
    "absolute_gap": -8.881784197001252e-16,
    "relative_gap": -1.761544772105547e-16
  },
  "performance": {
    "solution_time_seconds": 25.01943850517273,
    "solver_status": "ok",
    "termination_condition": "optimal",
    "solver": "gams",
    "subsolver": "baron",
    "is_relaxation": false,
    "root_relaxation_value": 0.0,
    "root_relaxation_gap_percent": 100.0,
    "relaxation_gap_percent": null,
    "absolute_gap": null
  }
}