{
  "model_parameters": {
    "n_dimensions": 5,
    "n_clusters": 5,
    "n_points": 12,
    "coord_range_lower": -1,
    "coord_range_upper": 1
  },
  "solution": {
    "status": "optimal",
    "center_coordinates": {
      "cluster_1": {
        "dim_1": -0.432668834142169,
        "dim_2": 0.604455867190373,
        "dim_3": 0.464483274854241,
        "dim_4": 0.504209988589344,
        "dim_5": 0.469194280126052
      },
      "cluster_2": {
        "dim_1": -0.184559869831982,
        "dim_2": 0.510531036560956,
        "dim_3": -0.816667253709538,
        "dim_4": 0.208482604217703,
        "dim_5": 0.565839842725752
      },
      "cluster_3": {
        "dim_1": 0.096141051935423,
        "dim_2": -0.649852355133797,
        "dim_3": 0.856181593303204,
        "dim_4": -0.512283353436324,
        "dim_5": 0.228292112769419
      },
      "cluster_4": {
        "dim_1": 0.096141052396442,
        "dim_2": -0.136771529333467,
        "dim_3": 0.196228089743006,
        "dim_4": 0.585680045346269,
        "dim_5": -0.755339745554773
      },
      "cluster_5": {
        "dim_1": 0.579504506886819,
        "dim_2": 0.647755621308172,
        "dim_3": 0.623755213167544,
        "dim_4": -0.769200752913965,
        "dim_5": 0.683233994547847
      }
    },
    "distances": {
      "1": 0.478139093326122,
      "2": 0.661350375290823,
      "3": 0.402426344355374,
      "4": 0.143927827533251,
      "5": 0.647416528932998,
      "6": 0.673090690120327,
      "7": 0.510804888487011,
      "8": 0.331504045454548,
      "9": 8.04416e-10,
      "10": 0.3023532579461,
      "11": 0.137034455134847,
      "12": 0.30234676700484
    },
    "objective_value": 4.590394274390657,
    "lower_bound": 0.527808204173257,
    "upper_bound": 4.590394274390655,
    "absolute_gap": 4.0625860702173995,
    "relative_gap": 7.697087764258823
  },
  "performance": {
    "solution_time_seconds": 301.59523463249207,
    "solver_status": "ok",
    "termination_condition": "optimal",
    "solver": "gams",
    "subsolver": "baron",
    "is_relaxation": false,
    "root_relaxation_value": 1.06145e-08,
    "root_relaxation_gap_percent": 99.99999976876714,
    "relaxation_gap_percent": null,
    "absolute_gap": null
  }
}