{
  "model_parameters": {
    "n_dimensions": 3,
    "n_clusters": 4,
    "n_points": 11,
    "coord_range_lower": -1,
    "coord_range_upper": 1
  },
  "solution": {
    "status": "optimal",
    "center_coordinates": {
      "cluster_1": {
        "dim_1": -0.225720911621819,
        "dim_2": 0.752681222807058,
        "dim_3": -0.61532152479817
      },
      "cluster_2": {
        "dim_1": 0.228949079352405,
        "dim_2": -0.859614061670838,
        "dim_3": 0.478827514405712
      },
      "cluster_3": {
        "dim_1": 0.589584436579696,
        "dim_2": 0.079119667869754,
        "dim_3": -0.244946088767797
      },
      "cluster_4": {
        "dim_1": 0.653814768076337,
        "dim_2": 0.5673882646819,
        "dim_3": 0.585518140850429
      }
    },
    "distances": {
      "1": 0.138062562710063,
      "2": 0.191916728874519,
      "3": 0.058395574630415,
      "4": 0.514841341305662,
      "5": 0.069201087515903,
      "6": 0.058395582590754,
      "7": 0.167801032692574,
      "8": 0.152214691167155,
      "9": 0.514841329792374,
      "10": 0.14892443548757,
      "11": 0.12117933302129
    },
    "objective_value": 2.135773699788279,
    "lower_bound": 2.089693122331096,
    "absolute_gap": 0.04608057745718286,
    "relative_gap": 0.022051361017917798
  },
  "performance": {
    "solution_time_seconds": 1800.6269676685333,
    "solver_status": "ok",
    "termination_condition": "optimal",
    "solver": "gams",
    "subsolver": "scip",
    "is_relaxation": false,
    "root_relaxation_value": 2.0896931223311,
    "root_relaxation_gap_percent": 2.1575589895945844,
    "relaxation_gap_percent": null,
    "absolute_gap": null
  }
}