{
  "model_parameters": {
    "n_dimensions": 4,
    "n_clusters": 5,
    "n_points": 12,
    "coord_range_lower": -1,
    "coord_range_upper": 1
  },
  "solution": {
    "status": "optimal",
    "center_coordinates": {
      "cluster_1": {
        "dim_1": -0.662330077597702,
        "dim_2": -0.4449462890625,
        "dim_3": -0.00439453125,
        "dim_4": -0.374629060142862
      },
      "cluster_2": {
        "dim_1": -0.402267412648184,
        "dim_2": 0.42626953125,
        "dim_3": 0.43017578125,
        "dim_4": 0.44580078125
      },
      "cluster_3": {
        "dim_1": -0.026080617466664,
        "dim_2": 0.278511047363281,
        "dim_3": -0.532376619569279,
        "dim_4": 0.304134964942932
      },
      "cluster_4": {
        "dim_1": 0.62447452545166,
        "dim_2": -0.449114386474297,
        "dim_3": 0.360936092037824,
        "dim_4": 0.954486862479737
      },
      "cluster_5": {
        "dim_1": 0.656837777532485,
        "dim_2": -0.858630940981173,
        "dim_3": -0.0948486328125,
        "dim_4": -0.745399656206757
      }
    },
    "distances": {
      "1": 0.135230867878465,
      "2": 0.311687418193579,
      "3": 0.287634546782499,
      "4": 0.245424805476878,
      "5": 0.3672055464471,
      "6": 0.367717367822077,
      "7": 0.0,
      "8": 0.287269972170165,
      "9": 0.136203224180105,
      "10": 0.494444834984672,
      "11": 0.320899031670263,
      "12": 0.525147356249194
    },
    "objective_value": 3.478864971854997,
    "lower_bound": 3.478864971854989,
    "upper_bound": 3.478864971854998,
    "absolute_gap": 7.993605777301127e-15,
    "relative_gap": 2.297762586927541e-15
  },
  "performance": {
    "solution_time_seconds": 285.56394124031067,
    "solver_status": "ok",
    "termination_condition": "optimal",
    "solver": "gams",
    "subsolver": "scip",
    "is_relaxation": false,
    "root_relaxation_value": 3.47886497185499,
    "root_relaxation_gap_percent": 2.0424556328244763e-13,
    "relaxation_gap_percent": null,
    "absolute_gap": null
  }
}