{
  "model_parameters": {
    "n_dimensions": 4,
    "n_clusters": 4,
    "n_points": 11,
    "coord_range_lower": -1,
    "coord_range_upper": 1
  },
  "solution": {
    "status": "optimal",
    "center_coordinates": {
      "cluster_1": {
        "dim_1": -0.537922444080373,
        "dim_2": -0.08544921875,
        "dim_3": -0.581287287561509,
        "dim_4": 0.091148051540783
      },
      "cluster_2": {
        "dim_1": 0.443624795935604,
        "dim_2": -0.832170728156647,
        "dim_3": -0.107574462890625,
        "dim_4": 0.774576171854058
      },
      "cluster_3": {
        "dim_1": 0.478399454004029,
        "dim_2": -0.818412222765221,
        "dim_3": 0.726678638248623,
        "dim_4": -0.691475831728894
      },
      "cluster_4": {
        "dim_1": 0.683283464808384,
        "dim_2": 0.230247268962833,
        "dim_3": 0.364772086591679,
        "dim_4": 0.1900634765625
      }
    },
    "distances": {
      "1": 0.158130063810863,
      "2": 0.164858514954983,
      "3": 0.309858935590597,
      "4": 0.278525434285975,
      "5": 0.165114511169328,
      "6": 0.410699667557192,
      "7": 0.228164888984382,
      "8": 0.926379504388534,
      "9": 0.524042457972049,
      "10": 0.227930013748773,
      "11": 0.0
    },
    "objective_value": 3.393703992462676,
    "lower_bound": 3.393703992462683,
    "upper_bound": 3.393703992462675,
    "absolute_gap": -7.105427357601002e-15,
    "relative_gap": -2.0937086361633033e-15
  },
  "performance": {
    "solution_time_seconds": 41.304733991622925,
    "solver_status": "ok",
    "termination_condition": "optimal",
    "solver": "gams",
    "subsolver": "scip",
    "is_relaxation": false,
    "root_relaxation_value": 3.39370399246268,
    "root_relaxation_gap_percent": 1.1777111078418608e-13,
    "relaxation_gap_percent": null,
    "absolute_gap": null
  }
}