{
  "model_parameters": {
    "n_dimensions": 3,
    "n_clusters": 4,
    "n_points": 13,
    "coord_range_lower": -1,
    "coord_range_upper": 1
  },
  "solution": {
    "status": "optimal",
    "center_coordinates": {
      "cluster_1": {
        "dim_1": -0.956198188888392,
        "dim_2": -0.58601251575806,
        "dim_3": 0.842089271643147
      },
      "cluster_2": {
        "dim_1": -0.228757301173098,
        "dim_2": 0.745884667713382,
        "dim_3": 0.391637058361496
      },
      "cluster_3": {
        "dim_1": 0.471181861182606,
        "dim_2": 0.058520809024086,
        "dim_3": -0.523944808853627
      },
      "cluster_4": {
        "dim_1": 0.670189047084729,
        "dim_2": -0.299816983330179,
        "dim_3": 0.411014743000361
      }
    },
    "distances": {
      "1": 0.074163456970684,
      "2": 0.0,
      "3": 0.418387717810717,
      "4": 0.030209315488254,
      "5": 0.220483303461349,
      "6": 0.099719552332819,
      "7": 0.576456474803609,
      "8": 0.019151002084969,
      "9": 0.157436934088337,
      "10": 0.133167245501216,
      "11": 0.38709339817195,
      "12": 0.220640684286278,
      "13": 0.109264060682607
    },
    "objective_value": 2.446173145682789,
    "lower_bound": 2.446173145682787,
    "upper_bound": 2.446173145682788,
    "absolute_gap": 1.7763568394002505e-15,
    "relative_gap": 7.261778842333033e-16
  },
  "performance": {
    "solution_time_seconds": 31.533945560455322,
    "solver_status": "ok",
    "termination_condition": "optimal",
    "solver": "gams",
    "subsolver": "scip",
    "is_relaxation": false,
    "root_relaxation_value": 2.44617314568279,
    "root_relaxation_gap_percent": 5.446334131749771e-14,
    "relaxation_gap_percent": null,
    "absolute_gap": null
  }
}