{
  "model_parameters": {
    "n_dimensions": 3,
    "n_clusters": 5,
    "n_points": 10,
    "coord_range_lower": -1,
    "coord_range_upper": 1
  },
  "solution": {
    "status": "optimal",
    "center_coordinates": {
      "cluster_1": {
        "dim_1": -0.749593694100486,
        "dim_2": 0.014456394675754,
        "dim_3": 0.299602689877857
      },
      "cluster_2": {
        "dim_1": -0.304344568884199,
        "dim_2": -0.072307497352371,
        "dim_3": -0.754078114325177
      },
      "cluster_3": {
        "dim_1": 0.255630929283315,
        "dim_2": -0.329542714399477,
        "dim_3": 0.706628316916965
      },
      "cluster_4": {
        "dim_1": 0.588711493724722,
        "dim_2": 0.530357817764269,
        "dim_3": -0.660111178593834
      },
      "cluster_5": {
        "dim_1": 0.687698213960669,
        "dim_2": -0.491329470376003,
        "dim_3": -0.002754991702192
      }
    },
    "distances": {
      "1": 0.242887207078183,
      "2": 0.0887621610952,
      "3": 0.216809514338249,
      "4": 0.124728348565629,
      "5": -9.980124e-09,
      "6": 0.114614055410186,
      "7": 0.124728346503575,
      "8": 0.088762161095108,
      "9": 0.166935717944752,
      "10": 0.11461405541
    },
    "objective_value": 1.2828415574607581,
    "lower_bound": 0.907300176568935,
    "absolute_gap": 0.3755413808918231,
    "relative_gap": 0.4139108429494394
  },
  "performance": {
    "solution_time_seconds": 1800.9594118595123,
    "solver_status": "ok",
    "termination_condition": "optimal",
    "solver": "gams",
    "subsolver": "scip",
    "is_relaxation": false,
    "root_relaxation_value": 0.907300176568935,
    "root_relaxation_gap_percent": 29.27418266953913,
    "relaxation_gap_percent": null,
    "absolute_gap": null
  }
}