{
  "model_parameters": {
    "n_dimensions": 5,
    "n_clusters": 5,
    "n_points": 17,
    "coord_range_lower": -1,
    "coord_range_upper": 1
  },
  "solution": {
    "status": "optimal",
    "center_coordinates": {
      "cluster_1": {
        "dim_1": -0.474425530948671,
        "dim_2": 0.2508544921875,
        "dim_3": -0.4302978515625,
        "dim_4": 0.91943359375,
        "dim_5": -0.86181640625
      },
      "cluster_2": {
        "dim_1": -0.2918701171875,
        "dim_2": 0.422909289986916,
        "dim_3": 0.3424072265625,
        "dim_4": -0.791503906250027,
        "dim_5": 0.4068603515625
      },
      "cluster_3": {
        "dim_1": -0.2918701171875,
        "dim_2": 0.2860107421875,
        "dim_3": 0.80810546875,
        "dim_4": 0.2296142578125,
        "dim_5": -0.3240966796875
      },
      "cluster_4": {
        "dim_1": 0.358091600618672,
        "dim_2": -0.130599975585938,
        "dim_3": 0.0618896484375,
        "dim_4": 0.5841064453125,
        "dim_5": 0.640828560512535
      },
      "cluster_5": {
        "dim_1": 0.358091600618672,
        "dim_2": -0.89404296875,
        "dim_3": -0.1644287109375,
        "dim_4": -0.6441650390625,
        "dim_5": -0.51311988286906
      }
    },
    "distances": {
      "1": 0.675899832462516,
      "2": 0.269478146497574,
      "3": 0.207523079670055,
      "4": 0.450497609501235,
      "5": 1.374065707377832,
      "6": 0.426841179619925,
      "7": 0.716674295635201,
      "8": 0.327543622457441,
      "9": 0.98457965477177,
      "10": 0.836197100534252,
      "11": 0.450814573210121,
      "12": 0.492774966967502,
      "13": 1.084816616048336,
      "14": 1.434242146255942,
      "15": 0.243460416329466,
      "16": 0.796697972441078,
      "17": 0.23613335142136
    },
    "objective_value": 11.008240271201606,
    "lower_bound": 0.714455740341224,
    "upper_bound": 11.008240271201606,
    "absolute_gap": 10.293784530860382,
    "relative_gap": 14.407868744877144
  },
  "performance": {
    "solution_time_seconds": 301.8519251346588,
    "solver_status": "ok",
    "termination_condition": "optimal",
    "solver": "gams",
    "subsolver": "scip",
    "is_relaxation": false,
    "root_relaxation_value": 0.714455740341224,
    "root_relaxation_gap_percent": 93.50980971763221,
    "relaxation_gap_percent": null,
    "absolute_gap": null
  }
}