{
  "model_parameters": {
    "n_dimensions": 4,
    "n_clusters": 3,
    "n_points": 15,
    "coord_range_lower": -1,
    "coord_range_upper": 1
  },
  "solution": {
    "status": "optimal",
    "center_coordinates": {
      "cluster_1": {
        "dim_1": -0.673057152760978,
        "dim_2": 0.627901848463807,
        "dim_3": -0.465768057132163,
        "dim_4": -0.004687411757813
      },
      "cluster_2": {
        "dim_1": 0.020537430355295,
        "dim_2": -0.430487114268743,
        "dim_3": 0.155842214635025,
        "dim_4": 0.282035009989855
      },
      "cluster_3": {
        "dim_1": 0.680034814580813,
        "dim_2": 0.297989684732117,
        "dim_3": 0.204668222465769,
        "dim_4": -0.370292560861009
      }
    },
    "distances": {
      "1": 0.258182956217087,
      "2": 0.647679741344434,
      "3": 0.598231547475385,
      "4": 0.365621780153643,
      "5": 1.267544587971007,
      "6": 0.343495370033786,
      "7": 0.692795260226407,
      "8": 0.705166275495693,
      "9": 0.480051723897167,
      "10": 0.388375294995925,
      "11": 0.49282895715604,
      "12": 0.543313851238127,
      "13": 0.299135804481798,
      "14": 0.635590329474477,
      "15": 0.522410369199666
    },
    "objective_value": 8.240423849360642,
    "lower_bound": 8.240419391325593,
    "upper_bound": 8.240423849360644,
    "absolute_gap": 4.4580350486711495e-06,
    "relative_gap": 5.409961358719156e-07
  },
  "performance": {
    "solution_time_seconds": 159.3643980026245,
    "solver_status": "ok",
    "termination_condition": "optimal",
    "solver": "gams",
    "subsolver": "baron",
    "is_relaxation": false,
    "root_relaxation_value": 0.0,
    "root_relaxation_gap_percent": 100.0,
    "relaxation_gap_percent": null,
    "absolute_gap": null
  }
}