{
  "model_parameters": {
    "n_dimensions": 4,
    "n_clusters": 3,
    "n_points": 11,
    "coord_range_lower": -1,
    "coord_range_upper": 1
  },
  "solution": {
    "status": "optimal",
    "center_coordinates": {
      "cluster_1": {
        "dim_1": -0.350166019702658,
        "dim_2": -0.121537031694449,
        "dim_3": 0.628925153088892,
        "dim_4": -0.459395645010702
      },
      "cluster_2": {
        "dim_1": 0.249724872470637,
        "dim_2": -0.335972033431001,
        "dim_3": -0.465614431691621,
        "dim_4": -0.573378706943537
      },
      "cluster_3": {
        "dim_1": 0.423334043760129,
        "dim_2": 0.228364965577805,
        "dim_3": -0.158490023113025,
        "dim_4": 0.419755530837393
      }
    },
    "distances": {
      "1": 0.381832047704863,
      "2": 0.226774260434688,
      "3": 0.069812752011964,
      "4": 0.477556875444967,
      "5": 0.071027536789357,
      "6": 0.426281889683035,
      "7": 0.698040352619177,
      "8": 0.401291926154622,
      "9": 0.188567373715146,
      "10": 0.545869568030072,
      "11": 0.467886014226317
    },
    "objective_value": 3.954940596814208,
    "lower_bound": 3.954938932404656,
    "upper_bound": 3.954940596814208,
    "absolute_gap": 1.664409551960233e-06,
    "relative_gap": 4.208433000881381e-07
  },
  "performance": {
    "solution_time_seconds": 11.53306245803833,
    "solver_status": "ok",
    "termination_condition": "optimal",
    "solver": "gams",
    "subsolver": "gurobi",
    "is_relaxation": false,
    "root_relaxation_value": 0.0,
    "root_relaxation_gap_percent": 100.0,
    "relaxation_gap_percent": null,
    "absolute_gap": null
  }
}