{
  "model_parameters": {
    "n_dimensions": 2,
    "n_clusters": 3,
    "n_points": 12,
    "coord_range_lower": -1,
    "coord_range_upper": 1
  },
  "solution": {
    "status": "optimal",
    "center_coordinates": {
      "cluster_1": {
        "dim_1": -0.635184141462143,
        "dim_2": -0.662411686093662
      },
      "cluster_2": {
        "dim_1": -0.126342773437499,
        "dim_2": 0.659891341665444
      },
      "cluster_3": {
        "dim_1": 0.589590163392364,
        "dim_2": -0.379545538808447
      }
    },
    "distances": {
      "1": 0.127815056459796,
      "2": 0.12496264029848,
      "3": 0.099000324556015,
      "4": 0.174973132063682,
      "5": 0.343238432200851,
      "6": 0.306762639965005,
      "7": 0.116051146337244,
      "8": 0.063876412676163,
      "9": 0.312477949049986,
      "10": 0.053775028622324,
      "11": 0.138375911283537,
      "12": 0.337842120641803
    },
    "objective_value": 2.1991507941548862,
    "lower_bound": 2.199150794154887,
    "upper_bound": 2.199150794154887,
    "absolute_gap": -8.881784197001252e-16,
    "relative_gap": -4.0387335968993603e-16
  },
  "performance": {
    "solution_time_seconds": 8.371052742004395,
    "solver_status": "ok",
    "termination_condition": "optimal",
    "solver": "gams",
    "subsolver": "scip",
    "is_relaxation": false,
    "root_relaxation_value": 2.19915079415489,
    "root_relaxation_gap_percent": 1.615493438759745e-13,
    "relaxation_gap_percent": null,
    "absolute_gap": null
  }
}