{
  "model_parameters": {
    "n_dimensions": 5,
    "n_clusters": 3,
    "n_points": 20,
    "coord_range_lower": -1,
    "coord_range_upper": 1
  },
  "solution": {
    "status": "optimal",
    "center_coordinates": {
      "cluster_1": {
        "dim_1": -0.355113726765436,
        "dim_2": -0.648145960584943,
        "dim_3": 0.021455072554048,
        "dim_4": -0.427691099395889,
        "dim_5": -0.488122733661038
      },
      "cluster_2": {
        "dim_1": -0.355113726765436,
        "dim_2": 0.34910755000497,
        "dim_3": -0.084571708300105,
        "dim_4": 0.156017219764591,
        "dim_5": 0.431037030720402
      },
      "cluster_3": {
        "dim_1": 0.63536777334203,
        "dim_2": 0.077604656301801,
        "dim_3": -0.758301358809554,
        "dim_4": -0.489175231482159,
        "dim_5": 0.229410252139452
      }
    },
    "distances": {
      "1": 0.370935191957195,
      "2": 0.921417995453658,
      "3": 1.333039091759257,
      "4": 0.95870972385877,
      "5": 0.590210346698087,
      "6": 1.314193742357296,
      "7": 0.588665609993165,
      "8": 1.146004372565228,
      "9": 1.688575251797502,
      "10": 1.443681548870584,
      "11": 0.127491004712006,
      "12": 0.498793016222709,
      "13": 1.144915312519377,
      "14": 0.50063610398888,
      "15": 0.500546881498054,
      "16": 0.471060736560255,
      "17": 1.286155357181764,
      "18": 0.833230749757844,
      "19": 0.81979407542572,
      "20": 1.037185551812331
    },
    "objective_value": 17.575241664989683,
    "lower_bound": 7.308501251261915,
    "absolute_gap": 10.266740413727767,
    "relative_gap": 1.4047668681667218
  },
  "performance": {
    "solution_time_seconds": 1808.1584181785583,
    "solver_status": "ok",
    "termination_condition": "optimal",
    "solver": "gams",
    "subsolver": "baron",
    "is_relaxation": false,
    "root_relaxation_value": 0.0,
    "root_relaxation_gap_percent": 100.0,
    "relaxation_gap_percent": null,
    "absolute_gap": null
  }
}