{
  "model_parameters": {
    "n_dimensions": 4,
    "n_clusters": 3,
    "n_points": 11,
    "coord_range_lower": -1,
    "coord_range_upper": 1
  },
  "solution": {
    "status": "feasible",
    "center_coordinates": {
      "cluster_1": {
        "dim_1": -0.350323094991641,
        "dim_2": -0.121877055128414,
        "dim_3": 0.629540000560631,
        "dim_4": -0.459419510339368
      },
      "cluster_2": {
        "dim_1": 0.249091062308938,
        "dim_2": -0.335951684621545,
        "dim_3": -0.464942211741094,
        "dim_4": -0.57313659179796
      },
      "cluster_3": {
        "dim_1": 0.422896104645365,
        "dim_2": 0.22777191642927,
        "dim_3": -0.158778065634541,
        "dim_4": 0.42019947458021
      }
    },
    "distances": {
      "1": 0.382473678636018,
      "2": 0.227237114501021,
      "3": 0.070057509849959,
      "4": 0.477110299211571,
      "5": 0.071336902234598,
      "6": 0.425698136862216,
      "7": 0.696600792240669,
      "8": 0.401170584399358,
      "9": 0.189113030620525,
      "10": 0.545673446034967,
      "11": 0.468448712586551
    },
    "objective_value": 3.954920207177453,
    "lower_bound": 3.756380223802964,
    "upper_bound": 3.954920207177451,
    "absolute_gap": 0.19853998337448875,
    "relative_gap": 0.05285407002102854
  },
  "performance": {
    "solution_time_seconds": 300.7025489807129,
    "solver_status": "ok",
    "termination_condition": "feasible",
    "solver": "gams",
    "subsolver": "gurobi",
    "is_relaxation": false,
    "root_relaxation_value": 0.0,
    "root_relaxation_gap_percent": 100.0,
    "relaxation_gap_percent": null,
    "absolute_gap": null
  }
}