{
  "model_parameters": {
    "n_dimensions": 4,
    "n_clusters": 4,
    "n_points": 15,
    "coord_range_lower": -1,
    "coord_range_upper": 1
  },
  "solution": {
    "status": "feasible",
    "center_coordinates": {
      "cluster_1": {
        "dim_1": -0.794576506694907,
        "dim_2": -0.201126047942039,
        "dim_3": -0.923835965838931,
        "dim_4": 0.14171525318324
      },
      "cluster_2": {
        "dim_1": -0.557790456474747,
        "dim_2": -0.516690660824548,
        "dim_3": 0.727598178268587,
        "dim_4": -0.506753831759742
      },
      "cluster_3": {
        "dim_1": 0.23038606191522,
        "dim_2": 0.317274086454735,
        "dim_3": -0.507725827796001,
        "dim_4": -0.518767442581196
      },
      "cluster_4": {
        "dim_1": 0.626796900820845,
        "dim_2": 0.304877762197447,
        "dim_3": 0.481495650542375,
        "dim_4": -0.036119576234793
      }
    },
    "distances": {
      "1": 0.789933816799347,
      "2": 0.66695614669288,
      "3": 0.574405131189385,
      "4": 0.275885788951959,
      "5": 0.445296972022411,
      "6": 0.688288522281444,
      "7": 0.524775258321506,
      "8": 0.133868131605418,
      "9": 0.230567822306887,
      "10": 0.275883328714919,
      "11": 0.134128870914342,
      "12": 0.494742142376854,
      "13": 0.276847783033749,
      "14": 0.800770624379478,
      "15": 0.411248953143129
    },
    "objective_value": 6.723599292733708,
    "lower_bound": 3.398335932657776,
    "upper_bound": 6.723599292733707,
    "absolute_gap": 3.325263360075932,
    "relative_gap": 0.9784975429063321
  },
  "performance": {
    "solution_time_seconds": 300.7206451892853,
    "solver_status": "ok",
    "termination_condition": "feasible",
    "solver": "gams",
    "subsolver": "gurobi",
    "is_relaxation": false,
    "root_relaxation_value": 0.0,
    "root_relaxation_gap_percent": 100.0,
    "relaxation_gap_percent": null,
    "absolute_gap": null
  }
}