{
  "model_parameters": {
    "n_dimensions": 5,
    "n_clusters": 5,
    "n_points": 17,
    "coord_range_lower": -1,
    "coord_range_upper": 1
  },
  "solution": {
    "status": "optimal",
    "center_coordinates": {
      "cluster_1": {
        "dim_1": -0.735105957334543,
        "dim_2": 0.290711797950652,
        "dim_3": 0.764765190366446,
        "dim_4": 0.167729321205517,
        "dim_5": -0.379151242998465
      },
      "cluster_2": {
        "dim_1": -0.21160281880283,
        "dim_2": 0.422915924582013,
        "dim_3": 0.342578872026092,
        "dim_4": -0.791900810633077,
        "dim_5": 0.406984732737263
      },
      "cluster_3": {
        "dim_1": -0.21160281880283,
        "dim_2": -0.025074204333034,
        "dim_3": -0.597637545831055,
        "dim_4": 0.882508560989681,
        "dim_5": -0.334034854143668
      },
      "cluster_4": {
        "dim_1": 0.195113963417667,
        "dim_2": -0.894049352221242,
        "dim_3": -0.164335581343576,
        "dim_4": -0.644156131186151,
        "dim_5": -0.513044299883946
      },
      "cluster_5": {
        "dim_1": 0.553109119040614,
        "dim_2": 0.038605017252485,
        "dim_3": 0.435897988884433,
        "dim_4": 0.505590500028145,
        "dim_5": 0.464414330434184
      }
    },
    "distances": {
      "1": 0.710537007361652,
      "2": 0.575315729301852,
      "3": 0.247548861280378,
      "4": 0.714113832066072,
      "5": 1.576743794832694,
      "6": 0.462979396901797,
      "7": 0.737432709461556,
      "8": 0.289749866941713,
      "9": 0.91272931506738,
      "10": 0.529409789983886,
      "11": 1.09223048677736,
      "12": 0.20063612066288,
      "13": 0.806345425159315,
      "14": 1.28763525122322,
      "15": 0.213063522449846,
      "16": 0.54108065076001,
      "17": 0.173485295279462
    },
    "objective_value": 11.071037055511074,
    "lower_bound": 0.166378060988975,
    "absolute_gap": 10.904658994522098,
    "relative_gap": 65.54144777083735
  },
  "performance": {
    "solution_time_seconds": 1809.1497371196747,
    "solver_status": "ok",
    "termination_condition": "optimal",
    "solver": "gams",
    "subsolver": "baron",
    "is_relaxation": false,
    "root_relaxation_value": 0.0,
    "root_relaxation_gap_percent": 100.0,
    "relaxation_gap_percent": null,
    "absolute_gap": null
  }
}