{
  "model_parameters": {
    "n_dimensions": 4,
    "n_clusters": 3,
    "n_points": 11,
    "coord_range_lower": -1,
    "coord_range_upper": 1
  },
  "solution": {
    "status": "feasible",
    "center_coordinates": {
      "cluster_1": {
        "dim_1": -0.34978988740282,
        "dim_2": -0.122138174739148,
        "dim_3": 0.629098646471281,
        "dim_4": -0.458638370941128
      },
      "cluster_2": {
        "dim_1": 0.250130202014264,
        "dim_2": -0.335545945810628,
        "dim_3": -0.464688892858924,
        "dim_4": -0.573412955559368
      },
      "cluster_3": {
        "dim_1": 0.422807133282918,
        "dim_2": 0.228046396178169,
        "dim_3": -0.158944671804453,
        "dim_4": 0.419562682292852
      }
    },
    "distances": {
      "1": 0.382778660050718,
      "2": 0.227656058164913,
      "3": 0.069710491735673,
      "4": 0.476939755659216,
      "5": 0.07120933254474,
      "6": 0.42620250662149,
      "7": 0.697189964631962,
      "8": 0.400579258925681,
      "9": 0.188567655595536,
      "10": 0.546396853261054,
      "11": 0.467693313071752
    },
    "objective_value": 3.954923850262735,
    "lower_bound": 3.913413364922361,
    "upper_bound": 3.954923850262736,
    "absolute_gap": 0.041510485340373826,
    "relative_gap": 0.010607232477011118
  },
  "performance": {
    "solution_time_seconds": 300.5649411678314,
    "solver_status": "ok",
    "termination_condition": "feasible",
    "solver": "gams",
    "subsolver": "gurobi",
    "is_relaxation": false,
    "root_relaxation_value": 0.0,
    "root_relaxation_gap_percent": 100.0,
    "relaxation_gap_percent": null,
    "absolute_gap": null
  }
}