{
  "model_parameters": {
    "n_dimensions": 3,
    "n_clusters": 3,
    "n_points": 15,
    "coord_range_lower": -1,
    "coord_range_upper": 1
  },
  "solution": {
    "status": "optimal",
    "center_coordinates": {
      "cluster_1": {
        "dim_1": -0.009159365843099,
        "dim_2": 0.51778708370581,
        "dim_3": -0.42679639419022
      },
      "cluster_2": {
        "dim_1": 0.366716823915132,
        "dim_2": -0.012795592493787,
        "dim_3": 0.625511267017331
      },
      "cluster_3": {
        "dim_1": 0.416878874507925,
        "dim_2": -0.555365864746846,
        "dim_3": -0.063931634550487
      }
    },
    "distances": {
      "1": 0.050407428003644,
      "2": 0.248020533434803,
      "3": 0.149575969496936,
      "4": 0.335927792087247,
      "5": 0.084749110121561,
      "6": 0.251795048711418,
      "7": 0.129951371429972,
      "8": 0.76400470642979,
      "9": 0.311672010029191,
      "10": 0.218200429073471,
      "11": 0.88553103936091,
      "12": 0.212545951104185,
      "13": 0.458021738247385,
      "14": 0.116344461955051,
      "15": 0.825297062521463
    },
    "objective_value": 5.042044652007027,
    "lower_bound": 5.04204296395306,
    "upper_bound": 5.042044652007028,
    "absolute_gap": 1.6880539668306938e-06,
    "relative_gap": 3.3479563321833073e-07
  },
  "performance": {
    "solution_time_seconds": 40.63008451461792,
    "solver_status": "ok",
    "termination_condition": "optimal",
    "solver": "gams",
    "subsolver": "gurobi",
    "is_relaxation": false,
    "root_relaxation_value": 0.0,
    "root_relaxation_gap_percent": 100.0,
    "relaxation_gap_percent": null,
    "absolute_gap": null
  }
}