{
  "model_parameters": {
    "n_dimensions": 5,
    "n_clusters": 4,
    "n_points": 14,
    "coord_range_lower": -1,
    "coord_range_upper": 1
  },
  "solution": {
    "status": "optimal",
    "center_coordinates": {
      "cluster_1": {
        "dim_1": -0.394480165686286,
        "dim_2": 0.347373407935818,
        "dim_3": 0.693825971558213,
        "dim_4": 0.161576176512647,
        "dim_5": 0.383598844028919
      },
      "cluster_2": {
        "dim_1": -0.111794175398973,
        "dim_2": -0.400641459949384,
        "dim_3": -0.563097145068471,
        "dim_4": 0.614126566794873,
        "dim_5": -0.868001663594955
      },
      "cluster_3": {
        "dim_1": 0.426837819631739,
        "dim_2": 0.293753518242211,
        "dim_3": -0.972359706334789,
        "dim_4": 0.281201927900432,
        "dim_5": 0.752569599119302
      },
      "cluster_4": {
        "dim_1": 0.78144976320747,
        "dim_2": -0.132136824380378,
        "dim_3": 0.41421117063531,
        "dim_4": 0.399433122168996,
        "dim_5": -0.177798429634313
      }
    },
    "distances": {
      "1": 0.107650619050601,
      "2": 0.68610330899083,
      "3": 0.746356640631093,
      "4": 1.462435556205672,
      "5": 0.319249229464228,
      "6": 0.46471551116468,
      "7": 0.868237159535912,
      "8": 0.324521022022731,
      "9": 0.681116999849903,
      "10": 0.107549121050179,
      "11": 0.821529023767868,
      "12": 0.469052331404912,
      "13": 1.039007374333018,
      "14": 0.467505174271985
    },
    "objective_value": 8.565029071743611,
    "lower_bound": 6.739339811493558,
    "absolute_gap": 1.8256892602500532,
    "relative_gap": 0.2709003123920899
  },
  "performance": {
    "solution_time_seconds": 1800.5665926933289,
    "solver_status": "ok",
    "termination_condition": "optimal",
    "solver": "gams",
    "subsolver": "gurobi",
    "is_relaxation": false,
    "root_relaxation_value": 0.0,
    "root_relaxation_gap_percent": 100.0,
    "relaxation_gap_percent": null,
    "absolute_gap": null
  }
}