{
  "model_parameters": {
    "n_dimensions": 4,
    "n_clusters": 3,
    "n_points": 12,
    "coord_range_lower": -1,
    "coord_range_upper": 1
  },
  "solution": {
    "status": "feasible",
    "center_coordinates": {
      "cluster_1": {
        "dim_1": -0.020143622246413,
        "dim_2": 0.732887219483096,
        "dim_3": 0.065987119742197,
        "dim_4": -0.380953684398852
      },
      "cluster_2": {
        "dim_1": 0.240872468020947,
        "dim_2": -0.852778792240847,
        "dim_3": 0.449211291506804,
        "dim_4": -0.368509334072715
      },
      "cluster_3": {
        "dim_1": 0.324535939288316,
        "dim_2": -0.088285624726019,
        "dim_3": -0.67072550974287,
        "dim_4": 0.496652449126665
      }
    },
    "distances": {
      "1": 0.07480491913401,
      "2": 0.548479787273209,
      "3": 0.380995003755185,
      "4": 0.150068517717811,
      "5": 1.566794431029987,
      "6": 0.561038167986242,
      "7": 0.693186184027281,
      "8": 0.936271345171504,
      "9": 0.169371853217514,
      "10": 0.770476239123678,
      "11": 0.424114183986996,
      "12": 0.625203786705323
    },
    "objective_value": 6.90080441912874,
    "lower_bound": 6.750942707020992,
    "upper_bound": 6.900804419128738,
    "absolute_gap": 0.14986171210774746,
    "relative_gap": 0.02219863485908287
  },
  "performance": {
    "solution_time_seconds": 300.71515583992004,
    "solver_status": "ok",
    "termination_condition": "feasible",
    "solver": "gams",
    "subsolver": "gurobi",
    "is_relaxation": false,
    "root_relaxation_value": 0.0,
    "root_relaxation_gap_percent": 100.0,
    "relaxation_gap_percent": null,
    "absolute_gap": null
  }
}