{
  "model_parameters": {
    "n_dimensions": 2,
    "n_clusters": 5,
    "n_points": 12,
    "coord_range_lower": -1,
    "coord_range_upper": 1
  },
  "solution": {
    "status": "optimal",
    "center_coordinates": {
      "cluster_1": {
        "dim_1": -0.705541135147879,
        "dim_2": -0.464647741173807
      },
      "cluster_2": {
        "dim_1": -0.454137623332876,
        "dim_2": 0.656120978378624
      },
      "cluster_3": {
        "dim_1": 0.184509055334105,
        "dim_2": 0.448298587133953
      },
      "cluster_4": {
        "dim_1": 0.33268497870429,
        "dim_2": -0.760216510792677
      },
      "cluster_5": {
        "dim_1": 0.942610233806105,
        "dim_2": -0.002197265625
      }
    },
    "distances": {
      "1": 0.168273345506318,
      "2": 0.093911527371,
      "3": 0.050985219099839,
      "4": 0.060749619291653,
      "5": 0.05432161366807,
      "6": 0.148184767064668,
      "7": 0.077330862744521,
      "8": 0.054646952308182,
      "9": 0.0,
      "10": 0.027510175841495,
      "11": 0.102757435788362,
      "12": 0.06032201924091
    },
    "objective_value": 0.898993537925018,
    "lower_bound": 0.898993537925018,
    "absolute_gap": 0.0,
    "relative_gap": 0.0
  },
  "performance": {
    "solution_time_seconds": 150.2895143032074,
    "solver_status": "ok",
    "termination_condition": "optimal",
    "solver": "gams",
    "subsolver": "scip",
    "is_relaxation": false,
    "root_relaxation_value": 0.898993537925018,
    "root_relaxation_gap_percent": 0.0,
    "relaxation_gap_percent": null,
    "absolute_gap": null
  }
}