{
  "model_parameters": {
    "n_dimensions": 2,
    "n_clusters": 4,
    "n_points": 17,
    "coord_range_lower": -1,
    "coord_range_upper": 1
  },
  "solution": {
    "status": "optimal",
    "center_coordinates": {
      "cluster_1": {
        "dim_1": -0.683850429868129,
        "dim_2": -0.699229388185537
      },
      "cluster_2": {
        "dim_1": -0.647544190418099,
        "dim_2": 0.546199040438895
      },
      "cluster_3": {
        "dim_1": 0.370938970812405,
        "dim_2": -0.093281703079827
      },
      "cluster_4": {
        "dim_1": 0.56560614666876,
        "dim_2": 0.729644456857665
      }
    },
    "distances": {
      "1": 0.076564056996507,
      "2": 0.097190636472834,
      "3": 0.328651238668514,
      "4": 0.108701338438902,
      "5": 0.091296872010941,
      "6": 0.039641306686277,
      "7": 0.026789141928451,
      "8": 0.377466300490301,
      "9": 0.004784258719327,
      "10": 0.08645998628181,
      "11": 0.000752945870041,
      "12": 0.006941131758446,
      "13": 0.158208737585756,
      "14": 0.251326774151235,
      "15": 0.011997984394586,
      "16": 0.31102020905133,
      "17": 0.114008905568024
    },
    "objective_value": 2.091801825073282,
    "lower_bound": 2.091799765704619,
    "upper_bound": 2.091801825073281,
    "absolute_gap": 2.0593686631542596e-06,
    "relative_gap": 9.844960769754008e-07
  },
  "performance": {
    "solution_time_seconds": 140.64684629440308,
    "solver_status": "ok",
    "termination_condition": "optimal",
    "solver": "gams",
    "subsolver": "gurobi",
    "is_relaxation": false,
    "root_relaxation_value": 0.0,
    "root_relaxation_gap_percent": 100.0,
    "relaxation_gap_percent": null,
    "absolute_gap": null
  }
}