{
  "model_parameters": {
    "n_dimensions": 5,
    "n_clusters": 5,
    "n_points": 16,
    "coord_range_lower": -1,
    "coord_range_upper": 1
  },
  "solution": {
    "status": "optimal",
    "center_coordinates": {
      "cluster_1": {
        "dim_1": -0.622094183308333,
        "dim_2": 0.388005065995985,
        "dim_3": 0.661072690860649,
        "dim_4": 0.745421275042541,
        "dim_5": 0.449804086346338
      },
      "cluster_2": {
        "dim_1": -0.62209417426888,
        "dim_2": 0.006315809112255,
        "dim_3": -0.358851291562335,
        "dim_4": -0.762950396304515,
        "dim_5": -0.445258583388702
      },
      "cluster_3": {
        "dim_1": -0.219095157699745,
        "dim_2": -0.655819240086522,
        "dim_3": -0.300929835289571,
        "dim_4": 0.107575491952524,
        "dim_5": -0.110822603349557
      },
      "cluster_4": {
        "dim_1": 0.242821710835167,
        "dim_2": 0.706713725730233,
        "dim_3": 0.140957211465956,
        "dim_4": -0.079315733868693,
        "dim_5": 0.685906710358316
      },
      "cluster_5": {
        "dim_1": 0.768332758267882,
        "dim_2": 0.577045659634339,
        "dim_3": 0.487696226414232,
        "dim_4": 0.124172206554655,
        "dim_5": -0.616848155476227
      }
    },
    "distances": {
      "1": 0.552829439915707,
      "2": 0.20774063524046,
      "3": 0.52632995761569,
      "4": 0.252707719964791,
      "5": 0.203118860942683,
      "6": 0.406981577791245,
      "7": 0.370315565571234,
      "8": 0.60325165504732,
      "9": 0.367917700845124,
      "10": 0.226326217797413,
      "11": 0.774641065632874,
      "12": 0.734011445514823,
      "13": 0.65782808067927,
      "14": 0.396415339893658,
      "15": 0.143118387057987,
      "16": 0.670847704163507
    },
    "objective_value": 7.0943813536737865,
    "lower_bound": 3.453355624886956,
    "absolute_gap": 3.6410257287868304,
    "relative_gap": 1.0543442738846271
  },
  "performance": {
    "solution_time_seconds": 1800.6468634605408,
    "solver_status": "ok",
    "termination_condition": "optimal",
    "solver": "gams",
    "subsolver": "gurobi",
    "is_relaxation": false,
    "root_relaxation_value": 0.0,
    "root_relaxation_gap_percent": 100.0,
    "relaxation_gap_percent": null,
    "absolute_gap": null
  }
}