{
  "model_parameters": {
    "n_dimensions": 4,
    "n_clusters": 4,
    "n_points": 15,
    "coord_range_lower": -1,
    "coord_range_upper": 1
  },
  "solution": {
    "status": "optimal",
    "center_coordinates": {
      "cluster_1": {
        "dim_1": -0.795152538182808,
        "dim_2": -0.200744252338837,
        "dim_3": -0.923564634092716,
        "dim_4": 0.141862005928631
      },
      "cluster_2": {
        "dim_1": -0.557815851387879,
        "dim_2": -0.517531542299037,
        "dim_3": 0.729195780897043,
        "dim_4": -0.507841587066645
      },
      "cluster_3": {
        "dim_1": 0.2302540582388,
        "dim_2": 0.317322433354054,
        "dim_3": -0.508340365649081,
        "dim_4": -0.517895817756653
      },
      "cluster_4": {
        "dim_1": 0.6267461159938,
        "dim_2": 0.304751297622084,
        "dim_3": 0.481209628681449,
        "dim_4": -0.036641735903497
      }
    },
    "distances": {
      "1": 0.790737629340515,
      "2": 0.667067651695709,
      "3": 0.573821271550024,
      "4": 0.275598329750874,
      "5": 0.445295426163703,
      "6": 0.68794268111255,
      "7": 0.526060578685369,
      "8": 0.13399637058713,
      "9": 0.231059039688016,
      "10": 0.276172306778886,
      "11": 0.134002831603927,
      "12": 0.494956355834544,
      "13": 0.276287298573061,
      "14": 0.799853174222674,
      "15": 0.410750644704342
    },
    "objective_value": 6.723601590291324,
    "lower_bound": 5.07776033751939,
    "absolute_gap": 1.645841252771934,
    "relative_gap": 0.3241273993596885
  },
  "performance": {
    "solution_time_seconds": 1802.5402283668518,
    "solver_status": "ok",
    "termination_condition": "optimal",
    "solver": "gams",
    "subsolver": "scip",
    "is_relaxation": false,
    "root_relaxation_value": 5.07776033751939,
    "root_relaxation_gap_percent": 24.478565998742084,
    "relaxation_gap_percent": null,
    "absolute_gap": null
  }
}