{
  "model_parameters": {
    "n_dimensions": 5,
    "n_clusters": 3,
    "n_points": 11,
    "coord_range_lower": -1,
    "coord_range_upper": 1
  },
  "solution": {
    "status": "optimal",
    "center_coordinates": {
      "cluster_1": {
        "dim_1": -0.605799119258491,
        "dim_2": -0.59999826724896,
        "dim_3": -0.207212250874607,
        "dim_4": 0.276124800982175,
        "dim_5": -0.170756586666014
      },
      "cluster_2": {
        "dim_1": 0.108605418762625,
        "dim_2": 0.575515247263311,
        "dim_3": -0.139803917219129,
        "dim_4": 0.163054192976284,
        "dim_5": 0.139458830941241
      },
      "cluster_3": {
        "dim_1": 0.853130867036789,
        "dim_2": -0.696204451757199,
        "dim_3": 0.840850183316104,
        "dim_4": -0.242499661286216,
        "dim_5": 0.021286391228669
      }
    },
    "distances": {
      "1": 0.905583487331981,
      "2": 1.000605643378561,
      "3": 0.744428147021303,
      "4": 0.441271538768196,
      "5": 0.838495456508027,
      "6": 0.72110663771319,
      "7": 0.487152303873745,
      "8": 0.915196662089132,
      "9": 1.071017898025878,
      "10": 1.325820770433238,
      "11": 0.74442814702456
    },
    "objective_value": 9.195106692167812,
    "lower_bound": 9.195106692167814,
    "absolute_gap": -1.7763568394002505e-15,
    "relative_gap": -1.9318501664731216e-16
  },
  "performance": {
    "solution_time_seconds": 171.42971897125244,
    "solver_status": "ok",
    "termination_condition": "optimal",
    "solver": "gams",
    "subsolver": "baron",
    "is_relaxation": false,
    "root_relaxation_value": 0.0,
    "root_relaxation_gap_percent": 100.0,
    "relaxation_gap_percent": null,
    "absolute_gap": null
  }
}