{
  "model_parameters": {
    "n_dimensions": 3,
    "n_clusters": 3,
    "n_points": 12,
    "coord_range_lower": -1,
    "coord_range_upper": 1
  },
  "solution": {
    "status": "optimal",
    "center_coordinates": {
      "cluster_1": {
        "dim_1": -0.76152272811227,
        "dim_2": 0.674570750188328,
        "dim_3": 0.330180281042993
      },
      "cluster_2": {
        "dim_1": -0.399698852626896,
        "dim_2": 0.044320400148562,
        "dim_3": -0.644024904771955
      },
      "cluster_3": {
        "dim_1": 0.545991974614107,
        "dim_2": 0.313335376677036,
        "dim_3": 0.184049649815626
      }
    },
    "distances": {
      "1": 0.330117720462722,
      "2": 0.229654003937745,
      "3": 0.38756605185289,
      "4": 0.166528176316067,
      "5": 0.521511531437106,
      "6": 0.309129766169179,
      "7": 0.170436519563903,
      "8": 0.082154414032642,
      "9": 0.693058565932482,
      "10": 0.610664826861604,
      "11": 0.0,
      "12": 0.115691237214509
    },
    "objective_value": 3.616512813780849,
    "lower_bound": 3.61651278907362,
    "upper_bound": 3.61651281378085,
    "absolute_gap": 2.4707229151488264e-08,
    "relative_gap": 6.831782601774537e-09
  },
  "performance": {
    "solution_time_seconds": 3.862271308898926,
    "solver_status": "ok",
    "termination_condition": "optimal",
    "solver": "gams",
    "subsolver": "baron",
    "is_relaxation": false,
    "root_relaxation_value": 0.0,
    "root_relaxation_gap_percent": 100.0,
    "relaxation_gap_percent": null,
    "absolute_gap": null
  }
}