{
  "model_parameters": {
    "n_dimensions": 3,
    "n_clusters": 4,
    "n_points": 11,
    "coord_range_lower": -1,
    "coord_range_upper": 1
  },
  "solution": {
    "status": "optimal",
    "center_coordinates": {
      "cluster_1": {
        "dim_1": -0.225714529405404,
        "dim_2": 0.752683522990433,
        "dim_3": -0.615326254083918
      },
      "cluster_2": {
        "dim_1": 0.228923971210684,
        "dim_2": -0.85961176639593,
        "dim_3": 0.478831109229473
      },
      "cluster_3": {
        "dim_1": 0.589583289570644,
        "dim_2": 0.079120153727254,
        "dim_3": -0.244946087195964
      },
      "cluster_4": {
        "dim_1": 0.653805418030653,
        "dim_2": 0.567381989319313,
        "dim_3": 0.585511587889935
      }
    },
    "distances": {
      "1": 0.138067234626211,
      "2": 0.191916392846387,
      "3": 0.05839606079584,
      "4": 0.514806815169238,
      "5": 0.069197542827371,
      "6": 0.058393340592181,
      "7": 0.167801009596544,
      "8": 0.152210931720146,
      "9": 0.514874099178273,
      "10": 0.14892278992108,
      "11": 0.121177826406553
    },
    "objective_value": 2.135764043679824,
    "lower_bound": 2.135759276832176,
    "absolute_gap": 4.766847648163264e-06,
    "relative_gap": 2.2319217806388737e-06
  },
  "performance": {
    "solution_time_seconds": 1803.1600849628448,
    "solver_status": "ok",
    "termination_condition": "optimal",
    "solver": "gams",
    "subsolver": "scip",
    "is_relaxation": false,
    "root_relaxation_value": 2.13575927683218,
    "root_relaxation_gap_percent": 0.0002231916797303788,
    "relaxation_gap_percent": null,
    "absolute_gap": null
  }
}