{
  "model_parameters": {
    "n_dimensions": 4,
    "n_clusters": 5,
    "n_points": 15,
    "coord_range_lower": -1,
    "coord_range_upper": 1
  },
  "solution": {
    "status": "optimal",
    "center_coordinates": {
      "cluster_1": {
        "dim_1": -0.743366860121902,
        "dim_2": -0.345983481038473,
        "dim_3": -0.314788420744263,
        "dim_4": 0.689621685497364
      },
      "cluster_2": {
        "dim_1": -0.7433668583754,
        "dim_2": 0.872653991959641,
        "dim_3": -0.96055538514769,
        "dim_4": -0.552343877939195
      },
      "cluster_3": {
        "dim_1": -0.540980570224633,
        "dim_2": 0.413429132796348,
        "dim_3": 0.45073368767007,
        "dim_4": -0.040906500658892
      },
      "cluster_4": {
        "dim_1": 0.321616979034722,
        "dim_2": 0.030636507118064,
        "dim_3": 0.791229815988793,
        "dim_4": 0.378848244545088
      },
      "cluster_5": {
        "dim_1": 0.484713335021237,
        "dim_2": -0.038200726433837,
        "dim_3": -0.469831354015634,
        "dim_4": -0.290030626311611
      }
    },
    "distances": {
      "1": 0.280129017745927,
      "2": 0.002035477991043,
      "3": 0.281960430376003,
      "4": 0.252935481019171,
      "5": 0.187886066519963,
      "6": 0.110349182686495,
      "7": 0.390364062213285,
      "8": 0.281902242643058,
      "9": 1.014215411012399,
      "10": 0.516355789124807,
      "11": 0.698444422990383,
      "12": 0.221580854954456,
      "13": 0.526962445761201,
      "14": 0.842245440152911,
      "15": 0.16427057506315
    },
    "objective_value": 5.7716369002542525,
    "lower_bound": 3.59063771969362,
    "absolute_gap": 2.1809991805606326,
    "relative_gap": 0.6074127636432037
  },
  "performance": {
    "solution_time_seconds": 1800.623868227005,
    "solver_status": "ok",
    "termination_condition": "optimal",
    "solver": "gams",
    "subsolver": "gurobi",
    "is_relaxation": false,
    "root_relaxation_value": 0.0,
    "root_relaxation_gap_percent": 100.0,
    "relaxation_gap_percent": null,
    "absolute_gap": null
  }
}