{
  "model_parameters": {
    "n_dimensions": 4,
    "n_clusters": 3,
    "n_points": 17,
    "coord_range_lower": -1,
    "coord_range_upper": 1
  },
  "solution": {
    "status": "optimal",
    "center_coordinates": {
      "cluster_1": {
        "dim_1": -0.355841418702195,
        "dim_2": 0.00377981123762,
        "dim_3": -0.558445822014708,
        "dim_4": 0.439916946377116
      },
      "cluster_2": {
        "dim_1": -0.055088632938663,
        "dim_2": 0.38931393587226,
        "dim_3": 0.841680426387672,
        "dim_4": 0.084073518731444
      },
      "cluster_3": {
        "dim_1": 0.321261007071966,
        "dim_2": 0.161368821162793,
        "dim_3": -0.129220961868082,
        "dim_4": -0.194827816399051
      }
    },
    "distances": {
      "1": 0.590966582048701,
      "2": 0.802726687463146,
      "3": 1.005047566556245,
      "4": 0.668218339974999,
      "5": 0.508428291509868,
      "6": 0.189892378082824,
      "7": 0.102640192579903,
      "8": 0.091878091114771,
      "9": 0.672719756442974,
      "10": 0.613622941795209,
      "11": 0.141506195386212,
      "12": 0.667679541033909,
      "13": 0.420892662999771,
      "14": 0.63620989346397,
      "15": 0.569440314481849,
      "16": 0.308679005496718,
      "17": 0.269748383002968
    },
    "objective_value": 8.260296823434038,
    "lower_bound": 8.20903360422041,
    "absolute_gap": 0.05126321921362731,
    "relative_gap": 0.00624473253310499
  },
  "performance": {
    "solution_time_seconds": 1800.5332474708557,
    "solver_status": "ok",
    "termination_condition": "optimal",
    "solver": "gams",
    "subsolver": "gurobi",
    "is_relaxation": false,
    "root_relaxation_value": 0.0,
    "root_relaxation_gap_percent": 100.0,
    "relaxation_gap_percent": null,
    "absolute_gap": null
  }
}