{
  "model_parameters": {
    "n_dimensions": 3,
    "n_clusters": 3,
    "n_points": 13,
    "coord_range_lower": -1,
    "coord_range_upper": 1
  },
  "solution": {
    "status": "optimal",
    "center_coordinates": {
      "cluster_1": {
        "dim_1": -0.225101328936217,
        "dim_2": -0.06569393064033,
        "dim_3": -0.749666590483253
      },
      "cluster_2": {
        "dim_1": -0.161275762983646,
        "dim_2": 0.278063154769322,
        "dim_3": 0.689864510791452
      },
      "cluster_3": {
        "dim_1": 0.846356484761293,
        "dim_2": -0.75595269346679,
        "dim_3": 0.605129449549973
      }
    },
    "distances": {
      "1": 0.416214274743302,
      "2": 0.2604391348573,
      "3": 0.849991173597076,
      "4": 0.437564193988304,
      "5": 0.055102539908894,
      "6": 0.506370182326826,
      "7": 0.617491088856462,
      "8": 1.265477176468416,
      "9": 0.03969679281946,
      "10": 0.098992836338647,
      "11": 0.072568203601085,
      "12": 0.617502684994046,
      "13": 0.489546256992123
    },
    "objective_value": 5.726956539491941,
    "lower_bound": 5.726951544367488,
    "absolute_gap": 4.995124453621713e-06,
    "relative_gap": 8.722135004851694e-07
  },
  "performance": {
    "solution_time_seconds": 1801.8487026691437,
    "solver_status": "ok",
    "termination_condition": "optimal",
    "solver": "gams",
    "subsolver": "scip",
    "is_relaxation": false,
    "root_relaxation_value": 5.72695154436749,
    "root_relaxation_gap_percent": 8.722127392641804e-05,
    "relaxation_gap_percent": null,
    "absolute_gap": null
  }
}