{
  "model_parameters": {
    "n_dimensions": 5,
    "n_clusters": 3,
    "n_points": 10,
    "coord_range_lower": -1,
    "coord_range_upper": 1
  },
  "solution": {
    "status": "optimal",
    "center_coordinates": {
      "cluster_1": {
        "dim_1": -0.609186025133801,
        "dim_2": -0.945612233188852,
        "dim_3": -0.352947866412676,
        "dim_4": -0.209700867399732,
        "dim_5": 0.068458983648525
      },
      "cluster_2": {
        "dim_1": 0.209731354797038,
        "dim_2": 0.165686013724294,
        "dim_3": -0.475580222179234,
        "dim_4": 0.296055826726049,
        "dim_5": 0.500497309686771
      },
      "cluster_3": {
        "dim_1": 0.220376058532004,
        "dim_2": -0.165082492698501,
        "dim_3": 0.01302719747184,
        "dim_4": 0.103979102418855,
        "dim_5": -0.599781370362118
      }
    },
    "distances": {
      "1": 0.730500055533228,
      "2": 0.718355299092485,
      "3": 0.822517698907192,
      "4": 0.360270085678296,
      "5": 0.370427471153758,
      "6": 0.263250185920321,
      "7": 1.057064880259279,
      "8": 0.360270078861808,
      "9": 0.612038895705693,
      "10": 1.207434124938958
    },
    "objective_value": 6.502128776051018,
    "lower_bound": 6.350179590209594,
    "absolute_gap": 0.15194918584142414,
    "relative_gap": 0.023928328905168633
  },
  "performance": {
    "solution_time_seconds": 1800.9629292488098,
    "solver_status": "ok",
    "termination_condition": "optimal",
    "solver": "gams",
    "subsolver": "scip",
    "is_relaxation": false,
    "root_relaxation_value": 6.35017959020959,
    "root_relaxation_gap_percent": 2.336914433332894,
    "relaxation_gap_percent": null,
    "absolute_gap": null
  }
}