{
  "model_parameters": {
    "n_dimensions": 5,
    "n_clusters": 3,
    "n_points": 20,
    "coord_range_lower": -1,
    "coord_range_upper": 1
  },
  "solution": {
    "status": "optimal",
    "center_coordinates": {
      "cluster_1": {
        "dim_1": -0.385715056326889,
        "dim_2": 0.156400920129119,
        "dim_3": -0.045236963166591,
        "dim_4": 0.379139726659047,
        "dim_5": 0.409076440748977
      },
      "cluster_2": {
        "dim_1": -0.056185825750351,
        "dim_2": -0.48289894420791,
        "dim_3": -0.08255274385831,
        "dim_4": -0.611702661947487,
        "dim_5": -0.681599944575874
      },
      "cluster_3": {
        "dim_1": 0.267083058178978,
        "dim_2": 0.274208996346604,
        "dim_3": -0.618342596181943,
        "dim_4": -0.562983815926116,
        "dim_5": 0.45718673580558
      }
    },
    "distances": {
      "1": 0.382206394447083,
      "2": 1.168714716205418,
      "3": 0.962591486412736,
      "4": 0.65524412356181,
      "5": 0.812901953561839,
      "6": 1.154976528454299,
      "7": 0.937919065347929,
      "8": 0.758039478725968,
      "9": 1.499066149324257,
      "10": 0.967300227993827,
      "11": 0.252592283584771,
      "12": 0.46160481060988,
      "13": 1.005367803571419,
      "14": 0.699299177589623,
      "15": 0.577573261836937,
      "16": 0.774966932960374,
      "17": 1.261439363832175,
      "18": 0.527148730605189,
      "19": 1.472707665521066,
      "20": 1.002737151920867
    },
    "objective_value": 17.334397306067466,
    "lower_bound": 17.33439730606747,
    "absolute_gap": -3.552713678800501e-15,
    "relative_gap": -2.0495167014297998e-16
  },
  "performance": {
    "solution_time_seconds": 670.3978626728058,
    "solver_status": "ok",
    "termination_condition": "optimal",
    "solver": "gams",
    "subsolver": "baron",
    "is_relaxation": false,
    "root_relaxation_value": 0.831342,
    "root_relaxation_gap_percent": 95.20409054135959,
    "relaxation_gap_percent": null,
    "absolute_gap": null
  }
}