{
  "model_parameters": {
    "n_dimensions": 3,
    "n_clusters": 4,
    "n_points": 16,
    "coord_range_lower": -1,
    "coord_range_upper": 1
  },
  "solution": {
    "status": "optimal",
    "center_coordinates": {
      "cluster_1": {
        "dim_1": -0.815305002766827,
        "dim_2": 0.481179152962774,
        "dim_3": 0.212792629085975
      },
      "cluster_2": {
        "dim_1": -0.352835861967263,
        "dim_2": -0.571100371373435,
        "dim_3": -0.114281535516066
      },
      "cluster_3": {
        "dim_1": 0.447919883672228,
        "dim_2": 0.544271201158476,
        "dim_3": 0.714867410496757
      },
      "cluster_4": {
        "dim_1": 0.76192557819463,
        "dim_2": 0.803608371605377,
        "dim_3": -0.757816524893556
      }
    },
    "distances": {
      "1": 0.217874072923647,
      "2": 0.317313711883911,
      "3": 0.268766351924198,
      "4": 0.1143813761148,
      "5": 0.294280623390748,
      "6": 0.468886170051946,
      "7": 0.096301400179388,
      "8": 0.187291903364052,
      "9": 0.194700379440139,
      "10": 0.32598691690239,
      "11": 0.060836196933888,
      "12": 0.138580825057642,
      "13": 0.039743828414341,
      "14": 0.044999352648634,
      "15": 0.080147732833515,
      "16": 0.092471612317297
    },
    "objective_value": 2.942562454380536,
    "lower_bound": 1.662886369624481,
    "upper_bound": 2.942562454380536,
    "absolute_gap": 1.2796760847560549,
    "relative_gap": 0.7695511299698944
  },
  "performance": {
    "solution_time_seconds": 300.81558895111084,
    "solver_status": "ok",
    "termination_condition": "optimal",
    "solver": "gams",
    "subsolver": "scip",
    "is_relaxation": false,
    "root_relaxation_value": 1.66288636962448,
    "root_relaxation_gap_percent": 43.4884936036286,
    "relaxation_gap_percent": null,
    "absolute_gap": null
  }
}