{
  "model_parameters": {
    "n_dimensions": 2,
    "n_clusters": 5,
    "n_points": 11,
    "coord_range_lower": -1,
    "coord_range_upper": 1
  },
  "solution": {
    "status": "optimal",
    "center_coordinates": {
      "cluster_1": {
        "dim_1": -0.607345334074057,
        "dim_2": 0.135300821093117
      },
      "cluster_2": {
        "dim_1": -0.309575587232681,
        "dim_2": 0.684502129821216
      },
      "cluster_3": {
        "dim_1": -0.033026250302056,
        "dim_2": 0.014827001554133
      },
      "cluster_4": {
        "dim_1": 0.200752539051,
        "dim_2": 0.72533665534137
      },
      "cluster_5": {
        "dim_1": 0.646596798216265,
        "dim_2": -0.26520037690396
      }
    },
    "distances": {
      "1": 0.001947452298916,
      "2": 0.078072593967383,
      "3": 0.082780291285503,
      "4": 0.149245784954245,
      "5": 0.059008011514187,
      "6": 0.043177814505458,
      "7": 0.0,
      "8": 0.03231367221903,
      "9": 0.019317442480576,
      "10": 0.019473803554029,
      "11": 0.053368846820903
    },
    "objective_value": 0.53870571360023,
    "lower_bound": 0.138464486575801,
    "upper_bound": 0.538705713599899,
    "absolute_gap": 0.400241227024429,
    "relative_gap": 2.8905695382427243
  },
  "performance": {
    "solution_time_seconds": 300.82651233673096,
    "solver_status": "ok",
    "termination_condition": "optimal",
    "solver": "gams",
    "subsolver": "scip",
    "is_relaxation": false,
    "root_relaxation_value": 0.138464486575801,
    "root_relaxation_gap_percent": 74.29682235029075,
    "relaxation_gap_percent": null,
    "absolute_gap": null
  }
}