{
  "model_parameters": {
    "n_dimensions": 2,
    "n_clusters": 4,
    "n_points": 13,
    "coord_range_lower": -1,
    "coord_range_upper": 1
  },
  "solution": {
    "status": "optimal",
    "center_coordinates": {
      "cluster_1": {
        "dim_1": -0.827495757343369,
        "dim_2": 0.445642492055817
      },
      "cluster_2": {
        "dim_1": -0.089288770260856,
        "dim_2": 0.202345514664351
      },
      "cluster_3": {
        "dim_1": 0.770383774150297,
        "dim_2": -0.022772662018653
      },
      "cluster_4": {
        "dim_1": 0.912085852428456,
        "dim_2": -0.780730576801737
      }
    },
    "distances": {
      "1": 0.011808896900906,
      "2": 0.022485247939797,
      "3": 0.133345004074909,
      "4": 0.10124761711753,
      "5": 0.132768673657035,
      "6": 0.117052102401112,
      "7": 0.218278672588933,
      "8": 0.00702260172478,
      "9": 0.044208839531914,
      "10": 0.050943121292425,
      "11": 0.0,
      "12": 0.032517641517297,
      "13": 0.081852934714944
    },
    "objective_value": 0.953531353461582,
    "lower_bound": 0.953531353461583,
    "absolute_gap": -9.992007221626409e-16,
    "relative_gap": -1.0478949837729671e-15
  },
  "performance": {
    "solution_time_seconds": 7.07658576965332,
    "solver_status": "ok",
    "termination_condition": "optimal",
    "solver": "gams",
    "subsolver": "baron",
    "is_relaxation": false,
    "root_relaxation_value": 0.0,
    "root_relaxation_gap_percent": 100.0,
    "relaxation_gap_percent": null,
    "absolute_gap": null
  }
}