{
  "model_parameters": {
    "n_dimensions": 2,
    "n_clusters": 3,
    "n_points": 12,
    "coord_range_lower": -1,
    "coord_range_upper": 1
  },
  "solution": {
    "status": "optimal",
    "center_coordinates": {
      "cluster_1": {
        "dim_1": -0.634817352700522,
        "dim_2": -0.662343010408427
      },
      "cluster_2": {
        "dim_1": -0.126031358347035,
        "dim_2": 0.659710414071055
      },
      "cluster_3": {
        "dim_1": 0.590131925066303,
        "dim_2": -0.379765017402671
      }
    },
    "distances": {
      "1": 0.12808043729804,
      "2": 0.124551272668522,
      "3": 0.098807306228539,
      "4": 0.175463361900085,
      "5": 0.34298564996098,
      "6": 0.306939043339832,
      "7": 0.116006368858375,
      "8": 0.064030656176959,
      "9": 0.312083091458967,
      "10": 0.053876216958034,
      "11": 0.138614353759481,
      "12": 0.337717211973071
    },
    "objective_value": 2.199154970580885,
    "lower_bound": 2.199154956750764,
    "upper_bound": 2.199154970580883,
    "absolute_gap": 1.383012104838599e-08,
    "relative_gap": 6.288834266058221e-09
  },
  "performance": {
    "solution_time_seconds": 1.4408574104309082,
    "solver_status": "ok",
    "termination_condition": "optimal",
    "solver": "gams",
    "subsolver": "baron",
    "is_relaxation": false,
    "root_relaxation_value": 0.0,
    "root_relaxation_gap_percent": 100.0,
    "relaxation_gap_percent": null,
    "absolute_gap": null
  }
}