{
  "model_parameters": {
    "n_dimensions": 4,
    "n_clusters": 4,
    "n_points": 11,
    "coord_range_lower": -1,
    "coord_range_upper": 1
  },
  "solution": {
    "status": "optimal",
    "center_coordinates": {
      "cluster_1": {
        "dim_1": -0.538052719724279,
        "dim_2": -0.085648125545037,
        "dim_3": -0.581143148494608,
        "dim_4": 0.091134589857237
      },
      "cluster_2": {
        "dim_1": 0.479585947034104,
        "dim_2": -0.482976035618078,
        "dim_3": 0.355080522984581,
        "dim_4": -0.282726488392371
      },
      "cluster_3": {
        "dim_1": 0.47958593710458,
        "dim_2": -0.832326171892302,
        "dim_3": -0.107393794264735,
        "dim_4": 0.774602716736238
      },
      "cluster_4": {
        "dim_1": 0.709752426893733,
        "dim_2": 0.30537052025851,
        "dim_3": 0.441164895506493,
        "dim_4": 0.203027502805182
      }
    },
    "distances": {
      "1": 0.098207971968484,
      "2": 0.154125395009262,
      "3": 0.423721135202403,
      "4": 0.341823798743856,
      "5": 0.178438729298767,
      "6": 0.437727468314765,
      "7": 0.228047861252699,
      "8": 0.896418749344071,
      "9": 0.461861825315698,
      "10": 0.22804786083667,
      "11": 0.418330715114962
    },
    "objective_value": 3.866751510401637,
    "lower_bound": 1.635377842980515,
    "absolute_gap": 2.2313736674211215,
    "relative_gap": 1.3644392193515291
  },
  "performance": {
    "solution_time_seconds": 1801.8821845054626,
    "solver_status": "ok",
    "termination_condition": "optimal",
    "solver": "gams",
    "subsolver": "scip",
    "is_relaxation": false,
    "root_relaxation_value": 1.63537784298051,
    "root_relaxation_gap_percent": 57.70667345493209,
    "relaxation_gap_percent": null,
    "absolute_gap": null
  }
}