{
  "model_parameters": {
    "n_dimensions": 2,
    "n_clusters": 4,
    "n_points": 17,
    "coord_range_lower": -1,
    "coord_range_upper": 1
  },
  "solution": {
    "status": "optimal",
    "center_coordinates": {
      "cluster_1": {
        "dim_1": -0.668215129676637,
        "dim_2": 0.546651209163335
      },
      "cluster_2": {
        "dim_1": -0.668215129676637,
        "dim_2": -0.69971965180069
      },
      "cluster_3": {
        "dim_1": 0.370527144972261,
        "dim_2": -0.093072634288952
      },
      "cluster_4": {
        "dim_1": 0.565526706776563,
        "dim_2": 0.729570990193625
      }
    },
    "distances": {
      "1": 0.08273900326349,
      "2": 0.097331387695425,
      "3": 0.328605932344694,
      "4": 0.108399434893999,
      "5": 0.082702337821382,
      "6": 0.03395218681678,
      "7": 0.026756874872921,
      "8": 0.378027862916642,
      "9": 0.006719792718005,
      "10": 0.081435554512398,
      "11": 0.000770835305452,
      "12": 0.006867296757557,
      "13": 0.157871545018131,
      "14": 0.266956696831534,
      "15": 0.009923925616919,
      "16": 0.311028141625887,
      "17": 0.11408276212007
    },
    "objective_value": 2.094171571131286,
    "lower_bound": 2.094171571131285,
    "upper_bound": 2.094171571131285,
    "absolute_gap": 8.881784197001252e-16,
    "relative_gap": 4.2411922305884683e-16
  },
  "performance": {
    "solution_time_seconds": 221.70230102539062,
    "solver_status": "ok",
    "termination_condition": "optimal",
    "solver": "gams",
    "subsolver": "baron",
    "is_relaxation": false,
    "root_relaxation_value": 0.0,
    "root_relaxation_gap_percent": 100.0,
    "relaxation_gap_percent": null,
    "absolute_gap": null
  }
}