{
  "model_parameters": {
    "n_dimensions": 2,
    "n_clusters": 3,
    "n_points": 14,
    "coord_range_lower": -1,
    "coord_range_upper": 1
  },
  "solution": {
    "status": "optimal",
    "center_coordinates": {
      "cluster_1": {
        "dim_1": -0.505089272672486,
        "dim_2": 0.451187936029139
      },
      "cluster_2": {
        "dim_1": -0.218718787956219,
        "dim_2": -0.324204076998605
      },
      "cluster_3": {
        "dim_1": 0.656040419749734,
        "dim_2": 0.390766803738927
      }
    },
    "distances": {
      "1": 0.23760675346566,
      "2": 0.202439656952748,
      "3": 0.000351921775814,
      "4": 0.134340256854193,
      "5": 0.353931874478814,
      "6": 0.0538374039909,
      "7": 0.085048178004898,
      "8": 0.007462151081397,
      "9": 0.305195184061685,
      "10": 0.031474460750115,
      "11": 0.203255125793994,
      "12": 0.172604095728352,
      "13": 0.05551220670447,
      "14": 0.068872609445001
    },
    "objective_value": 1.911931879088041,
    "lower_bound": 1.91193187908804,
    "upper_bound": 1.91193187908804,
    "absolute_gap": 1.1102230246251565e-15,
    "relative_gap": 5.806812662984178e-16
  },
  "performance": {
    "solution_time_seconds": 12.672618389129639,
    "solver_status": "ok",
    "termination_condition": "optimal",
    "solver": "gams",
    "subsolver": "baron",
    "is_relaxation": false,
    "root_relaxation_value": 0.0,
    "root_relaxation_gap_percent": 100.0,
    "relaxation_gap_percent": null,
    "absolute_gap": null
  }
}