{
  "model_parameters": {
    "n_dimensions": 4,
    "n_clusters": 5,
    "n_points": 17,
    "coord_range_lower": -1,
    "coord_range_upper": 1
  },
  "solution": {
    "status": "optimal",
    "center_coordinates": {
      "cluster_1": {
        "dim_1": -0.608028582280248,
        "dim_2": 0.60144391083469,
        "dim_3": -0.147510821986708,
        "dim_4": -0.530504718023251
      },
      "cluster_2": {
        "dim_1": -0.016386239464024,
        "dim_2": 0.55334410587916,
        "dim_3": -0.190748122667708,
        "dim_4": -0.629142968140836
      },
      "cluster_3": {
        "dim_1": -0.01638624943649,
        "dim_2": 0.106955677339655,
        "dim_3": 0.100096510053727,
        "dim_4": 0.044886207180047
      },
      "cluster_4": {
        "dim_1": -0.016386259423344,
        "dim_2": -0.025848712687285,
        "dim_3": -0.375527922652034,
        "dim_4": 0.80666433560968
      },
      "cluster_5": {
        "dim_1": -0.016386269418076,
        "dim_2": -0.64632906337544,
        "dim_3": 0.544828568748019,
        "dim_4": 0.376111561311881
      }
    },
    "distances": {
      "1": 0.24938240845948,
      "2": 0.586656390638443,
      "3": 0.17492606782181,
      "4": 0.589934232601713,
      "5": 0.969237409703954,
      "6": 0.223787402245354,
      "7": 0.524609188487033,
      "8": 0.489545690020571,
      "9": 1.085559412107651,
      "10": 0.680821008223084,
      "11": 0.434417442775351,
      "12": 0.55489129073516,
      "13": 0.596894744529351,
      "14": 0.51856824264793,
      "15": 0.652547469647514,
      "16": 0.682647676756001,
      "17": 0.230867515645382
    },
    "objective_value": 9.245293593045782,
    "lower_bound": 0.0,
    "absolute_gap": 9.245293593045782,
    "relative_gap": null
  },
  "performance": {
    "solution_time_seconds": 1801.4499516487122,
    "solver_status": "ok",
    "termination_condition": "optimal",
    "solver": "gams",
    "subsolver": "scip",
    "is_relaxation": false,
    "root_relaxation_value": 0.0,
    "root_relaxation_gap_percent": 100.0,
    "relaxation_gap_percent": null,
    "absolute_gap": null
  }
}