{
  "model_parameters": {
    "n_dimensions": 5,
    "n_clusters": 3,
    "n_points": 17,
    "coord_range_lower": -1,
    "coord_range_upper": 1
  },
  "solution": {
    "status": "feasible",
    "center_coordinates": {
      "cluster_1": {
        "dim_1": -0.450188639934071,
        "dim_2": -0.162451515061176,
        "dim_3": -0.393632574272643,
        "dim_4": -0.1614097623957,
        "dim_5": 0.597844848724997
      },
      "cluster_2": {
        "dim_1": -0.227309537383416,
        "dim_2": -0.204004063111565,
        "dim_3": -0.145014710574663,
        "dim_4": 0.404250790616804,
        "dim_5": -0.694360221626465
      },
      "cluster_3": {
        "dim_1": 0.301410454292676,
        "dim_2": -0.272812214944842,
        "dim_3": 0.332792813283145,
        "dim_4": 0.863624805768173,
        "dim_5": 0.532568664571937
      }
    },
    "distances": {
      "1": 1.016945638361491,
      "2": 0.730376935442562,
      "3": 1.288058506208078,
      "4": 0.931812929046304,
      "5": 2.000767625354694,
      "6": 0.708390621505533,
      "7": 1.00126117139409,
      "8": 0.20823487103673,
      "9": 0.798505801477274,
      "10": 1.480904889359259,
      "11": 1.469075124414053,
      "12": 0.499618424225339,
      "13": 0.676087422286441,
      "14": 0.354025692762279,
      "15": 0.766489557535429,
      "16": 1.791107451611534,
      "17": 0.787123417143114
    },
    "objective_value": 16.508786079164203,
    "lower_bound": 11.291124567986333,
    "upper_bound": 16.508786079164206,
    "absolute_gap": 5.2176615111778695,
    "relative_gap": 0.46210290921521474
  },
  "performance": {
    "solution_time_seconds": 300.69986271858215,
    "solver_status": "ok",
    "termination_condition": "feasible",
    "solver": "gams",
    "subsolver": "gurobi",
    "is_relaxation": false,
    "root_relaxation_value": 0.0,
    "root_relaxation_gap_percent": 100.0,
    "relaxation_gap_percent": null,
    "absolute_gap": null
  }
}