{
  "model_parameters": {
    "n_dimensions": 3,
    "n_clusters": 3,
    "n_points": 13,
    "coord_range_lower": -1,
    "coord_range_upper": 1
  },
  "solution": {
    "status": "optimal",
    "center_coordinates": {
      "cluster_1": {
        "dim_1": -0.224895256863981,
        "dim_2": -0.065503350679212,
        "dim_3": -0.749228621890927
      },
      "cluster_2": {
        "dim_1": -0.161392695017237,
        "dim_2": 0.278119199053336,
        "dim_3": 0.690166456987527
      },
      "cluster_3": {
        "dim_1": 0.846517569125982,
        "dim_2": -0.755879704592555,
        "dim_3": 0.605114257836321
      }
    },
    "distances": {
      "1": 0.416139316081212,
      "2": 0.260664569042282,
      "3": 0.849724725486583,
      "4": 0.437412437668463,
      "5": 0.05525495176793,
      "6": 0.506249450169569,
      "7": 0.617497414312358,
      "8": 1.265564935590543,
      "9": 0.039678637382073,
      "10": 0.098969678786399,
      "11": 0.072612355786055,
      "12": 0.617497414312358,
      "13": 0.489701466161144
    },
    "objective_value": 5.726967352546969,
    "lower_bound": 5.726967352546968,
    "absolute_gap": 8.881784197001252e-16,
    "relative_gap": 1.5508704084110476e-16
  },
  "performance": {
    "solution_time_seconds": 245.3177342414856,
    "solver_status": "ok",
    "termination_condition": "optimal",
    "solver": "gams",
    "subsolver": "baron",
    "is_relaxation": false,
    "root_relaxation_value": 0.0,
    "root_relaxation_gap_percent": 100.0,
    "relaxation_gap_percent": null,
    "absolute_gap": null
  }
}