{
  "model_parameters": {
    "n_dimensions": 5,
    "n_clusters": 5,
    "n_points": 13,
    "coord_range_lower": -1,
    "coord_range_upper": 1
  },
  "solution": {
    "status": "optimal",
    "center_coordinates": {
      "cluster_1": {
        "dim_1": -0.238423311050344,
        "dim_2": -0.495562914240623,
        "dim_3": 0.386918957009236,
        "dim_4": -0.688490507027893,
        "dim_5": 0.292541881408723
      },
      "cluster_2": {
        "dim_1": -0.238423311050344,
        "dim_2": -0.495622751579065,
        "dim_3": -0.205651901730335,
        "dim_4": 0.204228253244215,
        "dim_5": -0.656918428392825
      },
      "cluster_3": {
        "dim_1": -0.238423311050344,
        "dim_2": 0.700407013478248,
        "dim_3": -0.411669017840553,
        "dim_4": 0.310610285268912,
        "dim_5": 0.526481954496486
      },
      "cluster_4": {
        "dim_1": -0.238423311050344,
        "dim_2": 0.700220735700802,
        "dim_3": 0.815318951399118,
        "dim_4": 0.351541197921217,
        "dim_5": 0.44665886152112
      },
      "cluster_5": {
        "dim_1": 0.561352925501604,
        "dim_2": -0.321260344145368,
        "dim_3": -0.306584620521524,
        "dim_4": 0.411922567900189,
        "dim_5": 0.119946688841563
      }
    },
    "distances": {
      "1": 0.495594017252015,
      "2": 0.252838951033044,
      "3": 0.112723247189157,
      "4": 0.285947699050293,
      "5": 0.619569216167154,
      "6": 0.533689729524444,
      "7": 0.319962913289358,
      "8": 0.247078483739453,
      "9": 0.295021058762542,
      "10": 0.285855946561378,
      "11": 0.371095599048783,
      "12": 0.640640931835362,
      "13": 0.69667617439909
    },
    "objective_value": 5.156693967852073,
    "lower_bound": 0.0,
    "upper_bound": 5.156693967852073,
    "absolute_gap": 5.156693967852073,
    "relative_gap": null
  },
  "performance": {
    "solution_time_seconds": 300.9188425540924,
    "solver_status": "ok",
    "termination_condition": "optimal",
    "solver": "gams",
    "subsolver": "scip",
    "is_relaxation": false,
    "root_relaxation_value": 0.0,
    "root_relaxation_gap_percent": 100.0,
    "relaxation_gap_percent": null,
    "absolute_gap": null
  }
}