{
  "model_parameters": {
    "n_dimensions": 5,
    "n_clusters": 5,
    "n_points": 12,
    "coord_range_lower": -1,
    "coord_range_upper": 1
  },
  "solution": {
    "status": "optimal",
    "center_coordinates": {
      "cluster_1": {
        "dim_1": -0.432658103941818,
        "dim_2": 0.604455261755144,
        "dim_3": 0.464472976491541,
        "dim_4": 0.504219072757344,
        "dim_5": 0.469194192546815
      },
      "cluster_2": {
        "dim_1": -0.184555494633022,
        "dim_2": 0.51052871746225,
        "dim_3": -0.816656927900976,
        "dim_4": 0.208484881805216,
        "dim_5": 0.565836173483949
      },
      "cluster_3": {
        "dim_1": -0.074736660193721,
        "dim_2": -0.136769361932482,
        "dim_3": 0.1962303703814,
        "dim_4": 0.585676818767624,
        "dim_5": -0.755310698218194
      },
      "cluster_4": {
        "dim_1": 0.181548297437675,
        "dim_2": -0.649847689270736,
        "dim_3": 0.856158325726306,
        "dim_4": -0.512275995224055,
        "dim_5": 0.228293653640698
      },
      "cluster_5": {
        "dim_1": 0.579502231626823,
        "dim_2": 0.647755705303383,
        "dim_3": 0.623755291130317,
        "dim_4": -0.769200841152482,
        "dim_5": 0.683234086834889
      }
    },
    "distances": {
      "1": 0.533624318910967,
      "2": 0.603757719563531,
      "3": 0.439232232286154,
      "4": 0.143940790532029,
      "5": 0.533575280888427,
      "6": 0.695039580378981,
      "7": 0.510787473321537,
      "8": 0.33150850132034,
      "9": 2.46436e-10,
      "10": 0.30236295601659,
      "11": 0.106694157064069,
      "12": 0.302337079858159
    },
    "objective_value": 4.50286009038722,
    "lower_bound": 4.502857183691908,
    "absolute_gap": 2.9066953119993855e-06,
    "relative_gap": 6.455224301864658e-07
  },
  "performance": {
    "solution_time_seconds": 764.7223160266876,
    "solver_status": "ok",
    "termination_condition": "optimal",
    "solver": "gams",
    "subsolver": "gurobi",
    "is_relaxation": false,
    "root_relaxation_value": 0.0,
    "root_relaxation_gap_percent": 100.0,
    "relaxation_gap_percent": null,
    "absolute_gap": null
  }
}