{
  "model_parameters": {
    "n_dimensions": 5,
    "n_clusters": 5,
    "n_points": 14,
    "coord_range_lower": -1,
    "coord_range_upper": 1
  },
  "solution": {
    "status": "optimal",
    "center_coordinates": {
      "cluster_1": {
        "dim_1": -0.561601638793945,
        "dim_2": 0.646600689122007,
        "dim_3": 0.598567962646484,
        "dim_4": -0.379747507055716,
        "dim_5": -0.280795814178122
      },
      "cluster_2": {
        "dim_1": -0.270984223356996,
        "dim_2": -0.604300507337144,
        "dim_3": -0.2886962890625,
        "dim_4": -0.207183837890625,
        "dim_5": -0.16361624341279
      },
      "cluster_3": {
        "dim_1": 0.332722589362674,
        "dim_2": -0.143776151731006,
        "dim_3": -0.536182698124916,
        "dim_4": 0.410201908510013,
        "dim_5": 0.753850359469426
      },
      "cluster_4": {
        "dim_1": 0.564891349787751,
        "dim_2": 0.553829409745813,
        "dim_3": 0.505702166567194,
        "dim_4": 0.307684034116701,
        "dim_5": 0.119540439580115
      },
      "cluster_5": {
        "dim_1": 0.619276983695738,
        "dim_2": 0.853444582010547,
        "dim_3": -0.5291748046875,
        "dim_4": -0.925292968750025,
        "dim_5": 0.664405634728647
      }
    },
    "distances": {
      "1": 0.431611537639538,
      "2": 0.504533287714669,
      "3": 0.748573152688598,
      "4": 0.256313347943,
      "5": 0.256105073346479,
      "6": 0.920036830850786,
      "7": 0.238425577039261,
      "8": 0.287318421185743,
      "9": 0.400541454859334,
      "10": 0.28667016406647,
      "11": 0.70522104139178,
      "12": 0.238180782976231,
      "13": 0.210631940564221,
      "14": 0.456397707521515
    },
    "objective_value": 5.940560319787625,
    "lower_bound": 1.490515701135383,
    "upper_bound": 5.940560319787626,
    "absolute_gap": 4.450044618652242,
    "relative_gap": 2.9855737952055605
  },
  "performance": {
    "solution_time_seconds": 301.64834451675415,
    "solver_status": "ok",
    "termination_condition": "optimal",
    "solver": "gams",
    "subsolver": "scip",
    "is_relaxation": false,
    "root_relaxation_value": 1.49051570113538,
    "root_relaxation_gap_percent": 74.90950986272173,
    "relaxation_gap_percent": null,
    "absolute_gap": null
  }
}