{
  "model_parameters": {
    "n_dimensions": 4,
    "n_clusters": 5,
    "n_points": 16,
    "coord_range_lower": -1,
    "coord_range_upper": 1
  },
  "solution": {
    "status": "optimal",
    "center_coordinates": {
      "cluster_1": {
        "dim_1": -0.865623998779627,
        "dim_2": -0.316170656592547,
        "dim_3": -0.156519550575363,
        "dim_4": -0.299285888671875
      },
      "cluster_2": {
        "dim_1": -0.804717564744322,
        "dim_2": 0.806149794919564,
        "dim_3": 0.501168502164991,
        "dim_4": 0.88229873340344
      },
      "cluster_3": {
        "dim_1": -0.169069106781296,
        "dim_2": -0.273222804069519,
        "dim_3": 0.654763868145562,
        "dim_4": 0.255966186523438
      },
      "cluster_4": {
        "dim_1": 0.221837168206336,
        "dim_2": 0.602512548620364,
        "dim_3": 0.473512408017797,
        "dim_4": -0.255706787109375
      },
      "cluster_5": {
        "dim_1": 0.613052821043227,
        "dim_2": -0.491347667231973,
        "dim_3": -0.246584693427151,
        "dim_4": -0.68911826245125
      }
    },
    "distances": {
      "1": 0.954174416858624,
      "2": 0.663630575101851,
      "3": 0.298898095522841,
      "4": 0.476843477618135,
      "5": 0.138035773587926,
      "6": 0.463346418829312,
      "7": 0.164997376778747,
      "8": 0.134073056685306,
      "9": 0.498604595868614,
      "10": 0.353856522419991,
      "11": 0.367493229798122,
      "12": 0.496670973336945,
      "13": 2.10720153e-06,
      "14": 0.094810200498948,
      "15": 0.42902945687739,
      "16": 0.220902147906946
    },
    "objective_value": 5.755368424891228,
    "lower_bound": 3.328574894745259,
    "absolute_gap": 2.426793530145969,
    "relative_gap": 0.7290788421126079
  },
  "performance": {
    "solution_time_seconds": 1807.6330842971802,
    "solver_status": "ok",
    "termination_condition": "optimal",
    "solver": "gams",
    "subsolver": "scip",
    "is_relaxation": false,
    "root_relaxation_value": 3.32857489474526,
    "root_relaxation_gap_percent": 42.165737290603296,
    "relaxation_gap_percent": null,
    "absolute_gap": null
  }
}