{
  "model_parameters": {
    "n_dimensions": 4,
    "n_clusters": 3,
    "n_points": 14,
    "coord_range_lower": -1,
    "coord_range_upper": 1
  },
  "solution": {
    "status": "optimal",
    "center_coordinates": {
      "cluster_1": {
        "dim_1": -0.458279228736001,
        "dim_2": -0.287788699668621,
        "dim_3": 0.549089560463098,
        "dim_4": 0.692883996520554
      },
      "cluster_2": {
        "dim_1": -0.140265584318789,
        "dim_2": 0.637868757109019,
        "dim_3": 0.009718937073836,
        "dim_4": 0.055054269200052
      },
      "cluster_3": {
        "dim_1": 0.117193229560901,
        "dim_2": -0.53673397837699,
        "dim_3": -0.487146135218638,
        "dim_4": -0.596014452829084
      }
    },
    "distances": {
      "1": 0.794426232173626,
      "2": 0.510488247640909,
      "3": 0.889993137218243,
      "4": 0.294073233781799,
      "5": 0.814520697465609,
      "6": 0.410729820903742,
      "7": 1.323090400064753,
      "8": 0.344793062190558,
      "9": 0.64794881537382,
      "10": 0.782942781064394,
      "11": 0.417254389094349,
      "12": 0.946691570952835,
      "13": 0.7558930377258,
      "14": 0.427376614219002
    },
    "objective_value": 9.36022203986944,
    "lower_bound": 6.968437554129915,
    "absolute_gap": 2.3917844857395245,
    "relative_gap": 0.3432310998212231
  },
  "performance": {
    "solution_time_seconds": 1801.9553084373474,
    "solver_status": "ok",
    "termination_condition": "optimal",
    "solver": "gams",
    "subsolver": "scip",
    "is_relaxation": false,
    "root_relaxation_value": 6.96843755412992,
    "root_relaxation_gap_percent": 25.552646887561238,
    "relaxation_gap_percent": null,
    "absolute_gap": null
  }
}