{
  "model_parameters": {
    "n_dimensions": 4,
    "n_clusters": 5,
    "n_points": 17,
    "coord_range_lower": -1,
    "coord_range_upper": 1
  },
  "solution": {
    "status": "feasible",
    "center_coordinates": {
      "cluster_1": {
        "dim_1": -0.680292734999242,
        "dim_2": 0.551825164700422,
        "dim_3": -0.076004505519136,
        "dim_4": 0.070204120387284
      },
      "cluster_2": {
        "dim_1": -0.391458385353048,
        "dim_2": 0.081364441448276,
        "dim_3": -0.599424562364159,
        "dim_4": -0.835241209557814
      },
      "cluster_3": {
        "dim_1": -0.213906565122252,
        "dim_2": -0.682392326822749,
        "dim_3": 0.375658834519555,
        "dim_4": 0.449184098770065
      },
      "cluster_4": {
        "dim_1": 0.491614957222909,
        "dim_2": 0.59879613049775,
        "dim_3": 0.133998478396455,
        "dim_4": -0.604728099907133
      },
      "cluster_5": {
        "dim_1": 0.566968441604517,
        "dim_2": 0.142368627721814,
        "dim_3": -0.493148842305896,
        "dim_4": 0.849573459807205
      }
    },
    "distances": {
      "1": 0.073233320374834,
      "2": 0.207499919571458,
      "3": 0.146294627150161,
      "4": 0.622324272245574,
      "5": 0.239722091466907,
      "6": 0.367189867298076,
      "7": 0.371309829593443,
      "8": 0.239725604696526,
      "9": 0.39997998479309,
      "10": 0.506172601335482,
      "11": 0.446727610204505,
      "12": 0.55542658519822,
      "13": 0.207499878959636,
      "14": 0.751977304372092,
      "15": 0.589469979599439,
      "16": 0.295098310132173,
      "17": 0.06331821371884
    },
    "objective_value": 6.082970000710456,
    "lower_bound": 2.257510208603256,
    "upper_bound": 6.082970000710457,
    "absolute_gap": 3.8254597921072,
    "relative_gap": 1.6945481697174918
  },
  "performance": {
    "solution_time_seconds": 301.10806798934937,
    "solver_status": "ok",
    "termination_condition": "feasible",
    "solver": "gams",
    "subsolver": "gurobi",
    "is_relaxation": false,
    "root_relaxation_value": 0.0,
    "root_relaxation_gap_percent": 100.0,
    "relaxation_gap_percent": null,
    "absolute_gap": null
  }
}