{
  "model_parameters": {
    "n_dimensions": 3,
    "n_clusters": 5,
    "n_points": 13,
    "coord_range_lower": -1,
    "coord_range_upper": 1
  },
  "solution": {
    "status": "feasible",
    "center_coordinates": {
      "cluster_1": {
        "dim_1": -0.730190123583996,
        "dim_2": -0.445141033656322,
        "dim_3": -0.017738756208559
      },
      "cluster_2": {
        "dim_1": 0.300635602370238,
        "dim_2": 0.307172948193909,
        "dim_3": 0.188034449384693
      },
      "cluster_3": {
        "dim_1": 0.352431778742911,
        "dim_2": -0.758848196107759,
        "dim_3": 0.28193033174236
      },
      "cluster_4": {
        "dim_1": 0.500221317400679,
        "dim_2": 0.639027545021973,
        "dim_3": -0.860269415222851
      },
      "cluster_5": {
        "dim_1": 0.815492961451713,
        "dim_2": -0.972062922965253,
        "dim_3": -0.898108677336752
      }
    },
    "distances": {
      "1": 0.086135988550991,
      "2": 0.101443097350652,
      "3": 0.054132828930836,
      "4": 0.174979672524615,
      "5": 0.389422656059105,
      "6": 0.213462062994096,
      "7": 0.163364619311021,
      "8": 0.0,
      "9": 0.110869154864078,
      "10": 0.110869153656455,
      "11": 0.24857370569952,
      "12": 0.245071143369534,
      "13": 0.215086328581643
    },
    "objective_value": 2.113410411892546,
    "lower_bound": 2.012667063916661,
    "upper_bound": 2.113410411892545,
    "absolute_gap": 0.10074334797588502,
    "relative_gap": 0.05005465125455868
  },
  "performance": {
    "solution_time_seconds": 300.7126007080078,
    "solver_status": "ok",
    "termination_condition": "feasible",
    "solver": "gams",
    "subsolver": "gurobi",
    "is_relaxation": false,
    "root_relaxation_value": 0.0,
    "root_relaxation_gap_percent": 100.0,
    "relaxation_gap_percent": null,
    "absolute_gap": null
  }
}