{
  "model_parameters": {
    "n_dimensions": 5,
    "n_clusters": 3,
    "n_points": 11,
    "coord_range_lower": -1,
    "coord_range_upper": 1
  },
  "solution": {
    "status": "feasible",
    "center_coordinates": {
      "cluster_1": {
        "dim_1": -0.606279163619593,
        "dim_2": -0.599513309634655,
        "dim_3": -0.207442498736387,
        "dim_4": 0.276654870603584,
        "dim_5": -0.17028551681725
      },
      "cluster_2": {
        "dim_1": 0.108951040465767,
        "dim_2": 0.575447469458106,
        "dim_3": -0.139087783271544,
        "dim_4": 0.163637558002054,
        "dim_5": 0.139575958284908
      },
      "cluster_3": {
        "dim_1": 0.853605968269939,
        "dim_2": -0.695760284695985,
        "dim_3": 0.840958605823307,
        "dim_4": -0.242704857745353,
        "dim_5": 0.020834346206209
      }
    },
    "distances": {
      "1": 0.906146429817884,
      "2": 0.999749350783018,
      "3": 0.744343031229603,
      "4": 0.440811077669944,
      "5": 0.837674903502761,
      "6": 0.72065591316785,
      "7": 0.486464196067227,
      "8": 0.915484017043523,
      "9": 1.07242138523446,
      "10": 1.326827559642826,
      "11": 0.744510726888683
    },
    "objective_value": 9.19508859104778,
    "lower_bound": 9.038457928531168,
    "upper_bound": 9.195088591047778,
    "absolute_gap": 0.15663066251661206,
    "relative_gap": 0.017329356816740308
  },
  "performance": {
    "solution_time_seconds": 300.60953164100647,
    "solver_status": "ok",
    "termination_condition": "feasible",
    "solver": "gams",
    "subsolver": "gurobi",
    "is_relaxation": false,
    "root_relaxation_value": 0.0,
    "root_relaxation_gap_percent": 100.0,
    "relaxation_gap_percent": null,
    "absolute_gap": null
  }
}