{
  "model_parameters": {
    "n_dimensions": 2,
    "n_clusters": 5,
    "n_points": 10,
    "coord_range_lower": -1,
    "coord_range_upper": 1
  },
  "solution": {
    "status": "optimal",
    "center_coordinates": {
      "cluster_1": {
        "dim_1": -0.885042074154541,
        "dim_2": 0.574171861856166
      },
      "cluster_2": {
        "dim_1": -0.754619712742804,
        "dim_2": -0.82481364773912
      },
      "cluster_3": {
        "dim_1": -0.159336091548973,
        "dim_2": -0.129636591638809
      },
      "cluster_4": {
        "dim_1": 0.048606986523088,
        "dim_2": 0.509984978630934
      },
      "cluster_5": {
        "dim_1": 0.86461707638435,
        "dim_2": 0.742450266037435
      }
    },
    "distances": {
      "1": 0.006533277653364,
      "2": 0.025302927425795,
      "3": 0.013318352570371,
      "4": 0.016326536928506,
      "5": 0.0,
      "6": 0.145637498724391,
      "7": 0.160086918249266,
      "8": 0.01324058842884,
      "9": 0.0,
      "10": 0.027639912697472
    },
    "objective_value": 0.408086012678005,
    "lower_bound": 0.408086012678007,
    "absolute_gap": -1.9984014443252818e-15,
    "relative_gap": -4.8970103905572594e-15
  },
  "performance": {
    "solution_time_seconds": 15.87029504776001,
    "solver_status": "ok",
    "termination_condition": "optimal",
    "solver": "gams",
    "subsolver": "scip",
    "is_relaxation": false,
    "root_relaxation_value": 0.408086012678007,
    "root_relaxation_gap_percent": 4.897010390557284e-13,
    "relaxation_gap_percent": null,
    "absolute_gap": null
  }
}