{
  "model_parameters": {
    "n_dimensions": 5,
    "n_clusters": 5,
    "n_points": 14,
    "coord_range_lower": -1,
    "coord_range_upper": 1
  },
  "solution": {
    "status": "feasible",
    "center_coordinates": {
      "cluster_1": {
        "dim_1": -0.464474300359947,
        "dim_2": -0.604438524829205,
        "dim_3": -0.288663142196653,
        "dim_4": -0.207109535632313,
        "dim_5": -0.163433245712657
      },
      "cluster_2": {
        "dim_1": -0.464474297930401,
        "dim_2": 0.646723339200747,
        "dim_3": 0.598294331709564,
        "dim_4": -0.379990438557241,
        "dim_5": -0.280808273571118
      },
      "cluster_3": {
        "dim_1": 0.33252070272629,
        "dim_2": -0.14371319474864,
        "dim_3": -0.536319067619201,
        "dim_4": 0.410116124154052,
        "dim_5": 0.753771967017309
      },
      "cluster_4": {
        "dim_1": 0.582970507941094,
        "dim_2": 0.853742056391716,
        "dim_3": -0.529514663758459,
        "dim_4": -0.925585189902509,
        "dim_5": 0.66443076946235
      },
      "cluster_5": {
        "dim_1": 0.582970519911922,
        "dim_2": 0.554244951639822,
        "dim_3": 0.505855876740072,
        "dim_4": 0.307732412410309,
        "dim_5": 0.119385754364184
      }
    },
    "distances": {
      "1": 0.431631627376506,
      "2": 0.462059893570593,
      "3": 0.805004658362283,
      "4": 0.24969092618951,
      "5": 0.337660671440999,
      "6": 0.876177733981586,
      "7": 0.238316717972833,
      "8": 0.298775426875848,
      "9": 0.397915626700833,
      "10": 0.277861502703489,
      "11": 0.772594573572294,
      "12": 0.238290725804354,
      "13": 0.222200993876153,
      "14": 0.448761197906587
    },
    "objective_value": 6.056942276333868,
    "lower_bound": 1.847423331013585,
    "upper_bound": 6.056942276333869,
    "absolute_gap": 4.2095189453202835,
    "relative_gap": 2.2785892516636888
  },
  "performance": {
    "solution_time_seconds": 300.73204922676086,
    "solver_status": "ok",
    "termination_condition": "feasible",
    "solver": "gams",
    "subsolver": "gurobi",
    "is_relaxation": false,
    "root_relaxation_value": 0.0,
    "root_relaxation_gap_percent": 100.0,
    "relaxation_gap_percent": null,
    "absolute_gap": null
  }
}