{
  "model_parameters": {
    "n_dimensions": 4,
    "n_clusters": 4,
    "n_points": 11,
    "coord_range_lower": -1,
    "coord_range_upper": 1
  },
  "solution": {
    "status": "optimal",
    "center_coordinates": {
      "cluster_1": {
        "dim_1": -0.537847660655072,
        "dim_2": -0.085806423156122,
        "dim_3": -0.581237622921075,
        "dim_4": 0.090784938279342
      },
      "cluster_2": {
        "dim_1": 0.44381343338213,
        "dim_2": -0.832003052599117,
        "dim_3": -0.107485632636252,
        "dim_4": 0.77489373199987
      },
      "cluster_3": {
        "dim_1": 0.477804284413637,
        "dim_2": -0.818337471006373,
        "dim_3": 0.727259842975074,
        "dim_4": -0.690958689078367
      },
      "cluster_4": {
        "dim_1": 0.683661838201188,
        "dim_2": 0.230081912396022,
        "dim_3": 0.364665356997534,
        "dim_4": 0.190791708666484
      }
    },
    "distances": {
      "1": 0.158332326990906,
      "2": 0.16492296076128,
      "3": 0.309844954970979,
      "4": 0.278824714610739,
      "5": 0.165049749848427,
      "6": 0.409750472019992,
      "7": 0.227698630873933,
      "8": 0.927307599439436,
      "9": 0.523576454164949,
      "10": 0.228396238568664,
      "11": 0.0
    },
    "objective_value": 3.393704102249305,
    "lower_bound": 2.512602172967961,
    "upper_bound": 3.393704102249304,
    "absolute_gap": 0.881101929281344,
    "relative_gap": 0.35067307461593095
  },
  "performance": {
    "solution_time_seconds": 300.86484718322754,
    "solver_status": "ok",
    "termination_condition": "optimal",
    "solver": "gams",
    "subsolver": "scip",
    "is_relaxation": false,
    "root_relaxation_value": 2.51260217296796,
    "root_relaxation_gap_percent": 25.962838913898285,
    "relaxation_gap_percent": null,
    "absolute_gap": null
  }
}