{
  "model_parameters": {
    "n_dimensions": 4,
    "n_clusters": 3,
    "n_points": 10,
    "coord_range_lower": -1,
    "coord_range_upper": 1
  },
  "solution": {
    "status": "optimal",
    "center_coordinates": {
      "cluster_1": {
        "dim_1": -0.45982501502134,
        "dim_2": 0.150710383700011,
        "dim_3": 0.785291861372163,
        "dim_4": -0.538488239440973
      },
      "cluster_2": {
        "dim_1": 0.038473543439121,
        "dim_2": -0.525014400482141,
        "dim_3": 0.436595412841584,
        "dim_4": 0.385823932404983
      },
      "cluster_3": {
        "dim_1": 0.359819605761843,
        "dim_2": 0.936455070932311,
        "dim_3": 0.091577453846217,
        "dim_4": -0.608517916724432
      }
    },
    "distances": {
      "1": 0.007312883790546,
      "2": 0.915480695491165,
      "3": 0.579285666637973,
      "4": 0.291251944998734,
      "5": 0.045203945332214,
      "6": 0.0,
      "7": 0.656903515454913,
      "8": 0.39960237273955,
      "9": 0.370898049926175,
      "10": 0.57706175685986
    },
    "objective_value": 3.84300083123113,
    "lower_bound": 3.84300083123113,
    "upper_bound": 3.84300083123113,
    "absolute_gap": 0.0,
    "relative_gap": 0.0
  },
  "performance": {
    "solution_time_seconds": 11.798917531967163,
    "solver_status": "ok",
    "termination_condition": "optimal",
    "solver": "gams",
    "subsolver": "scip",
    "is_relaxation": false,
    "root_relaxation_value": 3.84300083123113,
    "root_relaxation_gap_percent": 0.0,
    "relaxation_gap_percent": null,
    "absolute_gap": null
  }
}