{
  "model_parameters": {
    "n_dimensions": 3,
    "n_clusters": 5,
    "n_points": 12,
    "coord_range_lower": -1,
    "coord_range_upper": 1
  },
  "solution": {
    "status": "optimal",
    "center_coordinates": {
      "cluster_1": {
        "dim_1": -0.942214051993897,
        "dim_2": -0.061426356468505,
        "dim_3": 0.280953839347245
      },
      "cluster_2": {
        "dim_1": 0.396197534966491,
        "dim_2": 0.22650988779775,
        "dim_3": 0.520363862987908
      },
      "cluster_3": {
        "dim_1": 0.459761515525994,
        "dim_2": -0.527631435398452,
        "dim_3": -0.461257416468689
      },
      "cluster_4": {
        "dim_1": 0.663742614683574,
        "dim_2": 0.646002790053022,
        "dim_3": -0.067333101054658
      },
      "cluster_5": {
        "dim_1": 0.997883540935538,
        "dim_2": 0.779355930140666,
        "dim_3": -0.758688508792718
      }
    },
    "distances": {
      "1": 0.0,
      "2": 1.29939796e-07,
      "3": 0.060895753845996,
      "4": 0.23315272302975,
      "5": 0.223842290529242,
      "6": 0.12145943258644,
      "7": 0.121459432702288,
      "8": 0.060587675833212,
      "9": 0.257940051092158,
      "10": 0.027498362686672,
      "11": 0.230642729212314,
      "12": 0.201414569772336
    },
    "objective_value": 1.538893151230204,
    "lower_bound": 1.538893714670373,
    "absolute_gap": -5.63440168965812e-07,
    "relative_gap": -3.661332576736785e-07
  },
  "performance": {
    "solution_time_seconds": 62.34805512428284,
    "solver_status": "ok",
    "termination_condition": "optimal",
    "solver": "gams",
    "subsolver": "gurobi",
    "is_relaxation": false,
    "root_relaxation_value": 0.0,
    "root_relaxation_gap_percent": 100.0,
    "relaxation_gap_percent": null,
    "absolute_gap": null
  }
}