{
  "model_parameters": {
    "n_dimensions": 3,
    "n_clusters": 3,
    "n_points": 13,
    "coord_range_lower": -1,
    "coord_range_upper": 1
  },
  "solution": {
    "status": "optimal",
    "center_coordinates": {
      "cluster_1": {
        "dim_1": -0.225215841218705,
        "dim_2": -0.065472910557535,
        "dim_3": -0.749176080952586
      },
      "cluster_2": {
        "dim_1": -0.161745432374095,
        "dim_2": 0.278096548306648,
        "dim_3": 0.690110329110113
      },
      "cluster_3": {
        "dim_1": 0.846952320682906,
        "dim_2": -0.755417116050285,
        "dim_3": 0.605327016407293
      }
    },
    "distances": {
      "1": 0.416429402311401,
      "2": 0.26082702589028,
      "3": 0.849283868057347,
      "4": 0.437296128895228,
      "5": 0.055278021749437,
      "6": 0.506212212363596,
      "7": 0.617751568055465,
      "8": 1.265195805912321,
      "9": 0.039547455810638,
      "10": 0.099109378216427,
      "11": 0.072602373260113,
      "12": 0.617241705143853,
      "13": 0.490186750577296
    },
    "objective_value": 5.726961696243402,
    "lower_bound": 5.7269616962434,
    "upper_bound": 5.726961696243403,
    "absolute_gap": 1.7763568394002505e-15,
    "relative_gap": 3.1017438802942434e-16
  },
  "performance": {
    "solution_time_seconds": 67.92350840568542,
    "solver_status": "ok",
    "termination_condition": "optimal",
    "solver": "gams",
    "subsolver": "scip",
    "is_relaxation": false,
    "root_relaxation_value": 5.7269616962434,
    "root_relaxation_gap_percent": 3.1017438802942423e-14,
    "relaxation_gap_percent": null,
    "absolute_gap": null
  }
}