{
  "model_parameters": {
    "n_dimensions": 4,
    "n_clusters": 3,
    "n_points": 15,
    "coord_range_lower": -1,
    "coord_range_upper": 1
  },
  "solution": {
    "status": "optimal",
    "center_coordinates": {
      "cluster_1": {
        "dim_1": -0.672433510336176,
        "dim_2": 0.627050950416342,
        "dim_3": -0.465497854887223,
        "dim_4": -0.004820901942165
      },
      "cluster_2": {
        "dim_1": 0.020070657242744,
        "dim_2": -0.43043936613455,
        "dim_3": 0.155818061749032,
        "dim_4": 0.281834320307479
      },
      "cluster_3": {
        "dim_1": 0.679839698479011,
        "dim_2": 0.298402251790845,
        "dim_3": 0.204146092964776,
        "dim_4": -0.370611536394179
      }
    },
    "distances": {
      "1": 0.258516070034448,
      "2": 0.646151858019443,
      "3": 0.598335551361094,
      "4": 0.366408466537662,
      "5": 1.267851750237888,
      "6": 0.343946760090953,
      "7": 0.693226012013862,
      "8": 0.705385109497713,
      "9": 0.479952985457105,
      "10": 0.388789548689803,
      "11": 0.492685738747117,
      "12": 0.543024807053341,
      "13": 0.298525579866097,
      "14": 0.635643191820525,
      "15": 0.521962177777976
    },
    "objective_value": 8.240405607205027,
    "lower_bound": 8.238316038615917,
    "absolute_gap": 0.0020895685891098026,
    "relative_gap": 0.0002536402560080545
  },
  "performance": {
    "solution_time_seconds": 1800.3823993206024,
    "solver_status": "ok",
    "termination_condition": "optimal",
    "solver": "gams",
    "subsolver": "gurobi",
    "is_relaxation": false,
    "root_relaxation_value": 0.0,
    "root_relaxation_gap_percent": 100.0,
    "relaxation_gap_percent": null,
    "absolute_gap": null
  }
}