{
  "model_parameters": {
    "n_dimensions": 5,
    "n_clusters": 4,
    "n_points": 16,
    "coord_range_lower": -1,
    "coord_range_upper": 1
  },
  "solution": {
    "status": "optimal",
    "center_coordinates": {
      "cluster_1": {
        "dim_1": -0.636332607814152,
        "dim_2": 0.168113615528648,
        "dim_3": 0.547192014833688,
        "dim_4": -0.621667096334743,
        "dim_5": -0.729474702996038
      },
      "cluster_2": {
        "dim_1": -0.179408762798247,
        "dim_2": -0.530006872681979,
        "dim_3": 0.147278616166368,
        "dim_4": 0.300899668156461,
        "dim_5": -0.237618554397764
      },
      "cluster_3": {
        "dim_1": 0.295542819296103,
        "dim_2": 0.77555034390428,
        "dim_3": -0.224451075744793,
        "dim_4": 0.423470356026119,
        "dim_5": -0.498056517975275
      },
      "cluster_4": {
        "dim_1": 0.295542819296094,
        "dim_2": 0.412734038651,
        "dim_3": 0.296836918126173,
        "dim_4": -0.831085152351082,
        "dim_5": 0.454491712838269
      }
    },
    "distances": {
      "1": 0.82094911614508,
      "2": 1.074386471908058,
      "3": 0.247658991488133,
      "4": 1.023029825225695,
      "5": 0.39801312647747,
      "6": 0.984327413444383,
      "7": 0.72980036476162,
      "8": 0.915681886690817,
      "9": 0.307649989932762,
      "10": 0.479972122366501,
      "11": 0.578447378624583,
      "12": 1.51441368798227,
      "13": 0.340869165752107,
      "14": 0.260396985849468,
      "15": 0.759571519615379,
      "16": 0.490630702331032
    },
    "objective_value": 10.925798748595358,
    "lower_bound": 4.527638608676824,
    "absolute_gap": 6.398160139918534,
    "relative_gap": 1.4131340181738488
  },
  "performance": {
    "solution_time_seconds": 1800.720057964325,
    "solver_status": "ok",
    "termination_condition": "optimal",
    "solver": "gams",
    "subsolver": "gurobi",
    "is_relaxation": false,
    "root_relaxation_value": 0.0,
    "root_relaxation_gap_percent": 100.0,
    "relaxation_gap_percent": null,
    "absolute_gap": null
  }
}