{
  "model_parameters": {
    "n_dimensions": 5,
    "n_clusters": 4,
    "n_points": 12,
    "coord_range_lower": -1,
    "coord_range_upper": 1
  },
  "solution": {
    "status": "optimal",
    "center_coordinates": {
      "cluster_1": {
        "dim_1": -0.780762436836118,
        "dim_2": -0.801289517644353,
        "dim_3": 0.717776036661806,
        "dim_4": -0.375347070240944,
        "dim_5": -0.628481959548989
      },
      "cluster_2": {
        "dim_1": -0.11150078325546,
        "dim_2": -0.556562341311472,
        "dim_3": -0.747867157762382,
        "dim_4": 0.256773964986574,
        "dim_5": 0.429652075990894
      },
      "cluster_3": {
        "dim_1": 0.132226437262138,
        "dim_2": -0.830634791028396,
        "dim_3": 0.516288289626465,
        "dim_4": -0.107383766412481,
        "dim_5": 0.531455560649175
      },
      "cluster_4": {
        "dim_1": 0.350613810664574,
        "dim_2": 0.430341387414941,
        "dim_3": -0.145817460478692,
        "dim_4": -0.288324400880625,
        "dim_5": -0.628052684820409
      }
    },
    "distances": {
      "1": 0.31320954388745,
      "2": 0.210452362503055,
      "3": 0.156055610112773,
      "4": 0.422636505982156,
      "5": 0.313196721503922,
      "6": 1.007265320385182,
      "7": 1.005603475622579,
      "8": 0.827271854059605,
      "9": 0.454017460086567,
      "10": 1.575889316354373,
      "11": 0.804331851007417,
      "12": 0.610820937776732
    },
    "objective_value": 7.700750959281811,
    "lower_bound": 7.70075095928181,
    "absolute_gap": 8.881784197001252e-16,
    "relative_gap": 1.1533659826118553e-16
  },
  "performance": {
    "solution_time_seconds": 60.032413482666016,
    "solver_status": "ok",
    "termination_condition": "optimal",
    "solver": "gams",
    "subsolver": "baron",
    "is_relaxation": false,
    "root_relaxation_value": 5.60345,
    "root_relaxation_gap_percent": 27.23501864131716,
    "relaxation_gap_percent": null,
    "absolute_gap": null
  }
}