{
  "model_parameters": {
    "n_dimensions": 2,
    "n_clusters": 3,
    "n_points": 16,
    "coord_range_lower": -1,
    "coord_range_upper": 1
  },
  "solution": {
    "status": "optimal",
    "center_coordinates": {
      "cluster_1": {
        "dim_1": -0.591489918153986,
        "dim_2": -0.56753517462243
      },
      "cluster_2": {
        "dim_1": -0.363320918735022,
        "dim_2": 0.33340585852688
      },
      "cluster_3": {
        "dim_1": 0.687512323939626,
        "dim_2": 0.48220195382798
      }
    },
    "distances": {
      "1": 0.109195571238159,
      "2": 0.348226725545456,
      "3": 0.047159798116099,
      "4": 0.141865215523549,
      "5": 0.024321947748854,
      "6": 0.773147923543221,
      "7": 0.227467337312662,
      "8": 0.101426916890311,
      "9": 0.135456106434679,
      "10": 0.096799210890063,
      "11": 0.038955293340062,
      "12": 0.169355211003887,
      "13": 0.078581883077777,
      "14": 0.159771866618579,
      "15": 0.214559892807005,
      "16": 0.17179489438659
    },
    "objective_value": 2.838085794476953,
    "lower_bound": 2.838085794476951,
    "absolute_gap": 2.220446049250313e-15,
    "relative_gap": 7.823745334166451e-16
  },
  "performance": {
    "solution_time_seconds": 119.43869161605835,
    "solver_status": "ok",
    "termination_condition": "optimal",
    "solver": "gams",
    "subsolver": "baron",
    "is_relaxation": false,
    "root_relaxation_value": 0.0,
    "root_relaxation_gap_percent": 100.0,
    "relaxation_gap_percent": null,
    "absolute_gap": null
  }
}