{
  "model_parameters": {
    "n_dimensions": 3,
    "n_clusters": 4,
    "n_points": 12,
    "coord_range_lower": -1,
    "coord_range_upper": 1
  },
  "solution": {
    "status": "optimal",
    "center_coordinates": {
      "cluster_1": {
        "dim_1": -0.559786153051698,
        "dim_2": 0.175486027518353,
        "dim_3": 0.354569833237884
      },
      "cluster_2": {
        "dim_1": -0.103554796648068,
        "dim_2": 0.831660813241847,
        "dim_3": -0.450085970230119
      },
      "cluster_3": {
        "dim_1": 0.477245911404107,
        "dim_2": -0.45075963892328,
        "dim_3": -0.457633277904225
      },
      "cluster_4": {
        "dim_1": 0.62109616051738,
        "dim_2": -0.091918114372971,
        "dim_3": 0.896112321403608
      }
    },
    "distances": {
      "1": 0.020015533768761,
      "2": 0.366891999617827,
      "3": 0.293473841383203,
      "4": 0.179744870892966,
      "5": 0.13654813799906,
      "6": 0.057424390245853,
      "7": 0.23805152875818,
      "8": 0.090114964115569,
      "9": 0.057154545868728,
      "10": 0.192374876632439,
      "11": 0.468778822621249,
      "12": 0.057362577631573
    },
    "objective_value": 2.157936089535408,
    "lower_bound": 2.157931550546117,
    "absolute_gap": 4.538989290647777e-06,
    "relative_gap": 2.1033981775274916e-06
  },
  "performance": {
    "solution_time_seconds": 1803.576206445694,
    "solver_status": "ok",
    "termination_condition": "optimal",
    "solver": "gams",
    "subsolver": "scip",
    "is_relaxation": false,
    "root_relaxation_value": 2.15793155054612,
    "root_relaxation_gap_percent": 0.00021033937520181434,
    "relaxation_gap_percent": null,
    "absolute_gap": null
  }
}