{
  "model_parameters": {
    "n_dimensions": 2,
    "n_clusters": 4,
    "n_points": 17,
    "coord_range_lower": -1,
    "coord_range_upper": 1
  },
  "solution": {
    "status": "optimal",
    "center_coordinates": {
      "cluster_1": {
        "dim_1": -0.684091096403875,
        "dim_2": -0.699719651667261
      },
      "cluster_2": {
        "dim_1": -0.647047173754287,
        "dim_2": 0.546651209466793
      },
      "cluster_3": {
        "dim_1": 0.370527145368447,
        "dim_2": -0.093072634311841
      },
      "cluster_4": {
        "dim_1": 0.56552670747839,
        "dim_2": 0.729570989883593
      }
    },
    "distances": {
      "1": 0.076680896099911,
      "2": 0.097331387652628,
      "3": 0.328605933224167,
      "4": 0.108399435119348,
      "5": 0.091317471260026,
      "6": 0.039663614332418,
      "7": 0.026756875044646,
      "8": 0.378027862424172,
      "9": 0.004718462861857,
      "10": 0.086297571260405,
      "11": 0.000770835265968,
      "12": 0.006867296791595,
      "13": 0.15787154521591,
      "14": 0.251285888786051,
      "15": 0.01211316060864,
      "16": 0.311028140822515,
      "17": 0.114082761872696
    },
    "objective_value": 2.091819138642953,
    "lower_bound": 2.091819162124601,
    "upper_bound": 2.091819138642954,
    "absolute_gap": -2.3481647737355615e-08,
    "relative_gap": -1.1225467364734329e-08
  },
  "performance": {
    "solution_time_seconds": 12.975600242614746,
    "solver_status": "ok",
    "termination_condition": "optimal",
    "solver": "gams",
    "subsolver": "baron",
    "is_relaxation": false,
    "root_relaxation_value": 0.0,
    "root_relaxation_gap_percent": 100.0,
    "relaxation_gap_percent": null,
    "absolute_gap": null
  }
}