{
  "model_parameters": {
    "n_dimensions": 2,
    "n_clusters": 5,
    "n_points": 15,
    "coord_range_lower": -1,
    "coord_range_upper": 1
  },
  "solution": {
    "status": "optimal",
    "center_coordinates": {
      "cluster_1": {
        "dim_1": -0.579857562821119,
        "dim_2": -0.47546755189644
      },
      "cluster_2": {
        "dim_1": -0.549641226470127,
        "dim_2": 0.346512306561159
      },
      "cluster_3": {
        "dim_1": -0.00516905729943,
        "dim_2": 0.376511466558565
      },
      "cluster_4": {
        "dim_1": 0.168268026230578,
        "dim_2": -0.44270585016413
      },
      "cluster_5": {
        "dim_1": 0.735829116054517,
        "dim_2": -0.152532590177084
      }
    },
    "distances": {
      "1": 0.04172785794633,
      "2": 0.000397427156211,
      "3": 0.058532534571171,
      "4": 0.042554328628122,
      "5": 0.031755826772245,
      "6": 0.058759573510976,
      "7": 0.041588360270657,
      "8": 0.069297352240509,
      "9": 0.052524472166333,
      "10": 0.123247562336018,
      "11": 0.068778551789235,
      "12": 0.052787064772361,
      "13": 0.032955682972088,
      "14": 0.058976472900887,
      "15": 0.005294039975886
    },
    "objective_value": 0.739177108009029,
    "lower_bound": 0.739176096440529,
    "absolute_gap": 1.0115685000755548e-06,
    "relative_gap": 1.3685081335107019e-06
  },
  "performance": {
    "solution_time_seconds": 1801.7308986186981,
    "solver_status": "ok",
    "termination_condition": "optimal",
    "solver": "gams",
    "subsolver": "scip",
    "is_relaxation": false,
    "root_relaxation_value": 0.739176096440529,
    "root_relaxation_gap_percent": 0.00013685062606987532,
    "relaxation_gap_percent": null,
    "absolute_gap": null
  }
}