{
  "model_parameters": {
    "n_dimensions": 4,
    "n_clusters": 3,
    "n_points": 11,
    "coord_range_lower": -1,
    "coord_range_upper": 1
  },
  "solution": {
    "status": "optimal",
    "center_coordinates": {
      "cluster_1": {
        "dim_1": -0.350203058393853,
        "dim_2": -0.120940739997237,
        "dim_3": 0.628285414288827,
        "dim_4": -0.459955692291263
      },
      "cluster_2": {
        "dim_1": 0.249800801072721,
        "dim_2": -0.335736146711688,
        "dim_3": -0.46526796431602,
        "dim_4": -0.573805143287911
      },
      "cluster_3": {
        "dim_1": 0.423319808190184,
        "dim_2": 0.228915720869467,
        "dim_3": -0.157926599360939,
        "dim_4": 0.419689797017037
      }
    },
    "distances": {
      "1": 0.381287921533602,
      "2": 0.225826133221261,
      "3": 0.06977946004736,
      "4": 0.478168769447117,
      "5": 0.0712440345972,
      "6": 0.426940392471038,
      "7": 0.698675482339276,
      "8": 0.401075318367002,
      "9": 0.188507308032549,
      "10": 0.545867265714954,
      "11": 0.46756436630019
    },
    "objective_value": 3.954936452071549,
    "lower_bound": 3.954919466789447,
    "absolute_gap": 1.698528210214434e-05,
    "relative_gap": 4.294722621983697e-06
  },
  "performance": {
    "solution_time_seconds": 1803.6811633110046,
    "solver_status": "ok",
    "termination_condition": "optimal",
    "solver": "gams",
    "subsolver": "scip",
    "is_relaxation": false,
    "root_relaxation_value": 3.95491946678945,
    "root_relaxation_gap_percent": 0.00042947041766345,
    "relaxation_gap_percent": null,
    "absolute_gap": null
  }
}