{
  "model_parameters": {
    "n_dimensions": 4,
    "n_clusters": 5,
    "n_points": 14,
    "coord_range_lower": -1,
    "coord_range_upper": 1
  },
  "solution": {
    "status": "feasible",
    "center_coordinates": {
      "cluster_1": {
        "dim_1": -0.784888230772896,
        "dim_2": 0.272030579309325,
        "dim_3": -0.163266966298716,
        "dim_4": -0.338708124332573
      },
      "cluster_2": {
        "dim_1": -0.666114584301407,
        "dim_2": -0.71964166775116,
        "dim_3": -0.819306371160117,
        "dim_4": -0.277754256676865
      },
      "cluster_3": {
        "dim_1": 0.044695700316792,
        "dim_2": -0.632415157034671,
        "dim_3": 0.270999045525607,
        "dim_4": 0.672650842013212
      },
      "cluster_4": {
        "dim_1": 0.044695700316793,
        "dim_2": 0.721624774561938,
        "dim_3": 0.353421102866386,
        "dim_4": 0.392372838112241
      },
      "cluster_5": {
        "dim_1": 0.338378802751368,
        "dim_2": 0.225733791531793,
        "dim_3": 0.491664138179892,
        "dim_4": -0.646708450066509
      }
    },
    "distances": {
      "1": 0.164805928070009,
      "2": 0.122820025612361,
      "3": 0.284492279019926,
      "4": 0.291798272732354,
      "5": 0.533846921816038,
      "6": 0.062163738931492,
      "7": 0.488474544316215,
      "8": 0.086778534386983,
      "9": 0.252344635183178,
      "10": 0.27236920415259,
      "11": 0.062162575075368,
      "12": 0.133712282987831,
      "13": 0.120654559497993,
      "14": 0.456618750994587
    },
    "objective_value": 3.333042252776925,
    "lower_bound": 1.226325955199216,
    "upper_bound": 3.333042252776926,
    "absolute_gap": 2.1067162975777087,
    "relative_gap": 1.717908920255605
  },
  "performance": {
    "solution_time_seconds": 300.75096249580383,
    "solver_status": "ok",
    "termination_condition": "feasible",
    "solver": "gams",
    "subsolver": "gurobi",
    "is_relaxation": false,
    "root_relaxation_value": 0.0,
    "root_relaxation_gap_percent": 100.0,
    "relaxation_gap_percent": null,
    "absolute_gap": null
  }
}