{
  "model_parameters": {
    "n_dimensions": 4,
    "n_clusters": 5,
    "n_points": 16,
    "coord_range_lower": -1,
    "coord_range_upper": 1
  },
  "solution": {
    "status": "optimal",
    "center_coordinates": {
      "cluster_1": {
        "dim_1": -0.853618782985604,
        "dim_2": 0.805239062623725,
        "dim_3": 0.501820518522669,
        "dim_4": 0.882220133864869
      },
      "cluster_2": {
        "dim_1": -0.853618782985604,
        "dim_2": -0.315776159877794,
        "dim_3": -0.156170433600148,
        "dim_4": -0.29904092778809
      },
      "cluster_3": {
        "dim_1": -0.118033438936602,
        "dim_2": -0.091772597112115,
        "dim_3": 0.61189960642375,
        "dim_4": 0.400867149005391
      },
      "cluster_4": {
        "dim_1": 0.178749974923033,
        "dim_2": 0.128511117231757,
        "dim_3": 0.52710397553544,
        "dim_4": -0.353953221195357
      },
      "cluster_5": {
        "dim_1": 0.633771880719721,
        "dim_2": -0.540823348546934,
        "dim_3": -0.471009111262824,
        "dim_4": -0.644316964874358
      }
    },
    "distances": {
      "1": 0.748581035088058,
      "2": 0.663264466934146,
      "3": 0.143555036625197,
      "4": 0.619593508553731,
      "5": 0.591325013319021,
      "6": 0.561389829012545,
      "7": 0.061701344874378,
      "8": 0.140287989172476,
      "9": 0.589364666596152,
      "10": 0.353970385641006,
      "11": 0.366728527139811,
      "12": 0.498310649540926,
      "13": 0.002491405968151,
      "14": 0.354822005966194,
      "15": 0.380140960560343,
      "16": 0.865294757807475
    },
    "objective_value": 6.94082158279961,
    "lower_bound": 0.0,
    "upper_bound": 6.940821582799612,
    "absolute_gap": 6.94082158279961,
    "relative_gap": null
  },
  "performance": {
    "solution_time_seconds": 300.95202445983887,
    "solver_status": "ok",
    "termination_condition": "optimal",
    "solver": "gams",
    "subsolver": "scip",
    "is_relaxation": false,
    "root_relaxation_value": 0.0,
    "root_relaxation_gap_percent": 100.0,
    "relaxation_gap_percent": null,
    "absolute_gap": null
  }
}