{
  "model_parameters": {
    "n_dimensions": 3,
    "n_clusters": 5,
    "n_points": 15,
    "coord_range_lower": -1,
    "coord_range_upper": 1
  },
  "solution": {
    "status": "optimal",
    "center_coordinates": {
      "cluster_1": {
        "dim_1": -0.660404973954657,
        "dim_2": 0.377612612004001,
        "dim_3": 0.705435089023944
      },
      "cluster_2": {
        "dim_1": -0.497499390410841,
        "dim_2": -0.776119640535184,
        "dim_3": 0.547337585956868
      },
      "cluster_3": {
        "dim_1": -0.497499390059059,
        "dim_2": -0.146149166259973,
        "dim_3": -0.594247081342187
      },
      "cluster_4": {
        "dim_1": 0.283818968384095,
        "dim_2": 0.540502857715432,
        "dim_3": -0.520149159694952
      },
      "cluster_5": {
        "dim_1": 0.561948143009445,
        "dim_2": -0.137544538425535,
        "dim_3": 0.105711671628481
      }
    },
    "distances": {
      "1": 0.31222777023553,
      "2": 0.086995319254202,
      "3": 0.064161821066679,
      "4": 0.397811023907434,
      "5": 0.13130413094228,
      "6": 0.098030123864721,
      "7": 0.343543991911947,
      "8": 0.260506350216768,
      "9": 0.11334872602707,
      "10": 0.305555786970694,
      "11": 0.260506598526053,
      "12": 0.451745445337294,
      "13": 0.191279070522343,
      "14": 0.089472373497413,
      "15": 0.118601897509501
    },
    "objective_value": 3.225090429789929,
    "lower_bound": 1.010503762211551,
    "upper_bound": 3.225090429789928,
    "absolute_gap": 2.214586667578378,
    "relative_gap": 2.191566969262555
  },
  "performance": {
    "solution_time_seconds": 301.58967685699463,
    "solver_status": "ok",
    "termination_condition": "optimal",
    "solver": "gams",
    "subsolver": "baron",
    "is_relaxation": false,
    "root_relaxation_value": 0.0,
    "root_relaxation_gap_percent": 100.0,
    "relaxation_gap_percent": null,
    "absolute_gap": null
  }
}