{
  "model_parameters": {
    "n_dimensions": 4,
    "n_clusters": 3,
    "n_points": 14,
    "coord_range_lower": -1,
    "coord_range_upper": 1
  },
  "solution": {
    "status": "optimal",
    "center_coordinates": {
      "cluster_1": {
        "dim_1": -0.458257028371631,
        "dim_2": -0.287339810340318,
        "dim_3": 0.548382536589135,
        "dim_4": 0.692714144433194
      },
      "cluster_2": {
        "dim_1": -0.140234834954271,
        "dim_2": 0.637474434777652,
        "dim_3": 0.009127164227541,
        "dim_4": 0.054614898281752
      },
      "cluster_3": {
        "dim_1": 0.116863312777492,
        "dim_2": -0.536929101607332,
        "dim_3": -0.487377701882784,
        "dim_4": -0.595807690253232
      }
    },
    "distances": {
      "1": 0.793223366610551,
      "2": 0.511082972580499,
      "3": 0.889902806271314,
      "4": 0.294934754369735,
      "5": 0.814861208295408,
      "6": 0.410294068619842,
      "7": 1.323476531205146,
      "8": 0.344925940393436,
      "9": 0.648089084877225,
      "10": 0.783062049968864,
      "11": 0.41733324967484,
      "12": 0.945780656024404,
      "13": 0.755317926863242,
      "14": 0.427942664011858
    },
    "objective_value": 9.360227279766363,
    "lower_bound": 9.360226039174757,
    "upper_bound": 9.360227279766363,
    "absolute_gap": 1.2405916063329414e-06,
    "relative_gap": 1.325386375436632e-07
  },
  "performance": {
    "solution_time_seconds": 105.90512228012085,
    "solver_status": "ok",
    "termination_condition": "optimal",
    "solver": "gams",
    "subsolver": "baron",
    "is_relaxation": false,
    "root_relaxation_value": 6.17561,
    "root_relaxation_gap_percent": 34.02286274234415,
    "relaxation_gap_percent": null,
    "absolute_gap": null
  }
}