{
  "model_parameters": {
    "n_dimensions": 2,
    "n_clusters": 3,
    "n_points": 14,
    "coord_range_lower": -1,
    "coord_range_upper": 1
  },
  "solution": {
    "status": "optimal",
    "center_coordinates": {
      "cluster_1": {
        "dim_1": -0.505642771703972,
        "dim_2": 0.451369572123485
      },
      "cluster_2": {
        "dim_1": -0.218959101106695,
        "dim_2": -0.324781782119592
      },
      "cluster_3": {
        "dim_1": 0.656261241076519,
        "dim_2": 0.390455788324223
      }
    },
    "distances": {
      "1": 0.238102194632974,
      "2": 0.20236600395437,
      "3": 0.000338466616404,
      "4": 0.134798944389564,
      "5": 0.353290204124617,
      "6": 0.054054769257799,
      "7": 0.085337758277032,
      "8": 0.007428433573382,
      "9": 0.304573543075805,
      "10": 0.031254304062804,
      "11": 0.203343716356195,
      "12": 0.172971801504217,
      "13": 0.055235510878998,
      "14": 0.068837519972379
    },
    "objective_value": 1.91193317067654,
    "lower_bound": 1.911933170676539,
    "upper_bound": 1.911933170676539,
    "absolute_gap": 8.881784197001252e-16,
    "relative_gap": 4.645446992197131e-16
  },
  "performance": {
    "solution_time_seconds": 10.728806257247925,
    "solver_status": "ok",
    "termination_condition": "optimal",
    "solver": "gams",
    "subsolver": "scip",
    "is_relaxation": false,
    "root_relaxation_value": 1.91193317067654,
    "root_relaxation_gap_percent": 0.0,
    "relaxation_gap_percent": null,
    "absolute_gap": null
  }
}