{
  "model_parameters": {
    "n_dimensions": 5,
    "n_clusters": 5,
    "n_points": 20,
    "coord_range_lower": -1,
    "coord_range_upper": 1
  },
  "solution": {
    "status": "optimal",
    "center_coordinates": {
      "cluster_1": {
        "dim_1": -0.408977919008003,
        "dim_2": -0.122785918583874,
        "dim_3": 0.471318541400024,
        "dim_4": -0.491813235996169,
        "dim_5": -0.041427517350493
      },
      "cluster_2": {
        "dim_1": 0.125496454273596,
        "dim_2": -0.013503662621533,
        "dim_3": -0.922605639663807,
        "dim_4": -0.478329329485417,
        "dim_5": -0.843261047343014
      },
      "cluster_3": {
        "dim_1": 0.125496454273596,
        "dim_2": -0.199035079881338,
        "dim_3": -0.050198665852952,
        "dim_4": 0.184132176379903,
        "dim_5": 0.877458515348241
      },
      "cluster_4": {
        "dim_1": 0.400321125295366,
        "dim_2": -0.340215975001414,
        "dim_3": 0.509289775478078,
        "dim_4": 0.032955544630947,
        "dim_5": -0.585285520639395
      },
      "cluster_5": {
        "dim_1": 0.590452682448039,
        "dim_2": 0.224184319728516,
        "dim_3": 0.217628807926074,
        "dim_4": -0.729790221549393,
        "dim_5": 0.916670027158077
      }
    },
    "distances": {
      "1": 0.178200555566021,
      "2": 0.224301784890402,
      "3": 0.8265949428229,
      "4": 0.924222617480776,
      "5": 0.676744312698422,
      "6": 0.721271383003009,
      "7": 0.465357599081572,
      "8": 0.224301784890402,
      "9": 0.211735553874039,
      "10": 0.276478383250055,
      "11": 0.588314451433907,
      "12": 0.424402345511321,
      "13": 0.04381919731957,
      "14": 0.321265685481588,
      "15": 0.796846074075908,
      "16": 0.322203042625842,
      "17": 0.178217973899233,
      "18": 0.768079872422929,
      "19": 0.58017041786588,
      "20": 0.76928509250261
    },
    "objective_value": 9.521813070696385,
    "lower_bound": 0.0,
    "absolute_gap": 9.521813070696385,
    "relative_gap": null
  },
  "performance": {
    "solution_time_seconds": 1807.214695930481,
    "solver_status": "ok",
    "termination_condition": "optimal",
    "solver": "gams",
    "subsolver": "baron",
    "is_relaxation": false,
    "root_relaxation_value": 0.0,
    "root_relaxation_gap_percent": 100.0,
    "relaxation_gap_percent": null,
    "absolute_gap": null
  }
}