{
  "model_parameters": {
    "n_dimensions": 2,
    "n_clusters": 5,
    "n_points": 11,
    "coord_range_lower": -1,
    "coord_range_upper": 1
  },
  "solution": {
    "status": "optimal",
    "center_coordinates": {
      "cluster_1": {
        "dim_1": -0.740728686779506,
        "dim_2": 0.094257515073761
      },
      "cluster_2": {
        "dim_1": -0.135349601782076,
        "dim_2": 0.651446023627236
      },
      "cluster_3": {
        "dim_1": -0.126021739554985,
        "dim_2": 0.081495562832355
      },
      "cluster_4": {
        "dim_1": 0.522806717561967,
        "dim_2": 0.938759712978714
      },
      "cluster_5": {
        "dim_1": 0.646021543951387,
        "dim_2": -0.265018342121555
      }
    },
    "distances": {
      "1": 0.022885149441837,
      "2": 0.064022284459508,
      "3": 0.022888244491834,
      "4": 4.949761e-09,
      "5": 0.068203741685646,
      "6": 0.029797149561095,
      "7": 5.197418e-09,
      "8": 0.033774868516965,
      "9": 0.036455908802812,
      "10": 0.065439072451626,
      "11": 0.075794913527503
    },
    "objective_value": 0.419261343086005,
    "lower_bound": 0.419261343086005,
    "absolute_gap": 0.0,
    "relative_gap": 0.0
  },
  "performance": {
    "solution_time_seconds": 3.537958860397339,
    "solver_status": "ok",
    "termination_condition": "optimal",
    "solver": "gams",
    "subsolver": "baron",
    "is_relaxation": false,
    "root_relaxation_value": 0.0,
    "root_relaxation_gap_percent": 100.0,
    "relaxation_gap_percent": null,
    "absolute_gap": null
  }
}