{
  "model_parameters": {
    "n_dimensions": 3,
    "n_clusters": 5,
    "n_points": 10,
    "coord_range_lower": -1,
    "coord_range_upper": 1
  },
  "solution": {
    "status": "feasible",
    "center_coordinates": {
      "cluster_1": {
        "dim_1": -0.843091905424251,
        "dim_2": -0.5453228916231,
        "dim_3": 0.116228878235352
      },
      "cluster_2": {
        "dim_1": -0.619814249764668,
        "dim_2": 0.888705814883805,
        "dim_3": -0.055404520022684
      },
      "cluster_3": {
        "dim_1": -0.458819302248294,
        "dim_2": 0.15279156406069,
        "dim_3": 0.59687943544439
      },
      "cluster_4": {
        "dim_1": -0.228504053595787,
        "dim_2": -0.023845577385518,
        "dim_3": -0.871343924328904
      },
      "cluster_5": {
        "dim_1": 0.770883174931798,
        "dim_2": 0.482707078140659,
        "dim_3": -0.39596535399903
      }
    },
    "distances": {
      "1": 0.103064448053115,
      "2": 0.125605923678483,
      "3": 0.10282355905122,
      "4": 0.0,
      "5": 0.0,
      "6": 0.239035687690218,
      "7": 0.253779124827915,
      "8": 0.141269841269841,
      "9": 0.235835109068932,
      "10": 0.077484920963701
    },
    "objective_value": 1.278898614603425,
    "lower_bound": 1.254531028880628,
    "upper_bound": 1.278898614603426,
    "absolute_gap": 0.02436758572279696,
    "relative_gap": 0.01942366124219284
  },
  "performance": {
    "solution_time_seconds": 300.55890226364136,
    "solver_status": "ok",
    "termination_condition": "feasible",
    "solver": "gams",
    "subsolver": "gurobi",
    "is_relaxation": false,
    "root_relaxation_value": 0.0,
    "root_relaxation_gap_percent": 100.0,
    "relaxation_gap_percent": null,
    "absolute_gap": null
  }
}