{
  "model_parameters": {
    "n_dimensions": 5,
    "n_clusters": 4,
    "n_points": 15,
    "coord_range_lower": -1,
    "coord_range_upper": 1
  },
  "solution": {
    "status": "feasible",
    "center_coordinates": {
      "cluster_1": {
        "dim_1": -0.572641372976019,
        "dim_2": -0.576947441607727,
        "dim_3": -0.712248733474858,
        "dim_4": 0.051564756675366,
        "dim_5": 0.223075169721032
      },
      "cluster_2": {
        "dim_1": -0.57264137184785,
        "dim_2": 0.711378364400887,
        "dim_3": 0.041501498674492,
        "dim_4": 0.011955515478009,
        "dim_5": 0.560260379542017
      },
      "cluster_3": {
        "dim_1": 0.452516125586424,
        "dim_2": 0.397352339779985,
        "dim_3": 0.482767763614478,
        "dim_4": 0.177078956485501,
        "dim_5": -0.361563536649649
      },
      "cluster_4": {
        "dim_1": 0.770079787441712,
        "dim_2": -0.360539175876497,
        "dim_3": -0.2015244141387,
        "dim_4": 0.088735258856204,
        "dim_5": 0.689110507420977
      }
    },
    "distances": {
      "1": 0.522695825191152,
      "2": 0.753383276799594,
      "3": 0.756752604858702,
      "4": 0.971767100571823,
      "5": 0.437901106925284,
      "6": 1.023898312437032,
      "7": 0.46001023466314,
      "8": 0.818472240159149,
      "9": 0.382339764376023,
      "10": 0.09548181900956,
      "11": 1.798811158186343,
      "12": 0.280769915691698,
      "13": 0.609389604201359,
      "14": 0.342681192283733,
      "15": 0.843838346801778
    },
    "objective_value": 10.09819250215637,
    "lower_bound": 4.624697413791037,
    "upper_bound": 10.098192502156369,
    "absolute_gap": 5.4734950883653335,
    "relative_gap": 1.1835358291859586
  },
  "performance": {
    "solution_time_seconds": 300.70284366607666,
    "solver_status": "ok",
    "termination_condition": "feasible",
    "solver": "gams",
    "subsolver": "gurobi",
    "is_relaxation": false,
    "root_relaxation_value": 0.0,
    "root_relaxation_gap_percent": 100.0,
    "relaxation_gap_percent": null,
    "absolute_gap": null
  }
}