{
  "model_parameters": {
    "n_dimensions": 3,
    "n_clusters": 4,
    "n_points": 11,
    "coord_range_lower": -1,
    "coord_range_upper": 1
  },
  "solution": {
    "status": "optimal",
    "center_coordinates": {
      "cluster_1": {
        "dim_1": -0.225942869932538,
        "dim_2": 0.752605224361887,
        "dim_3": -0.615343464805439
      },
      "cluster_2": {
        "dim_1": 0.229142019436971,
        "dim_2": -0.859832342081726,
        "dim_3": 0.478717398210138
      },
      "cluster_3": {
        "dim_1": 0.58968742902509,
        "dim_2": 0.078699541862566,
        "dim_3": -0.245128263982894
      },
      "cluster_4": {
        "dim_1": 0.653784475969196,
        "dim_2": 0.566994954922653,
        "dim_3": 0.58575339504261
      }
    },
    "distances": {
      "1": 0.137893308576042,
      "2": 0.19182845459348,
      "3": 0.058611610450238,
      "4": 0.5150975333656,
      "5": 0.069205686252886,
      "6": 0.058178825531102,
      "7": 0.167583206877722,
      "8": 0.152379069854178,
      "9": 0.514584989136516,
      "10": 0.149261771452154,
      "11": 0.121145106061471
    },
    "objective_value": 2.135769562151389,
    "lower_bound": 2.135769562151391,
    "absolute_gap": -2.220446049250313e-15,
    "relative_gap": -1.039646827354177e-15
  },
  "performance": {
    "solution_time_seconds": 18.568203687667847,
    "solver_status": "ok",
    "termination_condition": "optimal",
    "solver": "gams",
    "subsolver": "baron",
    "is_relaxation": false,
    "root_relaxation_value": 0.0,
    "root_relaxation_gap_percent": 100.0,
    "relaxation_gap_percent": null,
    "absolute_gap": null
  }
}