{
  "model_parameters": {
    "n_dimensions": 5,
    "n_clusters": 5,
    "n_points": 20,
    "coord_range_lower": -1,
    "coord_range_upper": 1
  },
  "solution": {
    "status": "optimal",
    "center_coordinates": {
      "cluster_1": {
        "dim_1": -0.501280775452306,
        "dim_2": 0.135792366123678,
        "dim_3": 0.557401549403032,
        "dim_4": -0.610383617464928,
        "dim_5": -0.059509249098609
      },
      "cluster_2": {
        "dim_1": -0.206854831660896,
        "dim_2": -0.576823550796169,
        "dim_3": 0.597816093562221,
        "dim_4": 0.196331905037164,
        "dim_5": 0.023144382393428
      },
      "cluster_3": {
        "dim_1": 0.073163966797607,
        "dim_2": -0.19903497485097,
        "dim_3": -0.05019886566757,
        "dim_4": 0.1841322973128,
        "dim_5": 0.877458489141967
      },
      "cluster_4": {
        "dim_1": 0.319022087531558,
        "dim_2": -0.210309485377816,
        "dim_3": 0.136776935503044,
        "dim_4": -0.176951820246698,
        "dim_5": -0.732461016487474
      },
      "cluster_5": {
        "dim_1": 0.319022087531558,
        "dim_2": -0.002413935486723,
        "dim_3": 0.280676067700468,
        "dim_4": -0.742585595974399,
        "dim_5": 0.39078505696887
      }
    },
    "distances": {
      "1": 0.195670603752612,
      "2": 0.539078663433375,
      "3": 0.503016064934821,
      "4": 0.858222569399985,
      "5": 0.57135613391719,
      "6": 1.973764148293956,
      "7": 0.241370268770624,
      "8": 0.72095494147277,
      "9": 0.470501828254909,
      "10": 0.311946423650484,
      "11": 0.441524696330244,
      "12": 0.174532942880441,
      "13": 1.26437881156252,
      "14": 0.513018776129744,
      "15": 0.022807551615709,
      "16": 0.468747556952158,
      "17": 0.180325134062099,
      "18": 1.000010984161792,
      "19": 0.206725189114477,
      "20": 0.586971502165864
    },
    "objective_value": 11.244924790855773,
    "lower_bound": 11.244924790855775,
    "absolute_gap": -1.7763568394002505e-15,
    "relative_gap": -1.5796965052578747e-16
  },
  "performance": {
    "solution_time_seconds": 60.59626531600952,
    "solver_status": "ok",
    "termination_condition": "optimal",
    "solver": "gams",
    "subsolver": "baron",
    "is_relaxation": false,
    "root_relaxation_value": 1.41905e-08,
    "root_relaxation_gap_percent": 99.99999987380531,
    "relaxation_gap_percent": null,
    "absolute_gap": null
  }
}