{
  "model_parameters": {
    "n_dimensions": 4,
    "n_clusters": 3,
    "n_points": 11,
    "coord_range_lower": -1,
    "coord_range_upper": 1
  },
  "solution": {
    "status": "optimal",
    "center_coordinates": {
      "cluster_1": {
        "dim_1": -0.350170474778992,
        "dim_2": -0.121547433047676,
        "dim_3": 0.628942798539088,
        "dim_4": -0.459390237728118
      },
      "cluster_2": {
        "dim_1": 0.249687008206859,
        "dim_2": -0.336003296623459,
        "dim_3": -0.465544201295089,
        "dim_4": -0.573429389118772
      },
      "cluster_3": {
        "dim_1": 0.423298088129659,
        "dim_2": 0.228348964713951,
        "dim_3": -0.158453946705685,
        "dim_4": 0.419910126102525
      }
    },
    "distances": {
      "1": 0.381780922098851,
      "2": 0.226790786401531,
      "3": 0.069895857850648,
      "4": 0.47754557782434,
      "5": 0.07107788840437,
      "6": 0.426262552988891,
      "7": 0.697868587662632,
      "8": 0.401339841320908,
      "9": 0.188706061952445,
      "10": 0.545770604761522,
      "11": 0.467899835814994
    },
    "objective_value": 3.954938517081132,
    "lower_bound": 3.954938517081131,
    "upper_bound": 3.954938517081131,
    "absolute_gap": 8.881784197001252e-16,
    "relative_gap": 2.245745201509805e-16
  },
  "performance": {
    "solution_time_seconds": 12.642342805862427,
    "solver_status": "ok",
    "termination_condition": "optimal",
    "solver": "gams",
    "subsolver": "baron",
    "is_relaxation": false,
    "root_relaxation_value": 0.0,
    "root_relaxation_gap_percent": 100.0,
    "relaxation_gap_percent": null,
    "absolute_gap": null
  }
}