{
  "model_parameters": {
    "n_dimensions": 5,
    "n_clusters": 5,
    "n_points": 12,
    "coord_range_lower": -1,
    "coord_range_upper": 1
  },
  "solution": {
    "status": "optimal",
    "center_coordinates": {
      "cluster_1": {
        "dim_1": -0.432669580062345,
        "dim_2": 0.604457080529189,
        "dim_3": 0.464483983651781,
        "dim_4": 0.504211218445288,
        "dim_5": 0.469195378088356
      },
      "cluster_2": {
        "dim_1": -0.184560789711702,
        "dim_2": 0.51053276321191,
        "dim_3": -0.81666988278901,
        "dim_4": 0.208482702789561,
        "dim_5": 0.565841896656584
      },
      "cluster_3": {
        "dim_1": -0.074674696375729,
        "dim_2": -0.136771357665077,
        "dim_3": 0.19622816674368,
        "dim_4": 0.585679906435195,
        "dim_5": -0.755339510946484
      },
      "cluster_4": {
        "dim_1": 0.181549170240951,
        "dim_2": -0.649853670943221,
        "dim_3": 0.856181700540037,
        "dim_4": -0.512284453038924,
        "dim_5": 0.228292207771066
      },
      "cluster_5": {
        "dim_1": 0.579504527863695,
        "dim_2": 0.647755683900799,
        "dim_3": 0.623755275154007,
        "dim_4": -0.769200799524945,
        "dim_5": 0.683234060863495
      }
    },
    "distances": {
      "1": 0.533599775711625,
      "2": 0.603752769433671,
      "3": 0.439238205070328,
      "4": 0.143927606110094,
      "5": 0.533599776572375,
      "6": 0.695046513134918,
      "7": 0.510804517307375,
      "8": 0.331504591540374,
      "9": -9.998538e-09,
      "10": 0.302349987950956,
      "11": 0.106686113553384,
      "12": 0.302350002503547
    },
    "objective_value": 4.502859848890109,
    "lower_bound": 3.268382865175028,
    "absolute_gap": 1.2344769837150813,
    "relative_gap": 0.3777026849787296
  },
  "performance": {
    "solution_time_seconds": 1802.7913541793823,
    "solver_status": "ok",
    "termination_condition": "optimal",
    "solver": "gams",
    "subsolver": "scip",
    "is_relaxation": false,
    "root_relaxation_value": 3.26838286517503,
    "root_relaxation_gap_percent": 27.415398771946236,
    "relaxation_gap_percent": null,
    "absolute_gap": null
  }
}