{
  "model_parameters": {
    "n_dimensions": 4,
    "n_clusters": 3,
    "n_points": 15,
    "coord_range_lower": -1,
    "coord_range_upper": 1
  },
  "solution": {
    "status": "optimal",
    "center_coordinates": {
      "cluster_1": {
        "dim_1": -0.673461479696902,
        "dim_2": 0.628143758191329,
        "dim_3": -0.465684538214342,
        "dim_4": -0.004611298977685
      },
      "cluster_2": {
        "dim_1": 0.020321645399014,
        "dim_2": -0.431249620977089,
        "dim_3": 0.155721130898403,
        "dim_4": 0.282304165336592
      },
      "cluster_3": {
        "dim_1": 0.680310929888834,
        "dim_2": 0.297859946598364,
        "dim_3": 0.204872399785823,
        "dim_4": -0.370401405871718
      }
    },
    "distances": {
      "1": 0.258270505565369,
      "2": 0.648234571481343,
      "3": 0.597776485086471,
      "4": 0.365444517336718,
      "5": 1.267428160183166,
      "6": 0.343601518087405,
      "7": 0.692537424489505,
      "8": 0.704807494613247,
      "9": 0.48023426688392,
      "10": 0.388498866126475,
      "11": 0.492599271877859,
      "12": 0.543752397197426,
      "13": 0.299458676819955,
      "14": 0.635535791188127,
      "15": 0.522237255029483
    },
    "objective_value": 8.24041720196647,
    "lower_bound": 8.112681127453339,
    "absolute_gap": 0.1277360745131304,
    "relative_gap": 0.015745235453772627
  },
  "performance": {
    "solution_time_seconds": 1803.6288130283356,
    "solver_status": "ok",
    "termination_condition": "optimal",
    "solver": "gams",
    "subsolver": "scip",
    "is_relaxation": false,
    "root_relaxation_value": 8.11268112745334,
    "root_relaxation_gap_percent": 1.5501165946142395,
    "relaxation_gap_percent": null,
    "absolute_gap": null
  }
}