{
  "model_parameters": {
    "n_dimensions": 3,
    "n_clusters": 5,
    "n_points": 15,
    "coord_range_lower": -1,
    "coord_range_upper": 1
  },
  "solution": {
    "status": "optimal",
    "center_coordinates": {
      "cluster_1": {
        "dim_1": -0.694802667976504,
        "dim_2": -0.432324786393404,
        "dim_3": -0.722661284855773
      },
      "cluster_2": {
        "dim_1": -0.660404080035809,
        "dim_2": 0.377611557024267,
        "dim_3": 0.705430581302454
      },
      "cluster_3": {
        "dim_1": -0.344185270132651,
        "dim_2": -0.776109577252832,
        "dim_3": 0.547319118298723
      },
      "cluster_4": {
        "dim_1": 0.072162948367845,
        "dim_2": 0.511881327666979,
        "dim_3": -0.474424038412831
      },
      "cluster_5": {
        "dim_1": 0.561948172445374,
        "dim_2": -0.137540083192162,
        "dim_3": 0.105711725296034
      }
    },
    "distances": {
      "1": 0.312223702344983,
      "2": 0.100213268211371,
      "3": 0.118798499891433,
      "4": 0.429291354361717,
      "5": 0.081115372975993,
      "6": 0.20161686447779,
      "7": 0.343542115028678,
      "8": 0.260505919389052,
      "9": 0.054464369490803,
      "10": 0.081115154176337,
      "11": 0.260507114564469,
      "12": 0.451749130911272,
      "13": 0.217599384973603,
      "14": 0.023216047690094,
      "15": 0.118604178482237
    },
    "objective_value": 3.054562476969832,
    "lower_bound": 3.054562165192706,
    "absolute_gap": 3.1177712589425255e-07,
    "relative_gap": 1.0206933401029119e-07
  },
  "performance": {
    "solution_time_seconds": 229.4073610305786,
    "solver_status": "ok",
    "termination_condition": "optimal",
    "solver": "gams",
    "subsolver": "gurobi",
    "is_relaxation": false,
    "root_relaxation_value": 0.0,
    "root_relaxation_gap_percent": 100.0,
    "relaxation_gap_percent": null,
    "absolute_gap": null
  }
}