{
  "model_parameters": {
    "n_dimensions": 3,
    "n_clusters": 5,
    "n_points": 11,
    "coord_range_lower": -1,
    "coord_range_upper": 1
  },
  "solution": {
    "status": "optimal",
    "center_coordinates": {
      "cluster_1": {
        "dim_1": -0.859701428460751,
        "dim_2": 0.965504807806155,
        "dim_3": 0.917796690761976
      },
      "cluster_2": {
        "dim_1": -0.380510568886494,
        "dim_2": 0.540350467755198,
        "dim_3": -0.788799500097274
      },
      "cluster_3": {
        "dim_1": -0.068009478218118,
        "dim_2": -0.457224286179761,
        "dim_3": -0.753438448796866
      },
      "cluster_4": {
        "dim_1": 0.676870682629665,
        "dim_2": -0.555198169824009,
        "dim_3": 0.026456683805847
      },
      "cluster_5": {
        "dim_1": 0.679109957969019,
        "dim_2": 0.585899749505711,
        "dim_3": -0.118489684679375
      }
    },
    "distances": {
      "1": 0.333848690797364,
      "2": 0.047773956487729,
      "3": 0.324747023289464,
      "4": 0.022404300080586,
      "5": 0.35063887214301,
      "6": 0.085635387085454,
      "7": 0.0,
      "8": 0.250770492420671,
      "9": 0.251598247428188,
      "10": 0.345380089896843,
      "11": 0.085611483725878
    },
    "objective_value": 2.098408543355187,
    "lower_bound": 2.098404133371928,
    "absolute_gap": 4.409983259012762e-06,
    "relative_gap": 2.1015891023462455e-06
  },
  "performance": {
    "solution_time_seconds": 1801.9001924991608,
    "solver_status": "ok",
    "termination_condition": "optimal",
    "solver": "gams",
    "subsolver": "scip",
    "is_relaxation": false,
    "root_relaxation_value": 2.09840413337193,
    "root_relaxation_gap_percent": 0.0002101584684832247,
    "relaxation_gap_percent": null,
    "absolute_gap": null
  }
}