{
  "model_parameters": {
    "n_dimensions": 5,
    "n_clusters": 5,
    "n_points": 14,
    "coord_range_lower": -1,
    "coord_range_upper": 1
  },
  "solution": {
    "status": "feasible",
    "center_coordinates": {
      "cluster_1": {
        "dim_1": -0.5612674445187,
        "dim_2": 0.646738517399971,
        "dim_3": 0.598300377227178,
        "dim_4": -0.379997756567978,
        "dim_5": -0.280797046395727
      },
      "cluster_2": {
        "dim_1": -0.270938496411821,
        "dim_2": -0.604446507922326,
        "dim_3": -0.2886659592518,
        "dim_4": -0.207100004377564,
        "dim_5": -0.163433000333024
      },
      "cluster_3": {
        "dim_1": 0.487355720582556,
        "dim_2": 0.554372698032737,
        "dim_3": 0.505835389757303,
        "dim_4": 0.307731945237511,
        "dim_5": 0.119442087037707
      },
      "cluster_4": {
        "dim_1": 0.487355725980868,
        "dim_2": -0.143718424625261,
        "dim_3": -0.536335464322351,
        "dim_4": 0.410120151576612,
        "dim_5": 0.75383240363913
      },
      "cluster_5": {
        "dim_1": 0.619350138502707,
        "dim_2": 0.853723192867606,
        "dim_3": -0.529514261225419,
        "dim_4": -0.92585125332641,
        "dim_5": 0.664425330592309
      }
    },
    "distances": {
      "1": 0.439217133716975,
      "2": 0.504318694074133,
      "3": 0.748892530231953,
      "4": 0.256196795248495,
      "5": 0.256223013504801,
      "6": 0.919415016571048,
      "7": 0.336889576458481,
      "8": 0.287024371828258,
      "9": 0.419883216941436,
      "10": 0.286965535124391,
      "11": 0.705739748537698,
      "12": 0.18766532719236,
      "13": 0.167745940906191,
      "14": 0.496309690225309
    },
    "objective_value": 6.0124865905615295,
    "lower_bound": 1.716965174033993,
    "upper_bound": 6.012486590561529,
    "absolute_gap": 4.295521416527537,
    "relative_gap": 2.501810451073536
  },
  "performance": {
    "solution_time_seconds": 300.70866537094116,
    "solver_status": "ok",
    "termination_condition": "feasible",
    "solver": "gams",
    "subsolver": "gurobi",
    "is_relaxation": false,
    "root_relaxation_value": 0.0,
    "root_relaxation_gap_percent": 100.0,
    "relaxation_gap_percent": null,
    "absolute_gap": null
  }
}