{
  "model_parameters": {
    "n_dimensions": 4,
    "n_clusters": 4,
    "n_points": 13,
    "coord_range_lower": -1,
    "coord_range_upper": 1
  },
  "solution": {
    "status": "optimal",
    "center_coordinates": {
      "cluster_1": {
        "dim_1": -0.766839479371558,
        "dim_2": -0.543856786996827,
        "dim_3": -0.079171572930662,
        "dim_4": -0.639157603335547
      },
      "cluster_2": {
        "dim_1": 0.037116274545504,
        "dim_2": 0.628142220933699,
        "dim_3": 0.716148028001879,
        "dim_4": 0.065464311630775
      },
      "cluster_3": {
        "dim_1": 0.037116264548297,
        "dim_2": 0.116924471624703,
        "dim_3": -0.723942541146399,
        "dim_4": -0.261792316511196
      },
      "cluster_4": {
        "dim_1": 0.037116254551665,
        "dim_2": -0.140135262739099,
        "dim_3": 0.598583220372864,
        "dim_4": 0.568617220686458
      }
    },
    "distances": {
      "1": 0.157824007945561,
      "2": 0.619496609208451,
      "3": 1.29183214599129,
      "4": 0.737806544637819,
      "5": 0.061521807373878,
      "6": 0.157824008105066,
      "7": 1.395028624096257,
      "8": 0.79811410995576,
      "9": 0.562309070129476,
      "10": 0.933849573718158,
      "11": 1.521798783584926,
      "12": 0.509333020399677,
      "13": 0.457711910922115
    },
    "objective_value": 9.204450216068434,
    "lower_bound": 1.640606444229723,
    "absolute_gap": 7.563843771838711,
    "relative_gap": 4.610395014869024
  },
  "performance": {
    "solution_time_seconds": 1801.7898890972137,
    "solver_status": "ok",
    "termination_condition": "optimal",
    "solver": "gams",
    "subsolver": "scip",
    "is_relaxation": false,
    "root_relaxation_value": 1.64060644422972,
    "root_relaxation_gap_percent": 82.1759430958117,
    "relaxation_gap_percent": null,
    "absolute_gap": null
  }
}