{
  "model_parameters": {
    "n_dimensions": 4,
    "n_clusters": 4,
    "n_points": 17,
    "coord_range_lower": -1,
    "coord_range_upper": 1
  },
  "solution": {
    "status": "optimal",
    "center_coordinates": {
      "cluster_1": {
        "dim_1": -0.467725791837973,
        "dim_2": 0.357413469164311,
        "dim_3": -0.680609067911799,
        "dim_4": 0.302218444637479
      },
      "cluster_2": {
        "dim_1": -0.467725801811928,
        "dim_2": -0.771349780145541,
        "dim_3": -0.597286067415961,
        "dim_4": 0.448807489362878
      },
      "cluster_3": {
        "dim_1": -0.194836219425366,
        "dim_2": 0.593547540083955,
        "dim_3": 0.080396673101074,
        "dim_4": -0.116782214538402
      },
      "cluster_4": {
        "dim_1": 0.529906721651813,
        "dim_2": -0.546530810885956,
        "dim_3": 0.259778053090228,
        "dim_4": -0.087253030099134
      }
    },
    "distances": {
      "1": 0.131378160911918,
      "2": 0.609327613251463,
      "3": 0.562754145941514,
      "4": 0.883201544608223,
      "5": 1.669256365824862,
      "6": 0.393430683243167,
      "7": 0.967745111797683,
      "8": 0.63629807546345,
      "9": 0.466727715218862,
      "10": 0.271783761270758,
      "11": 0.415641917039985,
      "12": 0.27942376548845,
      "13": 0.545228637157843,
      "14": 0.318049690827195,
      "15": 0.298308930499618,
      "16": 0.975489252587038,
      "17": 0.918511231946854
    },
    "objective_value": 10.342556603078883,
    "lower_bound": 0.356714387972044,
    "absolute_gap": 9.985842215106839,
    "relative_gap": 27.993942918527406
  },
  "performance": {
    "solution_time_seconds": 1801.6907398700714,
    "solver_status": "ok",
    "termination_condition": "optimal",
    "solver": "gams",
    "subsolver": "scip",
    "is_relaxation": false,
    "root_relaxation_value": 0.356714387972044,
    "root_relaxation_gap_percent": 96.55100376375167,
    "relaxation_gap_percent": null,
    "absolute_gap": null
  }
}