{
  "model_parameters": {
    "n_dimensions": 4,
    "n_clusters": 5,
    "n_points": 16,
    "coord_range_lower": -1,
    "coord_range_upper": 1
  },
  "solution": {
    "status": "optimal",
    "center_coordinates": {
      "cluster_1": {
        "dim_1": -0.866135961805436,
        "dim_2": -0.315615760950776,
        "dim_3": -0.156456573989622,
        "dim_4": -0.299131290757147
      },
      "cluster_2": {
        "dim_1": -0.191881759383867,
        "dim_2": -0.273533147628209,
        "dim_3": 0.655350472160461,
        "dim_4": 0.255614303337409
      },
      "cluster_3": {
        "dim_1": -0.191881583526202,
        "dim_2": 0.799771672680508,
        "dim_3": 0.459778131732453,
        "dim_4": 0.197207411329636
      },
      "cluster_4": {
        "dim_1": 0.432917977011733,
        "dim_2": -0.374192329839571,
        "dim_3": 0.330644632935758,
        "dim_4": -0.667431540255382
      },
      "cluster_5": {
        "dim_1": 0.840154816228503,
        "dim_2": -0.314935572938622,
        "dim_3": -0.716839015083347,
        "dim_4": -0.614733332137367
      }
    },
    "distances": {
      "1": 0.250213153247024,
      "2": 0.663346518046758,
      "3": 0.435464462258175,
      "4": 0.525980766342548,
      "5": 0.483145463686943,
      "6": 0.463603426934131,
      "7": 0.25021213719108,
      "8": 0.134644460731557,
      "9": 0.048432315619067,
      "10": 0.354448335775415,
      "11": 0.367072860689949,
      "12": 0.496781806191647,
      "13": 0.845409437005688,
      "14": 0.105535565862334,
      "15": 0.419551846864015,
      "16": 0.097412232144077
    },
    "objective_value": 5.941254788590408,
    "lower_bound": 3.199800132203294,
    "absolute_gap": 2.741454656387114,
    "relative_gap": 0.8567580921060292
  },
  "performance": {
    "solution_time_seconds": 1800.6645784378052,
    "solver_status": "ok",
    "termination_condition": "optimal",
    "solver": "gams",
    "subsolver": "gurobi",
    "is_relaxation": false,
    "root_relaxation_value": 0.0,
    "root_relaxation_gap_percent": 100.0,
    "relaxation_gap_percent": null,
    "absolute_gap": null
  }
}