{
  "model_parameters": {
    "n_dimensions": 3,
    "n_clusters": 4,
    "n_points": 15,
    "coord_range_lower": -1,
    "coord_range_upper": 1
  },
  "solution": {
    "status": "optimal",
    "center_coordinates": {
      "cluster_1": {
        "dim_1": -0.629672531240055,
        "dim_2": 0.700729938006656,
        "dim_3": -0.212528505657936
      },
      "cluster_2": {
        "dim_1": 0.12699041839826,
        "dim_2": 0.200161473644012,
        "dim_3": 0.474724555720666
      },
      "cluster_3": {
        "dim_1": 0.289619796142745,
        "dim_2": -0.49317473841822,
        "dim_3": -0.606995178494103
      },
      "cluster_4": {
        "dim_1": 0.62309155174625,
        "dim_2": -0.79519598519104,
        "dim_3": 0.557634347199629
      }
    },
    "distances": {
      "1": 0.144928324790494,
      "2": 0.100931793997806,
      "3": 0.024505930936707,
      "4": 0.092663895140642,
      "5": 0.122547603678736,
      "6": 0.22196983495052,
      "7": 0.020463183603365,
      "8": 0.150427675923256,
      "9": 0.044351248431114,
      "10": 0.204241192552332,
      "11": 0.004706034783391,
      "12": 0.658775852686001,
      "13": 0.278558283985315,
      "14": 0.066285823875576,
      "15": 0.092903928242875
    },
    "objective_value": 2.22826060757813,
    "lower_bound": 2.228260607578109,
    "upper_bound": 2.228260607578128,
    "absolute_gap": 2.1316282072803006e-14,
    "relative_gap": 9.566332591577617e-15
  },
  "performance": {
    "solution_time_seconds": 31.74324345588684,
    "solver_status": "ok",
    "termination_condition": "optimal",
    "solver": "gams",
    "subsolver": "scip",
    "is_relaxation": false,
    "root_relaxation_value": 2.22826060757811,
    "root_relaxation_gap_percent": 8.96843680460393e-13,
    "relaxation_gap_percent": null,
    "absolute_gap": null
  }
}