{
  "model_parameters": {
    "n_dimensions": 3,
    "n_clusters": 4,
    "n_points": 17,
    "coord_range_lower": -1,
    "coord_range_upper": 1
  },
  "solution": {
    "status": "optimal",
    "center_coordinates": {
      "cluster_1": {
        "dim_1": -0.256048019228821,
        "dim_2": -0.145853194710092,
        "dim_3": 0.84394973028677
      },
      "cluster_2": {
        "dim_1": -0.125214930119447,
        "dim_2": -0.667299191704957,
        "dim_3": -0.466631806069887
      },
      "cluster_3": {
        "dim_1": 0.72412994953684,
        "dim_2": 0.495334903314609,
        "dim_3": -0.244075643206931
      },
      "cluster_4": {
        "dim_1": 0.787142765047193,
        "dim_2": -0.635430163727748,
        "dim_3": 0.49486695608319
      }
    },
    "distances": {
      "1": 0.294923104295355,
      "2": 0.165233830973442,
      "3": 0.438894511877048,
      "4": 0.253432072663847,
      "5": 0.250756005515307,
      "6": 0.808161869871428,
      "7": 0.159883440177003,
      "8": 0.316596775908418,
      "9": 0.59656951095423,
      "10": 0.246852130998409,
      "11": 0.246531184933792,
      "12": 0.716711955482229,
      "13": 0.512041770224801,
      "14": 0.405916477980006,
      "15": 0.091513028813278,
      "16": 0.359422623894989,
      "17": 0.565835681544926
    },
    "objective_value": 6.429275976108508,
    "lower_bound": 5.933306970584276,
    "absolute_gap": 0.4959690055242323,
    "relative_gap": 0.08359065323656974
  },
  "performance": {
    "solution_time_seconds": 1873.2922630310059,
    "solver_status": "ok",
    "termination_condition": "optimal",
    "solver": "gams",
    "subsolver": "baron",
    "is_relaxation": false,
    "root_relaxation_value": 1.36963,
    "root_relaxation_gap_percent": 78.69697917635501,
    "relaxation_gap_percent": null,
    "absolute_gap": null
  }
}