{
  "model_parameters": {
    "n_dimensions": 5,
    "n_clusters": 3,
    "n_points": 13,
    "coord_range_lower": -1,
    "coord_range_upper": 1
  },
  "solution": {
    "status": "optimal",
    "center_coordinates": {
      "cluster_1": {
        "dim_1": -0.455117812421554,
        "dim_2": 0.452743844293269,
        "dim_3": -0.212260718566331,
        "dim_4": -0.537697680757824,
        "dim_5": -0.359403974036768
      },
      "cluster_2": {
        "dim_1": -0.40583324329628,
        "dim_2": -0.43129711594412,
        "dim_3": -0.30490681710744,
        "dim_4": 0.37683533022093,
        "dim_5": -0.056469032087156
      },
      "cluster_3": {
        "dim_1": 0.230245294263875,
        "dim_2": 0.467594042772402,
        "dim_3": -0.161708309473017,
        "dim_4": 0.660156046126558,
        "dim_5": -0.26286548005774
      }
    },
    "distances": {
      "1": 1.168613501759534,
      "2": 1.031084923167766,
      "3": 0.872814654305033,
      "4": 0.701079048797794,
      "5": 0.98044936024993,
      "6": 0.449309594098946,
      "7": 0.372589849549894,
      "8": 0.220837562364942,
      "9": 0.754920510838833,
      "10": 0.571131863702782,
      "11": 0.363726852636362,
      "12": 0.30840068910355,
      "13": 0.366875535487487
    },
    "objective_value": 8.161833946062853,
    "lower_bound": 5.871413795564117,
    "absolute_gap": 2.2904201504987354,
    "relative_gap": 0.39009687108565905
  },
  "performance": {
    "solution_time_seconds": 1802.2469954490662,
    "solver_status": "ok",
    "termination_condition": "optimal",
    "solver": "gams",
    "subsolver": "scip",
    "is_relaxation": false,
    "root_relaxation_value": 5.87141379556412,
    "root_relaxation_gap_percent": 28.06256737927874,
    "relaxation_gap_percent": null,
    "absolute_gap": null
  }
}