{
  "model_parameters": {
    "n_dimensions": 4,
    "n_clusters": 5,
    "n_points": 11,
    "coord_range_lower": -1,
    "coord_range_upper": 1
  },
  "solution": {
    "status": "feasible",
    "center_coordinates": {
      "cluster_1": {
        "dim_1": -0.226336808588822,
        "dim_2": -0.181669040928509,
        "dim_3": -0.722822821649584,
        "dim_4": -0.87397758845771
      },
      "cluster_2": {
        "dim_1": -0.214492325619424,
        "dim_2": 0.156165416891844,
        "dim_3": -0.486065759115043,
        "dim_4": 0.419300411499329
      },
      "cluster_3": {
        "dim_1": 0.006912621017633,
        "dim_2": 0.941595983352346,
        "dim_3": 0.546593921050767,
        "dim_4": -0.804852557167975
      },
      "cluster_4": {
        "dim_1": 0.732474655547528,
        "dim_2": 0.572889421647325,
        "dim_3": -0.413237311209662,
        "dim_4": 0.52458708535641
      },
      "cluster_5": {
        "dim_1": 0.766648078044401,
        "dim_2": -0.545732707050116,
        "dim_3": -0.19694571004172,
        "dim_4": 0.698847181409682
      }
    },
    "distances": {
      "1": 0.262467228126405,
      "2": 0.480448872904929,
      "3": 0.393566112590706,
      "4": 0.246528812342337,
      "5": 0.0,
      "6": 0.408785648983884,
      "7": 0.408785692792662,
      "8": 0.616076002378885,
      "9": 0.177120872138329,
      "10": 0.262467226824436,
      "11": 0.177120868942875
    },
    "objective_value": 3.433367338025448,
    "lower_bound": 2.53485152802264,
    "upper_bound": 3.433367338025448,
    "absolute_gap": 0.8985158100028081,
    "relative_gap": 0.35446486710159025
  },
  "performance": {
    "solution_time_seconds": 300.7422318458557,
    "solver_status": "ok",
    "termination_condition": "feasible",
    "solver": "gams",
    "subsolver": "gurobi",
    "is_relaxation": false,
    "root_relaxation_value": 0.0,
    "root_relaxation_gap_percent": 100.0,
    "relaxation_gap_percent": null,
    "absolute_gap": null
  }
}