{
  "model_parameters": {
    "n_dimensions": 2,
    "n_clusters": 4,
    "n_points": 12,
    "coord_range_lower": -1,
    "coord_range_upper": 1
  },
  "solution": {
    "status": "optimal",
    "center_coordinates": {
      "cluster_1": {
        "dim_1": -0.665446364226293,
        "dim_2": 0.28136697957044
      },
      "cluster_2": {
        "dim_1": -0.379764881818692,
        "dim_2": -0.685611283435489
      },
      "cluster_3": {
        "dim_1": 0.524326250673636,
        "dim_2": -0.016699571759425
      },
      "cluster_4": {
        "dim_1": 0.568650275323186,
        "dim_2": -0.731138717957947
      }
    },
    "distances": {
      "1": 0.034163223810785,
      "2": 0.116936222212613,
      "3": 0.064847601538306,
      "4": 0.103385661438172,
      "5": 0.077099314132248,
      "6": 0.117422558675623,
      "7": 0.064867818443768,
      "8": 0.014976790900457,
      "9": 0.18733945274287,
      "10": 0.121558726829632,
      "11": 0.033966182215477,
      "12": 0.01190211416736
    },
    "objective_value": 0.9484656671073111,
    "lower_bound": 0.94846516959038,
    "upper_bound": 0.948465667107311,
    "absolute_gap": 4.975169310972305e-07,
    "relative_gap": 5.245495006549334e-07
  },
  "performance": {
    "solution_time_seconds": 2.3257033824920654,
    "solver_status": "ok",
    "termination_condition": "optimal",
    "solver": "gams",
    "subsolver": "gurobi",
    "is_relaxation": false,
    "root_relaxation_value": 0.0,
    "root_relaxation_gap_percent": 100.0,
    "relaxation_gap_percent": null,
    "absolute_gap": null
  }
}