{
  "model_parameters": {
    "n_dimensions": 3,
    "n_clusters": 5,
    "n_points": 11,
    "coord_range_lower": -1,
    "coord_range_upper": 1
  },
  "solution": {
    "status": "optimal",
    "center_coordinates": {
      "cluster_1": {
        "dim_1": -0.8601066368553,
        "dim_2": 0.96466441560332,
        "dim_3": 0.918041039390219
      },
      "cluster_2": {
        "dim_1": -0.380815889222078,
        "dim_2": 0.540057787667773,
        "dim_3": -0.788431153338369
      },
      "cluster_3": {
        "dim_1": -0.068019562774723,
        "dim_2": -0.457289758763201,
        "dim_3": -0.753438804096139
      },
      "cluster_4": {
        "dim_1": 0.676225326069552,
        "dim_2": -0.554927418548198,
        "dim_3": 0.025952042222003
      },
      "cluster_5": {
        "dim_1": 0.679033476529681,
        "dim_2": 0.58576275038702,
        "dim_3": -0.118594085835952
      }
    },
    "distances": {
      "1": 0.333298383287887,
      "2": 0.047760481364355,
      "3": 0.325443504204055,
      "4": 0.022258705458449,
      "5": 0.350599833309038,
      "6": 0.085624380820092,
      "7": 0.0,
      "8": 0.251184937001551,
      "9": 0.251184936902363,
      "10": 0.345435310137038,
      "11": 0.085624380803059
    },
    "objective_value": 2.098414853287887,
    "lower_bound": 2.09841484727999,
    "upper_bound": 2.098414853287887,
    "absolute_gap": 6.00789684668257e-09,
    "relative_gap": 2.8630644004783577e-09
  },
  "performance": {
    "solution_time_seconds": 8.996774196624756,
    "solver_status": "ok",
    "termination_condition": "optimal",
    "solver": "gams",
    "subsolver": "baron",
    "is_relaxation": false,
    "root_relaxation_value": 0.0,
    "root_relaxation_gap_percent": 100.0,
    "relaxation_gap_percent": null,
    "absolute_gap": null
  }
}