{
  "model_parameters": {
    "n_dimensions": 4,
    "n_clusters": 4,
    "n_points": 12,
    "coord_range_lower": -1,
    "coord_range_upper": 1
  },
  "solution": {
    "status": "optimal",
    "center_coordinates": {
      "cluster_1": {
        "dim_1": 0.208827095539977,
        "dim_2": 0.031111935820216,
        "dim_3": -0.402088938651534,
        "dim_4": -0.573914204096467
      },
      "cluster_2": {
        "dim_1": 0.208827089250061,
        "dim_2": 0.696150491200846,
        "dim_3": -0.342898503932339,
        "dim_4": 0.761154483298512
      },
      "cluster_3": {
        "dim_1": 0.208827081108492,
        "dim_2": -0.644478157912618,
        "dim_3": -0.642498629614319,
        "dim_4": 0.786885713555435
      },
      "cluster_4": {
        "dim_1": 0.208827073231053,
        "dim_2": -0.504905760366324,
        "dim_3": 0.628863454811836,
        "dim_4": -0.693871077284587
      }
    },
    "distances": {
      "1": 0.318719651452809,
      "2": 0.089924769101973,
      "3": 0.088873159534453,
      "4": 0.895486527171225,
      "5": 0.547481071066012,
      "6": 1.143051148548921,
      "7": 0.659643455528633,
      "8": 0.311569759968687,
      "9": 0.114238087010219,
      "10": 0.508491505251781,
      "11": 0.331657164007205,
      "12": 0.141698868774387
    },
    "objective_value": 5.150835167416305,
    "lower_bound": 0.451362077115242,
    "upper_bound": 5.150835167416304,
    "absolute_gap": 4.699473090301063,
    "relative_gap": 10.41175882638716
  },
  "performance": {
    "solution_time_seconds": 300.95516300201416,
    "solver_status": "ok",
    "termination_condition": "optimal",
    "solver": "gams",
    "subsolver": "scip",
    "is_relaxation": false,
    "root_relaxation_value": 0.451362077115242,
    "root_relaxation_gap_percent": 91.23710888730209,
    "relaxation_gap_percent": null,
    "absolute_gap": null
  }
}