{
  "model_parameters": {
    "n_dimensions": 4,
    "n_clusters": 5,
    "n_points": 13,
    "coord_range_lower": -1,
    "coord_range_upper": 1
  },
  "solution": {
    "status": "optimal",
    "center_coordinates": {
      "cluster_1": {
        "dim_1": -0.520157249906368,
        "dim_2": 0.402128219604492,
        "dim_3": 0.68923312699762,
        "dim_4": -0.18259622144694
      },
      "cluster_2": {
        "dim_1": -0.241523426451118,
        "dim_2": -0.803627008327691,
        "dim_3": -0.5031904055555,
        "dim_4": -0.398382892428172
      },
      "cluster_3": {
        "dim_1": -0.241523426451118,
        "dim_2": 0.393421920551636,
        "dim_3": -0.804466897305666,
        "dim_4": -0.56567183229795
      },
      "cluster_4": {
        "dim_1": 0.0645751953125,
        "dim_2": -0.509390905340825,
        "dim_3": 0.297018229679816,
        "dim_4": 0.1610803238641
      },
      "cluster_5": {
        "dim_1": 0.80221111175067,
        "dim_2": 0.150434369852998,
        "dim_3": -0.85176612182201,
        "dim_4": 0.43994140625
      }
    },
    "distances": {
      "1": 0.997949642117878,
      "2": 0.199115759188182,
      "3": 0.296743785578198,
      "4": 0.652130245473073,
      "5": 0.141613571329878,
      "6": 0.438751234199428,
      "7": 0.304331104389403,
      "8": 0.628791141824328,
      "9": 0.438657051168518,
      "10": 0.118803355154311,
      "11": 0.197780868012051,
      "12": 0.12351089693972,
      "13": 0.238528368095476
    },
    "objective_value": 4.776707023470444,
    "lower_bound": 2.109375140940285,
    "upper_bound": 4.776707023470443,
    "absolute_gap": 2.667331882530159,
    "relative_gap": 1.2645128079688832
  },
  "performance": {
    "solution_time_seconds": 301.7518846988678,
    "solver_status": "ok",
    "termination_condition": "optimal",
    "solver": "gams",
    "subsolver": "scip",
    "is_relaxation": false,
    "root_relaxation_value": 2.10937514094029,
    "root_relaxation_gap_percent": 55.84039107745495,
    "relaxation_gap_percent": null,
    "absolute_gap": null
  }
}