{
  "model_parameters": {
    "n_dimensions": 2,
    "n_clusters": 3,
    "n_points": 12,
    "coord_range_lower": -1,
    "coord_range_upper": 1
  },
  "solution": {
    "status": "optimal",
    "center_coordinates": {
      "cluster_1": {
        "dim_1": -0.634817353428733,
        "dim_2": -0.662343008069939
      },
      "cluster_2": {
        "dim_1": -0.126031355480993,
        "dim_2": 0.659710413419149
      },
      "cluster_3": {
        "dim_1": 0.590131932268784,
        "dim_2": -0.379765017957017
      }
    },
    "distances": {
      "1": 0.128080437325554,
      "2": 0.124551268111351,
      "3": 0.098807304467569,
      "4": 0.175463368078954,
      "5": 0.342985649737987,
      "6": 0.306939043451285,
      "7": 0.116006369125947,
      "8": 0.064030656793036,
      "9": 0.312083092651305,
      "10": 0.053876217819981,
      "11": 0.13861435534708,
      "12": 0.337717209383291
    },
    "objective_value": 2.19915497229334,
    "lower_bound": 2.19915497229334,
    "absolute_gap": 0.0,
    "relative_gap": 0.0
  },
  "performance": {
    "solution_time_seconds": 9.60893726348877,
    "solver_status": "ok",
    "termination_condition": "optimal",
    "solver": "gams",
    "subsolver": "baron",
    "is_relaxation": false,
    "root_relaxation_value": 0.0,
    "root_relaxation_gap_percent": 100.0,
    "relaxation_gap_percent": null,
    "absolute_gap": null
  }
}