{
  "model_parameters": {
    "n_dimensions": 4,
    "n_clusters": 3,
    "n_points": 17,
    "coord_range_lower": -1,
    "coord_range_upper": 1
  },
  "solution": {
    "status": "optimal",
    "center_coordinates": {
      "cluster_1": {
        "dim_1": -0.278379524170878,
        "dim_2": 0.388607546344906,
        "dim_3": 0.841822912528338,
        "dim_4": 0.084327494505727
      },
      "cluster_2": {
        "dim_1": -0.278379534166396,
        "dim_2": -0.243705962903256,
        "dim_3": -0.535770860132154,
        "dim_4": 0.620408217262998
      },
      "cluster_3": {
        "dim_1": 0.118544630934096,
        "dim_2": 0.173707686060046,
        "dim_3": -0.327439748331148,
        "dim_4": 0.027461696802229
      }
    },
    "distances": {
      "1": 0.890048144184372,
      "2": 0.662496769000372,
      "3": 0.975200025583352,
      "4": 0.980837476803404,
      "5": 0.829569150238892,
      "6": 0.215991221276818,
      "7": 0.553159966999186,
      "8": 0.059227860101657,
      "9": 0.470288044776854,
      "10": 0.554444694389424,
      "11": 0.354333101260554,
      "12": 0.420788917627535,
      "13": 0.498911752387534,
      "14": 1.000277865618161,
      "15": 0.494858714761201,
      "16": 0.218578605759107,
      "17": 0.257741543805836
    },
    "objective_value": 9.43675385457426,
    "lower_bound": 0.635580979129212,
    "absolute_gap": 8.801172875445047,
    "relative_gap": 13.847445352287346
  },
  "performance": {
    "solution_time_seconds": 1801.4020626544952,
    "solver_status": "ok",
    "termination_condition": "optimal",
    "solver": "gams",
    "subsolver": "scip",
    "is_relaxation": false,
    "root_relaxation_value": 0.635580979129212,
    "root_relaxation_gap_percent": 93.26483461448845,
    "relaxation_gap_percent": null,
    "absolute_gap": null
  }
}