{
  "model_parameters": {
    "n_dimensions": 2,
    "n_clusters": 3,
    "n_points": 14,
    "coord_range_lower": -1,
    "coord_range_upper": 1
  },
  "solution": {
    "status": "optimal",
    "center_coordinates": {
      "cluster_1": {
        "dim_1": -0.505598804632488,
        "dim_2": 0.450478561098365
      },
      "cluster_2": {
        "dim_1": -0.218279907782647,
        "dim_2": -0.324395591533505
      },
      "cluster_3": {
        "dim_1": 0.65697878216846,
        "dim_2": 0.390613624090896
      }
    },
    "distances": {
      "1": 0.237340920328273,
      "2": 0.202904600000553,
      "3": 0.000322826428494,
      "4": 0.134340900453933,
      "5": 0.354212249509024,
      "6": 0.053692457085212,
      "7": 0.084924084924793,
      "8": 0.007539933638474,
      "9": 0.305151311762396,
      "10": 0.031449607983166,
      "11": 0.202820330482567,
      "12": 0.173220935801913,
      "13": 0.055585880756126,
      "14": 0.068422744258502
    },
    "objective_value": 1.911928783413426,
    "lower_bound": 1.911896879684147,
    "absolute_gap": 3.190372927908136e-05,
    "relative_gap": 1.6686950859165577e-05
  },
  "performance": {
    "solution_time_seconds": 1801.2787454128265,
    "solver_status": "ok",
    "termination_condition": "optimal",
    "solver": "gams",
    "subsolver": "scip",
    "is_relaxation": false,
    "root_relaxation_value": 1.91189687968415,
    "root_relaxation_gap_percent": 0.0016686672407857166,
    "relaxation_gap_percent": null,
    "absolute_gap": null
  }
}