{
  "model_parameters": {
    "n_dimensions": 2,
    "n_clusters": 4,
    "n_points": 12,
    "coord_range_lower": -1,
    "coord_range_upper": 1
  },
  "solution": {
    "status": "optimal",
    "center_coordinates": {
      "cluster_1": {
        "dim_1": -0.665447550604463,
        "dim_2": 0.281368960272946
      },
      "cluster_2": {
        "dim_1": -0.379771409228755,
        "dim_2": -0.68558957325682
      },
      "cluster_3": {
        "dim_1": 0.524316671750888,
        "dim_2": -0.016696576902578
      },
      "cluster_4": {
        "dim_1": 0.568864556397761,
        "dim_2": -0.730836846511061
      }
    },
    "distances": {
      "1": 0.034064129054225,
      "2": 0.116941094525532,
      "3": 0.064857284822652,
      "4": 0.103384681823361,
      "5": 0.077093672133155,
      "6": 0.117423173952643,
      "7": 0.064857284822652,
      "8": 0.014976313786601,
      "9": 0.187339554946033,
      "10": 0.121556845712239,
      "11": 0.034064127156229,
      "12": 0.011902199830348
    },
    "objective_value": 0.94846036256567,
    "lower_bound": 0.948460362565671,
    "absolute_gap": -9.992007221626409e-16,
    "relative_gap": -1.0534976068580373e-15
  },
  "performance": {
    "solution_time_seconds": 82.32552337646484,
    "solver_status": "ok",
    "termination_condition": "optimal",
    "solver": "gams",
    "subsolver": "scip",
    "is_relaxation": false,
    "root_relaxation_value": 0.948460362565671,
    "root_relaxation_gap_percent": 1.0534976068580384e-13,
    "relaxation_gap_percent": null,
    "absolute_gap": null
  }
}