{
  "model_parameters": {
    "n_dimensions": 4,
    "n_clusters": 4,
    "n_points": 14,
    "coord_range_lower": -1,
    "coord_range_upper": 1
  },
  "solution": {
    "status": "optimal",
    "center_coordinates": {
      "cluster_1": {
        "dim_1": -0.750187134268833,
        "dim_2": -0.023259388338567,
        "dim_3": 0.371454335235237,
        "dim_4": 0.98647990799706
      },
      "cluster_2": {
        "dim_1": -0.039051239684616,
        "dim_2": 0.25688617491774,
        "dim_3": -0.119107336350883,
        "dim_4": -0.58426730847347
      },
      "cluster_3": {
        "dim_1": 0.376794796416741,
        "dim_2": -0.399575006175953,
        "dim_3": 0.03610142338021,
        "dim_4": 0.273470173654678
      },
      "cluster_4": {
        "dim_1": 0.376794786423133,
        "dim_2": 0.796309925212833,
        "dim_3": 0.91680444032063,
        "dim_4": -0.164135740140887
      }
    },
    "distances": {
      "1": 0.33175994381509,
      "2": 1.896809464881615,
      "3": 0.802846138755848,
      "4": 0.886301711974043,
      "5": 0.33175993703216,
      "6": 2.226310774144511,
      "7": 0.513841898880128,
      "8": 0.372442786379318,
      "9": 0.605606842458817,
      "10": 0.309983295793528,
      "11": 0.45046496251473,
      "12": 0.974324567588586,
      "13": 1.546028860306297,
      "14": 0.727427558209021
    },
    "objective_value": 11.975908742733692,
    "lower_bound": 3.311106332959044,
    "absolute_gap": 8.664802409774648,
    "relative_gap": 2.616890410170293
  },
  "performance": {
    "solution_time_seconds": 1801.6743879318237,
    "solver_status": "ok",
    "termination_condition": "optimal",
    "solver": "gams",
    "subsolver": "scip",
    "is_relaxation": false,
    "root_relaxation_value": 3.31110633295904,
    "root_relaxation_gap_percent": 72.35194084984963,
    "relaxation_gap_percent": null,
    "absolute_gap": null
  }
}