{
  "model_parameters": {
    "n_dimensions": 5,
    "n_clusters": 3,
    "n_points": 10,
    "coord_range_lower": -1,
    "coord_range_upper": 1
  },
  "solution": {
    "status": "optimal",
    "center_coordinates": {
      "cluster_1": {
        "dim_1": -0.796583493009719,
        "dim_2": -0.012276368401059,
        "dim_3": 0.562512230118217,
        "dim_4": -0.404732834113401,
        "dim_5": -0.042976426727452
      },
      "cluster_2": {
        "dim_1": -0.559976889421282,
        "dim_2": 0.494428122758488,
        "dim_3": 0.099843207594884,
        "dim_4": 0.486216330433357,
        "dim_5": 0.546753377780335
      },
      "cluster_3": {
        "dim_1": 0.09100181103635,
        "dim_2": -0.273588094372783,
        "dim_3": -0.543117893985297,
        "dim_4": 0.374422777247145,
        "dim_5": -0.693074318735449
      }
    },
    "distances": {
      "1": 0.730145034644146,
      "2": 0.858752724865881,
      "3": 0.534876287123369,
      "4": 1.214840165255821,
      "5": 0.302667144697084,
      "6": 0.155967161712686,
      "7": 1.391896614242976,
      "8": 1.209389761295688,
      "9": 0.533534468679106,
      "10": 0.829948926340577
    },
    "objective_value": 7.762018288857334,
    "lower_bound": 7.76201778638786,
    "absolute_gap": 5.02469474028544e-07,
    "relative_gap": 6.473438838412836e-08
  },
  "performance": {
    "solution_time_seconds": 5.324980735778809,
    "solver_status": "ok",
    "termination_condition": "optimal",
    "solver": "gams",
    "subsolver": "gurobi",
    "is_relaxation": false,
    "root_relaxation_value": 0.0,
    "root_relaxation_gap_percent": 100.0,
    "relaxation_gap_percent": null,
    "absolute_gap": null
  }
}