{
  "model_parameters": {
    "n_dimensions": 3,
    "n_clusters": 3,
    "n_points": 14,
    "coord_range_lower": -1,
    "coord_range_upper": 1
  },
  "solution": {
    "status": "optimal",
    "center_coordinates": {
      "cluster_1": {
        "dim_1": -0.733101253590014,
        "dim_2": -0.057390317926817,
        "dim_3": -0.398114089741236
      },
      "cluster_2": {
        "dim_1": -0.530708031240826,
        "dim_2": -0.853604656674959,
        "dim_3": 0.13846889519409
      },
      "cluster_3": {
        "dim_1": 0.358982861864535,
        "dim_2": 0.438642994994215,
        "dim_3": 0.408829864080931
      }
    },
    "distances": {
      "1": 0.485734448402394,
      "2": 0.065015340981722,
      "3": 0.045272691872223,
      "4": 0.013060627182256,
      "5": 0.354998070450152,
      "6": 0.475789340205431,
      "7": 0.816488176575644,
      "8": 0.193575736607025,
      "9": 0.447761493629701,
      "10": 0.02718463588874,
      "11": 0.870278260205058,
      "12": 0.288471570642921,
      "13": 0.145778997163096,
      "14": 0.393514092223448
    },
    "objective_value": 4.622923482029811,
    "lower_bound": 4.622923482029813,
    "absolute_gap": -1.7763568394002505e-15,
    "relative_gap": -3.8424967367625466e-16
  },
  "performance": {
    "solution_time_seconds": 33.63876032829285,
    "solver_status": "ok",
    "termination_condition": "optimal",
    "solver": "gams",
    "subsolver": "baron",
    "is_relaxation": false,
    "root_relaxation_value": 0.0,
    "root_relaxation_gap_percent": 100.0,
    "relaxation_gap_percent": null,
    "absolute_gap": null
  }
}