{
  "model_parameters": {
    "n_dimensions": 2,
    "n_clusters": 5,
    "n_points": 13,
    "coord_range_lower": -1,
    "coord_range_upper": 1
  },
  "solution": {
    "status": "optimal",
    "center_coordinates": {
      "cluster_1": {
        "dim_1": -0.802178381380221,
        "dim_2": 0.789253467656209
      },
      "cluster_2": {
        "dim_1": -0.6727468165784,
        "dim_2": -0.294267255856807
      },
      "cluster_3": {
        "dim_1": 0.255922130118266,
        "dim_2": -0.654959285052099
      },
      "cluster_4": {
        "dim_1": 0.566316161482922,
        "dim_2": -0.015604102286233
      },
      "cluster_5": {
        "dim_1": 0.768399333239033,
        "dim_2": 0.743541848146384
      }
    },
    "distances": {
      "1": 0.013905281585008,
      "2": 0.017842134986825,
      "3": 0.20501741521773,
      "4": 0.118136381062823,
      "5": 0.060164735952726,
      "6": 0.014131849483063,
      "7": 0.014131849395168,
      "8": 0.024039563847692,
      "9": 0.006880797842927,
      "10": 0.048929915113642,
      "11": 0.044704402616378,
      "12": 0.051604251779906,
      "13": 0.051604240779072
    },
    "objective_value": 0.67109281966296,
    "lower_bound": 0.67109281957432,
    "upper_bound": 0.671092819662959,
    "absolute_gap": 8.863998424146757e-11,
    "relative_gap": 1.3208304672026246e-10
  },
  "performance": {
    "solution_time_seconds": 21.75673508644104,
    "solver_status": "ok",
    "termination_condition": "optimal",
    "solver": "gams",
    "subsolver": "baron",
    "is_relaxation": false,
    "root_relaxation_value": 0.0,
    "root_relaxation_gap_percent": 100.0,
    "relaxation_gap_percent": null,
    "absolute_gap": null
  }
}