{
  "model_parameters": {
    "n_dimensions": 5,
    "n_clusters": 5,
    "n_points": 11,
    "coord_range_lower": -1,
    "coord_range_upper": 1
  },
  "solution": {
    "status": "optimal",
    "center_coordinates": {
      "cluster_1": {
        "dim_1": -0.535201783696598,
        "dim_2": 0.82556647014153,
        "dim_3": 0.61530825202431,
        "dim_4": 0.047135005868909,
        "dim_5": 0.188947060746671
      },
      "cluster_2": {
        "dim_1": -0.259794488749949,
        "dim_2": 0.050883019802254,
        "dim_3": -0.510869480546644,
        "dim_4": 0.7878988678835,
        "dim_5": 0.599464857473853
      },
      "cluster_3": {
        "dim_1": 0.126351283947924,
        "dim_2": 0.607861358433009,
        "dim_3": -0.870019150878657,
        "dim_4": 0.258666933161233,
        "dim_5": -0.833784092842413
      },
      "cluster_4": {
        "dim_1": 0.126351283947936,
        "dim_2": -0.603575270326459,
        "dim_3": -0.144303870282817,
        "dim_4": -0.160127478050697,
        "dim_5": 0.156016998320436
      },
      "cluster_5": {
        "dim_1": 0.700256438796089,
        "dim_2": 0.740605061678997,
        "dim_3": -0.447281646487908,
        "dim_4": -0.810554606167397,
        "dim_5": 0.974485870337317
      }
    },
    "distances": {
      "1": 1.043593010364918,
      "2": 0.200961484351083,
      "3": 0.759572453834571,
      "4": 0.789031465192496,
      "5": 0.282574617698788,
      "6": 0.293573709120537,
      "7": 0.0,
      "8": 0.653186733073575,
      "9": 0.61799402614107,
      "10": 0.100271330997103,
      "11": 0.200447195569813
    },
    "objective_value": 4.941206026343954,
    "lower_bound": 3.47236185072962,
    "absolute_gap": 1.468844175614334,
    "relative_gap": 0.42301011206700634
  },
  "performance": {
    "solution_time_seconds": 1800.5398552417755,
    "solver_status": "ok",
    "termination_condition": "optimal",
    "solver": "gams",
    "subsolver": "gurobi",
    "is_relaxation": false,
    "root_relaxation_value": 0.0,
    "root_relaxation_gap_percent": 100.0,
    "relaxation_gap_percent": null,
    "absolute_gap": null
  }
}