{
  "model_parameters": {
    "n_dimensions": 4,
    "n_clusters": 4,
    "n_points": 16,
    "coord_range_lower": -1,
    "coord_range_upper": 1
  },
  "solution": {
    "status": "optimal",
    "center_coordinates": {
      "cluster_1": {
        "dim_1": 0.199828566592159,
        "dim_2": 0.676194277732635,
        "dim_3": 0.60527073292371,
        "dim_4": -0.281271047621188
      },
      "cluster_2": {
        "dim_1": 0.33634120096691,
        "dim_2": 0.533723547736575,
        "dim_3": -0.669549146744026,
        "dim_4": -0.221936749102948
      },
      "cluster_3": {
        "dim_1": 0.33634120096691,
        "dim_2": -0.319040848578872,
        "dim_3": 0.254142172506535,
        "dim_4": -0.305854008373377
      },
      "cluster_4": {
        "dim_1": 0.592729800995629,
        "dim_2": -0.371875613434432,
        "dim_3": -0.836897965651218,
        "dim_4": -0.36066529124988
      }
    },
    "distances": {
      "1": 0.225777012419616,
      "2": 0.650167230754005,
      "3": 0.145091660684295,
      "4": 0.222467550541246,
      "5": 0.168075366725688,
      "6": 0.517686757453575,
      "7": 0.306913334576178,
      "8": 0.461115212321358,
      "9": 0.627033528102002,
      "10": 0.432694143194635,
      "11": 0.161275459433397,
      "12": 0.691233776106278,
      "13": 0.50678732739897,
      "14": 0.849342795814102,
      "15": 0.082584609991693,
      "16": 0.258890439710874
    },
    "objective_value": 6.307136205227912,
    "lower_bound": 1.257380383059266,
    "absolute_gap": 5.049755822168645,
    "relative_gap": 4.016092417381564
  },
  "performance": {
    "solution_time_seconds": 1878.0786683559418,
    "solver_status": "ok",
    "termination_condition": "optimal",
    "solver": "gams",
    "subsolver": "baron",
    "is_relaxation": false,
    "root_relaxation_value": 0.0,
    "root_relaxation_gap_percent": 100.0,
    "relaxation_gap_percent": null,
    "absolute_gap": null
  }
}