{
  "model_parameters": {
    "n_dimensions": 4,
    "n_clusters": 3,
    "n_points": 13,
    "coord_range_lower": -1,
    "coord_range_upper": 1
  },
  "solution": {
    "status": "feasible",
    "center_coordinates": {
      "cluster_1": {
        "dim_1": -0.297633109372404,
        "dim_2": -0.516154988318896,
        "dim_3": -0.150378649447101,
        "dim_4": 0.596172016188174
      },
      "cluster_2": {
        "dim_1": 0.220806443320535,
        "dim_2": -0.123744107194153,
        "dim_3": -0.674594354939139,
        "dim_4": -0.569529839905949
      },
      "cluster_3": {
        "dim_1": 0.664041746799634,
        "dim_2": -0.294809971423096,
        "dim_3": 0.410495998846438,
        "dim_4": -0.215515375663451
      }
    },
    "distances": {
      "1": 0.855581225494253,
      "2": 0.369389808648441,
      "3": 1.07086936790398,
      "4": 0.476697282214056,
      "5": 0.68665362408788,
      "6": 0.231940396820954,
      "7": 0.328786095063047,
      "8": 0.667203955162953,
      "9": 0.522626347447494,
      "10": 0.17601418793273,
      "11": 0.812924420481457,
      "12": 0.251731905084274,
      "13": 0.289613121876381
    },
    "objective_value": 6.7400317382179,
    "lower_bound": 6.560672249919779,
    "upper_bound": 6.740031738217899,
    "absolute_gap": 0.17935948829812087,
    "relative_gap": 0.027338583831910516
  },
  "performance": {
    "solution_time_seconds": 300.53978085517883,
    "solver_status": "ok",
    "termination_condition": "feasible",
    "solver": "gams",
    "subsolver": "gurobi",
    "is_relaxation": false,
    "root_relaxation_value": 0.0,
    "root_relaxation_gap_percent": 100.0,
    "relaxation_gap_percent": null,
    "absolute_gap": null
  }
}