{
  "model_parameters": {
    "n_dimensions": 2,
    "n_clusters": 4,
    "n_points": 12,
    "coord_range_lower": -1,
    "coord_range_upper": 1
  },
  "solution": {
    "status": "optimal",
    "center_coordinates": {
      "cluster_1": {
        "dim_1": -0.66533119900696,
        "dim_2": 0.281116203351982
      },
      "cluster_2": {
        "dim_1": -0.380012145887421,
        "dim_2": -0.685987526324073
      },
      "cluster_3": {
        "dim_1": 0.524454399221323,
        "dim_2": -0.016660872888557
      },
      "cluster_4": {
        "dim_1": 0.56902042926049,
        "dim_2": -0.731113331909923
      }
    },
    "distances": {
      "1": 0.034173847295457,
      "2": 0.11684482317324,
      "3": 0.064804060670504,
      "4": 0.103434948153495,
      "5": 0.077171183050355,
      "6": 0.117285446381655,
      "7": 0.064911229495718,
      "8": 0.014995612389778,
      "9": 0.187304094036069,
      "10": 0.121741621153913,
      "11": 0.033954991242196,
      "12": 0.011842023294946
    },
    "objective_value": 0.948463880337326,
    "lower_bound": 0.948463880337327,
    "upper_bound": 0.948463880337327,
    "absolute_gap": -9.992007221626409e-16,
    "relative_gap": -1.053493699525246e-15
  },
  "performance": {
    "solution_time_seconds": 8.536235332489014,
    "solver_status": "ok",
    "termination_condition": "optimal",
    "solver": "gams",
    "subsolver": "baron",
    "is_relaxation": false,
    "root_relaxation_value": 0.0,
    "root_relaxation_gap_percent": 100.0,
    "relaxation_gap_percent": null,
    "absolute_gap": null
  }
}