{
  "model_parameters": {
    "n_dimensions": 2,
    "n_clusters": 3,
    "n_points": 17,
    "coord_range_lower": -1,
    "coord_range_upper": 1
  },
  "solution": {
    "status": "optimal",
    "center_coordinates": {
      "cluster_1": {
        "dim_1": -0.741189871685251,
        "dim_2": -0.677485851270389
      },
      "cluster_2": {
        "dim_1": -0.337418605273505,
        "dim_2": 0.480676303562856
      },
      "cluster_3": {
        "dim_1": 0.450328909718584,
        "dim_2": -0.397611810711188
      }
    },
    "distances": {
      "1": 0.672202499769789,
      "2": 0.19785739960022,
      "3": 0.007616610500979,
      "4": 0.130942978121736,
      "5": 0.053512039318516,
      "6": 0.313626782095972,
      "7": 0.10322948234051,
      "8": 0.081984555573826,
      "9": 0.120699145169667,
      "10": 0.071615338554252,
      "11": 0.154782572360098,
      "12": 0.170473228121985,
      "13": 0.029739555346639,
      "14": 0.048522971381307,
      "15": 0.179662960472372,
      "16": 0.237817049959684,
      "17": 0.255550915686792
    },
    "objective_value": 2.829836084374344,
    "lower_bound": 2.829836084374342,
    "absolute_gap": 2.220446049250313e-15,
    "relative_gap": 7.846553591959157e-16
  },
  "performance": {
    "solution_time_seconds": 90.58178639411926,
    "solver_status": "ok",
    "termination_condition": "optimal",
    "solver": "gams",
    "subsolver": "scip",
    "is_relaxation": false,
    "root_relaxation_value": 2.82983608437434,
    "root_relaxation_gap_percent": 1.4123796465526472e-13,
    "relaxation_gap_percent": null,
    "absolute_gap": null
  }
}