{
  "model_parameters": {
    "n_dimensions": 3,
    "n_clusters": 4,
    "n_points": 14,
    "coord_range_lower": -1,
    "coord_range_upper": 1
  },
  "solution": {
    "status": "feasible",
    "center_coordinates": {
      "cluster_1": {
        "dim_1": -0.742137173229368,
        "dim_2": -0.926669490692731,
        "dim_3": -0.933512696837122
      },
      "cluster_2": {
        "dim_1": -0.476245185295235,
        "dim_2": 0.507546154730561,
        "dim_3": 0.400803047972166
      },
      "cluster_3": {
        "dim_1": -0.008572547307925,
        "dim_2": 0.218413449395267,
        "dim_3": -0.324250723033351
      },
      "cluster_4": {
        "dim_1": 0.24063098849711,
        "dim_2": -0.469241538270918,
        "dim_3": 0.509927905988795
      }
    },
    "distances": {
      "1": 0.113975856739761,
      "2": 0.205481637235364,
      "3": 0.179970202485194,
      "4": 0.351476258634489,
      "5": 0.475982776260365,
      "6": 0.612977925452293,
      "7": 0.233428578902298,
      "8": 0.093997412209158,
      "9": 0.068218442621935,
      "10": 0.379937315511811,
      "11": 0.066340695842639,
      "12": 0.382543713206776,
      "13": 0.268012654898544,
      "14": 0.0
    },
    "objective_value": 3.432343470000627,
    "lower_bound": 2.685950248089969,
    "upper_bound": 3.432343470000626,
    "absolute_gap": 0.7463932219106577,
    "relative_gap": 0.277887955088309
  },
  "performance": {
    "solution_time_seconds": 300.5567617416382,
    "solver_status": "ok",
    "termination_condition": "feasible",
    "solver": "gams",
    "subsolver": "gurobi",
    "is_relaxation": false,
    "root_relaxation_value": 0.0,
    "root_relaxation_gap_percent": 100.0,
    "relaxation_gap_percent": null,
    "absolute_gap": null
  }
}