{
  "model_parameters": {
    "n_dimensions": 3,
    "n_clusters": 5,
    "n_points": 10,
    "coord_range_lower": -1,
    "coord_range_upper": 1
  },
  "solution": {
    "status": "optimal",
    "center_coordinates": {
      "cluster_1": {
        "dim_1": -0.843078515961435,
        "dim_2": -0.545674079137644,
        "dim_3": 0.116377591598326
      },
      "cluster_2": {
        "dim_1": -0.619621077093949,
        "dim_2": 0.887825076074421,
        "dim_3": -0.05558358019393
      },
      "cluster_3": {
        "dim_1": -0.45871569110038,
        "dim_2": 0.152665873353044,
        "dim_3": 0.597846458095574
      },
      "cluster_4": {
        "dim_1": -0.228361367018196,
        "dim_2": -0.024045896481392,
        "dim_3": -0.870754562811658
      },
      "cluster_5": {
        "dim_1": 0.770731414751265,
        "dim_2": 0.4830322265625,
        "dim_3": -0.396049874037453
      }
    },
    "distances": {
      "1": 0.103022037363636,
      "2": 0.125551881841989,
      "3": 0.102866635012243,
      "4": 0.0,
      "5": 0.0,
      "6": 0.239320598852037,
      "7": 0.254020305413886,
      "8": 0.14116035454399,
      "9": 0.23564851735928,
      "10": 0.077309496527883
    },
    "objective_value": 1.278899826914944,
    "lower_bound": 1.278899826914946,
    "upper_bound": 1.278899826914945,
    "absolute_gap": -1.9984014443252818e-15,
    "relative_gap": -1.5625941940628526e-15
  },
  "performance": {
    "solution_time_seconds": 137.6647801399231,
    "solver_status": "ok",
    "termination_condition": "optimal",
    "solver": "gams",
    "subsolver": "scip",
    "is_relaxation": false,
    "root_relaxation_value": 1.27889982691495,
    "root_relaxation_gap_percent": 4.687782582188564e-13,
    "relaxation_gap_percent": null,
    "absolute_gap": null
  }
}