{
  "model_parameters": {
    "n_dimensions": 4,
    "n_clusters": 5,
    "n_points": 12,
    "coord_range_lower": -1,
    "coord_range_upper": 1
  },
  "solution": {
    "status": "optimal",
    "center_coordinates": {
      "cluster_1": {
        "dim_1": -0.662451627349924,
        "dim_2": -0.444838359890542,
        "dim_3": -0.004488907026403,
        "dim_4": -0.374836126886776
      },
      "cluster_2": {
        "dim_1": -0.431191712898487,
        "dim_2": 0.419107802773804,
        "dim_3": 0.240957140718355,
        "dim_4": 0.448758146564284
      },
      "cluster_3": {
        "dim_1": 0.138068084903587,
        "dim_2": 0.239069394373817,
        "dim_3": -0.601043872270915,
        "dim_4": 0.253360418969829
      },
      "cluster_4": {
        "dim_1": 0.624710673217368,
        "dim_2": -0.449397099470024,
        "dim_3": 0.361314579127442,
        "dim_4": 0.954197397101884
      },
      "cluster_5": {
        "dim_1": 0.657548564604363,
        "dim_2": -0.858547947135416,
        "dim_3": -0.09481308254946,
        "dim_4": -0.745710404514792
      }
    },
    "distances": {
      "1": 0.159726034680693,
      "2": 0.484117411406978,
      "3": 0.287452529940521,
      "4": 0.158562472530481,
      "5": 0.367461956968999,
      "6": 0.367461949833181,
      "7": 0.0,
      "8": 0.287452531434027,
      "9": 0.135271863922415,
      "10": 0.347810627505783,
      "11": 0.330183142582477,
      "12": 0.565333490949003
    },
    "objective_value": 3.4908340117545578,
    "lower_bound": 1.400424992664861,
    "upper_bound": 3.490834011754557,
    "absolute_gap": 2.0904090190896967,
    "relative_gap": 1.4926961672626742
  },
  "performance": {
    "solution_time_seconds": 301.60512375831604,
    "solver_status": "ok",
    "termination_condition": "optimal",
    "solver": "gams",
    "subsolver": "baron",
    "is_relaxation": false,
    "root_relaxation_value": 0.0,
    "root_relaxation_gap_percent": 100.0,
    "relaxation_gap_percent": null,
    "absolute_gap": null
  }
}