{
  "model_parameters": {
    "n_dimensions": 5,
    "n_clusters": 5,
    "n_points": 10,
    "coord_range_lower": -1,
    "coord_range_upper": 1
  },
  "solution": {
    "status": "optimal",
    "center_coordinates": {
      "cluster_1": {
        "dim_1": -0.969865058135386,
        "dim_2": -0.891713821232662,
        "dim_3": 0.047853115491296,
        "dim_4": -0.029739389969088,
        "dim_5": -0.330524986158078
      },
      "cluster_2": {
        "dim_1": -0.705682394729237,
        "dim_2": 0.664605524119681,
        "dim_3": -0.195992254623192,
        "dim_4": -0.133546931828621,
        "dim_5": -0.110565051788068
      },
      "cluster_3": {
        "dim_1": 0.275863389685549,
        "dim_2": -0.684049211668777,
        "dim_3": 0.881443175355874,
        "dim_4": 0.099373211862907,
        "dim_5": 0.587141779589222
      },
      "cluster_4": {
        "dim_1": 0.443816672014379,
        "dim_2": 0.208819125640692,
        "dim_3": -0.282131132281055,
        "dim_4": 0.44071161430405,
        "dim_5": -0.634433693782401
      },
      "cluster_5": {
        "dim_1": 0.930915430465186,
        "dim_2": 0.86178898165078,
        "dim_3": 0.047017306029968,
        "dim_4": -0.076565699669702,
        "dim_5": -0.439407200322386
      }
    },
    "distances": {
      "1": 0.439135584083518,
      "2": -1e-08,
      "3": 0.57496195091294,
      "4": 0.435906243621654,
      "5": 0.199955733843182,
      "6": 0.221104826468423,
      "7": 0.279439863163711,
      "8": 0.178252843973539,
      "9": -1e-08,
      "10": 0.178252847077113
    },
    "objective_value": 2.5070098731440797,
    "lower_bound": 2.506997183426616,
    "absolute_gap": 1.2689717463931771e-05,
    "relative_gap": 5.061719872611584e-06
  },
  "performance": {
    "solution_time_seconds": 1802.3338971138,
    "solver_status": "ok",
    "termination_condition": "optimal",
    "solver": "gams",
    "subsolver": "scip",
    "is_relaxation": false,
    "root_relaxation_value": 2.50699718342662,
    "root_relaxation_gap_percent": 0.0005061694250138951,
    "relaxation_gap_percent": null,
    "absolute_gap": null
  }
}