{
  "model_parameters": {
    "n_dimensions": 2,
    "n_clusters": 4,
    "n_points": 15,
    "coord_range_lower": -1,
    "coord_range_upper": 1
  },
  "solution": {
    "status": "optimal",
    "center_coordinates": {
      "cluster_1": {
        "dim_1": -0.590779020824561,
        "dim_2": -0.779834891359539
      },
      "cluster_2": {
        "dim_1": -0.519626084234069,
        "dim_2": 0.255605835575008
      },
      "cluster_3": {
        "dim_1": 0.462369490092723,
        "dim_2": 0.634974825287293
      },
      "cluster_4": {
        "dim_1": 0.756573004129872,
        "dim_2": -0.292380227337853
      }
    },
    "distances": {
      "1": 0.173600618562496,
      "2": 0.135345053519542,
      "3": 0.053264206360834,
      "4": 0.265222761736277,
      "5": 0.020473829495828,
      "6": 0.182729503782497,
      "7": 0.223820284082568,
      "8": 0.126282064047858,
      "9": 0.415659714961376,
      "10": 0.146250547605431,
      "11": 0.044769413117012,
      "12": 0.144337181907698,
      "13": 0.054145748031938,
      "14": 0.121060039486063,
      "15": 0.017763455887407
    },
    "objective_value": 2.124724422584825,
    "lower_bound": 2.124724422584826,
    "absolute_gap": -8.881784197001252e-16,
    "relative_gap": -4.180205255134287e-16
  },
  "performance": {
    "solution_time_seconds": 84.89701008796692,
    "solver_status": "ok",
    "termination_condition": "optimal",
    "solver": "gams",
    "subsolver": "scip",
    "is_relaxation": false,
    "root_relaxation_value": 2.12472442258483,
    "root_relaxation_gap_percent": 2.2991128903238587e-13,
    "relaxation_gap_percent": null,
    "absolute_gap": null
  }
}