{
  "model_parameters": {
    "n_dimensions": 3,
    "n_clusters": 3,
    "n_points": 16,
    "coord_range_lower": -1,
    "coord_range_upper": 1
  },
  "solution": {
    "status": "optimal",
    "center_coordinates": {
      "cluster_1": {
        "dim_1": -0.466903684330731,
        "dim_2": 0.124392363917895,
        "dim_3": 0.272239082475058
      },
      "cluster_2": {
        "dim_1": 0.433541344474219,
        "dim_2": 0.344050362279241,
        "dim_3": -0.539694893798029
      },
      "cluster_3": {
        "dim_1": 0.725266271276844,
        "dim_2": -0.856337940816947,
        "dim_3": 0.421617770665313
      }
    },
    "distances": {
      "1": 0.665923059387382,
      "2": 0.230847991175145,
      "3": 0.42721631098191,
      "4": 0.333699244956171,
      "5": 0.052254602996946,
      "6": 0.640647507318394,
      "7": 0.591119537773237,
      "8": 0.357846039714382,
      "9": 0.072654573866563,
      "10": 0.052254602996946,
      "11": 1.2199284289193,
      "12": 0.486005872152515,
      "13": 0.892794623010562,
      "14": 0.338354266477065,
      "15": 0.210212242255684,
      "16": 0.196385259951627
    },
    "objective_value": 6.768144163933829,
    "lower_bound": 6.768144163933827,
    "absolute_gap": 1.7763568394002505e-15,
    "relative_gap": 2.624584814351508e-16
  },
  "performance": {
    "solution_time_seconds": 265.3629972934723,
    "solver_status": "ok",
    "termination_condition": "optimal",
    "solver": "gams",
    "subsolver": "baron",
    "is_relaxation": false,
    "root_relaxation_value": 0.0,
    "root_relaxation_gap_percent": 100.0,
    "relaxation_gap_percent": null,
    "absolute_gap": null
  }
}