{
  "model_parameters": {
    "n_dimensions": 4,
    "n_clusters": 4,
    "n_points": 13,
    "coord_range_lower": -1,
    "coord_range_upper": 1
  },
  "solution": {
    "status": "optimal",
    "center_coordinates": {
      "cluster_1": {
        "dim_1": -0.457630184118047,
        "dim_2": -0.140135264533509,
        "dim_3": 0.598583220276126,
        "dim_4": 0.568617220637423
      },
      "cluster_2": {
        "dim_1": -0.410351819034878,
        "dim_2": -0.230624550898855,
        "dim_3": -0.509414363673908,
        "dim_4": -0.289751529757123
      },
      "cluster_3": {
        "dim_1": 0.633930829245716,
        "dim_2": 0.628142221112557,
        "dim_3": 0.716148028083628,
        "dim_4": 0.065464311161398
      },
      "cluster_4": {
        "dim_1": 0.807816709731913,
        "dim_2": 0.880650161122864,
        "dim_3": -0.721565707350203,
        "dim_4": -0.848781107593053
      }
    },
    "distances": {
      "1": 0.270927907572916,
      "2": 0.167807823148602,
      "3": 0.717878123580873,
      "4": 1.058006845817288,
      "5": 0.241771552775883,
      "6": 1.109502827013932,
      "7": 0.930917546947737,
      "8": 0.43063528513173,
      "9": 0.743971350621523,
      "10": 0.246806010808424,
      "11": 0.0,
      "12": 0.356570075096527,
      "13": 0.680260600211201
    },
    "objective_value": 6.955055948726636,
    "lower_bound": 4.603797067519606,
    "upper_bound": 6.955055948726635,
    "absolute_gap": 2.3512588812070296,
    "relative_gap": 0.5107216601260447
  },
  "performance": {
    "solution_time_seconds": 301.5460171699524,
    "solver_status": "ok",
    "termination_condition": "optimal",
    "solver": "gams",
    "subsolver": "baron",
    "is_relaxation": false,
    "root_relaxation_value": 0.0,
    "root_relaxation_gap_percent": 100.0,
    "relaxation_gap_percent": null,
    "absolute_gap": null
  }
}