{
  "model_parameters": {
    "n_dimensions": 2,
    "n_clusters": 5,
    "n_points": 20,
    "coord_range_lower": -1,
    "coord_range_upper": 1
  },
  "solution": {
    "status": "optimal",
    "center_coordinates": {
      "cluster_1": {
        "dim_1": -0.49985752231086,
        "dim_2": -0.638227191721546
      },
      "cluster_2": {
        "dim_1": -0.30302679882473,
        "dim_2": 0.615858242442006
      },
      "cluster_3": {
        "dim_1": 0.21753685325934,
        "dim_2": -0.265402973444138
      },
      "cluster_4": {
        "dim_1": 0.527954307565573,
        "dim_2": -0.889275036231977
      },
      "cluster_5": {
        "dim_1": 0.90294000486499,
        "dim_2": -0.032749250594886
      }
    },
    "distances": {
      "1": 0.123944972906298,
      "2": 0.054396647720068,
      "3": 0.270544057339655,
      "4": 0.028656850207787,
      "5": 0.172715258995081,
      "6": 0.040875668152109,
      "7": 0.013628873711895,
      "8": 0.11594315896201,
      "9": 0.075764708206118,
      "10": 0.011077608924016,
      "11": 0.051613123076685,
      "12": 0.051823751573346,
      "13": 0.065774263576376,
      "14": 0.029237254446172,
      "15": 0.151772364868268,
      "16": 0.134392734093671,
      "17": 0.013581793190974,
      "18": 0.093603185686081,
      "19": 0.048341203515207,
      "20": 0.05360118069456
    },
    "objective_value": 1.601288659846377,
    "lower_bound": 1.133077965162218,
    "absolute_gap": 0.4682106946841589,
    "relative_gap": 0.41322019232553614
  },
  "performance": {
    "solution_time_seconds": 1806.810530424118,
    "solver_status": "ok",
    "termination_condition": "optimal",
    "solver": "gams",
    "subsolver": "baron",
    "is_relaxation": false,
    "root_relaxation_value": 0.0,
    "root_relaxation_gap_percent": 100.0,
    "relaxation_gap_percent": null,
    "absolute_gap": null
  }
}