{
  "model_parameters": {
    "n_dimensions": 3,
    "n_clusters": 4,
    "n_points": 13,
    "coord_range_lower": -1,
    "coord_range_upper": 1
  },
  "solution": {
    "status": "optimal",
    "center_coordinates": {
      "cluster_1": {
        "dim_1": -0.956805948772206,
        "dim_2": -0.586681832728343,
        "dim_3": 0.842868369245821
      },
      "cluster_2": {
        "dim_1": -0.228632563918781,
        "dim_2": 0.745614180135794,
        "dim_3": 0.391773963760968
      },
      "cluster_3": {
        "dim_1": 0.471206395039815,
        "dim_2": 0.058524974791096,
        "dim_3": -0.524084857760212
      },
      "cluster_4": {
        "dim_1": 0.670429126957489,
        "dim_2": -0.29954664366065,
        "dim_3": 0.410780468318937
      }
    },
    "distances": {
      "1": 0.074191254712334,
      "2": 1.6031129e-08,
      "3": 0.418490697250173,
      "4": 0.030123446190685,
      "5": 0.220264111996131,
      "6": 0.099507101718957,
      "7": 0.576889270975973,
      "8": 0.019146350390726,
      "9": 0.157338050154082,
      "10": 0.133301869788692,
      "11": 0.387093190551418,
      "12": 0.220610192778836,
      "13": 0.109221704949982
    },
    "objective_value": 2.446177257489118,
    "lower_bound": 2.44617725748912,
    "absolute_gap": -1.7763568394002505e-15,
    "relative_gap": -7.261766635928882e-16
  },
  "performance": {
    "solution_time_seconds": 4.5073816776275635,
    "solver_status": "ok",
    "termination_condition": "optimal",
    "solver": "gams",
    "subsolver": "baron",
    "is_relaxation": false,
    "root_relaxation_value": 0.0,
    "root_relaxation_gap_percent": 100.0,
    "relaxation_gap_percent": null,
    "absolute_gap": null
  }
}