{
  "model_parameters": {
    "n_dimensions": 2,
    "n_clusters": 3,
    "n_points": 13,
    "coord_range_lower": -1,
    "coord_range_upper": 1
  },
  "solution": {
    "status": "optimal",
    "center_coordinates": {
      "cluster_1": {
        "dim_1": -0.684464305318596,
        "dim_2": 0.245998757089609
      },
      "cluster_2": {
        "dim_1": 0.414613454866956,
        "dim_2": -0.26673692749385
      },
      "cluster_3": {
        "dim_1": 0.824471959971635,
        "dim_2": 0.787777421696781
      }
    },
    "distances": {
      "1": 0.103358702455729,
      "2": 0.044953951470211,
      "3": 0.056036227680537,
      "4": 0.10927731240873,
      "5": 0.035254452559454,
      "6": 0.059316613120239,
      "7": 0.079803285591707,
      "8": 0.364086348298081,
      "9": 0.302590061680063,
      "10": 0.0155007320925,
      "11": 0.058079553211552,
      "12": 0.12863060940644,
      "13": 0.10633602083685
    },
    "objective_value": 1.463223870812093,
    "lower_bound": 1.463223870812093,
    "absolute_gap": 0.0,
    "relative_gap": 0.0
  },
  "performance": {
    "solution_time_seconds": 0.581571102142334,
    "solver_status": "ok",
    "termination_condition": "optimal",
    "solver": "gams",
    "subsolver": "baron",
    "is_relaxation": false,
    "root_relaxation_value": 0.0,
    "root_relaxation_gap_percent": 100.0,
    "relaxation_gap_percent": null,
    "absolute_gap": null
  }
}