{
  "model_parameters": {
    "n_dimensions": 4,
    "n_clusters": 5,
    "n_points": 15,
    "coord_range_lower": -1,
    "coord_range_upper": 1
  },
  "solution": {
    "status": "optimal",
    "center_coordinates": {
      "cluster_1": {
        "dim_1": -0.788483284897111,
        "dim_2": 0.872653856162572,
        "dim_3": -0.960554233280762,
        "dim_4": -0.552343862336388
      },
      "cluster_2": {
        "dim_1": -0.728324040596952,
        "dim_2": -0.345983834559188,
        "dim_3": -0.314789095098844,
        "dim_4": 0.689623529913671
      },
      "cluster_3": {
        "dim_1": -0.493378904318398,
        "dim_2": -0.046164135743465,
        "dim_3": 0.644099043203369,
        "dim_4": -0.073018994898445
      },
      "cluster_4": {
        "dim_1": 0.364344144709368,
        "dim_2": 0.046582976991749,
        "dim_3": -0.209597998737626,
        "dim_4": -0.251936124382091
      },
      "cluster_5": {
        "dim_1": 0.364344134727729,
        "dim_2": 0.553319287271567,
        "dim_3": 0.606731170472039,
        "dim_4": 0.593800855264964
      }
    },
    "distances": {
      "1": 0.216850821183199,
      "2": -9.990056e-09,
      "3": 0.282568456390912,
      "4": 0.585882148829093,
      "5": 0.12849494268499,
      "6": 0.297260978871488,
      "7": 0.69499608720888,
      "8": 0.306526573575119,
      "9": 1.034444332217107,
      "10": 0.519803789474856,
      "11": 0.886528764371048,
      "12": 0.224412067572159,
      "13": 0.370332742549247,
      "14": 0.742772427417527,
      "15": 0.159535634338797
    },
    "objective_value": 6.450409756694366,
    "lower_bound": 1.269289584039018,
    "absolute_gap": 5.181120172655349,
    "relative_gap": 4.081905530311262
  },
  "performance": {
    "solution_time_seconds": 1803.0560688972473,
    "solver_status": "ok",
    "termination_condition": "optimal",
    "solver": "gams",
    "subsolver": "scip",
    "is_relaxation": false,
    "root_relaxation_value": 1.26928958403902,
    "root_relaxation_gap_percent": 80.3223418059337,
    "relaxation_gap_percent": null,
    "absolute_gap": null
  }
}