{
  "model_parameters": {
    "n_dimensions": 2,
    "n_clusters": 4,
    "n_points": 12,
    "coord_range_lower": -1,
    "coord_range_upper": 1
  },
  "solution": {
    "status": "optimal",
    "center_coordinates": {
      "cluster_1": {
        "dim_1": -0.665447550604463,
        "dim_2": 0.281368960272946
      },
      "cluster_2": {
        "dim_1": -0.379771409228756,
        "dim_2": -0.68558957325682
      },
      "cluster_3": {
        "dim_1": 0.524316671750888,
        "dim_2": -0.016696576902578
      },
      "cluster_4": {
        "dim_1": 0.568864556397762,
        "dim_2": -0.730836846511061
      }
    },
    "distances": {
      "1": 0.034064528979567,
      "2": 0.116941494450873,
      "3": 0.064857603170792,
      "4": 0.103385081966663,
      "5": 0.077094072057192,
      "6": 0.117423573877985,
      "7": 0.064857603170792,
      "8": 0.014976713710639,
      "9": 0.187339954870071,
      "10": 0.121557245637581,
      "11": 0.034064528979567,
      "12": 0.011902599754386
    },
    "objective_value": 0.948465000626108,
    "lower_bound": 0.948465000626108,
    "absolute_gap": 0.0,
    "relative_gap": 0.0
  },
  "performance": {
    "solution_time_seconds": 22.685189723968506,
    "solver_status": "ok",
    "termination_condition": "optimal",
    "solver": "gams",
    "subsolver": "baron",
    "is_relaxation": false,
    "root_relaxation_value": 0.0,
    "root_relaxation_gap_percent": 100.0,
    "relaxation_gap_percent": null,
    "absolute_gap": null
  }
}