{
  "model_parameters": {
    "n_dimensions": 2,
    "n_clusters": 4,
    "n_points": 11,
    "coord_range_lower": -1,
    "coord_range_upper": 1
  },
  "solution": {
    "status": "optimal",
    "center_coordinates": {
      "cluster_1": {
        "dim_1": -0.760981864593147,
        "dim_2": -0.75109194250948
      },
      "cluster_2": {
        "dim_1": -0.754583742890924,
        "dim_2": 0.544641095351797
      },
      "cluster_3": {
        "dim_1": 0.595981920251299,
        "dim_2": 0.702179504663124
      },
      "cluster_4": {
        "dim_1": 0.617825298442166,
        "dim_2": 0.026670254793515
      }
    },
    "distances": {
      "1": 0.02880635784631,
      "2": 0.047629929604484,
      "3": 0.023636409971568,
      "4": 0.043540394824099,
      "5": 0.153028906063537,
      "6": 0.03736717912229,
      "7": 0.001834865078806,
      "8": 0.043898047469172,
      "9": 0.043986227237014,
      "10": 0.047944549193552,
      "11": 0.249178513193135
    },
    "objective_value": 0.720851379603967,
    "lower_bound": 0.720850666710249,
    "absolute_gap": 7.128937179468053e-07,
    "relative_gap": 9.889617237925896e-07
  },
  "performance": {
    "solution_time_seconds": 68.91875219345093,
    "solver_status": "ok",
    "termination_condition": "optimal",
    "solver": "gams",
    "subsolver": "gurobi",
    "is_relaxation": false,
    "root_relaxation_value": 0.0,
    "root_relaxation_gap_percent": 100.0,
    "relaxation_gap_percent": null,
    "absolute_gap": null
  }
}