{
  "model_parameters": {
    "n_dimensions": 2,
    "n_clusters": 4,
    "n_points": 10,
    "coord_range_lower": -1,
    "coord_range_upper": 1
  },
  "solution": {
    "status": "optimal",
    "center_coordinates": {
      "cluster_1": {
        "dim_1": -0.703565048910414,
        "dim_2": -0.404749448056318
      },
      "cluster_2": {
        "dim_1": -0.160919945358042,
        "dim_2": 0.141860448757241
      },
      "cluster_3": {
        "dim_1": 0.415568576957503,
        "dim_2": 0.608127024608903
      },
      "cluster_4": {
        "dim_1": 0.723154883061474,
        "dim_2": -0.197187728513979
      }
    },
    "distances": {
      "1": 0.110536954749954,
      "2": 0.123207626584889,
      "3": 0.093791225743433,
      "4": 0.052627575763694,
      "5": 0.012399207570731,
      "6": 0.021048225916646,
      "7": 0.055351773791963,
      "8": 0.02104824173663,
      "9": 0.029857152046059,
      "10": 0.093791223722211
    },
    "objective_value": 0.61365920762621,
    "lower_bound": 0.613659206624229,
    "upper_bound": 0.613659207626212,
    "absolute_gap": 1.0019809426609072e-09,
    "relative_gap": 1.6327970506184632e-09
  },
  "performance": {
    "solution_time_seconds": 7.233943462371826,
    "solver_status": "ok",
    "termination_condition": "optimal",
    "solver": "gams",
    "subsolver": "baron",
    "is_relaxation": false,
    "root_relaxation_value": 0.0,
    "root_relaxation_gap_percent": 100.0,
    "relaxation_gap_percent": null,
    "absolute_gap": null
  }
}