{
  "model_parameters": {
    "n_dimensions": 3,
    "n_clusters": 3,
    "n_points": 11,
    "coord_range_lower": -1,
    "coord_range_upper": 1
  },
  "solution": {
    "status": "optimal",
    "center_coordinates": {
      "cluster_1": {
        "dim_1": -0.419516553350578,
        "dim_2": -0.225409238509423,
        "dim_3": 0.5701904296875
      },
      "cluster_2": {
        "dim_1": -0.322403185364136,
        "dim_2": 0.813438077352685,
        "dim_3": 0.558153442533527
      },
      "cluster_3": {
        "dim_1": 0.155929467943061,
        "dim_2": -0.2742919921875,
        "dim_3": -0.3621826171875
      }
    },
    "distances": {
      "1": 0.339557629845268,
      "2": 0.083743986592361,
      "3": 0.20187155792257,
      "4": 0.165935942424112,
      "5": 0.542754049438151,
      "6": 0.15372734837249,
      "7": 0.723342601704984,
      "8": 0.565235301719965,
      "9": 0.230568654730515,
      "10": 0.270721041091522,
      "11": 0.104238293504851
    },
    "objective_value": 3.381696407346789,
    "lower_bound": 3.38169640734679,
    "upper_bound": 3.38169640734679,
    "absolute_gap": -8.881784197001252e-16,
    "relative_gap": -2.6264286107130825e-16
  },
  "performance": {
    "solution_time_seconds": 42.01338458061218,
    "solver_status": "ok",
    "termination_condition": "optimal",
    "solver": "gams",
    "subsolver": "scip",
    "is_relaxation": false,
    "root_relaxation_value": 3.38169640734679,
    "root_relaxation_gap_percent": 2.6264286107130837e-14,
    "relaxation_gap_percent": null,
    "absolute_gap": null
  }
}