{
  "model_parameters": {
    "n_dimensions": 2,
    "n_clusters": 4,
    "n_points": 10,
    "coord_range_lower": -1,
    "coord_range_upper": 1
  },
  "solution": {
    "status": "optimal",
    "center_coordinates": {
      "cluster_1": {
        "dim_1": -0.703898510071197,
        "dim_2": -0.405495126806811
      },
      "cluster_2": {
        "dim_1": -0.078315133685944,
        "dim_2": 0.278086803706517
      },
      "cluster_3": {
        "dim_1": 0.578729872425593,
        "dim_2": 0.637592487104476
      },
      "cluster_4": {
        "dim_1": 0.72310058956293,
        "dim_2": -0.198039877657096
      }
    },
    "distances": {
      "1": 0.101126038945288,
      "2": 0.123355654888136,
      "3": 0.094283950450563,
      "4": 0.052385573560859,
      "5": 0.006176276743493,
      "6": 0.015040379075429,
      "7": 0.00630396042712,
      "8": 0.077816211274663,
      "9": 0.029948396692934,
      "10": 0.093297347194701
    },
    "objective_value": 0.599733789253186,
    "lower_bound": 0.599733258045261,
    "upper_bound": 0.599733789253186,
    "absolute_gap": 5.312079249808477e-07,
    "relative_gap": 8.85740315139832e-07
  },
  "performance": {
    "solution_time_seconds": 37.622255086898804,
    "solver_status": "ok",
    "termination_condition": "optimal",
    "solver": "gams",
    "subsolver": "gurobi",
    "is_relaxation": false,
    "root_relaxation_value": 0.0,
    "root_relaxation_gap_percent": 100.0,
    "relaxation_gap_percent": null,
    "absolute_gap": null
  }
}