{
  "model_parameters": {
    "n_dimensions": 3,
    "n_clusters": 3,
    "n_points": 14,
    "coord_range_lower": -1,
    "coord_range_upper": 1
  },
  "solution": {
    "status": "optimal",
    "center_coordinates": {
      "cluster_1": {
        "dim_1": -0.733107172666633,
        "dim_2": -0.057420697839529,
        "dim_3": -0.398147942175265
      },
      "cluster_2": {
        "dim_1": -0.531000326229816,
        "dim_2": -0.853479187624343,
        "dim_3": 0.138513661315299
      },
      "cluster_3": {
        "dim_1": 0.358962257228325,
        "dim_2": 0.43865977867196,
        "dim_3": 0.408819071465717
      }
    },
    "distances": {
      "1": 0.485968006014665,
      "2": 0.065030230646749,
      "3": 0.045278044214363,
      "4": 0.01303817076506,
      "5": 0.354965756453475,
      "6": 0.475842420078632,
      "7": 0.816465084292239,
      "8": 0.193581540530049,
      "9": 0.447793591738213,
      "10": 0.027171937662654,
      "11": 0.870013492110352,
      "12": 0.288484153941354,
      "13": 0.145835347088797,
      "14": 0.393459334174767
    },
    "objective_value": 4.622927109711369,
    "lower_bound": 4.622925198276247,
    "upper_bound": 4.62292710971137,
    "absolute_gap": 1.9114351212934366e-06,
    "relative_gap": 4.1346875394093643e-07
  },
  "performance": {
    "solution_time_seconds": 2.9669289588928223,
    "solver_status": "ok",
    "termination_condition": "optimal",
    "solver": "gams",
    "subsolver": "gurobi",
    "is_relaxation": false,
    "root_relaxation_value": 0.0,
    "root_relaxation_gap_percent": 100.0,
    "relaxation_gap_percent": null,
    "absolute_gap": null
  }
}