{
  "model_parameters": {
    "n_dimensions": 5,
    "n_clusters": 3,
    "n_points": 13,
    "coord_range_lower": -1,
    "coord_range_upper": 1
  },
  "solution": {
    "status": "optimal",
    "center_coordinates": {
      "cluster_1": {
        "dim_1": -0.45517047991007,
        "dim_2": 0.452134442389439,
        "dim_3": -0.212048353317005,
        "dim_4": -0.537186629935045,
        "dim_5": -0.360163921527631
      },
      "cluster_2": {
        "dim_1": -0.405932502561947,
        "dim_2": -0.431722245576445,
        "dim_3": -0.304683768461718,
        "dim_4": 0.377180978744169,
        "dim_5": -0.056111015326572
      },
      "cluster_3": {
        "dim_1": 0.230129515157257,
        "dim_2": 0.467427797070753,
        "dim_3": -0.161828564475587,
        "dim_4": 0.66003078615101,
        "dim_5": -0.262879470420335
      }
    },
    "distances": {
      "1": 1.168977931668032,
      "2": 1.029843657666638,
      "3": 0.872548985190708,
      "4": 0.702397243597005,
      "5": 0.980327273156633,
      "6": 0.449368839258305,
      "7": 0.372920978443696,
      "8": 0.2209581967744,
      "9": 0.753866918612328,
      "10": 0.570886846656049,
      "11": 0.363549537532406,
      "12": 0.308568115094219,
      "13": 0.367620602622284
    },
    "objective_value": 8.161835126272702,
    "lower_bound": 8.161835126272704,
    "absolute_gap": -1.7763568394002505e-15,
    "relative_gap": -2.1764184303138037e-16
  },
  "performance": {
    "solution_time_seconds": 30.18498992919922,
    "solver_status": "ok",
    "termination_condition": "optimal",
    "solver": "gams",
    "subsolver": "baron",
    "is_relaxation": false,
    "root_relaxation_value": 0.0,
    "root_relaxation_gap_percent": 100.0,
    "relaxation_gap_percent": null,
    "absolute_gap": null
  }
}