{
  "model_parameters": {
    "n_dimensions": 3,
    "n_clusters": 4,
    "n_points": 10,
    "coord_range_lower": -1,
    "coord_range_upper": 1
  },
  "solution": {
    "status": "optimal",
    "center_coordinates": {
      "cluster_1": {
        "dim_1": -0.600295984392418,
        "dim_2": -0.490259872819895,
        "dim_3": -0.373877583219512
      },
      "cluster_2": {
        "dim_1": -0.557417195495451,
        "dim_2": 0.559368701385481,
        "dim_3": -0.277169521280415
      },
      "cluster_3": {
        "dim_1": 0.406684967031789,
        "dim_2": 0.232854742108747,
        "dim_3": 0.330386262227661
      },
      "cluster_4": {
        "dim_1": 0.54161783244897,
        "dim_2": 0.439579974318787,
        "dim_3": -0.9697265625
      }
    },
    "distances": {
      "1": 0.156190869353343,
      "2": 0.333748328946525,
      "3": 0.01174862543131,
      "4": 0.181290209316872,
      "5": 0.20669003615768,
      "6": 0.019987727355841,
      "7": 0.047707881934463,
      "8": 0.205909765093091,
      "9": 0.145813660028244,
      "10": 0.0
    },
    "objective_value": 1.309087103617369,
    "lower_bound": 1.30908710361737,
    "absolute_gap": -8.881784197001252e-16,
    "relative_gap": -6.784715984489058e-16
  },
  "performance": {
    "solution_time_seconds": 30.6776225566864,
    "solver_status": "ok",
    "termination_condition": "optimal",
    "solver": "gams",
    "subsolver": "scip",
    "is_relaxation": false,
    "root_relaxation_value": 1.30908710361737,
    "root_relaxation_gap_percent": 6.784715984489061e-14,
    "relaxation_gap_percent": null,
    "absolute_gap": null
  }
}