{
  "model_parameters": {
    "n_dimensions": 2,
    "n_clusters": 4,
    "n_points": 12,
    "coord_range_lower": -1,
    "coord_range_upper": 1
  },
  "solution": {
    "status": "optimal",
    "center_coordinates": {
      "cluster_1": {
        "dim_1": -0.665564729000235,
        "dim_2": 0.281630462139336
      },
      "cluster_2": {
        "dim_1": -0.379866038336441,
        "dim_2": -0.685602444895135
      },
      "cluster_3": {
        "dim_1": 0.524363965505146,
        "dim_2": -0.016599013186677
      },
      "cluster_4": {
        "dim_1": 0.569315992043245,
        "dim_2": -0.730747095632269
      }
    },
    "distances": {
      "1": 0.0340558943699,
      "2": 0.116885709636828,
      "3": 0.064886704692192,
      "4": 0.103334827417134,
      "5": 0.07712219419594,
      "6": 0.117566492908381,
      "7": 0.064826796990846,
      "8": 0.015002383488203,
      "9": 0.187373699524987,
      "10": 0.12136605128165,
      "11": 0.03407228654674,
      "12": 0.011964232049539
    },
    "objective_value": 0.94845727310234,
    "lower_bound": 0.948457273102346,
    "absolute_gap": -5.995204332975845e-15,
    "relative_gap": -6.321006230850966e-15
  },
  "performance": {
    "solution_time_seconds": 9.639267444610596,
    "solver_status": "ok",
    "termination_condition": "optimal",
    "solver": "gams",
    "subsolver": "scip",
    "is_relaxation": false,
    "root_relaxation_value": 0.948457273102346,
    "root_relaxation_gap_percent": 6.321006230851006e-13,
    "relaxation_gap_percent": null,
    "absolute_gap": null
  }
}