{
  "model_parameters": {
    "n_dimensions": 2,
    "n_clusters": 4,
    "n_points": 12,
    "coord_range_lower": -1,
    "coord_range_upper": 1
  },
  "solution": {
    "status": "optimal",
    "center_coordinates": {
      "cluster_1": {
        "dim_1": -0.66524605155895,
        "dim_2": 0.281210123110388
      },
      "cluster_2": {
        "dim_1": -0.379941482742132,
        "dim_2": -0.685505616951965
      },
      "cluster_3": {
        "dim_1": 0.524185262573782,
        "dim_2": -0.016762096613157
      },
      "cluster_4": {
        "dim_1": 0.568667810565349,
        "dim_2": -0.730861326903646
      }
    },
    "distances": {
      "1": 0.034062435626592,
      "2": 0.117040991534999,
      "3": 0.064949303454293,
      "4": 0.10349790105144,
      "5": 0.077018824039551,
      "6": 0.117365101595544,
      "7": 0.064765518400486,
      "8": 0.014950541157105,
      "9": 0.187210516183551,
      "10": 0.121683285871044,
      "11": 0.034065977968995,
      "12": 0.011850617409208
    },
    "objective_value": 0.948461014292808,
    "lower_bound": 0.948461014292801,
    "upper_bound": 0.948461014292808,
    "absolute_gap": 6.994405055138486e-15,
    "relative_gap": 7.374478180691179e-15
  },
  "performance": {
    "solution_time_seconds": 4.777346849441528,
    "solver_status": "ok",
    "termination_condition": "optimal",
    "solver": "gams",
    "subsolver": "scip",
    "is_relaxation": false,
    "root_relaxation_value": 0.948461014292801,
    "root_relaxation_gap_percent": 7.374478180691125e-13,
    "relaxation_gap_percent": null,
    "absolute_gap": null
  }
}