{
  "model_parameters": {
    "n_dimensions": 5,
    "n_clusters": 5,
    "n_points": 15,
    "coord_range_lower": -1,
    "coord_range_upper": 1
  },
  "solution": {
    "status": "optimal",
    "center_coordinates": {
      "cluster_1": {
        "dim_1": -0.468802100578738,
        "dim_2": 0.547930590671971,
        "dim_3": -0.423281227713141,
        "dim_4": 0.667069396197227,
        "dim_5": -0.258142548000468
      },
      "cluster_2": {
        "dim_1": -0.468802100578738,
        "dim_2": 0.473717479333386,
        "dim_3": 0.792577261096195,
        "dim_4": 0.292632322935995,
        "dim_5": -0.2502060730845
      },
      "cluster_3": {
        "dim_1": -0.468802100578738,
        "dim_2": -0.4430330920594,
        "dim_3": 0.581645663584402,
        "dim_4": -0.358746836542199,
        "dim_5": 0.438762194600301
      },
      "cluster_4": {
        "dim_1": 0.009743010509551,
        "dim_2": 0.290350836220276,
        "dim_3": -0.269027394209105,
        "dim_4": -0.443846247872096,
        "dim_5": -0.163335814248296
      },
      "cluster_5": {
        "dim_1": 0.009743010509551,
        "dim_2": -0.770927440507648,
        "dim_3": -0.631550317336355,
        "dim_4": -0.326328145501889,
        "dim_5": -0.411174007389129
      }
    },
    "distances": {
      "1": 0.455178305671299,
      "2": 0.39122318715769,
      "3": 0.220445827852224,
      "4": 0.489644572473484,
      "5": 0.354288519212643,
      "6": 0.203472606528192,
      "7": 0.614938307427423,
      "8": 0.23011683390698,
      "9": 0.660787043536929,
      "10": 0.563454264612373,
      "11": 0.334395838864344,
      "12": 0.322645818351481,
      "13": 0.288673102759945,
      "14": 0.400887999904856,
      "15": 0.581002868594675
    },
    "objective_value": 6.111155096854538,
    "lower_bound": 0.0,
    "upper_bound": 6.111155096854539,
    "absolute_gap": 6.111155096854538,
    "relative_gap": null
  },
  "performance": {
    "solution_time_seconds": 301.67113518714905,
    "solver_status": "ok",
    "termination_condition": "optimal",
    "solver": "gams",
    "subsolver": "baron",
    "is_relaxation": false,
    "root_relaxation_value": 0.0,
    "root_relaxation_gap_percent": 100.0,
    "relaxation_gap_percent": null,
    "absolute_gap": null
  }
}