{
  "model_parameters": {
    "n_dimensions": 5,
    "n_clusters": 3,
    "n_points": 16,
    "coord_range_lower": -1,
    "coord_range_upper": 1
  },
  "solution": {
    "status": "feasible",
    "center_coordinates": {
      "cluster_1": {
        "dim_1": -0.21689107139753,
        "dim_2": -0.441918181556123,
        "dim_3": -0.187264870546049,
        "dim_4": 0.58857010227567,
        "dim_5": 0.162105610804223
      },
      "cluster_2": {
        "dim_1": 0.38075664254478,
        "dim_2": 0.562546839847877,
        "dim_3": 0.784503106387529,
        "dim_4": 0.388359999934405,
        "dim_5": 0.553296995990553
      },
      "cluster_3": {
        "dim_1": 0.550327960339019,
        "dim_2": -0.126319082254538,
        "dim_3": -0.406056747319198,
        "dim_4": -0.34615017881424,
        "dim_5": -0.439230016581127
      }
    },
    "distances": {
      "1": 1.793442116190367,
      "2": 1.057095673893905,
      "3": 0.725288595780498,
      "4": 0.378456764163232,
      "5": 0.767574103161787,
      "6": 0.281541762184897,
      "7": 0.864786261745238,
      "8": 0.737816417216877,
      "9": 1.288261291194277,
      "10": 1.436287241693648,
      "11": 1.778980794922424,
      "12": 0.642476177159975,
      "13": 0.335869137975825,
      "14": 0.966919799720381,
      "15": 2.477588732518619,
      "16": 0.866056922513121
    },
    "objective_value": 16.398441792035072,
    "lower_bound": 9.746276983913365,
    "upper_bound": 16.398441792035072,
    "absolute_gap": 6.652164808121707,
    "relative_gap": 0.6825339377386238
  },
  "performance": {
    "solution_time_seconds": 300.59748578071594,
    "solver_status": "ok",
    "termination_condition": "feasible",
    "solver": "gams",
    "subsolver": "gurobi",
    "is_relaxation": false,
    "root_relaxation_value": 0.0,
    "root_relaxation_gap_percent": 100.0,
    "relaxation_gap_percent": null,
    "absolute_gap": null
  }
}