{
  "model_parameters": {
    "n_dimensions": 4,
    "n_clusters": 5,
    "n_points": 13,
    "coord_range_lower": -1,
    "coord_range_upper": 1
  },
  "solution": {
    "status": "feasible",
    "center_coordinates": {
      "cluster_1": {
        "dim_1": -0.418031273487291,
        "dim_2": 0.983446273918773,
        "dim_3": 0.350504785003654,
        "dim_4": 0.548713583650626
      },
      "cluster_2": {
        "dim_1": -0.310317238558109,
        "dim_2": -0.244532961247384,
        "dim_3": 0.674308370432284,
        "dim_4": -0.209898111140217
      },
      "cluster_3": {
        "dim_1": -0.257305655783484,
        "dim_2": 0.393426735148301,
        "dim_3": -0.804349378094512,
        "dim_4": -0.566012753061021
      },
      "cluster_4": {
        "dim_1": -0.231493256449582,
        "dim_2": -0.803650929652595,
        "dim_3": -0.503130152141195,
        "dim_4": -0.398175147567807
      },
      "cluster_5": {
        "dim_1": 0.632356449771362,
        "dim_2": -0.008914157156054,
        "dim_3": -0.597631087892247,
        "dim_4": 0.368808722488999
      }
    },
    "distances": {
      "1": 0.0,
      "2": 0.198199778057103,
      "3": 0.305324957296098,
      "4": 0.387671865792661,
      "5": 0.593198703833507,
      "6": 0.336853362978785,
      "7": 0.321382207733481,
      "8": 0.619564615667392,
      "9": 0.788389896273469,
      "10": 0.119148507571825,
      "11": 0.198199776220924,
      "12": 0.674292171631619,
      "13": 0.495669233252123
    },
    "objective_value": 5.037895076308987,
    "lower_bound": 1.403977306114134,
    "upper_bound": 5.037895076308988,
    "absolute_gap": 3.633917770194853,
    "relative_gap": 2.5883023567187484
  },
  "performance": {
    "solution_time_seconds": 300.7302508354187,
    "solver_status": "ok",
    "termination_condition": "feasible",
    "solver": "gams",
    "subsolver": "gurobi",
    "is_relaxation": false,
    "root_relaxation_value": 0.0,
    "root_relaxation_gap_percent": 100.0,
    "relaxation_gap_percent": null,
    "absolute_gap": null
  }
}