{
  "model_parameters": {
    "n_dimensions": 5,
    "n_clusters": 5,
    "n_points": 10,
    "coord_range_lower": -1,
    "coord_range_upper": 1
  },
  "solution": {
    "status": "optimal",
    "center_coordinates": {
      "cluster_1": {
        "dim_1": -0.969757635717592,
        "dim_2": -0.891713824038171,
        "dim_3": 0.047853115499238,
        "dim_4": -0.029739389970328,
        "dim_5": -0.330524986317595
      },
      "cluster_2": {
        "dim_1": -0.705677874931347,
        "dim_2": 0.664604521037997,
        "dim_3": -0.195991932677899,
        "dim_4": -0.133547575392582,
        "dim_5": -0.110562598431549
      },
      "cluster_3": {
        "dim_1": 0.275853178709796,
        "dim_2": -0.684049101058031,
        "dim_3": 0.881442349836517,
        "dim_4": 0.099373259564289,
        "dim_5": 0.587141629153248
      },
      "cluster_4": {
        "dim_1": 0.443847004471308,
        "dim_2": 0.208816512307253,
        "dim_3": -0.28213452799397,
        "dim_4": 0.440720514698732,
        "dim_5": -0.634435716217412
      },
      "cluster_5": {
        "dim_1": 0.930900276892361,
        "dim_2": 0.861774772597258,
        "dim_3": 0.047017056283094,
        "dim_4": -0.076566095522409,
        "dim_5": -0.439406886284594
      }
    },
    "distances": {
      "1": 0.439139719517343,
      "2": 2.8088608e-08,
      "3": 0.57494415563817,
      "4": 0.435904749972523,
      "5": 0.19996175658482,
      "6": 0.221117110502529,
      "7": 0.279437729472611,
      "8": 0.178255010410429,
      "9": 1.260667e-09,
      "10": 0.178251034921857
    },
    "objective_value": 2.5070112963695568,
    "lower_bound": 2.507011295108891,
    "upper_bound": 2.507011296369557,
    "absolute_gap": 1.2606657939784327e-09,
    "relative_gap": 5.028560487294e-10
  },
  "performance": {
    "solution_time_seconds": 68.43411135673523,
    "solver_status": "ok",
    "termination_condition": "optimal",
    "solver": "gams",
    "subsolver": "gurobi",
    "is_relaxation": false,
    "root_relaxation_value": 0.0,
    "root_relaxation_gap_percent": 100.0,
    "relaxation_gap_percent": null,
    "absolute_gap": null
  }
}