{
  "model_parameters": {
    "n_dimensions": 5,
    "n_clusters": 3,
    "n_points": 13,
    "coord_range_lower": -1,
    "coord_range_upper": 1
  },
  "solution": {
    "status": "optimal",
    "center_coordinates": {
      "cluster_1": {
        "dim_1": -0.4208079735321,
        "dim_2": -0.431708788859599,
        "dim_3": -0.305356174608783,
        "dim_4": 0.376916653686344,
        "dim_5": -0.056266812455113
      },
      "cluster_2": {
        "dim_1": -0.4208079735321,
        "dim_2": 0.452091086063143,
        "dim_3": -0.211959525254408,
        "dim_4": -0.537212789643386,
        "dim_5": -0.35981129071825
      },
      "cluster_3": {
        "dim_1": 0.230162113152921,
        "dim_2": 0.467541223002744,
        "dim_3": -0.161302906406639,
        "dim_4": 0.659623729435336,
        "dim_5": -0.262782650095666
      }
    },
    "distances": {
      "1": 1.173146945755787,
      "2": 1.015089703461306,
      "3": 0.872884356037088,
      "4": 0.705260756420219,
      "5": 0.986592976783708,
      "6": 0.449810634243591,
      "7": 0.366294481467362,
      "8": 0.221059177498359,
      "9": 0.754211253050444,
      "10": 0.584760227475823,
      "11": 0.363005244241497,
      "12": 0.301177589174368,
      "13": 0.373631049965935
    },
    "objective_value": 8.166924395575487,
    "lower_bound": 6.693974039740315,
    "absolute_gap": 1.472950355835172,
    "relative_gap": 0.22004124113578327
  },
  "performance": {
    "solution_time_seconds": 1802.5345492362976,
    "solver_status": "ok",
    "termination_condition": "optimal",
    "solver": "gams",
    "subsolver": "scip",
    "is_relaxation": false,
    "root_relaxation_value": 6.69397403974031,
    "root_relaxation_gap_percent": 18.035557628440433,
    "relaxation_gap_percent": null,
    "absolute_gap": null
  }
}