{
  "model_parameters": {
    "n_dimensions": 4,
    "n_clusters": 3,
    "n_points": 11,
    "coord_range_lower": -1,
    "coord_range_upper": 1
  },
  "solution": {
    "status": "optimal",
    "center_coordinates": {
      "cluster_1": {
        "dim_1": -0.350170472564571,
        "dim_2": -0.121547432345855,
        "dim_3": 0.62894279583696,
        "dim_4": -0.45939023870522
      },
      "cluster_2": {
        "dim_1": 0.249687013005496,
        "dim_2": -0.336003297785735,
        "dim_3": -0.465544201699385,
        "dim_4": -0.573429394098342
      },
      "cluster_3": {
        "dim_1": 0.423298085810387,
        "dim_2": 0.228348965338854,
        "dim_3": -0.158453953250785,
        "dim_4": 0.419910125178957
      }
    },
    "distances": {
      "1": 0.381780927377155,
      "2": 0.226790784714288,
      "3": 0.069895857171384,
      "4": 0.477545577809189,
      "5": 0.071077888626546,
      "6": 0.426262557547555,
      "7": 0.69786858437537,
      "8": 0.401339843682082,
      "9": 0.188706060643885,
      "10": 0.545770602180229,
      "11": 0.467899832963846
    },
    "objective_value": 3.954938517091529,
    "lower_bound": 3.95493851709153,
    "upper_bound": 3.95493851709153,
    "absolute_gap": -8.881784197001252e-16,
    "relative_gap": -2.2457452015038996e-16
  },
  "performance": {
    "solution_time_seconds": 99.37693357467651,
    "solver_status": "ok",
    "termination_condition": "optimal",
    "solver": "gams",
    "subsolver": "baron",
    "is_relaxation": false,
    "root_relaxation_value": 0.0,
    "root_relaxation_gap_percent": 100.0,
    "relaxation_gap_percent": null,
    "absolute_gap": null
  }
}