{
  "model_parameters": {
    "n_dimensions": 4,
    "n_clusters": 3,
    "n_points": 14,
    "coord_range_lower": -1,
    "coord_range_upper": 1
  },
  "solution": {
    "status": "optimal",
    "center_coordinates": {
      "cluster_1": {
        "dim_1": -0.458283643415163,
        "dim_2": -0.286917616835179,
        "dim_3": 0.548424859209924,
        "dim_4": 0.692896511816846
      },
      "cluster_2": {
        "dim_1": -0.140232473091327,
        "dim_2": 0.637417690405702,
        "dim_3": 0.009127164149856,
        "dim_4": 0.054888570921481
      },
      "cluster_3": {
        "dim_1": 0.11697066811316,
        "dim_2": -0.536932496864339,
        "dim_3": -0.487367377735036,
        "dim_4": -0.596392128852464
      }
    },
    "distances": {
      "1": 0.793421913440151,
      "2": 0.510654695225989,
      "3": 0.889905162615386,
      "4": 0.295135615535496,
      "5": 0.815057564670652,
      "6": 0.410835455604598,
      "7": 1.323796507158221,
      "8": 0.34516315601006,
      "9": 0.64749603866516,
      "10": 0.782662607867182,
      "11": 0.417251216919309,
      "12": 0.946170400632557,
      "13": 0.755090331229051,
      "14": 0.427583322415378
    },
    "objective_value": 9.36022398798919,
    "lower_bound": 9.360223987989189,
    "absolute_gap": 1.7763568394002505e-15,
    "relative_gap": 1.8977717217874575e-16
  },
  "performance": {
    "solution_time_seconds": 216.63978457450867,
    "solver_status": "ok",
    "termination_condition": "optimal",
    "solver": "gams",
    "subsolver": "baron",
    "is_relaxation": false,
    "root_relaxation_value": 0.0,
    "root_relaxation_gap_percent": 100.0,
    "relaxation_gap_percent": null,
    "absolute_gap": null
  }
}