{
  "model_parameters": {
    "n_dimensions": 2,
    "n_clusters": 3,
    "n_points": 15,
    "coord_range_lower": -1,
    "coord_range_upper": 1
  },
  "solution": {
    "status": "optimal",
    "center_coordinates": {
      "cluster_1": {
        "dim_1": -0.600379939880362,
        "dim_2": 0.434850381842013
      },
      "cluster_2": {
        "dim_1": 0.02327941828392,
        "dim_2": -0.68926575467458
      },
      "cluster_3": {
        "dim_1": 0.178813173076565,
        "dim_2": 0.714288975833923
      }
    },
    "distances": {
      "1": 0.070763779051913,
      "2": 0.065788039107617,
      "3": 0.084348210554782,
      "4": 0.207993031060863,
      "5": 0.141758713137669,
      "6": 0.138189942174821,
      "7": 0.101350985735039,
      "8": 0.00214481986084,
      "9": 0.273207040135326,
      "10": 0.029399925828117,
      "11": 0.302337291789086,
      "12": 0.115808792136211,
      "13": 0.053797355442807,
      "14": 0.037259513485361,
      "15": 0.005330866098153
    },
    "objective_value": 1.629478305598605,
    "lower_bound": 1.629478305598604,
    "absolute_gap": 1.1102230246251565e-15,
    "relative_gap": 6.813364871509018e-16
  },
  "performance": {
    "solution_time_seconds": 65.47404909133911,
    "solver_status": "ok",
    "termination_condition": "optimal",
    "solver": "gams",
    "subsolver": "baron",
    "is_relaxation": false,
    "root_relaxation_value": 0.0,
    "root_relaxation_gap_percent": 100.0,
    "relaxation_gap_percent": null,
    "absolute_gap": null
  }
}