{
  "model_parameters": {
    "n_dimensions": 3,
    "n_clusters": 3,
    "n_points": 13,
    "coord_range_lower": -1,
    "coord_range_upper": 1
  },
  "solution": {
    "status": "optimal",
    "center_coordinates": {
      "cluster_1": {
        "dim_1": -0.225027614291925,
        "dim_2": -0.066042252798765,
        "dim_3": -0.750187802419221
      },
      "cluster_2": {
        "dim_1": -0.161754971411538,
        "dim_2": 0.277903458920186,
        "dim_3": 0.690653830819227
      },
      "cluster_3": {
        "dim_1": 0.847250235613374,
        "dim_2": -0.755613722680614,
        "dim_3": 0.605426513366272
      }
    },
    "distances": {
      "1": 0.416452953916394,
      "2": 0.260893594997387,
      "3": 0.848708242373764,
      "4": 0.437472885094992,
      "5": 0.055523888958907,
      "6": 0.50644732869619,
      "7": 0.617091570200866,
      "8": 1.264921956865466,
      "9": 0.03945156027857,
      "10": 0.09903624524743,
      "11": 0.072769103928651,
      "12": 0.617902876886518,
      "13": 0.490281974354307
    },
    "objective_value": 5.726954181799442,
    "lower_bound": 5.726948488221946,
    "absolute_gap": 5.693577496579394e-06,
    "relative_gap": 9.941729890340062e-07
  },
  "performance": {
    "solution_time_seconds": 289.31515169143677,
    "solver_status": "ok",
    "termination_condition": "optimal",
    "solver": "gams",
    "subsolver": "gurobi",
    "is_relaxation": false,
    "root_relaxation_value": 0.0,
    "root_relaxation_gap_percent": 100.0,
    "relaxation_gap_percent": null,
    "absolute_gap": null
  }
}