{
  "model_parameters": {
    "n_dimensions": 2,
    "n_clusters": 4,
    "n_points": 10,
    "coord_range_lower": -1,
    "coord_range_upper": 1
  },
  "solution": {
    "status": "optimal",
    "center_coordinates": {
      "cluster_1": {
        "dim_1": -0.703595694305268,
        "dim_2": -0.404901128342636
      },
      "cluster_2": {
        "dim_1": -0.077221030285565,
        "dim_2": 0.277664075599033
      },
      "cluster_3": {
        "dim_1": 0.57962903089183,
        "dim_2": 0.637527073279216
      },
      "cluster_4": {
        "dim_1": 0.723545574188716,
        "dim_2": -0.197299445104036
      }
    },
    "distances": {
      "1": 0.100991669091182,
      "2": 0.123211179410412,
      "3": 0.093921397719628,
      "4": 0.052593976206836,
      "5": 0.006269059598564,
      "6": 0.01482097292863,
      "7": 0.006212009725813,
      "8": 0.078169864928557,
      "9": 0.029884310494238,
      "10": 0.093659710036567
    },
    "objective_value": 0.599734150140427,
    "lower_bound": 0.599731010290248,
    "absolute_gap": 3.1398501789681177e-06,
    "relative_gap": 5.235430759947772e-06
  },
  "performance": {
    "solution_time_seconds": 1804.1698484420776,
    "solver_status": "ok",
    "termination_condition": "optimal",
    "solver": "gams",
    "subsolver": "scip",
    "is_relaxation": false,
    "root_relaxation_value": 0.599731010290248,
    "root_relaxation_gap_percent": 0.0005235403350356031,
    "relaxation_gap_percent": null,
    "absolute_gap": null
  }
}