{
  "model_parameters": {
    "n_dimensions": 3,
    "n_clusters": 5,
    "n_points": 15,
    "coord_range_lower": -1,
    "coord_range_upper": 1
  },
  "solution": {
    "status": "optimal",
    "center_coordinates": {
      "cluster_1": {
        "dim_1": -0.548890576127629,
        "dim_2": -0.600233165890307,
        "dim_3": 0.615829527854074
      },
      "cluster_2": {
        "dim_1": -0.548890576127629,
        "dim_2": -0.432324706264715,
        "dim_3": -0.722663404734098
      },
      "cluster_3": {
        "dim_1": 0.210412066799598,
        "dim_2": -0.467743471761815,
        "dim_3": -0.211528921698839
      },
      "cluster_4": {
        "dim_1": 0.210412066799598,
        "dim_2": 0.414677046153768,
        "dim_3": -0.575620252572372
      },
      "cluster_5": {
        "dim_1": 0.258686343203346,
        "dim_2": 0.504198769925655,
        "dim_3": 0.316116629938086
      }
    },
    "distances": {
      "1": 0.037199440564336,
      "2": 0.061669680573651,
      "3": 0.00711204563913,
      "4": 0.654732197602947,
      "5": 0.115357358449116,
      "6": 0.068557015458918,
      "7": 0.653100145712246,
      "8": 0.68125333063091,
      "9": 0.255812434471521,
      "10": 0.089452258606928,
      "11": 0.42449245621169,
      "12": 0.267294248455398,
      "13": 0.327184164864294,
      "14": 0.166132744937295,
      "15": 0.069443044337829
    },
    "objective_value": 3.878792566516209,
    "lower_bound": 3.87879256651621,
    "absolute_gap": -1.3322676295501878e-15,
    "relative_gap": -3.4347483313519445e-16
  },
  "performance": {
    "solution_time_seconds": 40.032437324523926,
    "solver_status": "ok",
    "termination_condition": "optimal",
    "solver": "gams",
    "subsolver": "baron",
    "is_relaxation": false,
    "root_relaxation_value": 0.0,
    "root_relaxation_gap_percent": 100.0,
    "relaxation_gap_percent": null,
    "absolute_gap": null
  }
}