{
  "model_parameters": {
    "n_dimensions": 2,
    "n_clusters": 5,
    "n_points": 14,
    "coord_range_lower": -1,
    "coord_range_upper": 1
  },
  "solution": {
    "status": "optimal",
    "center_coordinates": {
      "cluster_1": {
        "dim_1": -0.801751044799907,
        "dim_2": 0.411267205058297
      },
      "cluster_2": {
        "dim_1": -0.444742410986925,
        "dim_2": -0.598898013275564
      },
      "cluster_3": {
        "dim_1": -0.13450094954568,
        "dim_2": 0.570375704427537
      },
      "cluster_4": {
        "dim_1": 0.292736412357752,
        "dim_2": -0.798440918434117
      },
      "cluster_5": {
        "dim_1": 0.434521155014173,
        "dim_2": 0.23702156085243
      }
    },
    "distances": {
      "1": 0.079972614971834,
      "2": 0.080040015285899,
      "3": 0.079681266891525,
      "4": 0.10647910395682,
      "5": 0.089528154945676,
      "6": 0.089653143663243,
      "7": 0.050133519557726,
      "8": 0.179687903425756,
      "9": 0.040159607855791,
      "10": 0.018436405095126,
      "11": 0.155711565300503,
      "12": 0.057438149571958,
      "13": 0.031705590989379,
      "14": 0.054184230220238
    },
    "objective_value": 1.112811271731474,
    "lower_bound": 1.112810165534064,
    "absolute_gap": 1.1061974098947047e-06,
    "relative_gap": 9.940576067291894e-07
  },
  "performance": {
    "solution_time_seconds": 1634.655657529831,
    "solver_status": "ok",
    "termination_condition": "optimal",
    "solver": "gams",
    "subsolver": "gurobi",
    "is_relaxation": false,
    "root_relaxation_value": 0.0,
    "root_relaxation_gap_percent": 100.0,
    "relaxation_gap_percent": null,
    "absolute_gap": null
  }
}