{
  "model_parameters": {
    "n_dimensions": 5,
    "n_clusters": 4,
    "n_points": 13,
    "coord_range_lower": -1,
    "coord_range_upper": 1
  },
  "solution": {
    "status": "optimal",
    "center_coordinates": {
      "cluster_1": {
        "dim_1": -0.5701904296875,
        "dim_2": -0.2530517578125,
        "dim_3": -0.0992431640625,
        "dim_4": -0.81982421875,
        "dim_5": -0.068048359375989
      },
      "cluster_2": {
        "dim_1": -0.3255615234375,
        "dim_2": 0.7269287109375,
        "dim_3": 0.3277587890625,
        "dim_4": 0.1307373046875,
        "dim_5": 0.80126953125
      },
      "cluster_3": {
        "dim_1": 0.3717041015625,
        "dim_2": 0.4522705078125,
        "dim_3": -0.025679169574669,
        "dim_4": 0.3900146484375,
        "dim_5": -0.6053466796875
      },
      "cluster_4": {
        "dim_1": 0.41558837890625,
        "dim_2": -0.461059570312484,
        "dim_3": 0.3929443359375,
        "dim_4": -0.123282903672083,
        "dim_5": 0.090454101975003
      }
    },
    "distances": {
      "1": 0.065805401725712,
      "2": 0.63155494356116,
      "3": 0.183288504081496,
      "4": 0.536134397481438,
      "5": 0.602441299712953,
      "6": 0.526278246160896,
      "7": 0.376444015557014,
      "8": 1.347912755213864,
      "9": 0.788468627109593,
      "10": 0.838126593982029,
      "11": 0.731529142184396,
      "12": 0.105657362271387,
      "13": 0.195461587559354
    },
    "objective_value": 6.929102876601292,
    "lower_bound": 2.693886983e-06,
    "upper_bound": 6.929102876601292,
    "absolute_gap": 6.9291001827143095,
    "relative_gap": 2572156.971113108
  },
  "performance": {
    "solution_time_seconds": 301.0576527118683,
    "solver_status": "ok",
    "termination_condition": "optimal",
    "solver": "gams",
    "subsolver": "scip",
    "is_relaxation": false,
    "root_relaxation_value": 2.69388698288071e-06,
    "root_relaxation_gap_percent": 99.99996112213903,
    "relaxation_gap_percent": null,
    "absolute_gap": null
  }
}