{
  "model_parameters": {
    "n_dimensions": 2,
    "n_clusters": 3,
    "n_points": 17,
    "coord_range_lower": -1,
    "coord_range_upper": 1
  },
  "solution": {
    "status": "optimal",
    "center_coordinates": {
      "cluster_1": {
        "dim_1": -0.740627631611716,
        "dim_2": -0.677609909236636
      },
      "cluster_2": {
        "dim_1": -0.337274082758125,
        "dim_2": 0.480931252070388
      },
      "cluster_3": {
        "dim_1": 0.450513498554728,
        "dim_2": -0.397859341802504
      }
    },
    "distances": {
      "1": 0.672514485852983,
      "2": 0.197907857695403,
      "3": 0.007575555204568,
      "4": 0.131118555859902,
      "5": 0.053425954647788,
      "6": 0.3135728009222,
      "7": 0.102966161250513,
      "8": 0.08219945653708,
      "9": 0.120706659218069,
      "10": 0.071697848630308,
      "11": 0.15492768341932,
      "12": 0.170403304278492,
      "13": 0.029717611101665,
      "14": 0.048423362424001,
      "15": 0.179550124855091,
      "16": 0.237590455137094,
      "17": 0.255547966050359
    },
    "objective_value": 2.829845843084836,
    "lower_bound": 2.82984525651481,
    "upper_bound": 2.829845843084835,
    "absolute_gap": 5.865700258844697e-07,
    "relative_gap": 2.0727989438082546e-07
  },
  "performance": {
    "solution_time_seconds": 6.3388447761535645,
    "solver_status": "ok",
    "termination_condition": "optimal",
    "solver": "gams",
    "subsolver": "gurobi",
    "is_relaxation": false,
    "root_relaxation_value": 0.0,
    "root_relaxation_gap_percent": 100.0,
    "relaxation_gap_percent": null,
    "absolute_gap": null
  }
}