{
  "model_parameters": {
    "n_dimensions": 2,
    "n_clusters": 4,
    "n_points": 13,
    "coord_range_lower": -1,
    "coord_range_upper": 1
  },
  "solution": {
    "status": "optimal",
    "center_coordinates": {
      "cluster_1": {
        "dim_1": -0.82746138417956,
        "dim_2": 0.446032108719228
      },
      "cluster_2": {
        "dim_1": -0.089013530635542,
        "dim_2": 0.202413678569367
      },
      "cluster_3": {
        "dim_1": 0.770369078955172,
        "dim_2": -0.022877014716256
      },
      "cluster_4": {
        "dim_1": 0.912091985728465,
        "dim_2": -0.780737369521853
      }
    },
    "distances": {
      "1": 0.011786238291702,
      "2": 0.022460088668607,
      "3": 0.133060276102715,
      "4": 0.101198518204252,
      "5": 0.133053948836247,
      "6": 0.117008646877704,
      "7": 0.21837708431653,
      "8": 0.007016565956889,
      "9": 0.044213451869887,
      "10": 0.051063805698862,
      "11": 4.467583e-09,
      "12": 0.032444066590811,
      "13": 0.08185029253556
    },
    "objective_value": 0.953532988417349,
    "lower_bound": 0.953533104616788,
    "upper_bound": 0.953532988417348,
    "absolute_gap": -1.1619943895979645e-07,
    "relative_gap": -1.2186198716875743e-07
  },
  "performance": {
    "solution_time_seconds": 6.328385353088379,
    "solver_status": "ok",
    "termination_condition": "optimal",
    "solver": "gams",
    "subsolver": "gurobi",
    "is_relaxation": false,
    "root_relaxation_value": 0.0,
    "root_relaxation_gap_percent": 100.0,
    "relaxation_gap_percent": null,
    "absolute_gap": null
  }
}