{
  "model_parameters": {
    "n_dimensions": 5,
    "n_clusters": 3,
    "n_points": 13,
    "coord_range_lower": -1,
    "coord_range_upper": 1
  },
  "solution": {
    "status": "optimal",
    "center_coordinates": {
      "cluster_1": {
        "dim_1": -0.435081973671931,
        "dim_2": -0.428239603326544,
        "dim_3": -0.398028612136833,
        "dim_4": 0.36598957467473,
        "dim_5": 0.09658483818066
      },
      "cluster_2": {
        "dim_1": -0.435081973671931,
        "dim_2": 0.45227050781249,
        "dim_3": -0.212189806999779,
        "dim_4": -0.537004218938134,
        "dim_5": -0.360484700905827
      },
      "cluster_3": {
        "dim_1": 0.100160238918997,
        "dim_2": 0.2369384765625,
        "dim_3": -0.05750048160553,
        "dim_4": 0.605618948167959,
        "dim_5": -0.4398193359375
      }
    },
    "distances": {
      "1": 1.035824228187962,
      "2": 0.972481484485431,
      "3": 0.872414867759404,
      "4": 0.703793042888963,
      "5": 0.689978213198017,
      "6": 0.464739306856229,
      "7": 0.50056427571092,
      "8": 0.582631964709353,
      "9": 0.753815008754858,
      "10": 0.499667167737517,
      "11": 0.332007767712564,
      "12": 0.393213030288904,
      "13": 0.380005519874135
    },
    "objective_value": 8.181135878164257,
    "lower_bound": 0.117808356645593,
    "upper_bound": 8.181135878164255,
    "absolute_gap": 8.063327521518664,
    "relative_gap": 68.44444444442811
  },
  "performance": {
    "solution_time_seconds": 300.8688151836395,
    "solver_status": "ok",
    "termination_condition": "optimal",
    "solver": "gams",
    "subsolver": "scip",
    "is_relaxation": false,
    "root_relaxation_value": 0.117808356645593,
    "root_relaxation_gap_percent": 98.55999999999966,
    "relaxation_gap_percent": null,
    "absolute_gap": null
  }
}