{
  "model_parameters": {
    "n_dimensions": 4,
    "n_clusters": 4,
    "n_points": 11,
    "coord_range_lower": -1,
    "coord_range_upper": 1
  },
  "solution": {
    "status": "optimal",
    "center_coordinates": {
      "cluster_1": {
        "dim_1": -0.538052718955312,
        "dim_2": -0.08564812478569,
        "dim_3": -0.581143105539441,
        "dim_4": 0.091134619888498
      },
      "cluster_2": {
        "dim_1": 0.45510799994141,
        "dim_2": -0.818418628357026,
        "dim_3": 0.727577084783617,
        "dim_4": -0.691447700797225
      },
      "cluster_3": {
        "dim_1": 0.45510799994141,
        "dim_2": -0.832326145411401,
        "dim_3": -0.107393811588891,
        "dim_4": 0.774602674973051
      },
      "cluster_4": {
        "dim_1": 0.683630322372763,
        "dim_2": 0.22988654141302,
        "dim_3": 0.364734679070359,
        "dim_4": 0.19018869077664
      }
    },
    "distances": {
      "1": 0.158181621262198,
      "2": 0.161231425914756,
      "3": 0.30966505549286,
      "4": 0.278544847014292,
      "5": 0.16900745459893,
      "6": 0.410406049362126,
      "7": 0.228047884389202,
      "8": 0.927087486977913,
      "9": 0.523752921410851,
      "10": 0.228047858097046,
      "11": 0.000529892135442
    },
    "objective_value": 3.394502496655616,
    "lower_bound": 3.394502496655614,
    "absolute_gap": 1.7763568394002505e-15,
    "relative_gap": 5.233040309000748e-16
  },
  "performance": {
    "solution_time_seconds": 37.93125247955322,
    "solver_status": "ok",
    "termination_condition": "optimal",
    "solver": "gams",
    "subsolver": "baron",
    "is_relaxation": false,
    "root_relaxation_value": 0.0,
    "root_relaxation_gap_percent": 100.0,
    "relaxation_gap_percent": null,
    "absolute_gap": null
  }
}