{
  "model_parameters": {
    "n_dimensions": 5,
    "n_clusters": 5,
    "n_points": 14,
    "coord_range_lower": -1,
    "coord_range_upper": 1
  },
  "solution": {
    "status": "optimal",
    "center_coordinates": {
      "cluster_1": {
        "dim_1": -0.561261158804538,
        "dim_2": 0.646713506793869,
        "dim_3": 0.598294236149429,
        "dim_4": -0.379994040369166,
        "dim_5": -0.280809686669978
      },
      "cluster_2": {
        "dim_1": -0.270913224419964,
        "dim_2": -0.604444129641935,
        "dim_3": -0.288663466132664,
        "dim_4": -0.207101229337927,
        "dim_5": -0.163441624899517
      },
      "cluster_3": {
        "dim_1": 0.332521183683228,
        "dim_2": -0.143713739897158,
        "dim_3": -0.536337801637725,
        "dim_4": 0.410117945721764,
        "dim_5": 0.753827951124092
      },
      "cluster_4": {
        "dim_1": 0.582963402287692,
        "dim_2": 0.853743009490176,
        "dim_3": -0.52951405255326,
        "dim_4": -0.925581462255918,
        "dim_5": 0.664432616936978
      },
      "cluster_5": {
        "dim_1": 0.582963402287692,
        "dim_2": 0.554240719158413,
        "dim_3": 0.505835460623475,
        "dim_4": 0.307722555266395,
        "dim_5": 0.119406681612654
      }
    },
    "distances": {
      "1": 0.431609166093123,
      "2": 0.504343658369345,
      "3": 0.748873055908488,
      "4": 0.256209891983283,
      "5": 0.25620989198329,
      "6": 0.919397853466085,
      "7": 0.238303708251116,
      "8": 0.298778779383484,
      "9": 0.39789190279843,
      "10": 0.277859101521233,
      "11": 0.705751505537145,
      "12": 0.238303708251124,
      "13": 0.222210725264103,
      "14": 0.44879661164367
    },
    "objective_value": 5.944539560453919,
    "lower_bound": 0.312478453283963,
    "upper_bound": 5.94453956045392,
    "absolute_gap": 5.632061107169956,
    "relative_gap": 18.02383827742469
  },
  "performance": {
    "solution_time_seconds": 301.6102628707886,
    "solver_status": "ok",
    "termination_condition": "optimal",
    "solver": "gams",
    "subsolver": "baron",
    "is_relaxation": false,
    "root_relaxation_value": 0.0,
    "root_relaxation_gap_percent": 100.0,
    "relaxation_gap_percent": null,
    "absolute_gap": null
  }
}