{
  "model_parameters": {
    "n_dimensions": 3,
    "n_clusters": 3,
    "n_points": 12,
    "coord_range_lower": -1,
    "coord_range_upper": 1
  },
  "solution": {
    "status": "optimal",
    "center_coordinates": {
      "cluster_1": {
        "dim_1": -0.761520732181623,
        "dim_2": 0.673776898211162,
        "dim_3": 0.329462149160058
      },
      "cluster_2": {
        "dim_1": -0.399810929958464,
        "dim_2": 0.044256785477278,
        "dim_3": -0.643542975096168
      },
      "cluster_3": {
        "dim_1": 0.546345673232904,
        "dim_2": 0.313271073417206,
        "dim_3": 0.184541424289734
      }
    },
    "distances": {
      "1": 0.330238611356372,
      "2": 0.229725980679901,
      "3": 0.38813225025874,
      "4": 0.166289440658033,
      "5": 0.521949897615148,
      "6": 0.309194145205835,
      "7": 0.170222887587779,
      "8": 0.082270866836783,
      "9": 0.692250244701841,
      "10": 0.610537797042744,
      "11": 0.0,
      "12": 0.115690478772417
    },
    "objective_value": 3.616502600715593,
    "lower_bound": 3.616498987906468,
    "upper_bound": 3.616502600715593,
    "absolute_gap": 3.612809124753369e-06,
    "relative_gap": 9.989797140368523e-07
  },
  "performance": {
    "solution_time_seconds": 148.04245328903198,
    "solver_status": "ok",
    "termination_condition": "optimal",
    "solver": "gams",
    "subsolver": "gurobi",
    "is_relaxation": false,
    "root_relaxation_value": 0.0,
    "root_relaxation_gap_percent": 100.0,
    "relaxation_gap_percent": null,
    "absolute_gap": null
  }
}