{
  "model_parameters": {
    "n_dimensions": 3,
    "n_clusters": 5,
    "n_points": 10,
    "coord_range_lower": -1,
    "coord_range_upper": 1
  },
  "solution": {
    "status": "optimal",
    "center_coordinates": {
      "cluster_1": {
        "dim_1": -0.843091907472872,
        "dim_2": -0.545322893217106,
        "dim_3": 0.116228879753127
      },
      "cluster_2": {
        "dim_1": -0.619805789745755,
        "dim_2": 0.888689734255987,
        "dim_3": -0.055403722946267
      },
      "cluster_3": {
        "dim_1": -0.458818894821663,
        "dim_2": 0.152791914700052,
        "dim_3": 0.596879080285421
      },
      "cluster_4": {
        "dim_1": -0.228504061629289,
        "dim_2": -0.024117184402633,
        "dim_3": -0.87101410626077
      },
      "cluster_5": {
        "dim_1": 0.770883177294184,
        "dim_2": 0.482707078034059,
        "dim_3": -0.395715540706938
      }
    },
    "distances": {
      "1": 0.102944661485156,
      "2": 0.125465584528805,
      "3": 0.102944673990846,
      "4": 0.0,
      "5": 0.0,
      "6": 0.239035689658064,
      "7": 0.2537199683124,
      "8": 0.141270208823427,
      "9": 0.23603560845636,
      "10": 0.077484920709405
    },
    "objective_value": 1.278901315964463,
    "lower_bound": 1.278901311634969,
    "upper_bound": 1.278901315964877,
    "absolute_gap": 4.329494096566577e-09,
    "relative_gap": 3.3853230559531438e-09
  },
  "performance": {
    "solution_time_seconds": 22.034957885742188,
    "solver_status": "ok",
    "termination_condition": "optimal",
    "solver": "gams",
    "subsolver": "baron",
    "is_relaxation": false,
    "root_relaxation_value": 0.0,
    "root_relaxation_gap_percent": 100.0,
    "relaxation_gap_percent": null,
    "absolute_gap": null
  }
}