{
  "model_parameters": {
    "n_dimensions": 3,
    "n_clusters": 4,
    "n_points": 16,
    "coord_range_lower": -1,
    "coord_range_upper": 1
  },
  "solution": {
    "status": "optimal",
    "center_coordinates": {
      "cluster_1": {
        "dim_1": -0.815554402704349,
        "dim_2": 0.481001339035618,
        "dim_3": 0.212636597671844
      },
      "cluster_2": {
        "dim_1": -0.352858479388922,
        "dim_2": -0.571178721060775,
        "dim_3": -0.114445308050672
      },
      "cluster_3": {
        "dim_1": 0.448056601236308,
        "dim_2": 0.543978906971055,
        "dim_3": 0.714987783646392
      },
      "cluster_4": {
        "dim_1": 0.761752234539796,
        "dim_2": 0.803555660961869,
        "dim_3": -0.75797226368718
      }
    },
    "distances": {
      "1": 0.218118303783246,
      "2": 0.317355935398207,
      "3": 0.268950971500433,
      "4": 0.114327446163152,
      "5": 0.294142200880806,
      "6": 0.468802212050862,
      "7": 0.096419058230125,
      "8": 0.187300383390661,
      "9": 0.19444704577622,
      "10": 0.32590475548759,
      "11": 0.060894659307277,
      "12": 0.138694991161742,
      "13": 0.039880759617307,
      "14": 0.044952483846762,
      "15": 0.080095650798986,
      "16": 0.09228266804752
    },
    "objective_value": 2.942569525440896,
    "lower_bound": 2.942569139431144,
    "upper_bound": 2.942569525440897,
    "absolute_gap": 3.860097517183192e-07,
    "relative_gap": 1.3118120031427448e-07
  },
  "performance": {
    "solution_time_seconds": 6.943947792053223,
    "solver_status": "ok",
    "termination_condition": "optimal",
    "solver": "gams",
    "subsolver": "baron",
    "is_relaxation": false,
    "root_relaxation_value": 0.0,
    "root_relaxation_gap_percent": 100.0,
    "relaxation_gap_percent": null,
    "absolute_gap": null
  }
}