{
  "model_parameters": {
    "n_dimensions": 3,
    "n_clusters": 3,
    "n_points": 17,
    "coord_range_lower": -1,
    "coord_range_upper": 1
  },
  "solution": {
    "status": "optimal",
    "center_coordinates": {
      "cluster_1": {
        "dim_1": -0.742301813931956,
        "dim_2": -0.229785416657836,
        "dim_3": -0.696608455276055
      },
      "cluster_2": {
        "dim_1": -0.408112823899971,
        "dim_2": 0.1024578491439,
        "dim_3": 0.741167455811286
      },
      "cluster_3": {
        "dim_1": 0.360850416193846,
        "dim_2": 0.01648671983981,
        "dim_3": -0.178476135844577
      }
    },
    "distances": {
      "1": 0.364387829198392,
      "2": 0.223379273990585,
      "3": 0.402075420774724,
      "4": 0.105284653005245,
      "5": 0.163182199439862,
      "6": 0.057466601917096,
      "7": 0.555753430301802,
      "8": 0.528015222525948,
      "9": 0.632206439810861,
      "10": 0.622336846978863,
      "11": 0.68777647864527,
      "12": 0.428604386078911,
      "13": 0.334883332553331,
      "14": 0.745020916825924,
      "15": 0.265186978733524,
      "16": 0.835596805041134,
      "17": 0.274488315245619
    },
    "objective_value": 7.2256451310670915,
    "lower_bound": 3.408341196932037,
    "upper_bound": 7.225645131067091,
    "absolute_gap": 3.8173039341350545,
    "relative_gap": 1.1199887903156933
  },
  "performance": {
    "solution_time_seconds": 300.9962863922119,
    "solver_status": "ok",
    "termination_condition": "optimal",
    "solver": "gams",
    "subsolver": "scip",
    "is_relaxation": false,
    "root_relaxation_value": 3.40834119693204,
    "root_relaxation_gap_percent": 52.82993926344827,
    "relaxation_gap_percent": null,
    "absolute_gap": null
  }
}