{
  "model_parameters": {
    "n_dimensions": 4,
    "n_clusters": 4,
    "n_points": 16,
    "coord_range_lower": -1,
    "coord_range_upper": 1
  },
  "solution": {
    "status": "optimal",
    "center_coordinates": {
      "cluster_1": {
        "dim_1": -0.154317876957527,
        "dim_2": 0.619895320866962,
        "dim_3": 0.762802221155471,
        "dim_4": -0.373891702469478
      },
      "cluster_2": {
        "dim_1": 0.051620848779967,
        "dim_2": -0.49484230574862,
        "dim_3": 0.273065261108562,
        "dim_4": -0.158878020342624
      },
      "cluster_3": {
        "dim_1": 0.520145347204831,
        "dim_2": 0.417613264405481,
        "dim_3": -0.04189910730536,
        "dim_4": -0.479062315364361
      },
      "cluster_4": {
        "dim_1": 0.648572375009354,
        "dim_2": -0.042528177398263,
        "dim_3": -0.851898072312615,
        "dim_4": -0.173728870982751
      }
    },
    "distances": {
      "1": 0.200549189359004,
      "2": 0.545556181578972,
      "3": 0.037226280119041,
      "4": 0.373271420964546,
      "5": 0.081621490460402,
      "6": 0.340721709251847,
      "7": 0.278005752461637,
      "8": 0.620218470992482,
      "9": 0.715568941836482,
      "10": 0.584674027793609,
      "11": 0.247424281659638,
      "12": 0.331463224375437,
      "13": 0.379641423781688,
      "14": 0.373454998028893,
      "15": 0.217928472620306,
      "16": 0.671684772598156
    },
    "objective_value": 5.99901063788214,
    "lower_bound": 3.145408384708713,
    "absolute_gap": 2.853602253173427,
    "relative_gap": 0.9072279030748787
  },
  "performance": {
    "solution_time_seconds": 1803.7500009536743,
    "solver_status": "ok",
    "termination_condition": "optimal",
    "solver": "gams",
    "subsolver": "scip",
    "is_relaxation": false,
    "root_relaxation_value": 3.14540838470871,
    "root_relaxation_gap_percent": 47.567881196170894,
    "relaxation_gap_percent": null,
    "absolute_gap": null
  }
}