{
  "model_parameters": {
    "n_dimensions": 3,
    "n_clusters": 4,
    "n_points": 10,
    "coord_range_lower": -1,
    "coord_range_upper": 1
  },
  "solution": {
    "status": "optimal",
    "center_coordinates": {
      "cluster_1": {
        "dim_1": -0.600176948664068,
        "dim_2": -0.49037868941895,
        "dim_3": -0.373170922053778
      },
      "cluster_2": {
        "dim_1": -0.557502674140177,
        "dim_2": 0.559775366883035,
        "dim_3": -0.27689650762967
      },
      "cluster_3": {
        "dim_1": 0.406811312468346,
        "dim_2": 0.233351209153309,
        "dim_3": 0.329849336159095
      },
      "cluster_4": {
        "dim_1": 0.542599532372319,
        "dim_2": 0.440420688471262,
        "dim_3": -0.970158240856279
      }
    },
    "distances": {
      "1": 0.155993066869183,
      "2": 0.333918001745434,
      "3": 0.011692523173782,
      "4": 0.181867581873168,
      "5": 0.206232600894575,
      "6": 0.019884199340735,
      "7": 0.047840974381078,
      "8": 0.206368105683091,
      "9": 0.145292876498388,
      "10": 0.0
    },
    "objective_value": 1.3090899304594341,
    "lower_bound": 1.309089930459435,
    "upper_bound": 1.309089930459433,
    "absolute_gap": -8.881784197001252e-16,
    "relative_gap": -6.784701333608244e-16
  },
  "performance": {
    "solution_time_seconds": 17.866823196411133,
    "solver_status": "ok",
    "termination_condition": "optimal",
    "solver": "gams",
    "subsolver": "scip",
    "is_relaxation": false,
    "root_relaxation_value": 1.30908993045943,
    "root_relaxation_gap_percent": 3.222733133463918e-13,
    "relaxation_gap_percent": null,
    "absolute_gap": null
  }
}