{
  "model_parameters": {
    "n_dimensions": 5,
    "n_clusters": 5,
    "n_points": 13,
    "coord_range_lower": -1,
    "coord_range_upper": 1
  },
  "solution": {
    "status": "feasible",
    "center_coordinates": {
      "cluster_1": {
        "dim_1": -0.315326195061463,
        "dim_2": -0.495430822256305,
        "dim_3": -0.206056914153488,
        "dim_4": 0.204418895608053,
        "dim_5": -0.656993095209307
      },
      "cluster_2": {
        "dim_1": -0.315326193443178,
        "dim_2": 0.700592098743557,
        "dim_3": 0.815206848976515,
        "dim_4": 0.351789589608032,
        "dim_5": 0.446482880206213
      },
      "cluster_3": {
        "dim_1": -0.31532618917664,
        "dim_2": 0.70032181777565,
        "dim_3": -0.411661823395082,
        "dim_4": 0.310933120966431,
        "dim_5": 0.526579191572588
      },
      "cluster_4": {
        "dim_1": -0.033848539840506,
        "dim_2": -0.495247624444616,
        "dim_3": 0.386930684387927,
        "dim_4": -0.688569231424688,
        "dim_5": 0.29263391723701
      },
      "cluster_5": {
        "dim_1": 0.561332801525664,
        "dim_2": -0.321359792672931,
        "dim_3": -0.30653392661372,
        "dim_4": 0.411984515549346,
        "dim_5": 0.119885967845479
      }
    },
    "distances": {
      "1": 0.444616553425626,
      "2": 0.280502930214764,
      "3": 0.149431208907518,
      "4": 0.285902093416783,
      "5": 0.676960472423035,
      "6": 0.521237981795745,
      "7": 0.382462374836461,
      "8": 0.163343223043579,
      "9": 0.190705928199081,
      "10": 0.285902092751462,
      "11": 0.293063612235934,
      "12": 0.671034149310529,
      "13": 0.638672438877793
    },
    "objective_value": 4.98383505943831,
    "lower_bound": 1.171371215140263,
    "upper_bound": 4.983835059438311,
    "absolute_gap": 3.812463844298047,
    "relative_gap": 3.254701665040943
  },
  "performance": {
    "solution_time_seconds": 300.791855096817,
    "solver_status": "ok",
    "termination_condition": "feasible",
    "solver": "gams",
    "subsolver": "gurobi",
    "is_relaxation": false,
    "root_relaxation_value": 0.0,
    "root_relaxation_gap_percent": 100.0,
    "relaxation_gap_percent": null,
    "absolute_gap": null
  }
}