{
  "model_parameters": {
    "n_dimensions": 5,
    "n_clusters": 5,
    "n_points": 16,
    "coord_range_lower": -1,
    "coord_range_upper": 1
  },
  "solution": {
    "status": "feasible",
    "center_coordinates": {
      "cluster_1": {
        "dim_1": -0.575230044443743,
        "dim_2": 0.38800596175988,
        "dim_3": 0.661071893598648,
        "dim_4": 0.745421254814859,
        "dim_5": 0.449805838988088
      },
      "cluster_2": {
        "dim_1": -0.575230028420724,
        "dim_2": -0.180997771919776,
        "dim_3": -0.259124850671665,
        "dim_4": -0.38117671118962,
        "dim_5": -0.571494122799499
      },
      "cluster_3": {
        "dim_1": -0.181675778497559,
        "dim_2": -0.705909678783551,
        "dim_3": -0.421577386338988,
        "dim_4": -0.029773425509866,
        "dim_5": 0.245726334807848
      },
      "cluster_4": {
        "dim_1": 0.242816865160126,
        "dim_2": 0.706726004843504,
        "dim_3": 0.140963353833178,
        "dim_4": -0.079323017736216,
        "dim_5": 0.685910437769474
      },
      "cluster_5": {
        "dim_1": 0.768331890285662,
        "dim_2": 0.577045001438769,
        "dim_3": 0.487697072686823,
        "dim_4": 0.124169847165791,
        "dim_5": -0.616848959056207
      }
    },
    "distances": {
      "1": 0.585858513948234,
      "2": 0.170107238952952,
      "3": 0.526347551218928,
      "4": 0.252698359991311,
      "5": 0.481110520003067,
      "6": 0.406980317610976,
      "7": 0.387706537089124,
      "8": 0.573709864619753,
      "9": 0.390283654754851,
      "10": 0.386662143451395,
      "11": 0.774644899056643,
      "12": 0.387706538218542,
      "13": 0.905847675589078,
      "14": 0.396414065208507,
      "15": 0.143106299897824,
      "16": 0.670850221918481
    },
    "objective_value": 7.440034401529666,
    "lower_bound": 1.369436921508168,
    "upper_bound": 7.440034401529665,
    "absolute_gap": 6.070597480021498,
    "relative_gap": 4.432915006655376
  },
  "performance": {
    "solution_time_seconds": 300.615305185318,
    "solver_status": "ok",
    "termination_condition": "feasible",
    "solver": "gams",
    "subsolver": "gurobi",
    "is_relaxation": false,
    "root_relaxation_value": 0.0,
    "root_relaxation_gap_percent": 100.0,
    "relaxation_gap_percent": null,
    "absolute_gap": null
  }
}