{
  "model_parameters": {
    "n_dimensions": 5,
    "n_clusters": 3,
    "n_points": 16,
    "coord_range_lower": -1,
    "coord_range_upper": 1
  },
  "solution": {
    "status": "optimal",
    "center_coordinates": {
      "cluster_1": {
        "dim_1": 0.2420654296875,
        "dim_2": 0.6331787109375,
        "dim_3": 0.090211273842675,
        "dim_4": 0.3189697265625,
        "dim_5": 0.1556396484375
      },
      "cluster_2": {
        "dim_1": 0.2420654296875,
        "dim_2": -0.6763916015625,
        "dim_3": -0.1512451171875,
        "dim_4": 0.4969482421875,
        "dim_5": 0.066673631252279
      },
      "cluster_3": {
        "dim_1": 0.359252929687483,
        "dim_2": -0.389150619506822,
        "dim_3": -0.323121607303611,
        "dim_4": -0.611764887308845,
        "dim_5": -0.461730480194053
      }
    },
    "distances": {
      "1": 1.349357618381502,
      "2": 0.518363886544847,
      "3": 0.8436747938439,
      "4": 1.462623516071054,
      "5": 1.035731668214959,
      "6": 1.45725056970863,
      "7": 0.710255733952426,
      "8": 0.30733769643291,
      "9": 1.144022244144831,
      "10": 0.966288829215912,
      "11": 1.725697485019215,
      "12": 0.633581410457515,
      "13": 0.899635841025107,
      "14": 1.50269866742737,
      "15": 2.06928301827539,
      "16": 1.616841474742804
    },
    "objective_value": 18.24264445345837,
    "lower_bound": 1.2681675209e-05,
    "upper_bound": 18.242644453458375,
    "absolute_gap": 18.242631771783163,
    "relative_gap": 1438503.310574981
  },
  "performance": {
    "solution_time_seconds": 300.9919455051422,
    "solver_status": "ok",
    "termination_condition": "optimal",
    "solver": "gams",
    "subsolver": "scip",
    "is_relaxation": false,
    "root_relaxation_value": 1.26816752089285e-05,
    "root_relaxation_gap_percent": 99.99993048335047,
    "relaxation_gap_percent": null,
    "absolute_gap": null
  }
}