{
  "model_parameters": {
    "n_dimensions": 4,
    "n_clusters": 4,
    "n_points": 17,
    "coord_range_lower": -1,
    "coord_range_upper": 1
  },
  "solution": {
    "status": "optimal",
    "center_coordinates": {
      "cluster_1": {
        "dim_1": -0.711801267436221,
        "dim_2": -0.530623409227334,
        "dim_3": -0.50746853180087,
        "dim_4": 0.274671576283404
      },
      "cluster_2": {
        "dim_1": -0.20655721181452,
        "dim_2": 0.676808111566409,
        "dim_3": 0.620177157089606,
        "dim_4": -0.270726404981965
      },
      "cluster_3": {
        "dim_1": -0.206557211814528,
        "dim_2": 0.502485665093077,
        "dim_3": -0.628588066051672,
        "dim_4": 0.233097041703719
      },
      "cluster_4": {
        "dim_1": 0.529293659338217,
        "dim_2": -0.545874753761816,
        "dim_3": 0.259075619716597,
        "dim_4": -0.086961906068441
      }
    },
    "distances": {
      "1": 0.132167978959948,
      "2": 0.643061750960303,
      "3": 0.39945688701101,
      "4": 0.883899644972126,
      "5": 1.250749224970596,
      "6": 0.392654162277407,
      "7": 0.59036070879158,
      "8": 0.042136010981487,
      "9": 0.465577361429269,
      "10": 0.558557833309384,
      "11": 0.252471794550726,
      "12": 0.27113711397877,
      "13": 0.332970141030838,
      "14": 0.302742298574762,
      "15": 0.437638942676957,
      "16": 0.58231470223303,
      "17": 0.918953427710484
    },
    "objective_value": 8.456849984418676,
    "lower_bound": 6.316387439680182,
    "absolute_gap": 2.1404625447384946,
    "relative_gap": 0.33887448564220324
  },
  "performance": {
    "solution_time_seconds": 1800.7121982574463,
    "solver_status": "ok",
    "termination_condition": "optimal",
    "solver": "gams",
    "subsolver": "gurobi",
    "is_relaxation": false,
    "root_relaxation_value": 0.0,
    "root_relaxation_gap_percent": 100.0,
    "relaxation_gap_percent": null,
    "absolute_gap": null
  }
}