{
  "model_parameters": {
    "n_dimensions": 2,
    "n_clusters": 3,
    "n_points": 13,
    "coord_range_lower": -1,
    "coord_range_upper": 1
  },
  "solution": {
    "status": "optimal",
    "center_coordinates": {
      "cluster_1": {
        "dim_1": -0.684292953011859,
        "dim_2": 0.246251752094397
      },
      "cluster_2": {
        "dim_1": 0.415283203125,
        "dim_2": -0.266389727891629
      },
      "cluster_3": {
        "dim_1": 0.824868011929003,
        "dim_2": 0.78734796865012
      }
    },
    "distances": {
      "1": 0.1037907295999,
      "2": 0.045196204557787,
      "3": 0.056057267632709,
      "4": 0.109150826834608,
      "5": 0.035364310885053,
      "6": 0.059203937828083,
      "7": 0.079648769049636,
      "8": 0.364376683320332,
      "9": 0.301794075588459,
      "10": 0.015495332947079,
      "11": 0.058442452770103,
      "12": 0.128365882159201,
      "13": 0.106329367601205
    },
    "objective_value": 1.4632158407741551,
    "lower_bound": 1.463215840774157,
    "absolute_gap": -1.7763568394002505e-15,
    "relative_gap": -1.2140087538010914e-15
  },
  "performance": {
    "solution_time_seconds": 6.37193751335144,
    "solver_status": "ok",
    "termination_condition": "optimal",
    "solver": "gams",
    "subsolver": "scip",
    "is_relaxation": false,
    "root_relaxation_value": 1.46321584077416,
    "root_relaxation_gap_percent": 3.3385240729530054e-13,
    "relaxation_gap_percent": null,
    "absolute_gap": null
  }
}