{
  "model_parameters": {
    "n_dimensions": 5,
    "n_clusters": 3,
    "n_points": 13,
    "coord_range_lower": -1,
    "coord_range_upper": 1
  },
  "solution": {
    "status": "optimal",
    "center_coordinates": {
      "cluster_1": {
        "dim_1": -0.455172104070921,
        "dim_2": 0.452137856862828,
        "dim_3": -0.212051901322377,
        "dim_4": -0.53719334976133,
        "dim_5": -0.360166995670984
      },
      "cluster_2": {
        "dim_1": -0.405930829295739,
        "dim_2": -0.431724038363004,
        "dim_3": -0.304688962816248,
        "dim_4": 0.377177927611684,
        "dim_5": -0.056110152082311
      },
      "cluster_3": {
        "dim_1": 0.230127817016265,
        "dim_2": 0.467426911055834,
        "dim_3": -0.161827830169899,
        "dim_4": 0.660027463331117,
        "dim_5": -0.262881279564125
      }
    },
    "distances": {
      "1": 1.168985282622833,
      "2": 1.029850680478812,
      "3": 0.87255275877617,
      "4": 0.702392464963557,
      "5": 0.980321114023379,
      "6": 0.449368966581497,
      "7": 0.372918797921044,
      "8": 0.22096167573592,
      "9": 0.753867979776715,
      "10": 0.570879631879484,
      "11": 0.363545973846831,
      "12": 0.308573019104714,
      "13": 0.367616992502096
    },
    "objective_value": 8.161835338213052,
    "lower_bound": 8.161835126272704,
    "upper_bound": 8.16183533821305,
    "absolute_gap": 2.1194034793836636e-07,
    "relative_gap": 2.5967242006168036e-08
  },
  "performance": {
    "solution_time_seconds": 22.162250995635986,
    "solver_status": "ok",
    "termination_condition": "optimal",
    "solver": "gams",
    "subsolver": "baron",
    "is_relaxation": false,
    "root_relaxation_value": 0.0,
    "root_relaxation_gap_percent": 100.0,
    "relaxation_gap_percent": null,
    "absolute_gap": null
  }
}