{
  "model_parameters": {
    "n_dimensions": 4,
    "n_clusters": 5,
    "n_points": 15,
    "coord_range_lower": -1,
    "coord_range_upper": 1
  },
  "solution": {
    "status": "optimal",
    "center_coordinates": {
      "cluster_1": {
        "dim_1": -0.637369704828904,
        "dim_2": 0.413555914020441,
        "dim_3": 0.451312738288293,
        "dim_4": -0.041102955990274
      },
      "cluster_2": {
        "dim_1": -0.637369704828904,
        "dim_2": 0.872653991959642,
        "dim_3": -0.959708485933057,
        "dim_4": -0.552837327854743
      },
      "cluster_3": {
        "dim_1": -0.637369704828905,
        "dim_2": -0.346097869743422,
        "dim_3": -0.315368204821438,
        "dim_4": 0.690726091456572
      },
      "cluster_4": {
        "dim_1": 0.393381502150477,
        "dim_2": -0.038076722789225,
        "dim_3": -0.470394860941143,
        "dim_4": -0.290437233846129
      },
      "cluster_5": {
        "dim_1": 0.393381502150477,
        "dim_2": 0.030492474370639,
        "dim_3": 0.791659910742875,
        "dim_4": 0.379319340073256
      }
    },
    "distances": {
      "1": 0.254967078583857,
      "2": 0.022835266652937,
      "3": 0.296684089670714,
      "4": 0.303407202289164,
      "5": 0.180841005578372,
      "6": 0.073373864331014,
      "7": 0.402876068681732,
      "8": 0.331427951425373,
      "9": 1.074954545774669,
      "10": 0.549122809785403,
      "11": 0.76292709450084,
      "12": 0.221292907734536,
      "13": 0.481351561506298,
      "14": 0.802412178729153,
      "15": 0.140923792722657
    },
    "objective_value": 5.899397417966719,
    "lower_bound": 2.527522142102178,
    "absolute_gap": 3.3718752758645407,
    "relative_gap": 1.3340635952095365
  },
  "performance": {
    "solution_time_seconds": 1800.89843583107,
    "solver_status": "ok",
    "termination_condition": "optimal",
    "solver": "gams",
    "subsolver": "gurobi",
    "is_relaxation": false,
    "root_relaxation_value": 0.0,
    "root_relaxation_gap_percent": 100.0,
    "relaxation_gap_percent": null,
    "absolute_gap": null
  }
}