{
  "model_parameters": {
    "n_dimensions": 5,
    "n_clusters": 4,
    "n_points": 10,
    "coord_range_lower": -1,
    "coord_range_upper": 1
  },
  "solution": {
    "status": "optimal",
    "center_coordinates": {
      "cluster_1": {
        "dim_1": -0.762499029291519,
        "dim_2": -0.887922147161642,
        "dim_3": 0.458009195339941,
        "dim_4": 0.272711158904694,
        "dim_5": -0.239801239795972
      },
      "cluster_2": {
        "dim_1": -0.320186991741863,
        "dim_2": 0.197337929563021,
        "dim_3": -0.441603287054638,
        "dim_4": -0.163214802742003,
        "dim_5": 0.168049266912241
      },
      "cluster_3": {
        "dim_1": 0.115997113187499,
        "dim_2": 0.113488550193386,
        "dim_3": 0.378926556784722,
        "dim_4": 0.000898324385409,
        "dim_5": 0.055593632643405
      },
      "cluster_4": {
        "dim_1": 0.639838693364953,
        "dim_2": 0.252054289786109,
        "dim_3": -0.320960283730973,
        "dim_4": -0.776819721562128,
        "dim_5": 0.356057643890389
      }
    },
    "distances": {
      "1": 0.174921815515149,
      "2": 0.318445494424224,
      "3": 0.405959419102583,
      "4": 0.317437220096906,
      "5": 0.336306300460085,
      "6": 0.175260365018646,
      "7": 0.265056369355929,
      "8": 0.154289914953011,
      "9": 0.336287537569898,
      "10": 0.190840679893041
    },
    "objective_value": 2.674805116389472,
    "lower_bound": 2.674805116389471,
    "upper_bound": 2.674805116389472,
    "absolute_gap": 8.881784197001252e-16,
    "relative_gap": 3.320535070977485e-16
  },
  "performance": {
    "solution_time_seconds": 70.14427900314331,
    "solver_status": "ok",
    "termination_condition": "optimal",
    "solver": "gams",
    "subsolver": "scip",
    "is_relaxation": false,
    "root_relaxation_value": 2.67480511638947,
    "root_relaxation_gap_percent": 6.641070141954968e-14,
    "relaxation_gap_percent": null,
    "absolute_gap": null
  }
}