{
  "model_parameters": {
    "n_dimensions": 3,
    "n_clusters": 4,
    "n_points": 14,
    "coord_range_lower": -1,
    "coord_range_upper": 1
  },
  "solution": {
    "status": "optimal",
    "center_coordinates": {
      "cluster_1": {
        "dim_1": -0.742407102623097,
        "dim_2": -0.927162412353994,
        "dim_3": -0.934371060904668
      },
      "cluster_2": {
        "dim_1": -0.475816312095525,
        "dim_2": 0.507435146130235,
        "dim_3": 0.400886944868529
      },
      "cluster_3": {
        "dim_1": -0.008700543491532,
        "dim_2": 0.219001388596158,
        "dim_3": -0.324042136108016
      },
      "cluster_4": {
        "dim_1": 0.240785265554638,
        "dim_2": -0.470017735931622,
        "dim_3": 0.5094765188405
      }
    },
    "distances": {
      "1": 0.11382150317333,
      "2": 0.205858375670443,
      "3": 0.179756922499957,
      "4": 0.350586608274333,
      "5": 0.477204096421844,
      "6": 0.613562210374821,
      "7": 0.233277187441938,
      "8": 0.093632167729301,
      "9": 0.067907876857158,
      "10": 0.379229134496628,
      "11": 0.066485250492417,
      "12": 0.382789367732401,
      "13": 0.268230434491755,
      "14": 0.0
    },
    "objective_value": 3.432341135656326,
    "lower_bound": 2.131782485611097,
    "absolute_gap": 1.3005586500452289,
    "relative_gap": 0.610080371155883
  },
  "performance": {
    "solution_time_seconds": 1802.2953193187714,
    "solver_status": "ok",
    "termination_condition": "optimal",
    "solver": "gams",
    "subsolver": "scip",
    "is_relaxation": false,
    "root_relaxation_value": 2.1317824856111,
    "root_relaxation_gap_percent": 37.891299222404804,
    "relaxation_gap_percent": null,
    "absolute_gap": null
  }
}