{
  "model_parameters": {
    "n_dimensions": 4,
    "n_clusters": 4,
    "n_points": 11,
    "coord_range_lower": -1,
    "coord_range_upper": 1
  },
  "solution": {
    "status": "optimal",
    "center_coordinates": {
      "cluster_1": {
        "dim_1": -0.538052736827738,
        "dim_2": -0.085648128179434,
        "dim_3": -0.581143187166599,
        "dim_4": 0.091134583128255
      },
      "cluster_2": {
        "dim_1": 0.443598263764623,
        "dim_2": -0.832326171425372,
        "dim_3": -0.107393790980795,
        "dim_4": 0.774602716948635
      },
      "cluster_3": {
        "dim_1": 0.478135639462925,
        "dim_2": -0.818407271786989,
        "dim_3": 0.727576717820078,
        "dim_4": -0.691446407392868
      },
      "cluster_4": {
        "dim_1": 0.683630330362163,
        "dim_2": 0.229886523199364,
        "dim_3": 0.364734715906838,
        "dim_4": 0.190188715120463
      }
    },
    "distances": {
      "1": 0.158181608612699,
      "2": 0.164986969069326,
      "3": 0.309665075111399,
      "4": 0.278544832527279,
      "5": 0.164986963384882,
      "6": 0.410406048082305,
      "7": 0.228047872762255,
      "8": 0.927087564972032,
      "9": 0.523752852216324,
      "10": 0.228047869723858,
      "11": 0.0
    },
    "objective_value": 3.393707656462359,
    "lower_bound": 3.393707674566516,
    "upper_bound": 3.393707656462358,
    "absolute_gap": -1.8104156840337282e-08,
    "relative_gap": -5.334624716210938e-09
  },
  "performance": {
    "solution_time_seconds": 79.08932209014893,
    "solver_status": "ok",
    "termination_condition": "optimal",
    "solver": "gams",
    "subsolver": "baron",
    "is_relaxation": false,
    "root_relaxation_value": 0.721473,
    "root_relaxation_gap_percent": 78.7408618233171,
    "relaxation_gap_percent": null,
    "absolute_gap": null
  }
}