{
  "model_parameters": {
    "n_dimensions": 2,
    "n_clusters": 5,
    "n_points": 10,
    "coord_range_lower": -1,
    "coord_range_upper": 1
  },
  "solution": {
    "status": "optimal",
    "center_coordinates": {
      "cluster_1": {
        "dim_1": -0.921247344168522,
        "dim_2": 0.951416966159864
      },
      "cluster_2": {
        "dim_1": -0.765126122830973,
        "dim_2": -0.280367970501506
      },
      "cluster_3": {
        "dim_1": -0.455762641204883,
        "dim_2": -0.929438400398758
      },
      "cluster_4": {
        "dim_1": -0.360158476641382,
        "dim_2": 0.557381674477134
      },
      "cluster_5": {
        "dim_1": 0.564040173104783,
        "dim_2": 0.011566177563127
      }
    },
    "distances": {
      "1": 0.021356434899303,
      "2": 0.018212039254136,
      "3": 0.031627171511106,
      "4": 0.032835531726899,
      "5": 0.018170142578912,
      "6": 0.0,
      "7": 0.06333198477424,
      "8": 0.032836203397034,
      "9": 0.0,
      "10": 0.013301558971823
    },
    "objective_value": 0.231671067113453,
    "lower_bound": 0.231671067113453,
    "absolute_gap": 0.0,
    "relative_gap": 0.0
  },
  "performance": {
    "solution_time_seconds": 101.08183717727661,
    "solver_status": "ok",
    "termination_condition": "optimal",
    "solver": "gams",
    "subsolver": "baron",
    "is_relaxation": false,
    "root_relaxation_value": 0.0,
    "root_relaxation_gap_percent": 100.0,
    "relaxation_gap_percent": null,
    "absolute_gap": null
  }
}