{
  "model_parameters": {
    "n_dimensions": 3,
    "n_clusters": 3,
    "n_points": 12,
    "coord_range_lower": -1,
    "coord_range_upper": 1
  },
  "solution": {
    "status": "optimal",
    "center_coordinates": {
      "cluster_1": {
        "dim_1": -0.761499156324064,
        "dim_2": 0.674586232375917,
        "dim_3": 0.330209280348685
      },
      "cluster_2": {
        "dim_1": -0.399756281113562,
        "dim_2": 0.044311754672124,
        "dim_3": -0.644120575122143
      },
      "cluster_3": {
        "dim_1": 0.545879742814073,
        "dim_2": 0.313286720311186,
        "dim_3": 0.184031633830545
      }
    },
    "distances": {
      "1": 0.329995835877711,
      "2": 0.229716569035448,
      "3": 0.387576044274312,
      "4": 0.166580958248237,
      "5": 0.521501553302718,
      "6": 0.309076921807647,
      "7": 0.17041441233007,
      "8": 0.082162296897324,
      "9": 0.693163301067049,
      "10": 0.610686564092943,
      "11": 9.3124955e-08,
      "12": 0.115640607288987
    },
    "objective_value": 3.616515157347401,
    "lower_bound": 3.616512828858953,
    "absolute_gap": 2.328488447833621e-06,
    "relative_gap": 6.438490772804152e-07
  },
  "performance": {
    "solution_time_seconds": 3.0409553050994873,
    "solver_status": "ok",
    "termination_condition": "optimal",
    "solver": "gams",
    "subsolver": "gurobi",
    "is_relaxation": false,
    "root_relaxation_value": 0.0,
    "root_relaxation_gap_percent": 100.0,
    "relaxation_gap_percent": null,
    "absolute_gap": null
  }
}