{
  "model_parameters": {
    "n_dimensions": 2,
    "n_clusters": 4,
    "n_points": 15,
    "coord_range_lower": -1,
    "coord_range_upper": 1
  },
  "solution": {
    "status": "optimal",
    "center_coordinates": {
      "cluster_1": {
        "dim_1": -0.590553313079122,
        "dim_2": -0.779022942075669
      },
      "cluster_2": {
        "dim_1": -0.519416294493485,
        "dim_2": 0.25443927076666
      },
      "cluster_3": {
        "dim_1": 0.463219381381866,
        "dim_2": 0.63425835069072
      },
      "cluster_4": {
        "dim_1": 0.756228457467597,
        "dim_2": -0.292757453770073
      }
    },
    "distances": {
      "1": 0.173040316846629,
      "2": 0.135709235383807,
      "3": 0.053464278157878,
      "4": 0.264134213256179,
      "5": 0.020712472881405,
      "6": 0.18365404053623,
      "7": 0.222970249237982,
      "8": 0.127057672000802,
      "9": 0.415157208888761,
      "10": 0.145606747194173,
      "11": 0.044706398290044,
      "12": 0.145184681865103,
      "13": 0.054328269802605,
      "14": 0.121522021400378,
      "15": 0.017472006963262
    },
    "objective_value": 2.124719812705238,
    "lower_bound": 2.124717691150361,
    "upper_bound": 2.124719812705239,
    "absolute_gap": 2.1215548771102988e-06,
    "relative_gap": 9.985114191625383e-07
  },
  "performance": {
    "solution_time_seconds": 99.05349063873291,
    "solver_status": "ok",
    "termination_condition": "optimal",
    "solver": "gams",
    "subsolver": "gurobi",
    "is_relaxation": false,
    "root_relaxation_value": 0.0,
    "root_relaxation_gap_percent": 100.0,
    "relaxation_gap_percent": null,
    "absolute_gap": null
  }
}