{
  "model_parameters": {
    "n_dimensions": 5,
    "n_clusters": 5,
    "n_points": 17,
    "coord_range_lower": -1,
    "coord_range_upper": 1
  },
  "solution": {
    "status": "optimal",
    "center_coordinates": {
      "cluster_1": {
        "dim_1": -0.474068954569526,
        "dim_2": 0.250675353563087,
        "dim_3": -0.430003358730113,
        "dim_4": 0.919695496785264,
        "dim_5": -0.861407761399273
      },
      "cluster_2": {
        "dim_1": -0.431350806790849,
        "dim_2": 0.285686293178527,
        "dim_3": 0.80826471123765,
        "dim_4": 0.229942326695674,
        "dim_5": -0.324125013670981
      },
      "cluster_3": {
        "dim_1": -0.105353649396709,
        "dim_2": 0.422825254399614,
        "dim_3": 0.343125694417362,
        "dim_4": -0.792360871372129,
        "dim_5": 0.407385135922568
      },
      "cluster_4": {
        "dim_1": 0.359372728454146,
        "dim_2": -0.130849878631336,
        "dim_3": 0.061873603335931,
        "dim_4": 0.583619977805723,
        "dim_5": 0.640439997537006
      },
      "cluster_5": {
        "dim_1": 0.35937272845414,
        "dim_2": -0.893934574289823,
        "dim_3": -0.165001997020134,
        "dim_4": -0.643903313166944,
        "dim_5": -0.513036023865473
      }
    },
    "distances": {
      "1": 0.910752824646398,
      "2": 0.269392957424993,
      "3": 0.320470067099524,
      "4": 0.44977647412802,
      "5": 1.37502173038068,
      "6": 0.530752993487033,
      "7": 0.717660125633213,
      "8": 0.32762338284408,
      "9": 0.984394267747989,
      "10": 0.714591805317219,
      "11": 0.45153679889738,
      "12": 0.491858048512127,
      "13": 0.946951584686353,
      "14": 1.113147159927722,
      "15": 0.190521793555811,
      "16": 0.795685821902699,
      "17": 0.236327096309485
    },
    "objective_value": 10.826464932500725,
    "lower_bound": 2.76132928971692,
    "absolute_gap": 8.065135642783805,
    "relative_gap": 2.920743886945337
  },
  "performance": {
    "solution_time_seconds": 1800.9655675888062,
    "solver_status": "ok",
    "termination_condition": "optimal",
    "solver": "gams",
    "subsolver": "gurobi",
    "is_relaxation": false,
    "root_relaxation_value": 0.0,
    "root_relaxation_gap_percent": 100.0,
    "relaxation_gap_percent": null,
    "absolute_gap": null
  }
}