{
  "model_parameters": {
    "n_dimensions": 4,
    "n_clusters": 3,
    "n_points": 10,
    "coord_range_lower": -1,
    "coord_range_upper": 1
  },
  "solution": {
    "status": "optimal",
    "center_coordinates": {
      "cluster_1": {
        "dim_1": -0.459374878883505,
        "dim_2": 0.151304262774869,
        "dim_3": 0.785694140033353,
        "dim_4": -0.53882476251706
      },
      "cluster_2": {
        "dim_1": 0.038623248492926,
        "dim_2": -0.525224215640979,
        "dim_3": 0.436221337740031,
        "dim_4": 0.385822097144281
      },
      "cluster_3": {
        "dim_1": 0.358887623235239,
        "dim_2": 0.936559136497814,
        "dim_3": 0.091505540754554,
        "dim_4": -0.607051893092226
      }
    },
    "distances": {
      "1": 0.007380736743377,
      "2": 0.914892515552356,
      "3": 0.579194814456371,
      "4": 0.291287897702279,
      "5": 0.045190354094848,
      "6": 0.0,
      "7": 0.656720565763904,
      "8": 0.399797422310938,
      "9": 0.371223273001594,
      "10": 0.577311622893268
    },
    "objective_value": 3.842999202518935,
    "lower_bound": 3.842999202518935,
    "upper_bound": 3.842999202518935,
    "absolute_gap": 0.0,
    "relative_gap": 0.0
  },
  "performance": {
    "solution_time_seconds": 32.136882066726685,
    "solver_status": "ok",
    "termination_condition": "optimal",
    "solver": "gams",
    "subsolver": "scip",
    "is_relaxation": false,
    "root_relaxation_value": 3.84299920251893,
    "root_relaxation_gap_percent": 1.271137736679408e-13,
    "relaxation_gap_percent": null,
    "absolute_gap": null
  }
}