{
  "model_parameters": {
    "n_dimensions": 2,
    "n_clusters": 3,
    "n_points": 15,
    "coord_range_lower": -1,
    "coord_range_upper": 1
  },
  "solution": {
    "status": "optimal",
    "center_coordinates": {
      "cluster_1": {
        "dim_1": -0.600379941393326,
        "dim_2": 0.434850383402843
      },
      "cluster_2": {
        "dim_1": 0.023279426399375,
        "dim_2": -0.68926574888324
      },
      "cluster_3": {
        "dim_1": 0.178813162245885,
        "dim_2": 0.714288968425494
      }
    },
    "distances": {
      "1": 0.070763785317847,
      "2": 0.06578804099081,
      "3": 0.084348210395286,
      "4": 0.207993028326531,
      "5": 0.14175871121248,
      "6": 0.138189940694924,
      "7": 0.101350986948992,
      "8": 0.00214481990383,
      "9": 0.273207030713184,
      "10": 0.029399925086541,
      "11": 0.302337293798013,
      "12": 0.115808791168071,
      "13": 0.053797359989967,
      "14": 0.037259516596968,
      "15": 0.005330864628872
    },
    "objective_value": 1.629478305772316,
    "lower_bound": 1.629478308345933,
    "upper_bound": 1.629478305772316,
    "absolute_gap": -2.5736170972123773e-09,
    "relative_gap": -1.5794116951607843e-09
  },
  "performance": {
    "solution_time_seconds": 2.1741557121276855,
    "solver_status": "ok",
    "termination_condition": "optimal",
    "solver": "gams",
    "subsolver": "baron",
    "is_relaxation": false,
    "root_relaxation_value": 0.0,
    "root_relaxation_gap_percent": 100.0,
    "relaxation_gap_percent": null,
    "absolute_gap": null
  }
}