{
  "model_parameters": {
    "n_dimensions": 3,
    "n_clusters": 4,
    "n_points": 15,
    "coord_range_lower": -1,
    "coord_range_upper": 1
  },
  "solution": {
    "status": "optimal",
    "center_coordinates": {
      "cluster_1": {
        "dim_1": -0.629342847592713,
        "dim_2": 0.700888925127895,
        "dim_3": -0.213392294692425
      },
      "cluster_2": {
        "dim_1": 0.126996279887598,
        "dim_2": 0.201088766254989,
        "dim_3": 0.475137814352099
      },
      "cluster_3": {
        "dim_1": 0.289220231940755,
        "dim_2": -0.49357446150182,
        "dim_3": -0.606753319800593
      },
      "cluster_4": {
        "dim_1": 0.622874645163576,
        "dim_2": -0.795585486351649,
        "dim_3": 0.557460494882074
      }
    },
    "distances": {
      "1": 0.145166098153933,
      "2": 0.100880130271056,
      "3": 0.024604705963098,
      "4": 0.092774388721252,
      "5": 0.122830156341529,
      "6": 0.222318440438255,
      "7": 0.020456879157836,
      "8": 0.150000021182648,
      "9": 0.044411605523977,
      "10": 0.203895529637424,
      "11": 0.004679822107076,
      "12": 0.658578092425886,
      "13": 0.278805177921559,
      "14": 0.066064366928757,
      "15": 0.092793626069573
    },
    "objective_value": 2.228259040843859,
    "lower_bound": 2.055483977167531,
    "absolute_gap": 0.1727750636763279,
    "relative_gap": 0.08405566065974056
  },
  "performance": {
    "solution_time_seconds": 1802.1762518882751,
    "solver_status": "ok",
    "termination_condition": "optimal",
    "solver": "gams",
    "subsolver": "scip",
    "is_relaxation": false,
    "root_relaxation_value": 2.05548397716753,
    "root_relaxation_gap_percent": 7.75381409923047,
    "relaxation_gap_percent": null,
    "absolute_gap": null
  }
}