{
  "model_parameters": {
    "n_dimensions": 4,
    "n_clusters": 3,
    "n_points": 13,
    "coord_range_lower": -1,
    "coord_range_upper": 1
  },
  "solution": {
    "status": "feasible",
    "center_coordinates": {
      "cluster_1": {
        "dim_1": -0.298065378641109,
        "dim_2": -0.516069032904385,
        "dim_3": -0.150420905099793,
        "dim_4": 0.595448201379526
      },
      "cluster_2": {
        "dim_1": 0.220368534672482,
        "dim_2": -0.124250562690167,
        "dim_3": -0.674771323869682,
        "dim_4": -0.570125341135772
      },
      "cluster_3": {
        "dim_1": 0.664335305793484,
        "dim_2": -0.294894758089301,
        "dim_3": 0.410094822384293,
        "dim_4": -0.216053265654812
      }
    },
    "distances": {
      "1": 0.855329067461392,
      "2": 0.369320844414084,
      "3": 1.071317948153704,
      "4": 0.477289488982312,
      "5": 0.685511948250565,
      "6": 0.231298064269752,
      "7": 0.328537418766327,
      "8": 0.667551457797304,
      "9": 0.52228793253003,
      "10": 0.176461985384451,
      "11": 0.813814723213288,
      "12": 0.252051723411235,
      "13": 0.28926448321287
    },
    "objective_value": 6.740037085847314,
    "lower_bound": 6.625359021526806,
    "upper_bound": 6.740037085847314,
    "absolute_gap": 0.11467806432050853,
    "relative_gap": 0.017308958495366355
  },
  "performance": {
    "solution_time_seconds": 300.67270040512085,
    "solver_status": "ok",
    "termination_condition": "feasible",
    "solver": "gams",
    "subsolver": "gurobi",
    "is_relaxation": false,
    "root_relaxation_value": 0.0,
    "root_relaxation_gap_percent": 100.0,
    "relaxation_gap_percent": null,
    "absolute_gap": null
  }
}