{
  "model_parameters": {
    "n_dimensions": 2,
    "n_clusters": 3,
    "n_points": 13,
    "coord_range_lower": -1,
    "coord_range_upper": 1
  },
  "solution": {
    "status": "optimal",
    "center_coordinates": {
      "cluster_1": {
        "dim_1": -0.684023255836376,
        "dim_2": 0.245412578474512
      },
      "cluster_2": {
        "dim_1": 0.415173023546171,
        "dim_2": -0.266590990899879
      },
      "cluster_3": {
        "dim_1": 0.823850460383047,
        "dim_2": 0.787493177726847
      }
    },
    "distances": {
      "1": 0.103718609586361,
      "2": 0.044920484607806,
      "3": 0.056334796914689,
      "4": 0.1097340741433,
      "5": 0.035098984021143,
      "6": 0.059180553550007,
      "7": 0.079744299248328,
      "8": 0.363345349121362,
      "9": 0.301954604788068,
      "10": 0.015676495248598,
      "11": 0.058353252624384,
      "12": 0.128364824386207,
      "13": 0.106792645854815
    },
    "objective_value": 1.463218974095068,
    "lower_bound": 1.463218974095059,
    "absolute_gap": 9.103828801926284e-15,
    "relative_gap": 6.221781539947996e-15
  },
  "performance": {
    "solution_time_seconds": 3.9104113578796387,
    "solver_status": "ok",
    "termination_condition": "optimal",
    "solver": "gams",
    "subsolver": "scip",
    "is_relaxation": false,
    "root_relaxation_value": 1.46321897409506,
    "root_relaxation_gap_percent": 5.463027693612841e-13,
    "relaxation_gap_percent": null,
    "absolute_gap": null
  }
}