{
  "model_parameters": {
    "n_dimensions": 3,
    "n_clusters": 5,
    "n_points": 15,
    "coord_range_lower": -1,
    "coord_range_upper": 1
  },
  "solution": {
    "status": "optimal",
    "center_coordinates": {
      "cluster_1": {
        "dim_1": -0.660237076191854,
        "dim_2": 0.37763627625587,
        "dim_3": 0.705838595025368
      },
      "cluster_2": {
        "dim_1": -0.651126638002249,
        "dim_2": -0.145837328244816,
        "dim_3": -0.594035591233012
      },
      "cluster_3": {
        "dim_1": -0.34444184598209,
        "dim_2": -0.775862362387372,
        "dim_3": 0.547375029801814
      },
      "cluster_4": {
        "dim_1": 0.283815921911654,
        "dim_2": 0.540574117899888,
        "dim_3": -0.520435598214974
      },
      "cluster_5": {
        "dim_1": 0.562073902090047,
        "dim_2": -0.137222570211089,
        "dim_3": 0.105800910918124
      }
    },
    "distances": {
      "1": 0.311961082345142,
      "2": 0.086844929180957,
      "3": 0.118559182528209,
      "4": 0.400882315444964,
      "5": 0.080784375148726,
      "6": 0.098017336073205,
      "7": 0.343249806228229,
      "8": 0.260506993806045,
      "9": 0.054625132881673,
      "10": 0.28250039201063,
      "11": 0.260504369323441,
      "12": 0.452071110500599,
      "13": 0.191441147741439,
      "14": 0.02329417505892,
      "15": 0.118836301917467
    },
    "objective_value": 3.084078650189646,
    "lower_bound": 0.658717624065064,
    "upper_bound": 3.084078650189646,
    "absolute_gap": 2.425361026124582,
    "relative_gap": 3.681943426922824
  },
  "performance": {
    "solution_time_seconds": 301.1080253124237,
    "solver_status": "ok",
    "termination_condition": "optimal",
    "solver": "gams",
    "subsolver": "scip",
    "is_relaxation": false,
    "root_relaxation_value": 0.658717624065064,
    "root_relaxation_gap_percent": 78.64134807247675,
    "relaxation_gap_percent": null,
    "absolute_gap": null
  }
}