{
  "model_parameters": {
    "n_dimensions": 3,
    "n_clusters": 4,
    "n_points": 11,
    "coord_range_lower": -1,
    "coord_range_upper": 1
  },
  "solution": {
    "status": "optimal",
    "center_coordinates": {
      "cluster_1": {
        "dim_1": -0.225720912657695,
        "dim_2": 0.752681222570163,
        "dim_3": -0.615321525610494
      },
      "cluster_2": {
        "dim_1": 0.228949079255756,
        "dim_2": -0.859614061549495,
        "dim_3": 0.478827514359049
      },
      "cluster_3": {
        "dim_1": 0.589584449350132,
        "dim_2": 0.079119667813575,
        "dim_3": -0.24494608881315
      },
      "cluster_4": {
        "dim_1": 0.653814743215104,
        "dim_2": 0.567388264418918,
        "dim_3": 0.585518141052846
      }
    },
    "distances": {
      "1": 0.138062572189595,
      "2": 0.191916735498932,
      "3": 0.058395591175554,
      "4": 0.514841351128344,
      "5": 0.069201102547644,
      "6": 0.058395591169405,
      "7": 0.167801035043083,
      "8": 0.152214702168766,
      "9": 0.51484135142605,
      "10": 0.148924450831227,
      "11": 0.121179350524
    },
    "objective_value": 2.1357738337025998,
    "lower_bound": 2.135773833702599,
    "upper_bound": 2.135773833702599,
    "absolute_gap": 8.881784197001252e-16,
    "relative_gap": 4.158578992235195e-16
  },
  "performance": {
    "solution_time_seconds": 112.08988833427429,
    "solver_status": "ok",
    "termination_condition": "optimal",
    "solver": "gams",
    "subsolver": "baron",
    "is_relaxation": false,
    "root_relaxation_value": 0.0,
    "root_relaxation_gap_percent": 100.0,
    "relaxation_gap_percent": null,
    "absolute_gap": null
  }
}