{
  "model_parameters": {
    "n_dimensions": 3,
    "n_clusters": 5,
    "n_points": 16,
    "coord_range_lower": -1,
    "coord_range_upper": 1
  },
  "solution": {
    "status": "optimal",
    "center_coordinates": {
      "cluster_1": {
        "dim_1": -0.610533934948157,
        "dim_2": 0.599979177792715,
        "dim_3": 0.236232673634077
      },
      "cluster_2": {
        "dim_1": -0.387612938479678,
        "dim_2": -0.80994359281327,
        "dim_3": -0.195265583997922
      },
      "cluster_3": {
        "dim_1": -0.332016017060669,
        "dim_2": 0.256539939165526,
        "dim_3": -0.63983771150756
      },
      "cluster_4": {
        "dim_1": 0.566932894070493,
        "dim_2": 0.20487726653952,
        "dim_3": -0.049563334264728
      },
      "cluster_5": {
        "dim_1": 0.732925371617357,
        "dim_2": 0.416977748847513,
        "dim_3": 0.859524392691414
      }
    },
    "distances": {
      "1": 0.130599738035927,
      "2": 0.097515836576652,
      "3": 0.14178736415182,
      "4": 0.096247327572625,
      "5": 0.24720598976915,
      "6": 0.078158884858586,
      "7": 0.291103586181245,
      "8": 0.395337510378577,
      "9": 0.090473940082528,
      "10": 0.171938517290346,
      "11": 0.078395948255574,
      "12": 0.227516111716531,
      "13": 0.127884950583306,
      "14": 0.322141851140209,
      "15": 0.323552831209638,
      "16": 0.059599044122091
    },
    "objective_value": 2.879459431924805,
    "lower_bound": 1.622601771890657,
    "absolute_gap": 1.2568576600341481,
    "relative_gap": 0.7745940389117513
  },
  "performance": {
    "solution_time_seconds": 1802.3627502918243,
    "solver_status": "ok",
    "termination_condition": "optimal",
    "solver": "gams",
    "subsolver": "scip",
    "is_relaxation": false,
    "root_relaxation_value": 1.62260177189066,
    "root_relaxation_gap_percent": 43.649083786326706,
    "relaxation_gap_percent": null,
    "absolute_gap": null
  }
}