{
  "model_parameters": {
    "n_dimensions": 3,
    "n_clusters": 3,
    "n_points": 17,
    "coord_range_lower": -1,
    "coord_range_upper": 1
  },
  "solution": {
    "status": "optimal",
    "center_coordinates": {
      "cluster_1": {
        "dim_1": -0.742484656958118,
        "dim_2": -0.230523968170608,
        "dim_3": -0.697011336419925
      },
      "cluster_2": {
        "dim_1": -0.408176841841676,
        "dim_2": 0.102663135843641,
        "dim_3": 0.741293689727161
      },
      "cluster_3": {
        "dim_1": 0.360903290550113,
        "dim_2": 0.016749063188741,
        "dim_3": -0.178347614785075
      }
    },
    "distances": {
      "1": 0.364595363066407,
      "2": 0.223561241944663,
      "3": 0.401145116259,
      "4": 0.105243955557212,
      "5": 0.163261817677134,
      "6": 0.057420126530321,
      "7": 0.555650859106988,
      "8": 0.528206928512696,
      "9": 0.631743395271759,
      "10": 0.623244542443917,
      "11": 0.687383258040914,
      "12": 0.428222977703053,
      "13": 0.335215009099571,
      "14": 0.745285428756708,
      "15": 0.265673693631441,
      "16": 0.835189280613186,
      "17": 0.274598950720959
    },
    "objective_value": 7.225641944935929,
    "lower_bound": 7.22563473867743,
    "absolute_gap": 7.206258499259377e-06,
    "relative_gap": 9.973184031412028e-07
  },
  "performance": {
    "solution_time_seconds": 431.0356628894806,
    "solver_status": "ok",
    "termination_condition": "optimal",
    "solver": "gams",
    "subsolver": "gurobi",
    "is_relaxation": false,
    "root_relaxation_value": 0.0,
    "root_relaxation_gap_percent": 100.0,
    "relaxation_gap_percent": null,
    "absolute_gap": null
  }
}