{
  "model_parameters": {
    "n_dimensions": 5,
    "n_clusters": 5,
    "n_points": 12,
    "coord_range_lower": -1,
    "coord_range_upper": 1
  },
  "solution": {
    "status": "optimal",
    "center_coordinates": {
      "cluster_1": {
        "dim_1": -0.433209486523995,
        "dim_2": 0.604767888567156,
        "dim_3": 0.464440003718462,
        "dim_4": 0.504584001711721,
        "dim_5": 0.46885085428219
      },
      "cluster_2": {
        "dim_1": -0.184436213227668,
        "dim_2": 0.510532763218983,
        "dim_3": -0.816156360104513,
        "dim_4": 0.20848270279225,
        "dim_5": 0.566276099291521
      },
      "cluster_3": {
        "dim_1": -0.075320716671226,
        "dim_2": -0.137697833898341,
        "dim_3": 0.196228166743929,
        "dim_4": 0.585679906443379,
        "dim_5": -0.755761300639336
      },
      "cluster_4": {
        "dim_1": 0.181539869258638,
        "dim_2": -0.649242242222817,
        "dim_3": 0.856212053030959,
        "dim_4": -0.512096601044244,
        "dim_5": 0.22885098148403
      },
      "cluster_5": {
        "dim_1": 0.579915309873251,
        "dim_2": 0.647921409371887,
        "dim_3": 0.624245406957294,
        "dim_4": -0.769200841152471,
        "dim_5": 0.683234086834908
      }
    },
    "distances": {
      "1": 0.532847297537912,
      "2": 0.604462805316344,
      "3": 0.438367052475224,
      "4": 0.143923746783015,
      "5": 0.534355192138907,
      "6": 0.694842787299088,
      "7": 0.511249129001698,
      "8": 0.331063008185457,
      "9": 0.0,
      "10": 0.302335398913686,
      "11": 0.10705148298403,
      "12": 0.302365561594004
    },
    "objective_value": 4.5028634622293655,
    "lower_bound": 2.360228390884709,
    "absolute_gap": 2.1426350713446567,
    "relative_gap": 0.9078083627921748
  },
  "performance": {
    "solution_time_seconds": 1800.7971081733704,
    "solver_status": "ok",
    "termination_condition": "optimal",
    "solver": "gams",
    "subsolver": "gurobi",
    "is_relaxation": false,
    "root_relaxation_value": 0.0,
    "root_relaxation_gap_percent": 100.0,
    "relaxation_gap_percent": null,
    "absolute_gap": null
  }
}