{
  "model_parameters": {
    "n_dimensions": 5,
    "n_clusters": 3,
    "n_points": 12,
    "coord_range_lower": -1,
    "coord_range_upper": 1
  },
  "solution": {
    "status": "optimal",
    "center_coordinates": {
      "cluster_1": {
        "dim_1": -0.10320586047895,
        "dim_2": 0.159839033365682,
        "dim_3": 0.384186973222456,
        "dim_4": -0.626390517018006,
        "dim_5": -0.24722961654631
      },
      "cluster_2": {
        "dim_1": 0.465297758967466,
        "dim_2": 0.413313067844238,
        "dim_3": -0.172902899903619,
        "dim_4": 0.673171368617548,
        "dim_5": -0.754698626972314
      },
      "cluster_3": {
        "dim_1": 0.618803524467384,
        "dim_2": -0.560249564452541,
        "dim_3": -0.000996974724187,
        "dim_4": 0.46342814346023,
        "dim_5": 0.292036110270505
      }
    },
    "distances": {
      "1": 0.580332538401824,
      "2": 0.327881161877937,
      "3": 1.294870003741257,
      "4": 0.733319209387703,
      "5": 0.954224952864308,
      "6": 0.658212510706421,
      "7": 0.738143249525719,
      "8": 0.340875510069577,
      "9": 0.810229881142744,
      "10": 0.665352642785874,
      "11": 0.835634934195125,
      "12": 2.571159721942819
    },
    "objective_value": 10.510236316641308,
    "lower_bound": 6.408138340909428,
    "absolute_gap": 4.10209797573188,
    "relative_gap": 0.6401387981192865
  },
  "performance": {
    "solution_time_seconds": 1801.87118434906,
    "solver_status": "ok",
    "termination_condition": "optimal",
    "solver": "gams",
    "subsolver": "scip",
    "is_relaxation": false,
    "root_relaxation_value": 6.40813834090943,
    "root_relaxation_gap_percent": 39.02955035594062,
    "relaxation_gap_percent": null,
    "absolute_gap": null
  }
}