{
  "model_parameters": {
    "n_dimensions": 5,
    "n_clusters": 3,
    "n_points": 17,
    "coord_range_lower": -1,
    "coord_range_upper": 1
  },
  "solution": {
    "status": "feasible",
    "center_coordinates": {
      "cluster_1": {
        "dim_1": -0.450196323693346,
        "dim_2": -0.162425592576759,
        "dim_3": -0.393620747507416,
        "dim_4": -0.161394495267679,
        "dim_5": 0.5978498647785
      },
      "cluster_2": {
        "dim_1": -0.227271820634269,
        "dim_2": -0.203994430105161,
        "dim_3": -0.145009827785926,
        "dim_4": 0.404235529721984,
        "dim_5": -0.694370849429505
      },
      "cluster_3": {
        "dim_1": 0.301303006520151,
        "dim_2": -0.272831922128249,
        "dim_3": 0.332745625274901,
        "dim_4": 0.863576053077669,
        "dim_5": 0.532503920910193
      }
    },
    "distances": {
      "1": 1.017005546749571,
      "2": 0.730407766527115,
      "3": 1.288067529994137,
      "4": 0.931829730533822,
      "5": 2.000770851982931,
      "6": 0.708343458147869,
      "7": 1.001211269063264,
      "8": 0.208226618578943,
      "9": 0.798511626492362,
      "10": 1.480851386592381,
      "11": 1.469123624523395,
      "12": 0.499575572886059,
      "13": 0.676125050062014,
      "14": 0.353950635631456,
      "15": 0.766486391137891,
      "16": 1.791183087141009,
      "17": 0.787115910054556
    },
    "objective_value": 16.508786056098774,
    "lower_bound": 12.217087469213181,
    "upper_bound": 16.508786056098774,
    "absolute_gap": 4.291698586885593,
    "relative_gap": 0.3512865564481378
  },
  "performance": {
    "solution_time_seconds": 300.9057366847992,
    "solver_status": "ok",
    "termination_condition": "feasible",
    "solver": "gams",
    "subsolver": "gurobi",
    "is_relaxation": false,
    "root_relaxation_value": 0.0,
    "root_relaxation_gap_percent": 100.0,
    "relaxation_gap_percent": null,
    "absolute_gap": null
  }
}