{
  "model_parameters": {
    "n_dimensions": 5,
    "n_clusters": 4,
    "n_points": 15,
    "coord_range_lower": -1,
    "coord_range_upper": 1
  },
  "solution": {
    "status": "optimal",
    "center_coordinates": {
      "cluster_1": {
        "dim_1": -0.591837077718073,
        "dim_2": 0.71137462086975,
        "dim_3": 0.041504520029546,
        "dim_4": 0.011949520729516,
        "dim_5": 0.560219794938434
      },
      "cluster_2": {
        "dim_1": -0.553288285123774,
        "dim_2": -0.576948191602025,
        "dim_3": -0.712241503032352,
        "dim_4": 0.051587260747852,
        "dim_5": 0.223049019483182
      },
      "cluster_3": {
        "dim_1": 0.452604205891193,
        "dim_2": 0.397457934052826,
        "dim_3": 0.482815778141038,
        "dim_4": 0.177160021602307,
        "dim_5": -0.361507195215516
      },
      "cluster_4": {
        "dim_1": 0.770082198891727,
        "dim_2": -0.360538488321979,
        "dim_3": -0.201517359798538,
        "dim_4": 0.088720225201183,
        "dim_5": 0.689147741335163
      }
    },
    "distances": {
      "1": 0.522683235528264,
      "2": 0.753411974590113,
      "3": 0.756730341621152,
      "4": 0.97182200888615,
      "5": 0.424433418251213,
      "6": 1.023904460873602,
      "7": 0.462892619264614,
      "8": 0.818327160697793,
      "9": 0.378498697070548,
      "10": 0.095335057873911,
      "11": 1.798758510093615,
      "12": 0.28076693736764,
      "13": 0.60896554699402,
      "14": 0.355449308407849,
      "15": 0.843983989568255
    },
    "objective_value": 10.09596326708874,
    "lower_bound": 1.391147515241893,
    "absolute_gap": 8.704815751846846,
    "relative_gap": 6.257291664955639
  },
  "performance": {
    "solution_time_seconds": 1892.7550263404846,
    "solver_status": "ok",
    "termination_condition": "optimal",
    "solver": "gams",
    "subsolver": "baron",
    "is_relaxation": false,
    "root_relaxation_value": 0.0,
    "root_relaxation_gap_percent": 100.0,
    "relaxation_gap_percent": null,
    "absolute_gap": null
  }
}