{
  "model_parameters": {
    "n_dimensions": 2,
    "n_clusters": 5,
    "n_points": 13,
    "coord_range_lower": -1,
    "coord_range_upper": 1
  },
  "solution": {
    "status": "optimal",
    "center_coordinates": {
      "cluster_1": {
        "dim_1": -0.802178381616757,
        "dim_2": 0.789253461235133
      },
      "cluster_2": {
        "dim_1": -0.672746816588202,
        "dim_2": -0.29426724202155
      },
      "cluster_3": {
        "dim_1": 0.255922159273899,
        "dim_2": -0.654959129671328
      },
      "cluster_4": {
        "dim_1": 0.566315992875309,
        "dim_2": -0.015603956612299
      },
      "cluster_5": {
        "dim_1": 0.768399333230288,
        "dim_2": 0.743541848146381
      }
    },
    "distances": {
      "1": 0.013905281586739,
      "2": 0.017842134987577,
      "3": 0.205017383304312,
      "4": 0.118136344865765,
      "5": 0.060164804063127,
      "6": 0.014131849439116,
      "7": 0.014131849439116,
      "8": 0.024039563845209,
      "9": 0.006880760881948,
      "10": 0.048929946536206,
      "11": 0.044704408154644,
      "12": 0.051604246279489,
      "13": 0.051604246279489
    },
    "objective_value": 0.671092819662737,
    "lower_bound": 0.671092819662735,
    "upper_bound": 0.671092819662735,
    "absolute_gap": 1.9984014443252818e-15,
    "relative_gap": 2.9778316587109368e-15
  },
  "performance": {
    "solution_time_seconds": 213.5954396724701,
    "solver_status": "ok",
    "termination_condition": "optimal",
    "solver": "gams",
    "subsolver": "baron",
    "is_relaxation": false,
    "root_relaxation_value": 0.0,
    "root_relaxation_gap_percent": 100.0,
    "relaxation_gap_percent": null,
    "absolute_gap": null
  }
}