{
  "model_parameters": {
    "n_dimensions": 2,
    "n_clusters": 5,
    "n_points": 15,
    "coord_range_lower": -1,
    "coord_range_upper": 1
  },
  "solution": {
    "status": "optimal",
    "center_coordinates": {
      "cluster_1": {
        "dim_1": -0.580528158419605,
        "dim_2": -0.475656955549958
      },
      "cluster_2": {
        "dim_1": -0.549656907057204,
        "dim_2": 0.346994340194182
      },
      "cluster_3": {
        "dim_1": -0.005441325670962,
        "dim_2": 0.376916402904831
      },
      "cluster_4": {
        "dim_1": 0.168221558456957,
        "dim_2": -0.442541304213963
      },
      "cluster_5": {
        "dim_1": 0.735740274687852,
        "dim_2": -0.152698691766457
      }
    },
    "distances": {
      "1": 0.041815310896513,
      "2": 0.000389621872709,
      "3": 0.058602392260707,
      "4": 0.042843097475361,
      "5": 0.03171815740045,
      "6": 0.058842956025453,
      "7": 0.041502270307453,
      "8": 0.069209060504849,
      "9": 0.052264247146869,
      "10": 0.123168110010221,
      "11": 0.068868010350209,
      "12": 0.0529029116533,
      "13": 0.032780228602231,
      "14": 0.058894643307917,
      "15": 0.005385648030939
    },
    "objective_value": 0.739186665845181,
    "lower_bound": 0.739186665845181,
    "upper_bound": 0.739186665845181,
    "absolute_gap": 0.0,
    "relative_gap": 0.0
  },
  "performance": {
    "solution_time_seconds": 66.35392642021179,
    "solver_status": "ok",
    "termination_condition": "optimal",
    "solver": "gams",
    "subsolver": "baron",
    "is_relaxation": false,
    "root_relaxation_value": 0.0,
    "root_relaxation_gap_percent": 100.0,
    "relaxation_gap_percent": null,
    "absolute_gap": null
  }
}