{
  "model_parameters": {
    "n_dimensions": 2,
    "n_clusters": 3,
    "n_points": 16,
    "coord_range_lower": -1,
    "coord_range_upper": 1
  },
  "solution": {
    "status": "optimal",
    "center_coordinates": {
      "cluster_1": {
        "dim_1": -0.585750264330048,
        "dim_2": -0.5087362623058
      },
      "cluster_2": {
        "dim_1": -0.319192889970245,
        "dim_2": 0.426343564177464
      },
      "cluster_3": {
        "dim_1": 0.687512327254412,
        "dim_2": 0.482201952836447
      }
    },
    "distances": {
      "1": 0.168013769874236,
      "2": 0.237777095735252,
      "3": 0.081377864205962,
      "4": 0.128161710880899,
      "5": 0.02037679340311,
      "6": 0.812244830584587,
      "7": 0.192735634112944,
      "8": 0.068270784826919,
      "9": 0.151892882281097,
      "10": 0.096799212854487,
      "11": 0.014029855774676,
      "12": 0.223376356588421,
      "13": 0.078581882488829,
      "14": 0.168595205056973,
      "15": 0.214559892895121,
      "16": 0.220896413537297
    },
    "objective_value": 2.87769018510081,
    "lower_bound": 2.877690185100809,
    "upper_bound": 2.877690185100809,
    "absolute_gap": 8.881784197001252e-16,
    "relative_gap": 3.0864282204479605e-16
  },
  "performance": {
    "solution_time_seconds": 75.14657711982727,
    "solver_status": "ok",
    "termination_condition": "optimal",
    "solver": "gams",
    "subsolver": "baron",
    "is_relaxation": false,
    "root_relaxation_value": 0.0,
    "root_relaxation_gap_percent": 100.0,
    "relaxation_gap_percent": null,
    "absolute_gap": null
  }
}