{
  "model_parameters": {
    "n_dimensions": 5,
    "n_clusters": 5,
    "n_points": 16,
    "coord_range_lower": -1,
    "coord_range_upper": 1
  },
  "solution": {
    "status": "optimal",
    "center_coordinates": {
      "cluster_1": {
        "dim_1": -0.443716827876457,
        "dim_2": 0.609498617281341,
        "dim_3": 0.660847445425424,
        "dim_4": 0.763105965846271,
        "dim_5": 0.444249605777778
      },
      "cluster_2": {
        "dim_1": -0.443716827876457,
        "dim_2": -0.25713953701234,
        "dim_3": -0.375085540780918,
        "dim_4": -0.346687791008811,
        "dim_5": -0.473222409036738
      },
      "cluster_3": {
        "dim_1": -0.052112760468979,
        "dim_2": 0.706726008829342,
        "dim_3": 0.140963353048097,
        "dim_4": -0.079323018160964,
        "dim_5": 0.68591044307702
      },
      "cluster_4": {
        "dim_1": -0.052112760468979,
        "dim_2": -0.60136327701825,
        "dim_3": 0.270779038110187,
        "dim_4": 0.438020654731758,
        "dim_5": 0.568167232938326
      },
      "cluster_5": {
        "dim_1": 0.768331895626232,
        "dim_2": 0.577045007977018,
        "dim_3": 0.487697073226289,
        "dim_4": 0.124169845418647,
        "dim_5": -0.616848960058018
      }
    },
    "distances": {
      "1": 1.141515953851974,
      "2": 0.169700567435907,
      "3": 0.530999801571708,
      "4": 0.18498289053427,
      "5": 0.702975889958357,
      "6": 0.4069803223515,
      "7": 0.441611367487325,
      "8": 0.391504886117702,
      "9": 0.369320829474987,
      "10": 0.35579694435805,
      "11": 1.159736367881036,
      "12": 0.412285148594055,
      "13": 0.865413677199906,
      "14": 0.396414061606651,
      "15": 0.169011983145919,
      "16": 0.670850220781625
    },
    "objective_value": 8.369100912350971,
    "lower_bound": 0.0,
    "upper_bound": 8.369100912350973,
    "absolute_gap": 8.369100912350971,
    "relative_gap": null
  },
  "performance": {
    "solution_time_seconds": 301.63849925994873,
    "solver_status": "ok",
    "termination_condition": "optimal",
    "solver": "gams",
    "subsolver": "baron",
    "is_relaxation": false,
    "root_relaxation_value": 0.0,
    "root_relaxation_gap_percent": 100.0,
    "relaxation_gap_percent": null,
    "absolute_gap": null
  }
}