{
  "model_parameters": {
    "n_dimensions": 5,
    "n_clusters": 3,
    "n_points": 11,
    "coord_range_lower": -1,
    "coord_range_upper": 1
  },
  "solution": {
    "status": "optimal",
    "center_coordinates": {
      "cluster_1": {
        "dim_1": -0.548309326171038,
        "dim_2": -0.112767855527234,
        "dim_3": 0.166959387798206,
        "dim_4": -0.06143511161524,
        "dim_5": -0.683322896119603
      },
      "cluster_2": {
        "dim_1": -0.277590069169614,
        "dim_2": -0.258158093648787,
        "dim_3": -0.155840911314664,
        "dim_4": 0.388555541714315,
        "dim_5": 0.240655284921131
      },
      "cluster_3": {
        "dim_1": 0.852874323709676,
        "dim_2": -0.69605502826724,
        "dim_3": 0.841308593760319,
        "dim_4": -0.242829571350463,
        "dim_5": 0.021204989243303
      }
    },
    "distances": {
      "1": 0.952157512291593,
      "2": 1.031397873836895,
      "3": 0.743855399554169,
      "4": 0.731806005752416,
      "5": 1.066762529016712,
      "6": 0.550842207172262,
      "7": 0.596912565812428,
      "8": 3.07328500684331,
      "9": 1.003928768478814,
      "10": 0.103051781512979,
      "11": 0.744999777698287
    },
    "objective_value": 10.598999427969865,
    "lower_bound": 3.246723755644439,
    "upper_bound": 10.598999427969868,
    "absolute_gap": 7.352275672325426,
    "relative_gap": 2.264521476317002
  },
  "performance": {
    "solution_time_seconds": 301.0051038265228,
    "solver_status": "ok",
    "termination_condition": "optimal",
    "solver": "gams",
    "subsolver": "scip",
    "is_relaxation": false,
    "root_relaxation_value": 3.24672375564444,
    "root_relaxation_gap_percent": 69.36763910868218,
    "relaxation_gap_percent": null,
    "absolute_gap": null
  }
}