{
  "model_parameters": {
    "n_dimensions": 5,
    "n_clusters": 4,
    "n_points": 16,
    "coord_range_lower": -1,
    "coord_range_upper": 1
  },
  "solution": {
    "status": "optimal",
    "center_coordinates": {
      "cluster_1": {
        "dim_1": -0.636869563828765,
        "dim_2": 0.168304260864229,
        "dim_3": 0.546836373143875,
        "dim_4": -0.620909944808213,
        "dim_5": -0.729884985651889
      },
      "cluster_2": {
        "dim_1": -0.179874945751088,
        "dim_2": -0.530620667987067,
        "dim_3": 0.148115957427094,
        "dim_4": 0.300879022964201,
        "dim_5": -0.237195976116645
      },
      "cluster_3": {
        "dim_1": 0.154489772257505,
        "dim_2": 0.412934371580204,
        "dim_3": 0.296662145517415,
        "dim_4": -0.831467283265917,
        "dim_5": 0.454562440012734
      },
      "cluster_4": {
        "dim_1": 0.483763924432984,
        "dim_2": 0.775002894442133,
        "dim_3": -0.224239024275181,
        "dim_4": 0.423955904726987,
        "dim_5": -0.498483417020389
      }
    },
    "distances": {
      "1": 0.822239092761637,
      "2": 1.074738701733374,
      "3": 0.255996050311511,
      "4": 1.154727144104015,
      "5": 0.397081134559605,
      "6": 0.985136002868632,
      "7": 0.729797526031154,
      "8": 0.800248054019467,
      "9": 0.423194046678924,
      "10": 0.373580169105229,
      "11": 0.614480339680403,
      "12": 1.25876539113346,
      "13": 0.340394306629715,
      "14": 0.260512853231744,
      "15": 0.759591505830098,
      "16": 0.489449014786465
    },
    "objective_value": 10.739931333465433,
    "lower_bound": 0.966786419776272,
    "absolute_gap": 9.773144913689162,
    "relative_gap": 10.108897594931882
  },
  "performance": {
    "solution_time_seconds": 1801.74667429924,
    "solver_status": "ok",
    "termination_condition": "optimal",
    "solver": "gams",
    "subsolver": "scip",
    "is_relaxation": false,
    "root_relaxation_value": 0.966786419776272,
    "root_relaxation_gap_percent": 90.9982066946389,
    "relaxation_gap_percent": null,
    "absolute_gap": null
  }
}