{
  "model_parameters": {
    "n_dimensions": 5,
    "n_clusters": 4,
    "n_points": 12,
    "coord_range_lower": -1,
    "coord_range_upper": 1
  },
  "solution": {
    "status": "optimal",
    "center_coordinates": {
      "cluster_1": {
        "dim_1": -0.780758572075104,
        "dim_2": -0.801284334425686,
        "dim_3": 0.717767795595404,
        "dim_4": -0.375350170478775,
        "dim_5": -0.628472256537607
      },
      "cluster_2": {
        "dim_1": -0.11150084882667,
        "dim_2": -0.556561785231184,
        "dim_3": -0.747864689856032,
        "dim_4": 0.256773424803587,
        "dim_5": 0.429651082331776
      },
      "cluster_3": {
        "dim_1": 0.132226750172662,
        "dim_2": -0.830636219579265,
        "dim_3": 0.516289489434531,
        "dim_4": -0.107384053282496,
        "dim_5": 0.531456617136777
      },
      "cluster_4": {
        "dim_1": 0.350614114699847,
        "dim_2": 0.430342979338035,
        "dim_3": -0.145817550408191,
        "dim_4": -0.288324974570393,
        "dim_5": -0.628052962459663
      }
    },
    "distances": {
      "1": 0.313204382966366,
      "2": 0.210453464498144,
      "3": 0.156055409293283,
      "4": 0.422637260040961,
      "5": 0.313201913272137,
      "6": 1.007265411905004,
      "7": 1.005601945615538,
      "8": 0.82727322685648,
      "9": 0.454018088603648,
      "10": 1.575888754771315,
      "11": 0.804330147991083,
      "12": 0.610821075694355
    },
    "objective_value": 7.700751081508314,
    "lower_bound": 7.700751087071519,
    "upper_bound": 7.700751081508315,
    "absolute_gap": -5.563205007774741e-09,
    "relative_gap": -7.224236889197187e-10
  },
  "performance": {
    "solution_time_seconds": 97.04898619651794,
    "solver_status": "ok",
    "termination_condition": "optimal",
    "solver": "gams",
    "subsolver": "gurobi",
    "is_relaxation": false,
    "root_relaxation_value": 0.0,
    "root_relaxation_gap_percent": 100.0,
    "relaxation_gap_percent": null,
    "absolute_gap": null
  }
}