{
  "model_parameters": {
    "n_dimensions": 5,
    "n_clusters": 5,
    "n_points": 13,
    "coord_range_lower": -1,
    "coord_range_upper": 1
  },
  "solution": {
    "status": "feasible",
    "center_coordinates": {
      "cluster_1": {
        "dim_1": -0.411210966690303,
        "dim_2": 0.700585679941502,
        "dim_3": 0.815210744979087,
        "dim_4": 0.3517855413325,
        "dim_5": 0.446478771124743
      },
      "cluster_2": {
        "dim_1": -0.283261159184828,
        "dim_2": -0.49542793816692,
        "dim_3": -0.206054309276892,
        "dim_4": 0.204421014452327,
        "dim_5": -0.656992813938417
      },
      "cluster_3": {
        "dim_1": -0.283261159012218,
        "dim_2": 0.700320727770915,
        "dim_3": -0.41166058205065,
        "dim_4": 0.310931134436516,
        "dim_5": 0.526572519637
      },
      "cluster_4": {
        "dim_1": -0.033842071576238,
        "dim_2": -0.495254253334697,
        "dim_3": 0.386920763599471,
        "dim_4": -0.688571167078956,
        "dim_5": 0.292637547223779
      },
      "cluster_5": {
        "dim_1": 0.561278122244308,
        "dim_2": -0.321378347738595,
        "dim_3": -0.30651028470436,
        "dim_4": 0.411962041383328,
        "dim_5": 0.119876483797843
      }
    },
    "distances": {
      "1": 0.464308178387077,
      "2": 0.267453514820971,
      "3": 0.212052974049016,
      "4": 0.285916108188846,
      "5": 0.651712534850604,
      "6": 0.525195734462421,
      "7": 0.382461810776307,
      "8": 0.163338314286284,
      "9": 0.190711398476651,
      "10": 0.285888084860142,
      "11": 0.212052444247933,
      "12": 0.656865282226608,
      "13": 0.661359532070361
    },
    "objective_value": 4.959315911703221,
    "lower_bound": 2.152916068453565,
    "upper_bound": 4.959315911703221,
    "absolute_gap": 2.8063998432496557,
    "relative_gap": 1.3035342549444981
  },
  "performance": {
    "solution_time_seconds": 300.9260048866272,
    "solver_status": "ok",
    "termination_condition": "feasible",
    "solver": "gams",
    "subsolver": "gurobi",
    "is_relaxation": false,
    "root_relaxation_value": 0.0,
    "root_relaxation_gap_percent": 100.0,
    "relaxation_gap_percent": null,
    "absolute_gap": null
  }
}