{
  "model_parameters": {
    "n_dimensions": 2,
    "n_clusters": 3,
    "n_points": 17,
    "coord_range_lower": -1,
    "coord_range_upper": 1
  },
  "solution": {
    "status": "optimal",
    "center_coordinates": {
      "cluster_1": {
        "dim_1": -0.740878185515509,
        "dim_2": -0.677888073074405
      },
      "cluster_2": {
        "dim_1": -0.336902533939145,
        "dim_2": 0.480849023048013
      },
      "cluster_3": {
        "dim_1": 0.450692492932976,
        "dim_2": -0.397922598497159
      }
    },
    "distances": {
      "1": 0.672536576530188,
      "2": 0.198180043665167,
      "3": 0.007595391694359,
      "4": 0.131255341246907,
      "5": 0.053263185386063,
      "6": 0.313427849786933,
      "7": 0.102904469011363,
      "8": 0.08198837912949,
      "9": 0.120455999797731,
      "10": 0.071788646897248,
      "11": 0.155205433028761,
      "12": 0.17045094403004,
      "13": 0.029830698344014,
      "14": 0.048403345119627,
      "15": 0.179572714835833,
      "16": 0.237541832675517,
      "17": 0.255439137439415
    },
    "objective_value": 2.829839988618656,
    "lower_bound": 2.829839988618655,
    "upper_bound": 2.829839988618655,
    "absolute_gap": 8.881784197001252e-16,
    "relative_gap": 3.138617106522961e-16
  },
  "performance": {
    "solution_time_seconds": 33.62111806869507,
    "solver_status": "ok",
    "termination_condition": "optimal",
    "solver": "gams",
    "subsolver": "scip",
    "is_relaxation": false,
    "root_relaxation_value": 2.82983998861866,
    "root_relaxation_gap_percent": 1.412377697935332e-13,
    "relaxation_gap_percent": null,
    "absolute_gap": null
  }
}