{
  "model_parameters": {
    "n_dimensions": 3,
    "n_clusters": 4,
    "n_points": 12,
    "coord_range_lower": -1,
    "coord_range_upper": 1
  },
  "solution": {
    "status": "optimal",
    "center_coordinates": {
      "cluster_1": {
        "dim_1": -0.559496905742555,
        "dim_2": 0.17534551494909,
        "dim_3": 0.354679739365472
      },
      "cluster_2": {
        "dim_1": -0.103795330471484,
        "dim_2": 0.831169854677372,
        "dim_3": -0.450155973609955
      },
      "cluster_3": {
        "dim_1": 0.477118718619874,
        "dim_2": -0.451204389560314,
        "dim_3": -0.457733120138167
      },
      "cluster_4": {
        "dim_1": 0.620779044642094,
        "dim_2": -0.092357758087761,
        "dim_3": 0.89577419567263
      }
    },
    "distances": {
      "1": 0.020121414593465,
      "2": 0.367135568891476,
      "3": 0.293544613129189,
      "4": 0.179935462860321,
      "5": 0.136757765532316,
      "6": 0.057362620478309,
      "7": 0.238091206584077,
      "8": 0.089900108068282,
      "9": 0.057259403693392,
      "10": 0.192195717364545,
      "11": 0.468380320729352,
      "12": 0.057258938725895
    },
    "objective_value": 2.157943140650619,
    "lower_bound": 2.157943117324294,
    "upper_bound": 2.157943140650618,
    "absolute_gap": 2.3326325315764507e-08,
    "relative_gap": 1.0809518160370975e-08
  },
  "performance": {
    "solution_time_seconds": 3.1966984272003174,
    "solver_status": "ok",
    "termination_condition": "optimal",
    "solver": "gams",
    "subsolver": "gurobi",
    "is_relaxation": false,
    "root_relaxation_value": 0.0,
    "root_relaxation_gap_percent": 100.0,
    "relaxation_gap_percent": null,
    "absolute_gap": null
  }
}