{
  "model_parameters": {
    "n_dimensions": 3,
    "n_clusters": 5,
    "n_points": 14,
    "coord_range_lower": -1,
    "coord_range_upper": 1
  },
  "solution": {
    "status": "optimal",
    "center_coordinates": {
      "cluster_1": {
        "dim_1": -0.929359847677175,
        "dim_2": -0.241639280152952,
        "dim_3": -0.664871598513535
      },
      "cluster_2": {
        "dim_1": -0.422011024535578,
        "dim_2": 0.765952598244931,
        "dim_3": 0.604282940066445
      },
      "cluster_3": {
        "dim_1": -0.12097566366659,
        "dim_2": -0.264973799462633,
        "dim_3": 0.309327216249697
      },
      "cluster_4": {
        "dim_1": 0.469473330325829,
        "dim_2": 0.001155916255512,
        "dim_3": -0.421378263654755
      },
      "cluster_5": {
        "dim_1": 0.93190276330917,
        "dim_2": -0.504292698437871,
        "dim_3": 0.359670259101005
      }
    },
    "distances": {
      "1": 0.297818767069938,
      "2": 0.0,
      "3": 0.346126053998607,
      "4": 0.152656749456559,
      "5": 0.149515518627376,
      "6": 0.056160504485819,
      "7": 4.73077748e-07,
      "8": 0.149478687070826,
      "9": 0.094332087747872,
      "10": 0.188758458481943,
      "11": 0.08328743178041,
      "12": 0.191909269577767,
      "13": 0.068326086857736,
      "14": 0.334724129541085
    },
    "objective_value": 2.113094217773686,
    "lower_bound": 1.621332960548784,
    "absolute_gap": 0.49176125722490194,
    "relative_gap": 0.3033067662168861
  },
  "performance": {
    "solution_time_seconds": 1801.479166984558,
    "solver_status": "ok",
    "termination_condition": "optimal",
    "solver": "gams",
    "subsolver": "scip",
    "is_relaxation": false,
    "root_relaxation_value": 1.62133296054878,
    "root_relaxation_gap_percent": 23.27209326913098,
    "relaxation_gap_percent": null,
    "absolute_gap": null
  }
}