{
  "model_parameters": {
    "n_dimensions": 4,
    "n_clusters": 4,
    "n_points": 10,
    "coord_range_lower": -1,
    "coord_range_upper": 1
  },
  "solution": {
    "status": "optimal",
    "center_coordinates": {
      "cluster_1": {
        "dim_1": -0.997515576719339,
        "dim_2": 0.934593300285353,
        "dim_3": -0.765188483752556,
        "dim_4": 0.097111724004887
      },
      "cluster_2": {
        "dim_1": -0.510291428365134,
        "dim_2": -0.187927873886925,
        "dim_3": 0.279718816220814,
        "dim_4": -0.582609502095994
      },
      "cluster_3": {
        "dim_1": -0.143798119949632,
        "dim_2": -0.408315208916563,
        "dim_3": 0.024433821902115,
        "dim_4": 0.608486582655534
      },
      "cluster_4": {
        "dim_1": 0.433981242612347,
        "dim_2": 0.598233071798303,
        "dim_3": -0.260086307870891,
        "dim_4": -0.817102580770623
      }
    },
    "distances": {
      "1": 0.538491218093401,
      "2": 0.569395097131009,
      "3": 0.475778645046145,
      "4": 0.106372752030319,
      "5": 0.0,
      "6": 0.323634251234022,
      "7": 0.102704520995722,
      "8": 0.750922181628606,
      "9": 0.588412225696993,
      "10": 0.317425133663066
    },
    "objective_value": 3.773136025519283,
    "lower_bound": 3.773125881136811,
    "absolute_gap": 1.014438247226579e-05,
    "relative_gap": 2.6885883990728062e-06
  },
  "performance": {
    "solution_time_seconds": 1801.4177191257477,
    "solver_status": "ok",
    "termination_condition": "optimal",
    "solver": "gams",
    "subsolver": "scip",
    "is_relaxation": false,
    "root_relaxation_value": 3.77312588113681,
    "root_relaxation_gap_percent": 0.0002688581170820056,
    "relaxation_gap_percent": null,
    "absolute_gap": null
  }
}