{
  "model_parameters": {
    "n_dimensions": 3,
    "n_clusters": 4,
    "n_points": 11,
    "coord_range_lower": -1,
    "coord_range_upper": 1
  },
  "solution": {
    "status": "optimal",
    "center_coordinates": {
      "cluster_1": {
        "dim_1": -0.225592770536395,
        "dim_2": 0.752926041438265,
        "dim_3": -0.615561537963442
      },
      "cluster_2": {
        "dim_1": 0.229453326813095,
        "dim_2": -0.859525424863768,
        "dim_3": 0.478550559085923
      },
      "cluster_3": {
        "dim_1": 0.589281309403591,
        "dim_2": 0.079169877431089,
        "dim_3": -0.245138514311113
      },
      "cluster_4": {
        "dim_1": 0.653980842818265,
        "dim_2": 0.567476013295449,
        "dim_3": 0.585709283838055
      }
    },
    "distances": {
      "1": 0.138243609430857,
      "2": 0.192160187214952,
      "3": 0.05840208802023,
      "4": 0.515422441655713,
      "5": 0.069031635779005,
      "6": 0.058388635511761,
      "7": 0.167930233783534,
      "8": 0.152202343557847,
      "9": 0.514259089990598,
      "10": 0.148797920725552,
      "11": 0.120932214966618
    },
    "objective_value": 2.135770400636667,
    "lower_bound": 2.13577040063666,
    "upper_bound": 2.135770400636666,
    "absolute_gap": 7.105427357601002e-15,
    "relative_gap": 3.326868541432599e-15
  },
  "performance": {
    "solution_time_seconds": 21.216251373291016,
    "solver_status": "ok",
    "termination_condition": "optimal",
    "solver": "gams",
    "subsolver": "scip",
    "is_relaxation": false,
    "root_relaxation_value": 2.13577040063666,
    "root_relaxation_gap_percent": 3.326868541432588e-13,
    "relaxation_gap_percent": null,
    "absolute_gap": null
  }
}