{
  "model_parameters": {
    "n_dimensions": 4,
    "n_clusters": 3,
    "n_points": 17,
    "coord_range_lower": -1,
    "coord_range_upper": 1
  },
  "solution": {
    "status": "optimal",
    "center_coordinates": {
      "cluster_1": {
        "dim_1": -0.356301658256779,
        "dim_2": 0.004630913890159,
        "dim_3": -0.558015031021045,
        "dim_4": 0.439316886840855
      },
      "cluster_2": {
        "dim_1": -0.055510251996161,
        "dim_2": 0.389230331399831,
        "dim_3": 0.841260560503518,
        "dim_4": 0.083059776690276
      },
      "cluster_3": {
        "dim_1": 0.32154401343239,
        "dim_2": 0.160841872949332,
        "dim_3": -0.128801021509256,
        "dim_4": -0.193990069692615
      }
    },
    "distances": {
      "1": 0.591357223749566,
      "2": 0.802385648485422,
      "3": 1.003356096922031,
      "4": 0.669713752457234,
      "5": 0.507560847137146,
      "6": 0.190232449387651,
      "7": 0.102785134396578,
      "8": 0.092003175422401,
      "9": 0.674058702397505,
      "10": 0.613140757323448,
      "11": 0.141843584951653,
      "12": 0.668251196861587,
      "13": 0.421665185747891,
      "14": 0.635198254878019,
      "15": 0.569876290447938,
      "16": 0.308174289817242,
      "17": 0.268702104326462
    },
    "objective_value": 8.260304694709774,
    "lower_bound": 8.07117910601569,
    "absolute_gap": 0.18912558869408436,
    "relative_gap": 0.023432213089302337
  },
  "performance": {
    "solution_time_seconds": 1800.3063645362854,
    "solver_status": "ok",
    "termination_condition": "optimal",
    "solver": "gams",
    "subsolver": "gurobi",
    "is_relaxation": false,
    "root_relaxation_value": 0.0,
    "root_relaxation_gap_percent": 100.0,
    "relaxation_gap_percent": null,
    "absolute_gap": null
  }
}