{
  "model_parameters": {
    "n_dimensions": 2,
    "n_clusters": 5,
    "n_points": 16,
    "coord_range_lower": -1,
    "coord_range_upper": 1
  },
  "solution": {
    "status": "optimal",
    "center_coordinates": {
      "cluster_1": {
        "dim_1": -0.883904966921316,
        "dim_2": -0.610903349245198
      },
      "cluster_2": {
        "dim_1": -0.237976143309056,
        "dim_2": 0.450294827584193
      },
      "cluster_3": {
        "dim_1": 0.335603208475756,
        "dim_2": 0.022983907172633
      },
      "cluster_4": {
        "dim_1": 0.335603208475756,
        "dim_2": -0.828700206387518
      },
      "cluster_5": {
        "dim_1": 0.587879198229275,
        "dim_2": 0.621241842479538
      }
    },
    "distances": {
      "1": 0.024675112890033,
      "2": 0.094609415963807,
      "3": 0.063402542678898,
      "4": 0.02467513982706,
      "5": 0.003741635565178,
      "6": 0.145638040568392,
      "7": 0.008088428650263,
      "8": 0.073389591654588,
      "9": 0.041452100489881,
      "10": 0.006852505681183,
      "11": 0.064320122886257,
      "12": 0.268727390155735,
      "13": 0.033307892354304,
      "14": 0.003687343612147,
      "15": 0.073372862401064,
      "16": 0.174643600437152
    },
    "objective_value": 1.1045837258159419,
    "lower_bound": 1.104583725815941,
    "absolute_gap": 8.881784197001252e-16,
    "relative_gap": 8.040842888971951e-16
  },
  "performance": {
    "solution_time_seconds": 26.248273611068726,
    "solver_status": "ok",
    "termination_condition": "optimal",
    "solver": "gams",
    "subsolver": "baron",
    "is_relaxation": false,
    "root_relaxation_value": 0.0,
    "root_relaxation_gap_percent": 100.0,
    "relaxation_gap_percent": null,
    "absolute_gap": null
  }
}