{
  "model_parameters": {
    "n_dimensions": 5,
    "n_clusters": 5,
    "n_points": 16,
    "coord_range_lower": -1,
    "coord_range_upper": 1
  },
  "solution": {
    "status": "optimal",
    "center_coordinates": {
      "cluster_1": {
        "dim_1": -0.731860077122027,
        "dim_2": 0.00631789514827,
        "dim_3": -0.358872079691624,
        "dim_4": -0.762903708182437,
        "dim_5": -0.44528223569285
      },
      "cluster_2": {
        "dim_1": -0.43314747508952,
        "dim_2": 0.350403742227724,
        "dim_3": 0.579135424838233,
        "dim_4": 0.67364986074876,
        "dim_5": 0.468149740479202
      },
      "cluster_3": {
        "dim_1": -0.219094587907867,
        "dim_2": -0.655818274888289,
        "dim_3": -0.300929643777985,
        "dim_4": 0.107574841056285,
        "dim_5": -0.110822445662628
      },
      "cluster_4": {
        "dim_1": 0.289342466966085,
        "dim_2": 0.87564003350852,
        "dim_3": 0.104156305103837,
        "dim_4": -0.234617310679089,
        "dim_5": 0.734038618409286
      },
      "cluster_5": {
        "dim_1": 0.768321686648599,
        "dim_2": 0.577042084959942,
        "dim_3": 0.487690767543414,
        "dim_4": 0.124170004938995,
        "dim_5": -0.616843231139787
      }
    },
    "distances": {
      "1": 0.668365299192642,
      "2": 0.076157687915603,
      "3": 0.505559570374137,
      "4": 0.331374383300702,
      "5": 0.202674463265751,
      "6": 0.406984236705825,
      "7": 0.370314742138957,
      "8": 0.596784671905787,
      "9": 0.504781281527795,
      "10": 0.202674641695796,
      "11": 0.588819189484745,
      "12": 0.734011870822299,
      "13": 0.657828453080088,
      "14": 0.396419732085249,
      "15": 0.074806786432467,
      "16": 0.670840622230839
    },
    "objective_value": 6.988397632158682,
    "lower_bound": 6.988397632158681,
    "absolute_gap": 8.881784197001252e-16,
    "relative_gap": 1.2709328610795882e-16
  },
  "performance": {
    "solution_time_seconds": 927.4768447875977,
    "solver_status": "ok",
    "termination_condition": "optimal",
    "solver": "gams",
    "subsolver": "baron",
    "is_relaxation": false,
    "root_relaxation_value": 1.5506,
    "root_relaxation_gap_percent": 77.8117948975232,
    "relaxation_gap_percent": null,
    "absolute_gap": null
  }
}