{
  "model_parameters": {
    "n_dimensions": 4,
    "n_clusters": 4,
    "n_points": 14,
    "coord_range_lower": -1,
    "coord_range_upper": 1
  },
  "solution": {
    "status": "optimal",
    "center_coordinates": {
      "cluster_1": {
        "dim_1": -0.78845696108816,
        "dim_2": 0.828534030726177,
        "dim_3": -0.907951388293892,
        "dim_4": -0.542698737835625
      },
      "cluster_2": {
        "dim_1": -0.545563127138756,
        "dim_2": -0.18429959135034,
        "dim_3": 0.521394926358968,
        "dim_4": 0.844921164245621
      },
      "cluster_3": {
        "dim_1": 0.169998986127797,
        "dim_2": 0.317876909861196,
        "dim_3": 0.824933156092003,
        "dim_4": -0.370546567113706
      },
      "cluster_4": {
        "dim_1": 0.826385362692129,
        "dim_2": -0.166252996904943,
        "dim_3": -0.20768919506547,
        "dim_4": 0.014115891806623
      }
    },
    "distances": {
      "1": 0.428284319293159,
      "2": 0.209026098772194,
      "3": 0.200594309221204,
      "4": 0.597428031310611,
      "5": 0.455887581931944,
      "6": 0.893376551811399,
      "7": 1.144090134450475,
      "8": 0.333484124312632,
      "9": 0.658932302596879,
      "10": 0.364373279401705,
      "11": 0.401181584227654,
      "12": 0.441303961103565,
      "13": 0.209026098607654,
      "14": 0.984234044209351
    },
    "objective_value": 7.321222421250426,
    "lower_bound": 2.401051655225738,
    "upper_bound": 7.321222421250426,
    "absolute_gap": 4.920170766024688,
    "relative_gap": 2.0491732259554873
  },
  "performance": {
    "solution_time_seconds": 301.5980808734894,
    "solver_status": "ok",
    "termination_condition": "optimal",
    "solver": "gams",
    "subsolver": "baron",
    "is_relaxation": false,
    "root_relaxation_value": 0.799507,
    "root_relaxation_gap_percent": 89.07959690338913,
    "relaxation_gap_percent": null,
    "absolute_gap": null
  }
}