{
  "model_parameters": {
    "n_dimensions": 2,
    "n_clusters": 4,
    "n_points": 16,
    "coord_range_lower": -1,
    "coord_range_upper": 1
  },
  "solution": {
    "status": "optimal",
    "center_coordinates": {
      "cluster_1": {
        "dim_1": -0.708971773494595,
        "dim_2": 0.161081817243628
      },
      "cluster_2": {
        "dim_1": -0.680231624445013,
        "dim_2": -0.447428166104379
      },
      "cluster_3": {
        "dim_1": 0.286539158570682,
        "dim_2": 0.721453797135333
      },
      "cluster_4": {
        "dim_1": 0.630721788566768,
        "dim_2": 0.042117351512355
      }
    },
    "distances": {
      "1": 0.059099491638346,
      "2": 0.026925547342384,
      "3": 0.043246597982592,
      "4": 0.207924739961557,
      "5": 0.032040249623513,
      "6": 0.08182878739644,
      "7": 0.363677465236176,
      "8": 0.027354217083067,
      "9": 0.09909976434549,
      "10": 0.089993703916489,
      "11": 0.003621188354129,
      "12": 0.251292904305822,
      "13": 0.004010110573397,
      "14": 0.042969209207331,
      "15": 0.135679885198378,
      "16": 0.028160153590456
    },
    "objective_value": 1.496924015755567,
    "lower_bound": 1.496922522482534,
    "upper_bound": 1.496924015755566,
    "absolute_gap": 1.4932730330041721e-06,
    "relative_gap": 9.975620050980933e-07
  },
  "performance": {
    "solution_time_seconds": 245.89777517318726,
    "solver_status": "ok",
    "termination_condition": "optimal",
    "solver": "gams",
    "subsolver": "gurobi",
    "is_relaxation": false,
    "root_relaxation_value": 0.0,
    "root_relaxation_gap_percent": 100.0,
    "relaxation_gap_percent": null,
    "absolute_gap": null
  }
}