{
  "model_parameters": {
    "n_dimensions": 5,
    "n_clusters": 4,
    "n_points": 16,
    "coord_range_lower": -1,
    "coord_range_upper": 1
  },
  "solution": {
    "status": "optimal",
    "center_coordinates": {
      "cluster_1": {
        "dim_1": -0.760238589505584,
        "dim_2": 0.488277228144843,
        "dim_3": 0.277370375371765,
        "dim_4": -0.655242919921875,
        "dim_5": -0.4398193359375
      },
      "cluster_2": {
        "dim_1": -0.2303466796875,
        "dim_2": -0.486703422650775,
        "dim_3": 0.270036011149917,
        "dim_4": 0.4837646484375,
        "dim_5": -0.357467651367188
      },
      "cluster_3": {
        "dim_1": 0.226507340151427,
        "dim_2": -0.0670166015625,
        "dim_3": 0.385075442779638,
        "dim_4": -0.723566732253461,
        "dim_5": 0.180084815473422
      },
      "cluster_4": {
        "dim_1": 0.484232406971051,
        "dim_2": 0.77490234375,
        "dim_3": -0.224212646484375,
        "dim_4": 0.4237060546875,
        "dim_5": -0.4984130859375
      }
    },
    "distances": {
      "1": 0.868309261313864,
      "2": 1.06262192745544,
      "3": 0.912515100580649,
      "4": 0.765392559941542,
      "5": 0.175338976428701,
      "6": 0.814465708107552,
      "7": 0.844895366771567,
      "8": 0.799879066495081,
      "9": 0.42365960448587,
      "10": 0.373482129960154,
      "11": 0.487867842967044,
      "12": 1.95098514936598,
      "13": 0.538220043011022,
      "14": 0.659252613356782,
      "15": 0.653784439987761,
      "16": 0.382142774853301
    },
    "objective_value": 11.71281256508231,
    "lower_bound": 0.311617579629387,
    "upper_bound": 11.712812565082311,
    "absolute_gap": 11.401194985452923,
    "relative_gap": 36.587136704587046
  },
  "performance": {
    "solution_time_seconds": 301.1684875488281,
    "solver_status": "ok",
    "termination_condition": "optimal",
    "solver": "gams",
    "subsolver": "scip",
    "is_relaxation": false,
    "root_relaxation_value": 0.311617579629387,
    "root_relaxation_gap_percent": 97.3395153563853,
    "relaxation_gap_percent": null,
    "absolute_gap": null
  }
}