{
  "model_parameters": {
    "n_dimensions": 4,
    "n_clusters": 5,
    "n_points": 11,
    "coord_range_lower": -1,
    "coord_range_upper": 1
  },
  "solution": {
    "status": "optimal",
    "center_coordinates": {
      "cluster_1": {
        "dim_1": -0.226336787930323,
        "dim_2": -0.181669041115439,
        "dim_3": -0.722822823155694,
        "dim_4": -0.873977592123604
      },
      "cluster_2": {
        "dim_1": -0.214492335506718,
        "dim_2": 0.156165416946418,
        "dim_3": -0.486065759823751,
        "dim_4": 0.419300411883701
      },
      "cluster_3": {
        "dim_1": 0.006905980761085,
        "dim_2": 0.941631112913482,
        "dim_3": 0.546597233263302,
        "dim_4": -0.804862261985835
      },
      "cluster_4": {
        "dim_1": 0.732474664021359,
        "dim_2": 0.572889422495832,
        "dim_3": -0.413237311705505,
        "dim_4": 0.524587086076551
      },
      "cluster_5": {
        "dim_1": 0.766648072650566,
        "dim_2": -0.545732707823433,
        "dim_3": -0.196945710245589,
        "dim_4": 0.698847182745078
      }
    },
    "distances": {
      "1": 0.262467210486046,
      "2": 0.480448865218723,
      "3": 0.393566100924454,
      "4": 0.246528808029491,
      "5": -9.999735e-09,
      "6": 0.408785645013101,
      "7": 0.408785658876254,
      "8": 0.616075970858236,
      "9": 0.177120852465054,
      "10": 0.262467210620822,
      "11": 0.177120854743287
    },
    "objective_value": 3.433367167235733,
    "lower_bound": 2.703262445273528,
    "absolute_gap": 0.730104721962205,
    "relative_gap": 0.27008281169249543
  },
  "performance": {
    "solution_time_seconds": 1802.0234806537628,
    "solver_status": "ok",
    "termination_condition": "optimal",
    "solver": "gams",
    "subsolver": "scip",
    "is_relaxation": false,
    "root_relaxation_value": 2.70326244527353,
    "root_relaxation_gap_percent": 21.264976520120438,
    "relaxation_gap_percent": null,
    "absolute_gap": null
  }
}