{
  "model_parameters": {
    "n_dimensions": 4,
    "n_clusters": 3,
    "n_points": 10,
    "coord_range_lower": -1,
    "coord_range_upper": 1
  },
  "solution": {
    "status": "optimal",
    "center_coordinates": {
      "cluster_1": {
        "dim_1": -0.459581367216402,
        "dim_2": 0.151087430213753,
        "dim_3": 0.78547165448483,
        "dim_4": -0.538662105718292
      },
      "cluster_2": {
        "dim_1": 0.038468945831335,
        "dim_2": -0.525036039082506,
        "dim_3": 0.436329176345291,
        "dim_4": 0.385663669513058
      },
      "cluster_3": {
        "dim_1": 0.359183412068435,
        "dim_2": 0.936415369674753,
        "dim_3": 0.091534617369656,
        "dim_4": -0.607892993002422
      }
    },
    "distances": {
      "1": 0.007353252506397,
      "2": 0.915051419873858,
      "3": 0.579191256684175,
      "4": 0.291297093935614,
      "5": 0.045213926750636,
      "6": 2.788954e-09,
      "7": 0.656781796065149,
      "8": 0.399877833559079,
      "9": 0.371157546230945,
      "10": 0.577079167711596
    },
    "objective_value": 3.843003296106403,
    "lower_bound": 3.843003296106402,
    "absolute_gap": 8.881784197001252e-16,
    "relative_gap": 2.3111570593759233e-16
  },
  "performance": {
    "solution_time_seconds": 3.9791529178619385,
    "solver_status": "ok",
    "termination_condition": "optimal",
    "solver": "gams",
    "subsolver": "baron",
    "is_relaxation": false,
    "root_relaxation_value": 0.0,
    "root_relaxation_gap_percent": 100.0,
    "relaxation_gap_percent": null,
    "absolute_gap": null
  }
}