{
  "model_parameters": {
    "n_dimensions": 4,
    "n_clusters": 3,
    "n_points": 11,
    "coord_range_lower": -1,
    "coord_range_upper": 1
  },
  "solution": {
    "status": "optimal",
    "center_coordinates": {
      "cluster_1": {
        "dim_1": -0.350171537906055,
        "dim_2": -0.121546997521787,
        "dim_3": 0.628943710951469,
        "dim_4": -0.45939146549195
      },
      "cluster_2": {
        "dim_1": 0.249684776514126,
        "dim_2": -0.336002991570923,
        "dim_3": -0.465540843764514,
        "dim_4": -0.573439548202157
      },
      "cluster_3": {
        "dim_1": 0.423298465440824,
        "dim_2": 0.228349398698323,
        "dim_3": -0.158454257663051,
        "dim_4": 0.419908840551359
      }
    },
    "distances": {
      "1": 0.381781108542616,
      "2": 0.226790167030167,
      "3": 0.069895152423714,
      "4": 0.477545931327905,
      "5": 0.07108281878101,
      "6": 0.426261376005584,
      "7": 0.697870342944257,
      "8": 0.401342486329386,
      "9": 0.188704814842753,
      "10": 0.54576302016811,
      "11": 0.467901265750358
    },
    "objective_value": 3.95493848414586,
    "lower_bound": 3.95493848414586,
    "absolute_gap": 0.0,
    "relative_gap": 0.0
  },
  "performance": {
    "solution_time_seconds": 4.63992166519165,
    "solver_status": "ok",
    "termination_condition": "optimal",
    "solver": "gams",
    "subsolver": "baron",
    "is_relaxation": false,
    "root_relaxation_value": 0.0,
    "root_relaxation_gap_percent": 100.0,
    "relaxation_gap_percent": null,
    "absolute_gap": null
  }
}