{
  "model_parameters": {
    "n_dimensions": 3,
    "n_clusters": 5,
    "n_points": 12,
    "coord_range_lower": -1,
    "coord_range_upper": 1
  },
  "solution": {
    "status": "optimal",
    "center_coordinates": {
      "cluster_1": {
        "dim_1": -0.942214875980806,
        "dim_2": -0.061426293333762,
        "dim_3": 0.280953847132205
      },
      "cluster_2": {
        "dim_1": 0.396199258810947,
        "dim_2": 0.22650902268058,
        "dim_3": 0.52036329516734
      },
      "cluster_3": {
        "dim_1": 0.459764658816092,
        "dim_2": -0.527631279146993,
        "dim_3": -0.461257277331266
      },
      "cluster_4": {
        "dim_1": 0.66373553879042,
        "dim_2": 0.646000949482773,
        "dim_3": -0.067339412869422
      },
      "cluster_5": {
        "dim_1": 0.997923058402262,
        "dim_2": 0.77929388975198,
        "dim_3": -0.758654281370656
      }
    },
    "distances": {
      "1": 5.887948e-09,
      "2": 6.2968277e-08,
      "3": 0.060896874147652,
      "4": 0.233154068453964,
      "5": 0.223840456372808,
      "6": 0.121459451579965,
      "7": 0.121459452398985,
      "8": 0.060590084698589,
      "9": 0.257946799406536,
      "10": 0.02749582997162,
      "11": 0.230635005765398,
      "12": 0.201415070281013
    },
    "objective_value": 1.538893161932755,
    "lower_bound": 1.538893023412025,
    "upper_bound": 1.538893161932754,
    "absolute_gap": 1.3852072999753773e-07,
    "relative_gap": 9.001322891854453e-08
  },
  "performance": {
    "solution_time_seconds": 56.05777931213379,
    "solver_status": "ok",
    "termination_condition": "optimal",
    "solver": "gams",
    "subsolver": "gurobi",
    "is_relaxation": false,
    "root_relaxation_value": 0.0,
    "root_relaxation_gap_percent": 100.0,
    "relaxation_gap_percent": null,
    "absolute_gap": null
  }
}