{
  "model_parameters": {
    "n_dimensions": 4,
    "n_clusters": 5,
    "n_points": 15,
    "coord_range_lower": -1,
    "coord_range_upper": 1
  },
  "solution": {
    "status": "optimal",
    "center_coordinates": {
      "cluster_1": {
        "dim_1": -0.787946096975986,
        "dim_2": 0.872279307156954,
        "dim_3": -0.961001768735219,
        "dim_4": -0.552108828223564
      },
      "cluster_2": {
        "dim_1": -0.728337299003898,
        "dim_2": -0.345611203510993,
        "dim_3": -0.314704076638696,
        "dim_4": 0.689611307662181
      },
      "cluster_3": {
        "dim_1": -0.54098178527047,
        "dim_2": 0.413738693471128,
        "dim_3": 0.450836181640625,
        "dim_4": -0.040856564553121
      },
      "cluster_4": {
        "dim_1": 0.321324808281947,
        "dim_2": 0.031009735061476,
        "dim_3": 0.79150390624999,
        "dim_4": 0.378599001329489
      },
      "cluster_5": {
        "dim_1": 0.48486328125,
        "dim_2": -0.03857421875,
        "dim_3": -0.470062255859375,
        "dim_4": -0.290080391694669
      }
    },
    "distances": {
      "1": 0.280174340948852,
      "2": 0.0,
      "3": 0.282477725792384,
      "4": 0.252540141178053,
      "5": 0.187599530117189,
      "6": 0.110299358221469,
      "7": 0.389998348185304,
      "8": 0.282109898164778,
      "9": 1.014588095857468,
      "10": 0.519663631901638,
      "11": 0.698150600526536,
      "12": 0.221929731677942,
      "13": 0.527240782607243,
      "14": 0.842379844588403,
      "15": 0.159765259223491
    },
    "objective_value": 5.76891728899075,
    "lower_bound": 1.386691855867067,
    "upper_bound": 5.76891728899075,
    "absolute_gap": 4.382225433123683,
    "relative_gap": 3.1602013198408647
  },
  "performance": {
    "solution_time_seconds": 301.5286862850189,
    "solver_status": "ok",
    "termination_condition": "optimal",
    "solver": "gams",
    "subsolver": "scip",
    "is_relaxation": false,
    "root_relaxation_value": 1.38669185586707,
    "root_relaxation_gap_percent": 75.96270172717857,
    "relaxation_gap_percent": null,
    "absolute_gap": null
  }
}