{
  "model_parameters": {
    "n_dimensions": 3,
    "n_clusters": 4,
    "n_points": 17,
    "coord_range_lower": -1,
    "coord_range_upper": 1
  },
  "solution": {
    "status": "optimal",
    "center_coordinates": {
      "cluster_1": {
        "dim_1": -0.256043677395704,
        "dim_2": -0.14584424748063,
        "dim_3": 0.844037162678091
      },
      "cluster_2": {
        "dim_1": -0.125267602173113,
        "dim_2": -0.667257612223558,
        "dim_3": -0.466588708065297
      },
      "cluster_3": {
        "dim_1": 0.724191319739167,
        "dim_2": 0.495307885888476,
        "dim_3": -0.244080354983349
      },
      "cluster_4": {
        "dim_1": 0.787044683652702,
        "dim_2": -0.635396090319785,
        "dim_3": 0.494840337378614
      }
    },
    "distances": {
      "1": 0.294888682932899,
      "2": 0.165254965147635,
      "3": 0.438959115299126,
      "4": 0.253463477964941,
      "5": 0.250772415669956,
      "6": 0.808161426617711,
      "7": 0.159926963280001,
      "8": 0.316652242033951,
      "9": 0.59658394921492,
      "10": 0.246817606801948,
      "11": 0.246490853418781,
      "12": 0.716648566970666,
      "13": 0.512026151502469,
      "14": 0.405888850617216,
      "15": 0.091481457076001,
      "16": 0.35943781565822,
      "17": 0.565821649028342
    },
    "objective_value": 6.429276189234783,
    "lower_bound": 6.42927598960641,
    "absolute_gap": 1.9962837338738382e-07,
    "relative_gap": 3.104989950814116e-08
  },
  "performance": {
    "solution_time_seconds": 110.69798851013184,
    "solver_status": "ok",
    "termination_condition": "optimal",
    "solver": "gams",
    "subsolver": "gurobi",
    "is_relaxation": false,
    "root_relaxation_value": 0.0,
    "root_relaxation_gap_percent": 100.0,
    "relaxation_gap_percent": null,
    "absolute_gap": null
  }
}