{
  "model_parameters": {
    "n_dimensions": 4,
    "n_clusters": 5,
    "n_points": 17,
    "coord_range_lower": -1,
    "coord_range_upper": 1
  },
  "solution": {
    "status": "optimal",
    "center_coordinates": {
      "cluster_1": {
        "dim_1": -0.680292623263592,
        "dim_2": 0.551841707265283,
        "dim_3": -0.076010589363216,
        "dim_4": 0.07021020586965
      },
      "cluster_2": {
        "dim_1": -0.391462606443575,
        "dim_2": 0.081360719402926,
        "dim_3": -0.599403098297047,
        "dim_4": -0.835217942907561
      },
      "cluster_3": {
        "dim_1": -0.213908631222268,
        "dim_2": -0.682409999948709,
        "dim_3": 0.375670766730924,
        "dim_4": 0.449195161986768
      },
      "cluster_4": {
        "dim_1": 0.521726637100108,
        "dim_2": 0.142385081992982,
        "dim_3": -0.49315307373959,
        "dim_4": 0.849567981538393
      },
      "cluster_5": {
        "dim_1": 0.521726641333192,
        "dim_2": 0.598808389233133,
        "dim_3": 0.133934127492866,
        "dim_4": -0.604753210156223
      }
    },
    "distances": {
      "1": 0.073235931529731,
      "2": 0.203032442742682,
      "3": 0.146294285868042,
      "4": 0.622320360251044,
      "5": 0.239744243989244,
      "6": 0.367207476855319,
      "7": 0.371303658422637,
      "8": 0.239703646470275,
      "9": 0.373245650121018,
      "10": 0.541996997107261,
      "11": 0.440358029024857,
      "12": 0.555419910734132,
      "13": 0.21606110470623,
      "14": 0.751974212943469,
      "15": 0.589475232825114,
      "16": 0.295093953710517,
      "17": 0.063317419836319
    },
    "objective_value": 6.089784557137891,
    "lower_bound": 2.799903094239375,
    "absolute_gap": 3.2898814628985162,
    "relative_gap": 1.1749983310734007
  },
  "performance": {
    "solution_time_seconds": 1800.548014640808,
    "solver_status": "ok",
    "termination_condition": "optimal",
    "solver": "gams",
    "subsolver": "gurobi",
    "is_relaxation": false,
    "root_relaxation_value": 0.0,
    "root_relaxation_gap_percent": 100.0,
    "relaxation_gap_percent": null,
    "absolute_gap": null
  }
}