{
  "model_parameters": {
    "n_dimensions": 2,
    "n_clusters": 5,
    "n_points": 11,
    "coord_range_lower": -1,
    "coord_range_upper": 1
  },
  "solution": {
    "status": "optimal",
    "center_coordinates": {
      "cluster_1": {
        "dim_1": -0.740969687581394,
        "dim_2": 0.094046005162914
      },
      "cluster_2": {
        "dim_1": -0.135501464063791,
        "dim_2": 0.651499663715744
      },
      "cluster_3": {
        "dim_1": -0.125431158200714,
        "dim_2": 0.081531784097606
      },
      "cluster_4": {
        "dim_1": 0.52185283810627,
        "dim_2": 0.93888779339803
      },
      "cluster_5": {
        "dim_1": 0.646127746543513,
        "dim_2": -0.265956098157775
      }
    },
    "distances": {
      "1": 0.022980926828594,
      "2": 0.064265042308065,
      "3": 0.022791623415437,
      "4": 0.0,
      "5": 0.067933126666359,
      "6": 0.029851668050073,
      "7": 0.0,
      "8": 0.033831540335364,
      "9": 0.036404856989976,
      "10": 0.065375137361049,
      "11": 0.075822149264239
    },
    "objective_value": 0.419256071219156,
    "lower_bound": 0.419256071219155,
    "absolute_gap": 9.992007221626409e-16,
    "relative_gap": 2.383270728214059e-15
  },
  "performance": {
    "solution_time_seconds": 31.08915066719055,
    "solver_status": "ok",
    "termination_condition": "optimal",
    "solver": "gams",
    "subsolver": "scip",
    "is_relaxation": false,
    "root_relaxation_value": 0.419256071219155,
    "root_relaxation_gap_percent": 2.383270728214053e-13,
    "relaxation_gap_percent": null,
    "absolute_gap": null
  }
}