{
  "model_parameters": {
    "n_dimensions": 3,
    "n_clusters": 3,
    "n_points": 12,
    "coord_range_lower": -1,
    "coord_range_upper": 1
  },
  "solution": {
    "status": "optimal",
    "center_coordinates": {
      "cluster_1": {
        "dim_1": -0.761521889886838,
        "dim_2": 0.674578770379746,
        "dim_3": 0.330210140685206
      },
      "cluster_2": {
        "dim_1": -0.399698852569879,
        "dim_2": 0.04432040059567,
        "dim_3": -0.644024905010533
      },
      "cluster_3": {
        "dim_1": 0.545991973129041,
        "dim_2": 0.313335373723844,
        "dim_3": 0.184049646677783
      }
    },
    "distances": {
      "1": 0.33011771709794,
      "2": 0.229654003493532,
      "3": 0.387566049233125,
      "4": 0.166528176468893,
      "5": 0.52151153052386,
      "6": 0.30912976557068,
      "7": 0.170436519578982,
      "8": 0.082154411980483,
      "9": 0.693058572912758,
      "10": 0.610664827327067,
      "11": 0.0,
      "12": 0.115691236957662
    },
    "objective_value": 3.616512811144982,
    "lower_bound": 3.616512881767478,
    "upper_bound": 3.616512811144982,
    "absolute_gap": -7.062249585132463e-08,
    "relative_gap": -1.952778772263344e-08
  },
  "performance": {
    "solution_time_seconds": 7.280252456665039,
    "solver_status": "ok",
    "termination_condition": "optimal",
    "solver": "gams",
    "subsolver": "baron",
    "is_relaxation": false,
    "root_relaxation_value": 0.0,
    "root_relaxation_gap_percent": 100.0,
    "relaxation_gap_percent": null,
    "absolute_gap": null
  }
}