{
  "model_parameters": {
    "n_dimensions": 4,
    "n_clusters": 5,
    "n_points": 12,
    "coord_range_lower": -1,
    "coord_range_upper": 1
  },
  "solution": {
    "status": "optimal",
    "center_coordinates": {
      "cluster_1": {
        "dim_1": -0.662685431795375,
        "dim_2": -0.444629418460903,
        "dim_3": -0.00439453125,
        "dim_4": -0.374507036237381
      },
      "cluster_2": {
        "dim_1": -0.402804580179119,
        "dim_2": 0.4266357421875,
        "dim_3": 0.43011135781054,
        "dim_4": 0.445770263671875
      },
      "cluster_3": {
        "dim_1": -0.025814322077422,
        "dim_2": 0.278641114982066,
        "dim_3": -0.532218933105469,
        "dim_4": 0.303951660388242
      },
      "cluster_4": {
        "dim_1": 0.624519770207133,
        "dim_2": -0.449432078954905,
        "dim_3": 0.3614501953125,
        "dim_4": 0.954347079678607
      },
      "cluster_5": {
        "dim_1": 0.656940164400268,
        "dim_2": -0.859143629517177,
        "dim_3": -0.094801756156713,
        "dim_4": -0.746069690428912
      }
    },
    "distances": {
      "1": 0.135378315233867,
      "2": 0.311336155851001,
      "3": 0.287596166264419,
      "4": 0.245629166147196,
      "5": 0.367338838223263,
      "6": 0.36758419375804,
      "7": 0.0,
      "8": 0.287307645931408,
      "9": 0.136073961502229,
      "10": 0.493921801014476,
      "11": 0.32112124741187,
      "12": 0.525578007329282
    },
    "objective_value": 3.478865498667051,
    "lower_bound": 1.037648021904172,
    "upper_bound": 3.478865498667051,
    "absolute_gap": 2.441217476762879,
    "relative_gap": 2.3526450445913616
  },
  "performance": {
    "solution_time_seconds": 301.139506816864,
    "solver_status": "ok",
    "termination_condition": "optimal",
    "solver": "gams",
    "subsolver": "scip",
    "is_relaxation": false,
    "root_relaxation_value": 1.03764802190417,
    "root_relaxation_gap_percent": 70.17280425754457,
    "relaxation_gap_percent": null,
    "absolute_gap": null
  }
}