{
  "model_parameters": {
    "n_dimensions": 5,
    "n_clusters": 3,
    "n_points": 14,
    "coord_range_lower": -1,
    "coord_range_upper": 1
  },
  "solution": {
    "status": "feasible",
    "center_coordinates": {
      "cluster_1": {
        "dim_1": -0.555827005318991,
        "dim_2": -0.463992616030695,
        "dim_3": -0.36643103538992,
        "dim_4": -0.609052020783459,
        "dim_5": -0.332606879467552
      },
      "cluster_2": {
        "dim_1": -0.384148393346963,
        "dim_2": 0.616543407603687,
        "dim_3": -0.564551346167958,
        "dim_4": 0.698956226519519,
        "dim_5": -0.637650945121569
      },
      "cluster_3": {
        "dim_1": 0.061667009628125,
        "dim_2": 0.00969156655172,
        "dim_3": -0.005160953029195,
        "dim_4": 0.210145934789957,
        "dim_5": 0.11379399310162
      }
    },
    "distances": {
      "1": 0.433619724959886,
      "2": 0.323532865372818,
      "3": 0.824950061315637,
      "4": 1.463706489561606,
      "5": 1.52324863378067,
      "6": 0.126425147234347,
      "7": 0.948574150982197,
      "8": 0.312487793692125,
      "9": 0.340187455368711,
      "10": 0.59659136827068,
      "11": 0.209859905983588,
      "12": 0.785118116655787,
      "13": 0.832472906395807,
      "14": 0.250796750403429
    },
    "objective_value": 8.971571369977289,
    "lower_bound": 8.327769985361323,
    "upper_bound": 8.971571369977289,
    "absolute_gap": 0.6438013846159656,
    "relative_gap": 0.07730777696161747
  },
  "performance": {
    "solution_time_seconds": 300.69596767425537,
    "solver_status": "ok",
    "termination_condition": "feasible",
    "solver": "gams",
    "subsolver": "gurobi",
    "is_relaxation": false,
    "root_relaxation_value": 0.0,
    "root_relaxation_gap_percent": 100.0,
    "relaxation_gap_percent": null,
    "absolute_gap": null
  }
}