{
  "model_parameters": {
    "n_dimensions": 2,
    "n_clusters": 5,
    "n_points": 11,
    "coord_range_lower": -1,
    "coord_range_upper": 1
  },
  "solution": {
    "status": "optimal",
    "center_coordinates": {
      "cluster_1": {
        "dim_1": -0.740735463316408,
        "dim_2": 0.094258266588567
      },
      "cluster_2": {
        "dim_1": -0.135354628291415,
        "dim_2": 0.651445512148449
      },
      "cluster_3": {
        "dim_1": -0.126017995653548,
        "dim_2": 0.081495369889534
      },
      "cluster_4": {
        "dim_1": 0.522758759635393,
        "dim_2": 0.937882604064674
      },
      "cluster_5": {
        "dim_1": 0.645765795784841,
        "dim_2": -0.265326151215385
      }
    },
    "distances": {
      "1": 0.022886723553483,
      "2": 0.064023942197063,
      "3": 0.022886723553479,
      "4": 0.0,
      "5": 0.068202148264107,
      "6": 0.029798777886962,
      "7": 0.0,
      "8": 0.033776688591091,
      "9": 0.036454970132137,
      "10": 0.065436578349317,
      "11": 0.075794857397274
    },
    "objective_value": 0.419261409924913,
    "lower_bound": 0.419261409924913,
    "absolute_gap": 0.0,
    "relative_gap": 0.0
  },
  "performance": {
    "solution_time_seconds": 155.982524394989,
    "solver_status": "ok",
    "termination_condition": "optimal",
    "solver": "gams",
    "subsolver": "baron",
    "is_relaxation": false,
    "root_relaxation_value": 0.0,
    "root_relaxation_gap_percent": 100.0,
    "relaxation_gap_percent": null,
    "absolute_gap": null
  }
}