{
  "model_parameters": {
    "n_dimensions": 2,
    "n_clusters": 3,
    "n_points": 13,
    "coord_range_lower": -1,
    "coord_range_upper": 1
  },
  "solution": {
    "status": "optimal",
    "center_coordinates": {
      "cluster_1": {
        "dim_1": -0.684105823221548,
        "dim_2": 0.246175418996646
      },
      "cluster_2": {
        "dim_1": 0.414356487452868,
        "dim_2": -0.266224616720202
      },
      "cluster_3": {
        "dim_1": 0.824691834225172,
        "dim_2": 0.787524944432419
      }
    },
    "distances": {
      "1": 0.103195456762277,
      "2": 0.045093058977614,
      "3": 0.056052292179003,
      "4": 0.109236121097802,
      "5": 0.03535987882901,
      "6": 0.059125245316039,
      "7": 0.079577038054432,
      "8": 0.364270124507907,
      "9": 0.302760816509621,
      "10": 0.015543990473524,
      "11": 0.058070246197117,
      "12": 0.128473084381917,
      "13": 0.106457589931411
    },
    "objective_value": 1.463214943217674,
    "lower_bound": 1.463211748144897,
    "absolute_gap": 3.1950727770180265e-06,
    "relative_gap": 2.1836024629168225e-06
  },
  "performance": {
    "solution_time_seconds": 1802.4768059253693,
    "solver_status": "ok",
    "termination_condition": "optimal",
    "solver": "gams",
    "subsolver": "scip",
    "is_relaxation": false,
    "root_relaxation_value": 1.4632117481449,
    "root_relaxation_gap_percent": 0.00021835976926830016,
    "relaxation_gap_percent": null,
    "absolute_gap": null
  }
}