{
  "model_parameters": {
    "n_dimensions": 3,
    "n_clusters": 5,
    "n_points": 16,
    "coord_range_lower": -1,
    "coord_range_upper": 1
  },
  "solution": {
    "status": "optimal",
    "center_coordinates": {
      "cluster_1": {
        "dim_1": -0.610504152092041,
        "dim_2": 0.59957312680806,
        "dim_3": 0.236114501953125
      },
      "cluster_2": {
        "dim_1": -0.388213010700208,
        "dim_2": -0.81005859375,
        "dim_3": -0.1959228515625
      },
      "cluster_3": {
        "dim_1": -0.331329345703125,
        "dim_2": 0.256304695116234,
        "dim_3": -0.6390380859375
      },
      "cluster_4": {
        "dim_1": 0.566739976734786,
        "dim_2": 0.204443512079044,
        "dim_3": -0.048839006270479
      },
      "cluster_5": {
        "dim_1": 0.732773248017377,
        "dim_2": 0.41702977677636,
        "dim_3": 0.860128265244181
      }
    },
    "distances": {
      "1": 0.130431630881346,
      "2": 0.09743010493491,
      "3": 0.141499151679029,
      "4": 0.096353771864491,
      "5": 0.248043790923235,
      "6": 0.07812012057362,
      "7": 0.2915469311054,
      "8": 0.394951863751036,
      "9": 0.090728439292385,
      "10": 0.171122301309143,
      "11": 0.078435931141603,
      "12": 0.227796940055223,
      "13": 0.128154091199204,
      "14": 0.323190733859894,
      "15": 0.322559366815529,
      "16": 0.059092758196588
    },
    "objective_value": 2.879457927582636,
    "lower_bound": 1.807726513586612,
    "upper_bound": 2.879457927582636,
    "absolute_gap": 1.071731413996024,
    "relative_gap": 0.5928614787364377
  },
  "performance": {
    "solution_time_seconds": 301.02978777885437,
    "solver_status": "ok",
    "termination_condition": "optimal",
    "solver": "gams",
    "subsolver": "scip",
    "is_relaxation": false,
    "root_relaxation_value": 1.80772651358661,
    "root_relaxation_gap_percent": 37.21990183394575,
    "relaxation_gap_percent": null,
    "absolute_gap": null
  }
}