{
  "model_parameters": {
    "n_dimensions": 3,
    "n_clusters": 4,
    "n_points": 10,
    "coord_range_lower": -1,
    "coord_range_upper": 1
  },
  "solution": {
    "status": "optimal",
    "center_coordinates": {
      "cluster_1": {
        "dim_1": -0.600223701111741,
        "dim_2": -0.489973570992085,
        "dim_3": -0.373502540935736
      },
      "cluster_2": {
        "dim_1": -0.557465756359161,
        "dim_2": 0.559337639554136,
        "dim_3": -0.277177325547116
      },
      "cluster_3": {
        "dim_1": 0.406994675355375,
        "dim_2": 0.233111907413524,
        "dim_3": 0.330190908269212
      },
      "cluster_4": {
        "dim_1": 0.542310127745484,
        "dim_2": 0.439589295266666,
        "dim_3": -0.970123470828507
      }
    },
    "distances": {
      "1": 0.156173986362936,
      "2": 0.333765995953549,
      "3": 0.011771319993525,
      "4": 0.181448551742227,
      "5": 0.206300438874811,
      "6": 0.019996019771796,
      "7": 0.04770171198658,
      "8": 0.206300447803257,
      "9": 0.145634050700797,
      "10": 0.0
    },
    "objective_value": 1.3090925231894779,
    "lower_bound": 1.309092520617457,
    "upper_bound": 1.309092523189479,
    "absolute_gap": 2.5720208185475713e-09,
    "relative_gap": 1.9647357066362515e-09
  },
  "performance": {
    "solution_time_seconds": 7.7424023151397705,
    "solver_status": "ok",
    "termination_condition": "optimal",
    "solver": "gams",
    "subsolver": "baron",
    "is_relaxation": false,
    "root_relaxation_value": 0.0,
    "root_relaxation_gap_percent": 100.0,
    "relaxation_gap_percent": null,
    "absolute_gap": null
  }
}