{
  "model_parameters": {
    "n_dimensions": 5,
    "n_clusters": 3,
    "n_points": 17,
    "coord_range_lower": -1,
    "coord_range_upper": 1
  },
  "solution": {
    "status": "optimal",
    "center_coordinates": {
      "cluster_1": {
        "dim_1": -0.266520816224378,
        "dim_2": -0.293206843019805,
        "dim_3": -0.249646951774244,
        "dim_4": 0.220819245071733,
        "dim_5": -0.620192815560329
      },
      "cluster_2": {
        "dim_1": -0.266520826124511,
        "dim_2": 0.03838922727274,
        "dim_3": 0.086394214689278,
        "dim_4": 0.281287412311601,
        "dim_5": 0.635110786035726
      },
      "cluster_3": {
        "dim_1": 0.719902086320143,
        "dim_2": -0.908626865564655,
        "dim_3": -0.255807393647993,
        "dim_4": 0.989435813796229,
        "dim_5": 0.672007837278044
      }
    },
    "distances": {
      "1": 1.110292131869273,
      "2": 0.138608593674321,
      "3": 1.49207026484373,
      "4": 1.879911087739915,
      "5": 2.157834478052641,
      "6": 0.45117977598596,
      "7": 0.95809185347505,
      "8": 0.23863844782393,
      "9": 1.142553408569239,
      "10": 1.527879589552886,
      "11": 0.138608581746374,
      "12": 0.517160508319688,
      "13": 0.579722069472883,
      "14": 1.423062435463546,
      "15": 0.919245387416957,
      "16": 2.124247121453572,
      "17": 0.651651179442638
    },
    "objective_value": 17.450756914902602,
    "lower_bound": 3.82092244864572,
    "upper_bound": 17.450756914902602,
    "absolute_gap": 13.62983446625688,
    "relative_gap": 3.567158101072638
  },
  "performance": {
    "solution_time_seconds": 301.0487554073334,
    "solver_status": "ok",
    "termination_condition": "optimal",
    "solver": "gams",
    "subsolver": "scip",
    "is_relaxation": false,
    "root_relaxation_value": 3.82092244864572,
    "root_relaxation_gap_percent": 78.10454602469004,
    "relaxation_gap_percent": null,
    "absolute_gap": null
  }
}