{
  "model_parameters": {
    "n_dimensions": 3,
    "n_clusters": 5,
    "n_points": 10,
    "coord_range_lower": -1,
    "coord_range_upper": 1
  },
  "solution": {
    "status": "optimal",
    "center_coordinates": {
      "cluster_1": {
        "dim_1": -0.842705852443669,
        "dim_2": -0.545600646424738,
        "dim_3": 0.116077034786775
      },
      "cluster_2": {
        "dim_1": -0.62041266355025,
        "dim_2": 0.889120702944707,
        "dim_3": -0.055303144283313
      },
      "cluster_3": {
        "dim_1": -0.458468610862244,
        "dim_2": 0.152130115808669,
        "dim_3": 0.596702398980909
      },
      "cluster_4": {
        "dim_1": -0.228295946723562,
        "dim_2": -0.024526552181338,
        "dim_3": -0.871113190725099
      },
      "cluster_5": {
        "dim_1": 0.771299196790027,
        "dim_2": 0.48278135159038,
        "dim_3": -0.395410115493828
      }
    },
    "distances": {
      "1": 0.10266673497082,
      "2": 0.125192105398859,
      "3": 0.103221578660571,
      "4": 0.0,
      "5": 0.0,
      "6": 0.239036554292773,
      "7": 0.253890664354266,
      "8": 0.141481672730756,
      "9": 0.23613681965577,
      "10": 0.077271416918692
    },
    "objective_value": 1.278897546982507,
    "lower_bound": 1.278897546982505,
    "upper_bound": 1.278897546982505,
    "absolute_gap": 1.9984014443252818e-15,
    "relative_gap": 1.5625969797505753e-15
  },
  "performance": {
    "solution_time_seconds": 165.40573930740356,
    "solver_status": "ok",
    "termination_condition": "optimal",
    "solver": "gams",
    "subsolver": "scip",
    "is_relaxation": false,
    "root_relaxation_value": 1.27889754698251,
    "root_relaxation_gap_percent": 2.2570845263063828e-13,
    "relaxation_gap_percent": null,
    "absolute_gap": null
  }
}