{
  "model_parameters": {
    "n_dimensions": 2,
    "n_clusters": 3,
    "n_points": 17,
    "coord_range_lower": -1,
    "coord_range_upper": 1
  },
  "solution": {
    "status": "optimal",
    "center_coordinates": {
      "cluster_1": {
        "dim_1": -0.740618369610978,
        "dim_2": -0.677572631961678
      },
      "cluster_2": {
        "dim_1": -0.337265686132385,
        "dim_2": 0.480916848403311
      },
      "cluster_3": {
        "dim_1": 0.450509895686052,
        "dim_2": -0.397853637008046
      }
    },
    "distances": {
      "1": 0.672506944577766,
      "2": 0.197873912092894,
      "3": 0.007578151500818,
      "4": 0.131114973491417,
      "5": 0.053423294165457,
      "6": 0.313573388418584,
      "7": 0.10298292268011,
      "8": 0.08221646821295,
      "9": 0.120696435155097,
      "10": 0.071696299831092,
      "11": 0.154932391524643,
      "12": 0.170405231942401,
      "13": 0.029723080139076,
      "14": 0.04842562074564,
      "15": 0.179552968757051,
      "16": 0.237595704144434,
      "17": 0.25554750183185
    },
    "objective_value": 2.82984528921128,
    "lower_bound": 2.829845134417872,
    "upper_bound": 2.82984528921128,
    "absolute_gap": 1.5479340786939133e-07,
    "relative_gap": 5.470031062361789e-08
  },
  "performance": {
    "solution_time_seconds": 7.287406921386719,
    "solver_status": "ok",
    "termination_condition": "optimal",
    "solver": "gams",
    "subsolver": "gurobi",
    "is_relaxation": false,
    "root_relaxation_value": 0.0,
    "root_relaxation_gap_percent": 100.0,
    "relaxation_gap_percent": null,
    "absolute_gap": null
  }
}