{
  "model_parameters": {
    "n_dimensions": 2,
    "n_clusters": 5,
    "n_points": 20,
    "coord_range_lower": -1,
    "coord_range_upper": 1
  },
  "solution": {
    "status": "optimal",
    "center_coordinates": {
      "cluster_1": {
        "dim_1": -0.412514031006342,
        "dim_2": 0.616084348882991
      },
      "cluster_2": {
        "dim_1": -0.412514040994907,
        "dim_2": -0.638585552954071
      },
      "cluster_3": {
        "dim_1": 0.398562358185921,
        "dim_2": -0.14428655651692
      },
      "cluster_4": {
        "dim_1": 0.398562348208789,
        "dim_2": -0.653364037063032
      },
      "cluster_5": {
        "dim_1": 0.398562338256381,
        "dim_2": -0.509272002497292
      }
    },
    "distances": {
      "1": 0.058875193070705,
      "2": 0.005396909795616,
      "3": 0.294882406845535,
      "4": 0.06583464754168,
      "5": 0.312489818402152,
      "6": 0.054778291662481,
      "7": 0.036965092645519,
      "8": 0.076409753607368,
      "9": 0.052761170612262,
      "10": 0.166415002038409,
      "11": 0.211307763674412,
      "12": 0.426215679374799,
      "13": 0.124666309972845,
      "14": 0.020319552588678,
      "15": 0.245285507022685,
      "16": 0.089076139193757,
      "17": 0.236377844657428,
      "18": 0.016981806624351,
      "19": 0.184736662964149,
      "20": 0.098648084667165
    },
    "objective_value": 2.778423636961996,
    "lower_bound": 0.0,
    "absolute_gap": 2.778423636961996,
    "relative_gap": null
  },
  "performance": {
    "solution_time_seconds": 1801.3868653774261,
    "solver_status": "ok",
    "termination_condition": "optimal",
    "solver": "gams",
    "subsolver": "scip",
    "is_relaxation": false,
    "root_relaxation_value": 1.11022302462516e-16,
    "root_relaxation_gap_percent": 100.0,
    "relaxation_gap_percent": null,
    "absolute_gap": null
  }
}