{
  "model_parameters": {
    "n_dimensions": 5,
    "n_clusters": 3,
    "n_points": 15,
    "coord_range_lower": -1,
    "coord_range_upper": 1
  },
  "solution": {
    "status": "optimal",
    "center_coordinates": {
      "cluster_1": {
        "dim_1": 0.117810648913039,
        "dim_2": -0.038743124469683,
        "dim_3": -0.625591026487768,
        "dim_4": -0.178137653373083,
        "dim_5": -0.658220356897622
      },
      "cluster_2": {
        "dim_1": 0.316445940078805,
        "dim_2": 0.07903462716901,
        "dim_3": 0.599738563641931,
        "dim_4": -0.75366959233536,
        "dim_5": -0.171349863213943
      },
      "cluster_3": {
        "dim_1": 0.433979106196922,
        "dim_2": 0.031564850166469,
        "dim_3": -0.029228047077549,
        "dim_4": 0.396512204091856,
        "dim_5": 0.668518289354063
      }
    },
    "distances": {
      "1": 1.155300325182482,
      "2": 0.372881609819715,
      "3": 0.331922851415879,
      "4": 0.293672493925299,
      "5": 1.105366763991259,
      "6": 0.952815879658637,
      "7": 1.074710551070239,
      "8": 1.280815951492011,
      "9": 1.532374720698996,
      "10": 0.781035817625379,
      "11": 0.28016843425983,
      "12": 1.119487718899714,
      "13": 0.48230183518212,
      "14": 1.219289785554651,
      "15": 0.662674763654465
    },
    "objective_value": 12.644819502430677,
    "lower_bound": 4.250004740245098,
    "upper_bound": 12.644819502430678,
    "absolute_gap": 8.394814762185579,
    "relative_gap": 1.9752483291822045
  },
  "performance": {
    "solution_time_seconds": 300.94972825050354,
    "solver_status": "ok",
    "termination_condition": "optimal",
    "solver": "gams",
    "subsolver": "scip",
    "is_relaxation": false,
    "root_relaxation_value": 4.2500047402451,
    "root_relaxation_gap_percent": 66.38936016897564,
    "relaxation_gap_percent": null,
    "absolute_gap": null
  }
}