{
  "model_parameters": {
    "n_dimensions": 2,
    "n_clusters": 4,
    "n_points": 14,
    "coord_range_lower": -1,
    "coord_range_upper": 1
  },
  "solution": {
    "status": "optimal",
    "center_coordinates": {
      "cluster_1": {
        "dim_1": -0.451568592742554,
        "dim_2": 0.263225753145637
      },
      "cluster_2": {
        "dim_1": -0.2295340794569,
        "dim_2": -0.703015912802117
      },
      "cluster_3": {
        "dim_1": 0.608418860368505,
        "dim_2": -0.240791485153621
      },
      "cluster_4": {
        "dim_1": 0.691351766592021,
        "dim_2": 0.773874910274193
      }
    },
    "distances": {
      "1": 0.050004569430237,
      "2": 0.034137554764566,
      "3": 0.146076445413792,
      "4": 0.058077636023137,
      "5": 0.015083120183766,
      "6": 0.092521576730617,
      "7": 0.050471440114425,
      "8": 0.078194824549136,
      "9": 0.050471440114425,
      "10": 0.30495428600972,
      "11": 0.139221101594276,
      "12": 0.004110268730421,
      "13": 0.044648219185517,
      "14": 0.04204089233283
    },
    "objective_value": 1.110013375176865,
    "lower_bound": 1.110013375176867,
    "absolute_gap": -1.9984014443252818e-15,
    "relative_gap": -1.800339967981792e-15
  },
  "performance": {
    "solution_time_seconds": 184.29777145385742,
    "solver_status": "ok",
    "termination_condition": "optimal",
    "solver": "gams",
    "subsolver": "baron",
    "is_relaxation": false,
    "root_relaxation_value": 0.0,
    "root_relaxation_gap_percent": 100.0,
    "relaxation_gap_percent": null,
    "absolute_gap": null
  }
}