{
  "model_parameters": {
    "n_dimensions": 3,
    "n_clusters": 5,
    "n_points": 10,
    "coord_range_lower": -1,
    "coord_range_upper": 1
  },
  "solution": {
    "status": "optimal",
    "center_coordinates": {
      "cluster_1": {
        "dim_1": -0.749603508323419,
        "dim_2": 0.014456444310317,
        "dim_3": 0.299604295898276
      },
      "cluster_2": {
        "dim_1": -0.304346707623677,
        "dim_2": -0.072307588457828,
        "dim_3": -0.754088245883446
      },
      "cluster_3": {
        "dim_1": 0.255634076082219,
        "dim_2": -0.329544432749159,
        "dim_3": 0.706639467943456
      },
      "cluster_4": {
        "dim_1": 0.588688278545038,
        "dim_2": 0.530345098251763,
        "dim_3": -0.660092831655682
      },
      "cluster_5": {
        "dim_1": 0.687772162420518,
        "dim_2": -0.491412525962953,
        "dim_3": -0.002757609825132
      }
    },
    "distances": {
      "1": 0.242911355348361,
      "2": 0.08876271205006,
      "3": 0.216783418562131,
      "4": 0.124733650040344,
      "5": 1.2386729e-08,
      "6": 0.114613872047712,
      "7": 0.124723041237784,
      "8": 0.088761605760689,
      "9": 0.166937659056117,
      "10": 0.114614233774384
    },
    "objective_value": 1.282841560264311,
    "lower_bound": 1.282841560264312,
    "absolute_gap": -8.881784197001252e-16,
    "relative_gap": -6.923523895789034e-16
  },
  "performance": {
    "solution_time_seconds": 13.083381175994873,
    "solver_status": "ok",
    "termination_condition": "optimal",
    "solver": "gams",
    "subsolver": "baron",
    "is_relaxation": false,
    "root_relaxation_value": 0.0,
    "root_relaxation_gap_percent": 100.0,
    "relaxation_gap_percent": null,
    "absolute_gap": null
  }
}