{
  "model_parameters": {
    "n_dimensions": 3,
    "n_clusters": 5,
    "n_points": 17,
    "coord_range_lower": -1,
    "coord_range_upper": 1
  },
  "solution": {
    "status": "optimal",
    "center_coordinates": {
      "cluster_1": {
        "dim_1": -0.422581447916977,
        "dim_2": -0.030687237422139,
        "dim_3": 0.838452354337868
      },
      "cluster_2": {
        "dim_1": -0.422581447916977,
        "dim_2": 0.505923210962203,
        "dim_3": -0.585342522040085
      },
      "cluster_3": {
        "dim_1": -0.229391858659212,
        "dim_2": -0.786194353549075,
        "dim_3": -0.539442114501527
      },
      "cluster_4": {
        "dim_1": 0.442734441363862,
        "dim_2": -0.922670123788917,
        "dim_3": 0.328042970437806
      },
      "cluster_5": {
        "dim_1": 0.729066157956992,
        "dim_2": 0.348930350093892,
        "dim_3": -0.096563956143455
      }
    },
    "distances": {
      "1": 0.017284482631386,
      "2": 0.05378442279056,
      "3": 0.039298468622066,
      "4": 0.060722725162127,
      "5": 0.302222129950959,
      "6": 0.263479651099922,
      "7": 0.337176076883461,
      "8": 0.548689663215005,
      "9": 0.309192541974029,
      "10": 0.068254356175233,
      "11": 0.311374757647829,
      "12": 0.038544480169966,
      "13": 0.272437692271324,
      "14": 0.038544688207517,
      "15": 0.640507510787958,
      "16": 0.173323242452049,
      "17": 0.03929856454634
    },
    "objective_value": 3.514135454587731,
    "lower_bound": 3.514135454587733,
    "absolute_gap": -1.7763568394002505e-15,
    "relative_gap": -5.054890064300743e-16
  },
  "performance": {
    "solution_time_seconds": 67.31671023368835,
    "solver_status": "ok",
    "termination_condition": "optimal",
    "solver": "gams",
    "subsolver": "baron",
    "is_relaxation": false,
    "root_relaxation_value": 0.0,
    "root_relaxation_gap_percent": 100.0,
    "relaxation_gap_percent": null,
    "absolute_gap": null
  }
}