{
  "model_parameters": {
    "n_dimensions": 5,
    "n_clusters": 5,
    "n_points": 14,
    "coord_range_lower": -1,
    "coord_range_upper": 1
  },
  "solution": {
    "status": "optimal",
    "center_coordinates": {
      "cluster_1": {
        "dim_1": -0.561261157446833,
        "dim_2": 0.646713507115434,
        "dim_3": 0.598294236645764,
        "dim_4": -0.379994039906128,
        "dim_5": -0.280809686513039
      },
      "cluster_2": {
        "dim_1": 0.030803979789612,
        "dim_2": -0.311085366316868,
        "dim_3": -0.570942903239485,
        "dim_4": 0.267230947529022,
        "dim_5": 0.543807820919475
      },
      "cluster_3": {
        "dim_1": 0.030803979789612,
        "dim_2": -0.563059645598107,
        "dim_3": 0.062826181720666,
        "dim_4": -0.395659425355864,
        "dim_5": -0.450650824050362
      },
      "cluster_4": {
        "dim_1": 0.564769501173108,
        "dim_2": 0.55424071981433,
        "dim_3": 0.505835460728155,
        "dim_4": 0.307722556604368,
        "dim_5": 0.119406681557546
      },
      "cluster_5": {
        "dim_1": 0.619351207787813,
        "dim_2": 0.853743008349344,
        "dim_3": -0.529514053746478,
        "dim_4": -0.92558146446621,
        "dim_5": 0.664432614480061
      }
    },
    "distances": {
      "1": 0.431663772102383,
      "2": 0.504343657312878,
      "3": 0.748873056975056,
      "4": 0.547446650169595,
      "5": 0.035381483274406,
      "6": 0.919397853508922,
      "7": 0.486830781034934,
      "8": 0.286994865750725,
      "9": 0.400668743317002,
      "10": 0.286994870733409,
      "11": 0.705751505484207,
      "12": 0.359315025179769,
      "13": 0.210437816781947,
      "14": 0.456414001387702
    },
    "objective_value": 6.380514083012935,
    "lower_bound": 0.0,
    "upper_bound": 6.380514083012935,
    "absolute_gap": 6.380514083012935,
    "relative_gap": null
  },
  "performance": {
    "solution_time_seconds": 301.51795291900635,
    "solver_status": "ok",
    "termination_condition": "optimal",
    "solver": "gams",
    "subsolver": "baron",
    "is_relaxation": false,
    "root_relaxation_value": 0.0,
    "root_relaxation_gap_percent": 100.0,
    "relaxation_gap_percent": null,
    "absolute_gap": null
  }
}