{
  "model_parameters": {
    "n_dimensions": 4,
    "n_clusters": 3,
    "n_points": 14,
    "coord_range_lower": -1,
    "coord_range_upper": 1
  },
  "solution": {
    "status": "optimal",
    "center_coordinates": {
      "cluster_1": {
        "dim_1": -0.458575560239556,
        "dim_2": -0.287476267695773,
        "dim_3": 0.54831674685935,
        "dim_4": 0.692658498949329
      },
      "cluster_2": {
        "dim_1": -0.140576284766502,
        "dim_2": 0.637521566116914,
        "dim_3": 0.009053065945296,
        "dim_4": 0.054712130179646
      },
      "cluster_3": {
        "dim_1": 0.116637060266125,
        "dim_2": -0.536521206556211,
        "dim_3": -0.487620470906199,
        "dim_4": -0.596103116049016
      }
    },
    "distances": {
      "1": 0.793269338472489,
      "2": 0.511103200263412,
      "3": 0.890497306720759,
      "4": 0.294776207920047,
      "5": 0.815443305664826,
      "6": 0.410793746072811,
      "7": 1.323537915455024,
      "8": 0.345134142166037,
      "9": 0.648041802197698,
      "10": 0.782875946877772,
      "11": 0.416769977253782,
      "12": 0.945389795448495,
      "13": 0.754778259587095,
      "14": 0.42781175302207
    },
    "objective_value": 9.360222697122317,
    "lower_bound": 9.360222697122317,
    "upper_bound": 9.36022269712232,
    "absolute_gap": 0.0,
    "relative_gap": 0.0
  },
  "performance": {
    "solution_time_seconds": 221.46357703208923,
    "solver_status": "ok",
    "termination_condition": "optimal",
    "solver": "gams",
    "subsolver": "scip",
    "is_relaxation": false,
    "root_relaxation_value": 9.36022269712232,
    "root_relaxation_gap_percent": 1.8977719835088636e-14,
    "relaxation_gap_percent": null,
    "absolute_gap": null
  }
}