{
  "model_parameters": {
    "n_dimensions": 2,
    "n_clusters": 4,
    "n_points": 17,
    "coord_range_lower": -1,
    "coord_range_upper": 1
  },
  "solution": {
    "status": "optimal",
    "center_coordinates": {
      "cluster_1": {
        "dim_1": -0.68389478830239,
        "dim_2": -0.699308723202572
      },
      "cluster_2": {
        "dim_1": -0.646767783029079,
        "dim_2": 0.546683787510067
      },
      "cluster_3": {
        "dim_1": 0.370602191289674,
        "dim_2": -0.093669709419066
      },
      "cluster_4": {
        "dim_1": 0.565786586206397,
        "dim_2": 0.729366308692087
      }
    },
    "distances": {
      "1": 0.076580988989464,
      "2": 0.096956816787861,
      "3": 0.328974713198457,
      "4": 0.108602107478201,
      "5": 0.091422295699006,
      "6": 0.039735148665215,
      "7": 0.026808053314309,
      "8": 0.377717241856016,
      "9": 0.004773019764768,
      "10": 0.086435452608356,
      "11": 0.000778937337084,
      "12": 0.006938270465034,
      "13": 0.158271555415596,
      "14": 0.251106822963755,
      "15": 0.012017459481004,
      "16": 0.310660153942894,
      "17": 0.114027340742337
    },
    "objective_value": 2.0918063787093573,
    "lower_bound": 2.091806378709356,
    "absolute_gap": 1.3322676295501878e-15,
    "relative_gap": 6.368981580275115e-16
  },
  "performance": {
    "solution_time_seconds": 550.7339291572571,
    "solver_status": "ok",
    "termination_condition": "optimal",
    "solver": "gams",
    "subsolver": "scip",
    "is_relaxation": false,
    "root_relaxation_value": 2.09180637870936,
    "root_relaxation_gap_percent": 1.2737963160550222e-13,
    "relaxation_gap_percent": null,
    "absolute_gap": null
  }
}