{
  "model_parameters": {
    "n_dimensions": 4,
    "n_clusters": 4,
    "n_points": 17,
    "coord_range_lower": -1,
    "coord_range_upper": 1
  },
  "solution": {
    "status": "feasible",
    "center_coordinates": {
      "cluster_1": {
        "dim_1": -0.71189877954312,
        "dim_2": -0.530700012665014,
        "dim_3": -0.507410894082199,
        "dim_4": 0.274512373155627
      },
      "cluster_2": {
        "dim_1": -0.26107381684715,
        "dim_2": 0.501962238914728,
        "dim_3": -0.628961103441782,
        "dim_4": 0.232383612063445
      },
      "cluster_3": {
        "dim_1": -0.091121082760498,
        "dim_2": 0.676436223657013,
        "dim_3": 0.6204765915705,
        "dim_4": -0.270722301811643
      },
      "cluster_4": {
        "dim_1": 0.52988394946829,
        "dim_2": -0.54649214518089,
        "dim_3": 0.25978268834461,
        "dim_4": -0.087247500085357
      }
    },
    "distances": {
      "1": 0.131400386619974,
      "2": 0.672705348036075,
      "3": 0.399376779548054,
      "4": 0.883218021030716,
      "5": 1.077774421065623,
      "6": 0.393416130190341,
      "7": 0.740664593445272,
      "8": 0.023288120102574,
      "9": 0.466713502103168,
      "10": 0.502352582190856,
      "11": 0.235169503468485,
      "12": 0.27099733572601,
      "13": 0.300570770053639,
      "14": 0.31016317980488,
      "15": 0.437861432974106,
      "16": 0.634885684578995,
      "17": 0.918501383537565
    },
    "objective_value": 8.399059174476333,
    "lower_bound": 5.088139002120829,
    "upper_bound": 8.399059174476335,
    "absolute_gap": 3.3109201723555044,
    "relative_gap": 0.6507133887213876
  },
  "performance": {
    "solution_time_seconds": 300.9820055961609,
    "solver_status": "ok",
    "termination_condition": "feasible",
    "solver": "gams",
    "subsolver": "gurobi",
    "is_relaxation": false,
    "root_relaxation_value": 0.0,
    "root_relaxation_gap_percent": 100.0,
    "relaxation_gap_percent": null,
    "absolute_gap": null
  }
}