{
  "model_parameters": {
    "n_dimensions": 5,
    "n_clusters": 5,
    "n_points": 16,
    "coord_range_lower": -1,
    "coord_range_upper": 1
  },
  "solution": {
    "status": "optimal",
    "center_coordinates": {
      "cluster_1": {
        "dim_1": -0.731857362874497,
        "dim_2": 0.006317938139029,
        "dim_3": -0.358871678302577,
        "dim_4": -0.762901053300028,
        "dim_5": -0.445281704197013
      },
      "cluster_2": {
        "dim_1": -0.352876000964951,
        "dim_2": -0.655816184196362,
        "dim_3": -0.300928656804727,
        "dim_4": 0.107575039898194,
        "dim_5": -0.110822097360608
      },
      "cluster_3": {
        "dim_1": -0.352876000964951,
        "dim_2": 0.350403019942424,
        "dim_3": 0.579134755969456,
        "dim_4": 0.673648848305259,
        "dim_5": 0.46815045010273
      },
      "cluster_4": {
        "dim_1": 0.528837341009345,
        "dim_2": 0.577045003138107,
        "dim_3": 0.487697074261942,
        "dim_4": 0.124169847410767,
        "dim_5": -0.616848961323078
      },
      "cluster_5": {
        "dim_1": 0.528837341009345,
        "dim_2": 0.875637592807693,
        "dim_3": 0.104155741193832,
        "dim_4": -0.234617092860109,
        "dim_5": 0.734037622820372
      }
    },
    "distances": {
      "1": 0.757952348476829,
      "2": 0.044713558315349,
      "3": 0.425888659432763,
      "4": 0.536639421820968,
      "5": 0.202674556005609,
      "6": 0.505899398137478,
      "7": 0.438686966485475,
      "8": 0.579199295963618,
      "9": 0.576110282457958,
      "10": 0.202674556005609,
      "11": 0.426385802798469,
      "12": 0.721458859057166,
      "13": 0.655701937008544,
      "14": 0.35111369627005,
      "15": 0.204048068294788,
      "16": 0.789304432686705
    },
    "objective_value": 7.418451839217378,
    "lower_bound": 7.418451839217377,
    "absolute_gap": 1.7763568394002505e-15,
    "relative_gap": 2.394511520597336e-16
  },
  "performance": {
    "solution_time_seconds": 146.9828326702118,
    "solver_status": "ok",
    "termination_condition": "optimal",
    "solver": "gams",
    "subsolver": "baron",
    "is_relaxation": false,
    "root_relaxation_value": 0.0,
    "root_relaxation_gap_percent": 100.0,
    "relaxation_gap_percent": null,
    "absolute_gap": null
  }
}