{
  "model_parameters": {
    "n_dimensions": 4,
    "n_clusters": 4,
    "n_points": 13,
    "coord_range_lower": -1,
    "coord_range_upper": 1
  },
  "solution": {
    "status": "optimal",
    "center_coordinates": {
      "cluster_1": {
        "dim_1": -0.426111274070579,
        "dim_2": -0.230624550894273,
        "dim_3": -0.509414363602761,
        "dim_4": -0.289751529876275
      },
      "cluster_2": {
        "dim_1": -0.426111274070579,
        "dim_2": -0.140135262752366,
        "dim_3": 0.598583220456727,
        "dim_4": 0.568617220761981
      },
      "cluster_3": {
        "dim_1": 0.633930829349919,
        "dim_2": 0.628142221028458,
        "dim_3": 0.716148028114442,
        "dim_4": 0.065464311639892
      },
      "cluster_4": {
        "dim_1": 0.807794003520582,
        "dim_2": 0.880654996572242,
        "dim_3": -0.721557031115306,
        "dim_4": -0.848765770670357
      }
    },
    "distances": {
      "1": 0.257483177820181,
      "2": 0.167807822773146,
      "3": 0.702839794710153,
      "4": 1.023007357995266,
      "5": 0.256078283156856,
      "6": 1.100972072286815,
      "7": 0.930917547690144,
      "8": 0.439445903652451,
      "9": 0.761674642360874,
      "10": 0.275975205223918,
      "11": 0.0,
      "12": 0.35657007472519,
      "13": 0.686754553967758
    },
    "objective_value": 6.9595264363627525,
    "lower_bound": 3.277358741859293,
    "upper_bound": 6.95952643636275,
    "absolute_gap": 3.6821676945034594,
    "relative_gap": 1.123516826972232
  },
  "performance": {
    "solution_time_seconds": 301.65638875961304,
    "solver_status": "ok",
    "termination_condition": "optimal",
    "solver": "gams",
    "subsolver": "baron",
    "is_relaxation": false,
    "root_relaxation_value": 1.68871,
    "root_relaxation_gap_percent": 75.73527429716083,
    "relaxation_gap_percent": null,
    "absolute_gap": null
  }
}