{
  "model_parameters": {
    "n_dimensions": 5,
    "n_clusters": 4,
    "n_points": 11,
    "coord_range_lower": -1,
    "coord_range_upper": 1
  },
  "solution": {
    "status": "optimal",
    "center_coordinates": {
      "cluster_1": {
        "dim_1": -0.782517233846284,
        "dim_2": -0.530397377944021,
        "dim_3": -0.50045544151355,
        "dim_4": 0.435250302880629,
        "dim_5": -0.381455680981363
      },
      "cluster_2": {
        "dim_1": -0.734372992737793,
        "dim_2": 0.545738333390598,
        "dim_3": 0.372262255285178,
        "dim_4": -0.663831148949154,
        "dim_5": 0.15911714915691
      },
      "cluster_3": {
        "dim_1": -0.467254698512364,
        "dim_2": 0.037434858732648,
        "dim_3": 0.661380532493396,
        "dim_4": 0.46303405062492,
        "dim_5": -0.081785301978235
      },
      "cluster_4": {
        "dim_1": 0.527065968614967,
        "dim_2": 0.281454912842506,
        "dim_3": 0.604125084318157,
        "dim_4": -0.39479940778667,
        "dim_5": 0.065836373392711
      }
    },
    "distances": {
      "1": 0.218874586884903,
      "2": 0.416027286507738,
      "3": 0.587944143100037,
      "4": 0.953214713176834,
      "5": 0.217997473007848,
      "6": 0.500543170865578,
      "7": 0.439967242834827,
      "8": 0.276529470885768,
      "9": 0.440260631449808,
      "10": 0.309082905797974,
      "11": 0.486251177967296
    },
    "objective_value": 4.846692802478611,
    "lower_bound": 4.397610052396702,
    "absolute_gap": 0.44908275008190834,
    "relative_gap": 0.1021197297466513
  },
  "performance": {
    "solution_time_seconds": 1801.3774716854095,
    "solver_status": "ok",
    "termination_condition": "optimal",
    "solver": "gams",
    "subsolver": "gurobi",
    "is_relaxation": false,
    "root_relaxation_value": 0.0,
    "root_relaxation_gap_percent": 100.0,
    "relaxation_gap_percent": null,
    "absolute_gap": null
  }
}