{
  "model_parameters": {
    "n_dimensions": 2,
    "n_clusters": 5,
    "n_points": 14,
    "coord_range_lower": -1,
    "coord_range_upper": 1
  },
  "solution": {
    "status": "optimal",
    "center_coordinates": {
      "cluster_1": {
        "dim_1": -0.80232441477634,
        "dim_2": 0.411349831126742
      },
      "cluster_2": {
        "dim_1": -0.445079911563569,
        "dim_2": -0.597943013598109
      },
      "cluster_3": {
        "dim_1": -0.134602462471354,
        "dim_2": 0.570936015954265
      },
      "cluster_4": {
        "dim_1": 0.292784197400732,
        "dim_2": -0.798018212627312
      },
      "cluster_5": {
        "dim_1": 0.433889895905656,
        "dim_2": 0.23810564242716
      }
    },
    "distances": {
      "1": 0.079598287602408,
      "2": 0.080360165885218,
      "3": 0.080056617947576,
      "4": 0.106843886548525,
      "5": 0.089700653624749,
      "6": 0.089480071170465,
      "7": 0.050117926850183,
      "8": 0.179713697334827,
      "9": 0.040153411608979,
      "10": 0.018281047473725,
      "11": 0.155398018828787,
      "12": 0.057434189688464,
      "13": 0.031553970544085,
      "14": 0.054126239777582
    },
    "objective_value": 1.112818184885573,
    "lower_bound": 1.112818184885574,
    "upper_bound": 1.112818184885574,
    "absolute_gap": -1.1102230246251565e-15,
    "relative_gap": -9.97667938666293e-16
  },
  "performance": {
    "solution_time_seconds": 149.64712977409363,
    "solver_status": "ok",
    "termination_condition": "optimal",
    "solver": "gams",
    "subsolver": "baron",
    "is_relaxation": false,
    "root_relaxation_value": 0.0,
    "root_relaxation_gap_percent": 100.0,
    "relaxation_gap_percent": null,
    "absolute_gap": null
  }
}