{
  "model_parameters": {
    "n_dimensions": 4,
    "n_clusters": 5,
    "n_points": 10,
    "coord_range_lower": -1,
    "coord_range_upper": 1
  },
  "solution": {
    "status": "optimal",
    "center_coordinates": {
      "cluster_1": {
        "dim_1": -0.629222092954143,
        "dim_2": -0.154959168385016,
        "dim_3": 0.68384553998634,
        "dim_4": 0.06402421124058
      },
      "cluster_2": {
        "dim_1": -0.113244894841514,
        "dim_2": 0.471116006529375,
        "dim_3": -0.587528946961657,
        "dim_4": 0.628326727639633
      },
      "cluster_3": {
        "dim_1": 0.410659017482521,
        "dim_2": 0.565790955597203,
        "dim_3": 0.351776197461535,
        "dim_4": -0.908714449551107
      },
      "cluster_4": {
        "dim_1": 0.509667516003725,
        "dim_2": 0.53093934467789,
        "dim_3": 0.90862804608982,
        "dim_4": -0.034074661857992
      },
      "cluster_5": {
        "dim_1": 0.886667902787942,
        "dim_2": -0.447427013015107,
        "dim_3": 0.794338848201154,
        "dim_4": 0.623532819058599
      }
    },
    "distances": {
      "1": 0.19513433503434,
      "2": 0.257048669576678,
      "3": 0.102871380103821,
      "4": 0.0,
      "5": 0.195134319762645,
      "6": 0.257048685744593,
      "7": 0.246386176310631,
      "8": 0.136221986876053,
      "9": 0.246386158214565,
      "10": 0.328745703485642
    },
    "objective_value": 1.964977415108968,
    "lower_bound": 1.964977415108968,
    "absolute_gap": 0.0,
    "relative_gap": 0.0
  },
  "performance": {
    "solution_time_seconds": 516.0696711540222,
    "solver_status": "ok",
    "termination_condition": "optimal",
    "solver": "gams",
    "subsolver": "baron",
    "is_relaxation": false,
    "root_relaxation_value": 0.0,
    "root_relaxation_gap_percent": 100.0,
    "relaxation_gap_percent": null,
    "absolute_gap": null
  }
}