{
  "model_parameters": {
    "n_dimensions": 5,
    "n_clusters": 5,
    "n_points": 16,
    "coord_range_lower": -1,
    "coord_range_upper": 1
  },
  "solution": {
    "status": "optimal",
    "center_coordinates": {
      "cluster_1": {
        "dim_1": -0.391470004581613,
        "dim_2": -0.740941866757815,
        "dim_3": -0.089909184309294,
        "dim_4": 0.28297307424661,
        "dim_5": -0.07702951295866
      },
      "cluster_2": {
        "dim_1": -0.391470004581613,
        "dim_2": 0.444112055583979,
        "dim_3": 0.561840082230698,
        "dim_4": 0.562265367455572,
        "dim_5": 0.479436334859916
      },
      "cluster_3": {
        "dim_1": -0.391470004581613,
        "dim_2": -0.1576429809318,
        "dim_3": -0.480236986133582,
        "dim_4": -0.589674378466231,
        "dim_5": -0.356323558186177
      },
      "cluster_4": {
        "dim_1": 0.638494272597043,
        "dim_2": 0.519819333061148,
        "dim_3": 0.853032128783736,
        "dim_4": 0.081429334098489,
        "dim_5": -0.775196281895367
      },
      "cluster_5": {
        "dim_1": 0.638494272597043,
        "dim_2": 0.801917295974448,
        "dim_3": -0.135290841579019,
        "dim_4": -0.166516122584048,
        "dim_5": 0.455364263212255
      }
    },
    "distances": {
      "1": 0.859437551213919,
      "2": 0.095022316960147,
      "3": 0.435441818897357,
      "4": 0.6787543826668,
      "5": 0.570395875308833,
      "6": 0.258239102233504,
      "7": 0.448470911489132,
      "8": 0.604754399180252,
      "9": 0.473747199953291,
      "10": 0.22574785115985,
      "11": 0.344612461353465,
      "12": 0.606391853518452,
      "13": 0.612475494680735,
      "14": 0.218458290078431,
      "15": 0.597235107794714,
      "16": 0.80234818800112
    },
    "objective_value": 7.831532804490002,
    "lower_bound": 7.831532804469414,
    "upper_bound": 7.831532804490003,
    "absolute_gap": 2.0587975768648903e-11,
    "relative_gap": 2.628856480930458e-12
  },
  "performance": {
    "solution_time_seconds": 226.65629363059998,
    "solver_status": "ok",
    "termination_condition": "optimal",
    "solver": "gams",
    "subsolver": "baron",
    "is_relaxation": false,
    "root_relaxation_value": 0.0,
    "root_relaxation_gap_percent": 100.0,
    "relaxation_gap_percent": null,
    "absolute_gap": null
  }
}