{
  "model_parameters": {
    "n_dimensions": 2,
    "n_clusters": 5,
    "n_points": 12,
    "coord_range_lower": -1,
    "coord_range_upper": 1
  },
  "solution": {
    "status": "optimal",
    "center_coordinates": {
      "cluster_1": {
        "dim_1": -0.706260092901919,
        "dim_2": -0.464120606659045
      },
      "cluster_2": {
        "dim_1": -0.45432407934244,
        "dim_2": 0.65606689453125
      },
      "cluster_3": {
        "dim_1": 0.184083366433523,
        "dim_2": 0.448820069898486
      },
      "cluster_4": {
        "dim_1": 0.332778776166573,
        "dim_2": -0.760783124434372
      },
      "cluster_5": {
        "dim_1": 0.941547790893042,
        "dim_2": -0.002139441407094
      }
    },
    "distances": {
      "1": 0.168199285632025,
      "2": 0.094452734452965,
      "3": 0.050789750567478,
      "4": 0.060422981482238,
      "5": 0.054389026325134,
      "6": 0.14819817968336,
      "7": 0.07685177124599,
      "8": 0.054579212124731,
      "9": 0.0,
      "10": 0.027582077469162,
      "11": 0.102881070025262,
      "12": 0.060648336752352
    },
    "objective_value": 0.898994425760697,
    "lower_bound": 0.898994425760693,
    "upper_bound": 0.898994425760694,
    "absolute_gap": 3.9968028886505635e-15,
    "relative_gap": 4.445859478237175e-15
  },
  "performance": {
    "solution_time_seconds": 58.68821692466736,
    "solver_status": "ok",
    "termination_condition": "optimal",
    "solver": "gams",
    "subsolver": "scip",
    "is_relaxation": false,
    "root_relaxation_value": 0.898994425760693,
    "root_relaxation_gap_percent": 4.4458594782371554e-13,
    "relaxation_gap_percent": null,
    "absolute_gap": null
  }
}