{
  "model_parameters": {
    "n_dimensions": 2,
    "n_clusters": 4,
    "n_points": 14,
    "coord_range_lower": -1,
    "coord_range_upper": 1
  },
  "solution": {
    "status": "optimal",
    "center_coordinates": {
      "cluster_1": {
        "dim_1": -0.451570611443528,
        "dim_2": 0.263225532794514
      },
      "cluster_2": {
        "dim_1": -0.22954129031897,
        "dim_2": -0.703018293680948
      },
      "cluster_3": {
        "dim_1": 0.608421210682447,
        "dim_2": -0.240792800687695
      },
      "cluster_4": {
        "dim_1": 0.691380382039581,
        "dim_2": 0.773873806335424
      }
    },
    "distances": {
      "1": 0.050003779767789,
      "2": 0.034134772489538,
      "3": 0.146076226366101,
      "4": 0.058078455795523,
      "5": 0.015082079351894,
      "6": 0.092522185355805,
      "7": 0.050478205120141,
      "8": 0.078193222704121,
      "9": 0.050463837049194,
      "10": 0.304955336135484,
      "11": 0.139224571359839,
      "12": 0.004109255770238,
      "13": 0.044649429391674,
      "14": 0.042040733853276
    },
    "objective_value": 1.110012090510617,
    "lower_bound": 1.110012090510616,
    "absolute_gap": 1.1102230246251565e-15,
    "relative_gap": 1.0001900286639613e-15
  },
  "performance": {
    "solution_time_seconds": 1.9193849563598633,
    "solver_status": "ok",
    "termination_condition": "optimal",
    "solver": "gams",
    "subsolver": "baron",
    "is_relaxation": false,
    "root_relaxation_value": 0.0,
    "root_relaxation_gap_percent": 100.0,
    "relaxation_gap_percent": null,
    "absolute_gap": null
  }
}