{
  "model_parameters": {
    "n_dimensions": 4,
    "n_clusters": 3,
    "n_points": 13,
    "coord_range_lower": -1,
    "coord_range_upper": 1
  },
  "solution": {
    "status": "optimal",
    "center_coordinates": {
      "cluster_1": {
        "dim_1": -0.297625908802361,
        "dim_2": -0.516135908279862,
        "dim_3": -0.150368982366662,
        "dim_4": 0.596151598144904
      },
      "cluster_2": {
        "dim_1": 0.220807558243474,
        "dim_2": -0.123744119819016,
        "dim_3": -0.674599251012741,
        "dim_4": -0.569530073374149
      },
      "cluster_3": {
        "dim_1": 0.664046046498465,
        "dim_2": -0.294812263625264,
        "dim_3": 0.410496954196432,
        "dim_4": -0.215515005191942
      }
    },
    "distances": {
      "1": 0.855584244578781,
      "2": 0.369382280455448,
      "3": 1.070872646964873,
      "4": 0.476694091266973,
      "5": 0.686656452503694,
      "6": 0.2319376669801,
      "7": 0.328779905252716,
      "8": 0.667221946658799,
      "9": 0.52262639263857,
      "10": 0.176011318431637,
      "11": 0.81292368480238,
      "12": 0.251730686466661,
      "13": 0.289609958331908
    },
    "objective_value": 6.74003127533254,
    "lower_bound": 6.740031275332541,
    "absolute_gap": -8.881784197001252e-16,
    "relative_gap": -1.3177660212805232e-16
  },
  "performance": {
    "solution_time_seconds": 37.00800061225891,
    "solver_status": "ok",
    "termination_condition": "optimal",
    "solver": "gams",
    "subsolver": "baron",
    "is_relaxation": false,
    "root_relaxation_value": 6.03423,
    "root_relaxation_gap_percent": 10.471780419115595,
    "relaxation_gap_percent": null,
    "absolute_gap": null
  }
}