{
  "model_parameters": {
    "n_dimensions": 5,
    "n_clusters": 3,
    "n_points": 11,
    "coord_range_lower": -1,
    "coord_range_upper": 1
  },
  "solution": {
    "status": "optimal",
    "center_coordinates": {
      "cluster_1": {
        "dim_1": -0.60579911926762,
        "dim_2": -0.599998267309453,
        "dim_3": -0.207212250907948,
        "dim_4": 0.276124800994404,
        "dim_5": -0.170756586645856
      },
      "cluster_2": {
        "dim_1": 0.10860541874376,
        "dim_2": 0.575515247278151,
        "dim_3": -0.139803917222756,
        "dim_4": 0.163054192964301,
        "dim_5": 0.139458830934302
      },
      "cluster_3": {
        "dim_1": 0.853130867006841,
        "dim_2": -0.696204451719186,
        "dim_3": 0.840850183281431,
        "dim_4": -0.242499661427096,
        "dim_5": 0.021286391226611
      }
    },
    "distances": {
      "1": 0.905583487337217,
      "2": 1.000605643366693,
      "3": 0.744428146857072,
      "4": 0.441271538688645,
      "5": 0.838495456518707,
      "6": 0.721106637680809,
      "7": 0.487152303831837,
      "8": 0.915196662097735,
      "9": 1.071017898033018,
      "10": 1.325820770575042,
      "11": 0.744428147260965
    },
    "objective_value": 9.195106692247741,
    "lower_bound": 9.195105724161436,
    "upper_bound": 9.195106692247741,
    "absolute_gap": 9.680863044536636e-07,
    "relative_gap": 1.052827812419688e-07
  },
  "performance": {
    "solution_time_seconds": 24.980666875839233,
    "solver_status": "ok",
    "termination_condition": "optimal",
    "solver": "gams",
    "subsolver": "baron",
    "is_relaxation": false,
    "root_relaxation_value": 0.0,
    "root_relaxation_gap_percent": 100.0,
    "relaxation_gap_percent": null,
    "absolute_gap": null
  }
}