{
  "model_parameters": {
    "n_dimensions": 3,
    "n_clusters": 3,
    "n_points": 13,
    "coord_range_lower": -1,
    "coord_range_upper": 1
  },
  "solution": {
    "status": "optimal",
    "center_coordinates": {
      "cluster_1": {
        "dim_1": -0.224740399783607,
        "dim_2": -0.06591400824297,
        "dim_3": -0.749561058220559
      },
      "cluster_2": {
        "dim_1": -0.161180399221941,
        "dim_2": 0.277655079640534,
        "dim_3": 0.690562737654089
      },
      "cluster_3": {
        "dim_1": 0.847005456549769,
        "dim_2": -0.755574550288082,
        "dim_3": 0.605282106004862
      }
    },
    "distances": {
      "1": 0.416334849802104,
      "2": 0.260343831871237,
      "3": 0.849199588593934,
      "4": 0.438038241041565,
      "5": 0.055405510722758,
      "6": 0.506920555946408,
      "7": 0.616905389754632,
      "8": 1.264891549909868,
      "9": 0.039547594904621,
      "10": 0.099029811019071,
      "11": 0.072681831775098,
      "12": 0.61808822982712,
      "13": 0.489573158333755
    },
    "objective_value": 5.726960143502171,
    "lower_bound": 5.726954418538631,
    "upper_bound": 5.72696014350217,
    "absolute_gap": 5.724963539677219e-06,
    "relative_gap": 9.996523669098942e-07
  },
  "performance": {
    "solution_time_seconds": 216.16361618041992,
    "solver_status": "ok",
    "termination_condition": "optimal",
    "solver": "gams",
    "subsolver": "gurobi",
    "is_relaxation": false,
    "root_relaxation_value": 0.0,
    "root_relaxation_gap_percent": 100.0,
    "relaxation_gap_percent": null,
    "absolute_gap": null
  }
}