{
  "model_parameters": {
    "n_dimensions": 3,
    "n_clusters": 4,
    "n_points": 15,
    "coord_range_lower": -1,
    "coord_range_upper": 1
  },
  "solution": {
    "status": "optimal",
    "center_coordinates": {
      "cluster_1": {
        "dim_1": -0.629862123667105,
        "dim_2": 0.700836403197257,
        "dim_3": -0.21301140235746
      },
      "cluster_2": {
        "dim_1": 0.127097577013707,
        "dim_2": 0.199889302253724,
        "dim_3": 0.475185094118031
      },
      "cluster_3": {
        "dim_1": 0.289768949413977,
        "dim_2": -0.493123828559274,
        "dim_3": -0.606768304286199
      },
      "cluster_4": {
        "dim_1": 0.623420823822936,
        "dim_2": -0.795157521680744,
        "dim_3": 0.557119947733051
      }
    },
    "distances": {
      "1": 0.145235405619949,
      "2": 0.100610867926569,
      "3": 0.024567157974279,
      "4": 0.092512212187183,
      "5": 0.122675335242462,
      "6": 0.221672882272051,
      "7": 0.020613483206054,
      "8": 0.150802615451914,
      "9": 0.044382743474408,
      "10": 0.204436145149806,
      "11": 0.004714524027304,
      "12": 0.658417979696736,
      "13": 0.278300036753268,
      "14": 0.066256839884476,
      "15": 0.09305491344831
    },
    "objective_value": 2.228253142314769,
    "lower_bound": 2.228248794200569,
    "absolute_gap": 4.348114199803632e-06,
    "relative_gap": 1.951359386402634e-06
  },
  "performance": {
    "solution_time_seconds": 1803.3201353549957,
    "solver_status": "ok",
    "termination_condition": "optimal",
    "solver": "gams",
    "subsolver": "scip",
    "is_relaxation": false,
    "root_relaxation_value": 2.22824879420057,
    "root_relaxation_gap_percent": 0.00019513555782080111,
    "relaxation_gap_percent": null,
    "absolute_gap": null
  }
}