{
  "model_parameters": {
    "n_dimensions": 3,
    "n_clusters": 3,
    "n_points": 14,
    "coord_range_lower": -1,
    "coord_range_upper": 1
  },
  "solution": {
    "status": "optimal",
    "center_coordinates": {
      "cluster_1": {
        "dim_1": -0.732757939804944,
        "dim_2": -0.05732909247215,
        "dim_3": -0.39803851810117
      },
      "cluster_2": {
        "dim_1": -0.530819712720288,
        "dim_2": -0.853576548706204,
        "dim_3": 0.138769836527067
      },
      "cluster_3": {
        "dim_1": 0.359058165425996,
        "dim_2": 0.438487912018417,
        "dim_3": 0.408767442748727
      }
    },
    "distances": {
      "1": 0.486181978821518,
      "2": 0.064996394409459,
      "3": 0.045226816326862,
      "4": 0.013079315161983,
      "5": 0.35508263524085,
      "6": 0.475468349169439,
      "7": 0.816667460408699,
      "8": 0.193528912214678,
      "9": 0.447542718728578,
      "10": 0.027233157116264,
      "11": 0.869688970984131,
      "12": 0.288517503811983,
      "13": 0.145902857615533,
      "14": 0.393804712498263
    },
    "objective_value": 4.62292178250824,
    "lower_bound": 4.62292178250824,
    "upper_bound": 4.622921782508239,
    "absolute_gap": 0.0,
    "relative_gap": 0.0
  },
  "performance": {
    "solution_time_seconds": 65.74086308479309,
    "solver_status": "ok",
    "termination_condition": "optimal",
    "solver": "gams",
    "subsolver": "scip",
    "is_relaxation": false,
    "root_relaxation_value": 4.62292178250824,
    "root_relaxation_gap_percent": 0.0,
    "relaxation_gap_percent": null,
    "absolute_gap": null
  }
}