{
  "model_parameters": {
    "n_dimensions": 3,
    "n_clusters": 5,
    "n_points": 14,
    "coord_range_lower": -1,
    "coord_range_upper": 1
  },
  "solution": {
    "status": "optimal",
    "center_coordinates": {
      "cluster_1": {
        "dim_1": -0.929703664644904,
        "dim_2": -0.240672951709444,
        "dim_3": -0.663890343531648
      },
      "cluster_2": {
        "dim_1": -0.422277891273105,
        "dim_2": 0.766106165287593,
        "dim_3": 0.604885646331303
      },
      "cluster_3": {
        "dim_1": -0.120271181638761,
        "dim_2": -0.264538059145121,
        "dim_3": 0.309740219022066
      },
      "cluster_4": {
        "dim_1": 0.46910384394208,
        "dim_2": 0.000922018342959,
        "dim_3": -0.420483323072479
      },
      "cluster_5": {
        "dim_1": 0.933430858006964,
        "dim_2": -0.505536195131452,
        "dim_3": 0.359554818095717
      }
    },
    "distances": {
      "1": 0.297205918094686,
      "2": 0.0,
      "3": 0.346195880546109,
      "4": 0.153237373493029,
      "5": 0.149693428568515,
      "6": 0.056075883385715,
      "7": 0.0,
      "8": 0.14929917233719,
      "9": 0.094397719684905,
      "10": 0.188038774525462,
      "11": 0.08356621093958,
      "12": 0.191679424435216,
      "13": 0.06834046415113,
      "14": 0.335351355944089
    },
    "objective_value": 2.113081606105626,
    "lower_bound": 2.110847576585597,
    "absolute_gap": 0.002234029520028713,
    "relative_gap": 0.0010583566264137218
  },
  "performance": {
    "solution_time_seconds": 1800.4155609607697,
    "solver_status": "ok",
    "termination_condition": "optimal",
    "solver": "gams",
    "subsolver": "gurobi",
    "is_relaxation": false,
    "root_relaxation_value": 0.0,
    "root_relaxation_gap_percent": 100.0,
    "relaxation_gap_percent": null,
    "absolute_gap": null
  }
}