{
  "model_parameters": {
    "n_dimensions": 4,
    "n_clusters": 5,
    "n_points": 11,
    "coord_range_lower": -1,
    "coord_range_upper": 1
  },
  "solution": {
    "status": "optimal",
    "center_coordinates": {
      "cluster_1": {
        "dim_1": -0.226336785219258,
        "dim_2": -0.181669036616072,
        "dim_3": -0.72282282515645,
        "dim_4": -0.873977597866429
      },
      "cluster_2": {
        "dim_1": -0.21449233252581,
        "dim_2": 0.156165416587433,
        "dim_3": -0.486065755763241,
        "dim_4": 0.419300417696851
      },
      "cluster_3": {
        "dim_1": 0.006905982990993,
        "dim_2": 0.941631262749173,
        "dim_3": 0.546597254284375,
        "dim_4": -0.804862298277101
      },
      "cluster_4": {
        "dim_1": 0.732474658124018,
        "dim_2": 0.572889423980131,
        "dim_3": -0.413237302057361,
        "dim_4": 0.524587089453366
      },
      "cluster_5": {
        "dim_1": 0.766648074454148,
        "dim_2": -0.54573271683778,
        "dim_3": -0.196945699588677,
        "dim_4": 0.698847164437939
      }
    },
    "distances": {
      "1": 0.262467237113283,
      "2": 0.480448870456721,
      "3": 0.393566109846088,
      "4": 0.246528820246882,
      "5": 1.11471e-10,
      "6": 0.408785673646999,
      "7": 0.408785665691469,
      "8": 0.616075994433513,
      "9": 0.177120888463543,
      "10": 0.262467215427044,
      "11": 0.177120850520387
    },
    "objective_value": 3.4333673259574002,
    "lower_bound": 3.433367322426598,
    "upper_bound": 3.433367325957399,
    "absolute_gap": 3.530802317186499e-09,
    "relative_gap": 1.0283788437442915e-09
  },
  "performance": {
    "solution_time_seconds": 37.10750937461853,
    "solver_status": "ok",
    "termination_condition": "optimal",
    "solver": "gams",
    "subsolver": "baron",
    "is_relaxation": false,
    "root_relaxation_value": 3.08221,
    "root_relaxation_gap_percent": 10.227782017453652,
    "relaxation_gap_percent": null,
    "absolute_gap": null
  }
}