{
  "model_parameters": {
    "n_dimensions": 3,
    "n_clusters": 5,
    "n_points": 17,
    "coord_range_lower": -1,
    "coord_range_upper": 1
  },
  "solution": {
    "status": "optimal",
    "center_coordinates": {
      "cluster_1": {
        "dim_1": -0.546848938820682,
        "dim_2": 0.505923068953674,
        "dim_3": -0.585342418963206
      },
      "cluster_2": {
        "dim_1": 0.054521212535687,
        "dim_2": -0.922670284628215,
        "dim_3": 0.328043223117193
      },
      "cluster_3": {
        "dim_1": 0.054521212535687,
        "dim_2": -0.78619473845527,
        "dim_3": -0.539442453895339
      },
      "cluster_4": {
        "dim_1": 0.054521212535687,
        "dim_2": -0.030687290678798,
        "dim_3": 0.838452495216657
      },
      "cluster_5": {
        "dim_1": 0.729066270336695,
        "dim_2": 0.348930422992034,
        "dim_3": -0.096563921355146
      }
    },
    "distances": {
      "1": 0.017284501898139,
      "2": 0.090509638277413,
      "3": 0.061757640649759,
      "4": 0.060722713170455,
      "5": 0.418509151455469,
      "6": 0.184734527146501,
      "7": 0.337176093659415,
      "8": 0.439241168443303,
      "9": 0.309192432341265,
      "10": 0.108406146757896,
      "11": 0.018442894965586,
      "12": 0.080950958504873,
      "13": 0.272437777855605,
      "14": 0.297557299565657,
      "15": 0.609261540285371,
      "16": 0.143669609330094,
      "17": 0.178052861170545
    },
    "objective_value": 3.627906955477346,
    "lower_bound": 3.627906955477346,
    "upper_bound": 3.627906955477346,
    "absolute_gap": 0.0,
    "relative_gap": 0.0
  },
  "performance": {
    "solution_time_seconds": 21.105204105377197,
    "solver_status": "ok",
    "termination_condition": "optimal",
    "solver": "gams",
    "subsolver": "baron",
    "is_relaxation": false,
    "root_relaxation_value": 0.0,
    "root_relaxation_gap_percent": 100.0,
    "relaxation_gap_percent": null,
    "absolute_gap": null
  }
}