{
  "model_parameters": {
    "n_dimensions": 3,
    "n_clusters": 5,
    "n_points": 15,
    "coord_range_lower": -1,
    "coord_range_upper": 1
  },
  "solution": {
    "status": "optimal",
    "center_coordinates": {
      "cluster_1": {
        "dim_1": -0.677602973598027,
        "dim_2": 0.377612755851376,
        "dim_3": 0.705434551755803
      },
      "cluster_2": {
        "dim_1": -0.677602983451882,
        "dim_2": -0.43232494540241,
        "dim_3": -0.722662793532284
      },
      "cluster_3": {
        "dim_1": -0.34419789473151,
        "dim_2": -0.776119209224455,
        "dim_3": 0.547337761814822
      },
      "cluster_4": {
        "dim_1": 0.072163960510983,
        "dim_2": 0.511928275625821,
        "dim_3": -0.474466087985194
      },
      "cluster_5": {
        "dim_1": 0.561953842223128,
        "dim_2": -0.137542853204616,
        "dim_3": 0.105711785562519
      }
    },
    "distances": {
      "1": 0.312229045186862,
      "2": 0.100184790252585,
      "3": 0.118790630981366,
      "4": 0.429312198201304,
      "5": 0.082937590355357,
      "6": 0.201626693125953,
      "7": 0.343539330564664,
      "8": 0.268050461268244,
      "9": 0.054466355705423,
      "10": 0.079884311960396,
      "11": 0.253553943285764,
      "12": 0.451745593910088,
      "13": 0.21759707059403,
      "14": 0.023221856377229,
      "15": 0.118605094208113
    },
    "objective_value": 3.055744965977378,
    "lower_bound": 1.345056758563027,
    "absolute_gap": 1.7106882074143508,
    "relative_gap": 1.2718334720996762
  },
  "performance": {
    "solution_time_seconds": 1802.6154639720917,
    "solver_status": "ok",
    "termination_condition": "optimal",
    "solver": "gams",
    "subsolver": "scip",
    "is_relaxation": false,
    "root_relaxation_value": 1.34505675856303,
    "root_relaxation_gap_percent": 55.982689211996636,
    "relaxation_gap_percent": null,
    "absolute_gap": null
  }
}