{
  "model_parameters": {
    "n_dimensions": 2,
    "n_clusters": 5,
    "n_points": 15,
    "coord_range_lower": -1,
    "coord_range_upper": 1
  },
  "solution": {
    "status": "optimal",
    "center_coordinates": {
      "cluster_1": {
        "dim_1": -0.580369041251018,
        "dim_2": -0.475664216229449
      },
      "cluster_2": {
        "dim_1": -0.549955134726622,
        "dim_2": 0.34673802403652
      },
      "cluster_3": {
        "dim_1": -0.005249177994919,
        "dim_2": 0.377028298445838
      },
      "cluster_4": {
        "dim_1": 0.168013803533912,
        "dim_2": -0.442525290467999
      },
      "cluster_5": {
        "dim_1": 0.735791350208647,
        "dim_2": -0.153025185873353
      }
    },
    "distances": {
      "1": 0.041658954913158,
      "2": 0.00039792667822,
      "3": 0.058497818329901,
      "4": 0.04278116787421,
      "5": 0.03174418705133,
      "6": 0.058868840323188,
      "7": 0.041658953994476,
      "8": 0.069038660643752,
      "9": 0.052334083119894,
      "10": 0.123150732504709,
      "11": 0.069038658117675,
      "12": 0.052987285673392,
      "13": 0.032792422479981,
      "14": 0.058868841321343,
      "15": 0.0053692889247
    },
    "objective_value": 0.739187821949929,
    "lower_bound": 0.739187821858701,
    "upper_bound": 0.73918782194993,
    "absolute_gap": 9.122802513417128e-11,
    "relative_gap": 1.2341656942450266e-10
  },
  "performance": {
    "solution_time_seconds": 44.97814965248108,
    "solver_status": "ok",
    "termination_condition": "optimal",
    "solver": "gams",
    "subsolver": "baron",
    "is_relaxation": false,
    "root_relaxation_value": 0.261447,
    "root_relaxation_gap_percent": 64.63050496282258,
    "relaxation_gap_percent": null,
    "absolute_gap": null
  }
}