{
  "model_parameters": {
    "n_dimensions": 2,
    "n_clusters": 5,
    "n_points": 13,
    "coord_range_lower": -1,
    "coord_range_upper": 1
  },
  "solution": {
    "status": "optimal",
    "center_coordinates": {
      "cluster_1": {
        "dim_1": -0.802160951296932,
        "dim_2": 0.789238437975976
      },
      "cluster_2": {
        "dim_1": -0.672736593793142,
        "dim_2": -0.294270988868247
      },
      "cluster_3": {
        "dim_1": 0.029706244482639,
        "dim_2": -0.663835445800184
      },
      "cluster_4": {
        "dim_1": 0.601821809592835,
        "dim_2": -0.170975014578442
      },
      "cluster_5": {
        "dim_1": 0.768397499330814,
        "dim_2": 0.743541935163341
      }
    },
    "distances": {
      "1": 0.013905704073113,
      "2": 0.017842328056739,
      "3": 0.228679461048184,
      "4": 0.037888403864089,
      "5": 0.03790411459537,
      "6": 0.014136060914135,
      "7": 0.014127702957636,
      "8": 0.024039128037481,
      "9": 0.053852901481118,
      "10": 0.095783066244009,
      "11": 0.027081781175196,
      "12": 0.051603515405426,
      "13": 0.051605069024599
    },
    "objective_value": 0.668449236877095,
    "lower_bound": 0.668448659501634,
    "upper_bound": 0.668449236877095,
    "absolute_gap": 5.773754609972315e-07,
    "relative_gap": 8.637543853071637e-07
  },
  "performance": {
    "solution_time_seconds": 8.54135799407959,
    "solver_status": "ok",
    "termination_condition": "optimal",
    "solver": "gams",
    "subsolver": "gurobi",
    "is_relaxation": false,
    "root_relaxation_value": 0.0,
    "root_relaxation_gap_percent": 100.0,
    "relaxation_gap_percent": null,
    "absolute_gap": null
  }
}