{
  "model_parameters": {
    "n_dimensions": 5,
    "n_clusters": 3,
    "n_points": 12,
    "coord_range_lower": -1,
    "coord_range_upper": 1
  },
  "solution": {
    "status": "optimal",
    "center_coordinates": {
      "cluster_1": {
        "dim_1": -0.10316797533674,
        "dim_2": 0.159848307493108,
        "dim_3": 0.384248664152281,
        "dim_4": -0.626494902655167,
        "dim_5": -0.247219021915972
      },
      "cluster_2": {
        "dim_1": 0.465321101192481,
        "dim_2": 0.413322208927853,
        "dim_3": -0.172903424411908,
        "dim_4": 0.673205814732228,
        "dim_5": -0.754743933738567
      },
      "cluster_3": {
        "dim_1": 0.618732292471701,
        "dim_2": -0.560367706025849,
        "dim_3": -0.00099172328188,
        "dim_4": 0.463515236968254,
        "dim_5": 0.292056302631824
      }
    },
    "distances": {
      "1": 0.580347235183739,
      "2": 0.32788544933968,
      "3": 1.295154039454843,
      "4": 0.733271198887509,
      "5": 0.954069183057503,
      "6": 0.658212124158066,
      "7": 0.738159216018259,
      "8": 0.340910745040631,
      "9": 0.81020970725644,
      "10": 0.665224959728891,
      "11": 0.835464514860683,
      "12": 2.571328412522282
    },
    "objective_value": 10.510236785508527,
    "lower_bound": 10.510236785508525,
    "upper_bound": 10.510236785508525,
    "absolute_gap": 1.7763568394002505e-15,
    "relative_gap": 1.6901206658345553e-16
  },
  "performance": {
    "solution_time_seconds": 51.85902166366577,
    "solver_status": "ok",
    "termination_condition": "optimal",
    "solver": "gams",
    "subsolver": "gurobi",
    "is_relaxation": false,
    "root_relaxation_value": 0.0,
    "root_relaxation_gap_percent": 100.0,
    "relaxation_gap_percent": null,
    "absolute_gap": null
  }
}