{
  "model_parameters": {
    "n_dimensions": 3,
    "n_clusters": 3,
    "n_points": 16,
    "coord_range_lower": -1,
    "coord_range_upper": 1
  },
  "solution": {
    "status": "optimal",
    "center_coordinates": {
      "cluster_1": {
        "dim_1": -0.466903857479859,
        "dim_2": 0.124392546533857,
        "dim_3": 0.272239614483104
      },
      "cluster_2": {
        "dim_1": 0.433541791508114,
        "dim_2": 0.34405398843582,
        "dim_3": -0.539688974535292
      },
      "cluster_3": {
        "dim_1": 0.725190230790327,
        "dim_2": -0.856204271107946,
        "dim_3": 0.421566015251425
      }
    },
    "distances": {
      "1": 0.665923735337844,
      "2": 0.230847954745063,
      "3": 0.427215788670568,
      "4": 0.333699760430852,
      "5": 0.052225603930408,
      "6": 0.640647053560286,
      "7": 0.591125654702075,
      "8": 0.357841044895224,
      "9": 0.072654699306989,
      "10": 0.052287300390294,
      "11": 1.219929173104781,
      "12": 0.48600565072621,
      "13": 0.89279402647508,
      "14": 0.338358276536205,
      "15": 0.210211752590777,
      "16": 0.196380763849664
    },
    "objective_value": 6.76814823925232,
    "lower_bound": 6.768144658068181,
    "absolute_gap": 3.581184139456184e-06,
    "relative_gap": 5.291234629843675e-07
  },
  "performance": {
    "solution_time_seconds": 42.34109687805176,
    "solver_status": "ok",
    "termination_condition": "optimal",
    "solver": "gams",
    "subsolver": "gurobi",
    "is_relaxation": false,
    "root_relaxation_value": 0.0,
    "root_relaxation_gap_percent": 100.0,
    "relaxation_gap_percent": null,
    "absolute_gap": null
  }
}