{
  "model_parameters": {
    "n_dimensions": 5,
    "n_clusters": 3,
    "n_points": 20,
    "coord_range_lower": -1,
    "coord_range_upper": 1
  },
  "solution": {
    "status": "optimal",
    "center_coordinates": {
      "cluster_1": {
        "dim_1": -0.385729405496471,
        "dim_2": 0.156411615365512,
        "dim_3": -0.045241798849807,
        "dim_4": 0.379140806666348,
        "dim_5": 0.40909012173247
      },
      "cluster_2": {
        "dim_1": -0.05618514382331,
        "dim_2": -0.482905157406334,
        "dim_3": -0.082553923768409,
        "dim_4": -0.611712018667857,
        "dim_5": -0.681612004469779
      },
      "cluster_3": {
        "dim_1": 0.267077945825632,
        "dim_2": 0.274203734535402,
        "dim_3": -0.618345062359648,
        "dim_4": -0.5629817838119,
        "dim_5": 0.457190126702296
      }
    },
    "distances": {
      "1": 0.382183873824219,
      "2": 1.168713522381593,
      "3": 0.962623424840603,
      "4": 0.65522046174421,
      "5": 0.812915544570697,
      "6": 1.15497083707629,
      "7": 0.937926006794627,
      "8": 0.758051254081321,
      "9": 1.49906086583787,
      "10": 0.967283143667055,
      "11": 0.252585284606113,
      "12": 0.461615841734452,
      "13": 1.005371073076951,
      "14": 0.699291644550597,
      "15": 0.577564599013206,
      "16": 0.774967094369216,
      "17": 1.261458334211355,
      "18": 0.527153761363106,
      "19": 1.472701394583669,
      "20": 1.002738846923994
    },
    "objective_value": 17.334396809251142,
    "lower_bound": 17.334396809251142,
    "absolute_gap": 0.0,
    "relative_gap": 0.0
  },
  "performance": {
    "solution_time_seconds": 1197.9309616088867,
    "solver_status": "ok",
    "termination_condition": "optimal",
    "solver": "gams",
    "subsolver": "baron",
    "is_relaxation": false,
    "root_relaxation_value": 8.56785,
    "root_relaxation_gap_percent": 50.57312870888331,
    "relaxation_gap_percent": null,
    "absolute_gap": null
  }
}