{
  "model_parameters": {
    "n_dimensions": 2,
    "n_clusters": 5,
    "n_points": 15,
    "coord_range_lower": -1,
    "coord_range_upper": 1
  },
  "solution": {
    "status": "optimal",
    "center_coordinates": {
      "cluster_1": {
        "dim_1": -0.580369041331001,
        "dim_2": -0.475664216257196
      },
      "cluster_2": {
        "dim_1": -0.549955136302313,
        "dim_2": 0.346738024600576
      },
      "cluster_3": {
        "dim_1": -0.005249177875087,
        "dim_2": 0.377028298426386
      },
      "cluster_4": {
        "dim_1": 0.168013803456399,
        "dim_2": -0.442525289436567
      },
      "cluster_5": {
        "dim_1": 0.735791358386675,
        "dim_2": -0.15302518856614
      }
    },
    "distances": {
      "1": 0.041658954474762,
      "2": 0.000397926683843,
      "3": 0.058497818278158,
      "4": 0.042781167938692,
      "5": 0.031744187077916,
      "6": 0.058868840828245,
      "7": 0.041658954474762,
      "8": 0.069038659388566,
      "9": 0.052334083119046,
      "10": 0.123150732521043,
      "11": 0.069038659388566,
      "12": 0.052987285689804,
      "13": 0.032792422513707,
      "14": 0.058868840828245,
      "15": 0.005369288965547
    },
    "objective_value": 0.739187822170902,
    "lower_bound": 0.739187774712865,
    "upper_bound": 0.739187822170902,
    "absolute_gap": 4.745803694472528e-08,
    "relative_gap": 6.420295162911778e-08
  },
  "performance": {
    "solution_time_seconds": 25.172851085662842,
    "solver_status": "ok",
    "termination_condition": "optimal",
    "solver": "gams",
    "subsolver": "baron",
    "is_relaxation": false,
    "root_relaxation_value": 0.0,
    "root_relaxation_gap_percent": 100.0,
    "relaxation_gap_percent": null,
    "absolute_gap": null
  }
}