{
  "model_parameters": {
    "n_dimensions": 4,
    "n_clusters": 5,
    "n_points": 14,
    "coord_range_lower": -1,
    "coord_range_upper": 1
  },
  "solution": {
    "status": "optimal",
    "center_coordinates": {
      "cluster_1": {
        "dim_1": -0.784896801013142,
        "dim_2": 0.272026876165412,
        "dim_3": -0.163271579323984,
        "dim_4": -0.338704061773012
      },
      "cluster_2": {
        "dim_1": -0.666114111314323,
        "dim_2": -0.719641336598336,
        "dim_3": -0.819305964148112,
        "dim_4": -0.277753036255538
      },
      "cluster_3": {
        "dim_1": -0.072061782445841,
        "dim_2": 0.721624536259908,
        "dim_3": 0.353420841093649,
        "dim_4": 0.392372509258227
      },
      "cluster_4": {
        "dim_1": 0.219831803821438,
        "dim_2": -0.632415153586532,
        "dim_3": 0.270999053168447,
        "dim_4": 0.672650811245286
      },
      "cluster_5": {
        "dim_1": 0.338384334724202,
        "dim_2": 0.225747169967882,
        "dim_3": 0.491674109571855,
        "dim_4": -0.646703064261669
      }
    },
    "distances": {
      "1": 0.214595653406561,
      "2": 0.122824912625574,
      "3": 0.284503915057414,
      "4": 0.226396882950004,
      "5": 0.533822738394789,
      "6": 0.062163141417817,
      "7": 0.349749209494708,
      "8": 0.061493235519971,
      "9": 0.252350297381888,
      "10": 0.349749201060612,
      "11": 0.06216313715658,
      "12": 0.13371190962194,
      "13": 0.120649236900027,
      "14": 0.456626359651363
    },
    "objective_value": 3.2307998306392482,
    "lower_bound": 1.766830534988959,
    "absolute_gap": 1.4639692956502892,
    "relative_gap": 0.8285850095178696
  },
  "performance": {
    "solution_time_seconds": 1801.9994678497314,
    "solver_status": "ok",
    "termination_condition": "optimal",
    "solver": "gams",
    "subsolver": "scip",
    "is_relaxation": false,
    "root_relaxation_value": 1.76683053498896,
    "root_relaxation_gap_percent": 45.312906165425495,
    "relaxation_gap_percent": null,
    "absolute_gap": null
  }
}