{
  "model_parameters": {
    "n_dimensions": 2,
    "n_clusters": 3,
    "n_points": 12,
    "coord_range_lower": -1,
    "coord_range_upper": 1
  },
  "solution": {
    "status": "optimal",
    "center_coordinates": {
      "cluster_1": {
        "dim_1": -0.634949879983122,
        "dim_2": -0.662306609472752
      },
      "cluster_2": {
        "dim_1": -0.125768007126443,
        "dim_2": 0.65990344248009
      },
      "cluster_3": {
        "dim_1": 0.590648958152759,
        "dim_2": -0.37958733262339
      }
    },
    "distances": {
      "1": 0.127997460499893,
      "2": 0.124246699697919,
      "3": 0.098639096807504,
      "4": 0.175814434420613,
      "5": 0.343197019019784,
      "6": 0.306680174925002,
      "7": 0.116190369083043,
      "8": 0.063996935573641,
      "9": 0.312235059383918,
      "10": 0.053865205786874,
      "11": 0.138598492270497,
      "12": 0.337691349030122
    },
    "objective_value": 2.19915229649881,
    "lower_bound": 2.199152296498811,
    "absolute_gap": -8.881784197001252e-16,
    "relative_gap": -4.0387308378512993e-16
  },
  "performance": {
    "solution_time_seconds": 5.420663118362427,
    "solver_status": "ok",
    "termination_condition": "optimal",
    "solver": "gams",
    "subsolver": "baron",
    "is_relaxation": false,
    "root_relaxation_value": 0.0,
    "root_relaxation_gap_percent": 100.0,
    "relaxation_gap_percent": null,
    "absolute_gap": null
  }
}