{
  "model_parameters": {
    "n_dimensions": 4,
    "n_clusters": 4,
    "n_points": 15,
    "coord_range_lower": -1,
    "coord_range_upper": 1
  },
  "solution": {
    "status": "optimal",
    "center_coordinates": {
      "cluster_1": {
        "dim_1": -0.794849258603607,
        "dim_2": -0.201807342577453,
        "dim_3": -0.924275335969676,
        "dim_4": 0.141196421429343
      },
      "cluster_2": {
        "dim_1": -0.556784196766506,
        "dim_2": -0.517226513050269,
        "dim_3": 0.727633004565359,
        "dim_4": -0.507869640212092
      },
      "cluster_3": {
        "dim_1": 0.230213790203337,
        "dim_2": 0.316591858673918,
        "dim_3": -0.508403164888265,
        "dim_4": -0.518347683616758
      },
      "cluster_4": {
        "dim_1": 0.627160625600906,
        "dim_2": 0.305189120189344,
        "dim_3": 0.481502576019592,
        "dim_4": -0.036584498847612
      }
    },
    "distances": {
      "1": 0.790260682648939,
      "2": 0.666676808776985,
      "3": 0.574836424637057,
      "4": 0.276660059769015,
      "5": 0.444275887724669,
      "6": 0.688714214576983,
      "7": 0.526173553237668,
      "8": 0.134091174495571,
      "9": 0.230839430718817,
      "10": 0.275106267184066,
      "11": 0.133908276436693,
      "12": 0.495126974185663,
      "13": 0.276496125673359,
      "14": 0.799573320234699,
      "15": 0.410851125256248
    },
    "objective_value": 6.723590325556432,
    "lower_bound": 6.472651564232528,
    "absolute_gap": 0.250938761323904,
    "relative_gap": 0.038769082320231185
  },
  "performance": {
    "solution_time_seconds": 1800.5539195537567,
    "solver_status": "ok",
    "termination_condition": "optimal",
    "solver": "gams",
    "subsolver": "gurobi",
    "is_relaxation": false,
    "root_relaxation_value": 0.0,
    "root_relaxation_gap_percent": 100.0,
    "relaxation_gap_percent": null,
    "absolute_gap": null
  }
}