{
  "model_parameters": {
    "n_dimensions": 5,
    "n_clusters": 5,
    "n_points": 10,
    "coord_range_lower": -1,
    "coord_range_upper": 1
  },
  "solution": {
    "status": "optimal",
    "center_coordinates": {
      "cluster_1": {
        "dim_1": -0.603307200816716,
        "dim_2": -0.240818483441009,
        "dim_3": 0.759428547045196,
        "dim_4": 0.311363839265044,
        "dim_5": -0.598046080604755
      },
      "cluster_2": {
        "dim_1": -0.570769724454201,
        "dim_2": -0.102473852046418,
        "dim_3": 0.696411302317305,
        "dim_4": 0.926471751057429,
        "dim_5": 0.426294287804558
      },
      "cluster_3": {
        "dim_1": -0.187071123302344,
        "dim_2": -0.198439683979003,
        "dim_3": -0.268951306789897,
        "dim_4": -0.442981991132989,
        "dim_5": -0.729785419586454
      },
      "cluster_4": {
        "dim_1": -0.186316269827157,
        "dim_2": 0.694246450301723,
        "dim_3": -0.760020176810224,
        "dim_4": -0.134564987248624,
        "dim_5": 0.71176756434326
      },
      "cluster_5": {
        "dim_1": -0.131536502950525,
        "dim_2": -0.309320639924957,
        "dim_3": -0.453609713444192,
        "dim_4": 0.582666338679985,
        "dim_5": 0.585277281255012
      }
    },
    "distances": {
      "1": 0.126323216220289,
      "2": 0.461099221671114,
      "3": 0.20344509531573,
      "4": 0.288164785404509,
      "5": 0.0,
      "6": 0.618352775083529,
      "7": 0.19833925825562,
      "8": 0.288164785466393,
      "9": 0.198339258398037,
      "10": 0.203445095266474
    },
    "objective_value": 2.585673491081695,
    "lower_bound": 1.861946328262275,
    "absolute_gap": 0.7237271628194202,
    "relative_gap": 0.38869389081416933
  },
  "performance": {
    "solution_time_seconds": 1806.851156949997,
    "solver_status": "ok",
    "termination_condition": "optimal",
    "solver": "gams",
    "subsolver": "baron",
    "is_relaxation": false,
    "root_relaxation_value": 0.0,
    "root_relaxation_gap_percent": 100.0,
    "relaxation_gap_percent": null,
    "absolute_gap": null
  }
}