{
  "model_parameters": {
    "n_dimensions": 4,
    "n_clusters": 3,
    "n_points": 14,
    "coord_range_lower": -1,
    "coord_range_upper": 1
  },
  "solution": {
    "status": "optimal",
    "center_coordinates": {
      "cluster_1": {
        "dim_1": -0.458908111731553,
        "dim_2": -0.287205638249651,
        "dim_3": 0.548194859173729,
        "dim_4": 0.692618932680539
      },
      "cluster_2": {
        "dim_1": -0.140071838854703,
        "dim_2": 0.638345373110126,
        "dim_3": 0.008847993813319,
        "dim_4": 0.054385191196587
      },
      "cluster_3": {
        "dim_1": 0.117395761592292,
        "dim_2": -0.536881535337589,
        "dim_3": -0.487338683705668,
        "dim_4": -0.59497680373699
      }
    },
    "distances": {
      "1": 0.792428082982649,
      "2": 0.511367669819227,
      "3": 0.891015805496026,
      "4": 0.294910893094616,
      "5": 0.81345528594705,
      "6": 0.409574219928312,
      "7": 1.324118736812615,
      "8": 0.344797893807041,
      "9": 0.647585919218552,
      "10": 0.783022228595793,
      "11": 0.417896402758057,
      "12": 0.945187828465267,
      "13": 0.756588084492088,
      "14": 0.428251670717241
    },
    "objective_value": 9.360200722134534,
    "lower_bound": 9.35984220348324,
    "absolute_gap": 0.0003585186512946592,
    "relative_gap": 3.830392046152632e-05
  },
  "performance": {
    "solution_time_seconds": 1800.5136823654175,
    "solver_status": "ok",
    "termination_condition": "optimal",
    "solver": "gams",
    "subsolver": "gurobi",
    "is_relaxation": false,
    "root_relaxation_value": 0.0,
    "root_relaxation_gap_percent": 100.0,
    "relaxation_gap_percent": null,
    "absolute_gap": null
  }
}