{
  "model_parameters": {
    "n_dimensions": 5,
    "n_clusters": 4,
    "n_points": 15,
    "coord_range_lower": -1,
    "coord_range_upper": 1
  },
  "solution": {
    "status": "optimal",
    "center_coordinates": {
      "cluster_1": {
        "dim_1": -0.350889396596532,
        "dim_2": 0.733029550702396,
        "dim_3": -0.240588687681544,
        "dim_4": 0.479709871917326,
        "dim_5": 0.068546312096183
      },
      "cluster_2": {
        "dim_1": 0.096962997683881,
        "dim_2": 0.606377960045697,
        "dim_3": 0.567958371985223,
        "dim_4": -0.372056152094619,
        "dim_5": 0.288797507012711
      },
      "cluster_3": {
        "dim_1": 0.096962997683881,
        "dim_2": -0.584360349492316,
        "dim_3": -0.721814609368465,
        "dim_4": 0.032123963434657,
        "dim_5": 0.342604928348287
      },
      "cluster_4": {
        "dim_1": 0.695993306812953,
        "dim_2": -0.251461262859626,
        "dim_3": 0.551600847617245,
        "dim_4": 0.439922911436361,
        "dim_5": 0.075003300240275
      }
    },
    "distances": {
      "1": 0.843312593230016,
      "2": 1.211373269012134,
      "3": 0.709169082878388,
      "4": 0.413345341259458,
      "5": 0.369455557086592,
      "6": 0.961204241733269,
      "7": 0.723524376749552,
      "8": 0.413625684463698,
      "9": 0.307006654304031,
      "10": 0.494335463868263,
      "11": 1.117909450259397,
      "12": 0.467183404707258,
      "13": 1.208908391105113,
      "14": 1.123421577036296,
      "15": 0.969913262364587
    },
    "objective_value": 11.333688350058052,
    "lower_bound": 11.33368835005805,
    "absolute_gap": 1.7763568394002505e-15,
    "relative_gap": 1.5673245853730857e-16
  },
  "performance": {
    "solution_time_seconds": 51.25724816322327,
    "solver_status": "ok",
    "termination_condition": "optimal",
    "solver": "gams",
    "subsolver": "baron",
    "is_relaxation": false,
    "root_relaxation_value": 0.0,
    "root_relaxation_gap_percent": 100.0,
    "relaxation_gap_percent": null,
    "absolute_gap": null
  }
}