{
  "model_parameters": {
    "n_dimensions": 4,
    "n_clusters": 5,
    "n_points": 13,
    "coord_range_lower": -1,
    "coord_range_upper": 1
  },
  "solution": {
    "status": "optimal",
    "center_coordinates": {
      "cluster_1": {
        "dim_1": -0.310317236989274,
        "dim_2": -0.244532973508528,
        "dim_3": 0.674308366784754,
        "dim_4": -0.209898105948674
      },
      "cluster_2": {
        "dim_1": -0.271186340369968,
        "dim_2": -0.600662753947325,
        "dim_3": -0.557787574373166,
        "dim_4": -0.38843683835901
      },
      "cluster_3": {
        "dim_1": -0.271186340369968,
        "dim_2": 0.778551723793677,
        "dim_3": -0.886938965072061,
        "dim_4": -0.772803504027964
      },
      "cluster_4": {
        "dim_1": -0.271186340369968,
        "dim_2": 0.98347802780067,
        "dim_3": 0.350505210875082,
        "dim_4": 0.54871442059057
      },
      "cluster_5": {
        "dim_1": 0.632356453691669,
        "dim_2": -0.008914153524919,
        "dim_3": -0.59763109033202,
        "dim_4": 0.368808724863511
      }
    },
    "distances": {
      "1": 0.021562146899642,
      "2": 1.0858709728e-05,
      "3": 0.340706916451723,
      "4": 0.387671872203363,
      "5": 0.593198724019992,
      "6": 0.336853363838319,
      "7": 0.321382193622077,
      "8": 0.755132033590881,
      "9": 0.788389885180818,
      "10": 0.085785154031961,
      "11": 0.399542624493727,
      "12": 0.674292154833664,
      "13": 0.49566924033498
    },
    "objective_value": 5.200197168210875,
    "lower_bound": 5.200197168210875,
    "absolute_gap": 0.0,
    "relative_gap": 0.0
  },
  "performance": {
    "solution_time_seconds": 100.84179019927979,
    "solver_status": "ok",
    "termination_condition": "optimal",
    "solver": "gams",
    "subsolver": "baron",
    "is_relaxation": false,
    "root_relaxation_value": 0.0,
    "root_relaxation_gap_percent": 100.0,
    "relaxation_gap_percent": null,
    "absolute_gap": null
  }
}