{
  "model_parameters": {
    "n_dimensions": 2,
    "n_clusters": 3,
    "n_points": 10,
    "coord_range_lower": -1,
    "coord_range_upper": 1
  },
  "solution": {
    "status": "optimal",
    "center_coordinates": {
      "cluster_1": {
        "dim_1": -0.401925134064556,
        "dim_2": 0.509382222979679
      },
      "cluster_2": {
        "dim_1": -0.228683221445386,
        "dim_2": -0.88850606245672
      },
      "cluster_3": {
        "dim_1": 0.910626208589411,
        "dim_2": -0.127185969288697
      }
    },
    "distances": {
      "1": 0.334245531584334,
      "2": 0.258543302938548,
      "3": 0.141156510215929,
      "4": 0.371851008227151,
      "5": 0.021918204920463,
      "6": 0.335853547191077,
      "7": 0.084472273262002,
      "8": 0.033983545007537,
      "9": 0.167514157488,
      "10": 0.030521416311721
    },
    "objective_value": 1.780059497146762,
    "lower_bound": 1.780058185523026,
    "absolute_gap": 1.311623736066636e-06,
    "relative_gap": 7.36843181157726e-07
  },
  "performance": {
    "solution_time_seconds": 1802.0478811264038,
    "solver_status": "ok",
    "termination_condition": "optimal",
    "solver": "gams",
    "subsolver": "scip",
    "is_relaxation": false,
    "root_relaxation_value": 1.78005818552303,
    "root_relaxation_gap_percent": 7.368426359749326e-05,
    "relaxation_gap_percent": null,
    "absolute_gap": null
  }
}