{
  "model_parameters": {
    "n_dimensions": 5,
    "n_clusters": 3,
    "n_points": 14,
    "coord_range_lower": -1,
    "coord_range_upper": 1
  },
  "solution": {
    "status": "feasible",
    "center_coordinates": {
      "cluster_1": {
        "dim_1": -0.555983384889464,
        "dim_2": -0.465325771101516,
        "dim_3": -0.365364397226467,
        "dim_4": -0.609755623503972,
        "dim_5": -0.333069390632743
      },
      "cluster_2": {
        "dim_1": -0.385287279070239,
        "dim_2": 0.616616119797477,
        "dim_3": -0.564419489762355,
        "dim_4": 0.698983701783238,
        "dim_5": -0.638604942153141
      },
      "cluster_3": {
        "dim_1": 0.062040869817633,
        "dim_2": 0.009674073373642,
        "dim_3": -0.005937750393092,
        "dim_4": 0.209236453555625,
        "dim_5": 0.11330664467219
      }
    },
    "distances": {
      "1": 0.434806634211769,
      "2": 0.322842404928642,
      "3": 0.826950857650859,
      "4": 1.463799263628222,
      "5": 1.520712558485098,
      "6": 0.125172300920685,
      "7": 0.950656836662541,
      "8": 0.312447881830997,
      "9": 0.341471830897371,
      "10": 0.5982752036578,
      "11": 0.209040726674115,
      "12": 0.783458126217074,
      "13": 0.830045833923653,
      "14": 0.251883154856672
    },
    "objective_value": 8.971563614545499,
    "lower_bound": 8.28394849371283,
    "upper_bound": 8.971563614545502,
    "absolute_gap": 0.6876151208326693,
    "relative_gap": 0.08300572140864232
  },
  "performance": {
    "solution_time_seconds": 300.53887605667114,
    "solver_status": "ok",
    "termination_condition": "feasible",
    "solver": "gams",
    "subsolver": "gurobi",
    "is_relaxation": false,
    "root_relaxation_value": 0.0,
    "root_relaxation_gap_percent": 100.0,
    "relaxation_gap_percent": null,
    "absolute_gap": null
  }
}