{
  "model_parameters": {
    "n_dimensions": 4,
    "n_clusters": 5,
    "n_points": 17,
    "coord_range_lower": -1,
    "coord_range_upper": 1
  },
  "solution": {
    "status": "optimal",
    "center_coordinates": {
      "cluster_1": {
        "dim_1": -0.792751713736332,
        "dim_2": 0.77160997040087,
        "dim_3": -0.052194364672924,
        "dim_4": -0.202108496193375
      },
      "cluster_2": {
        "dim_1": -0.213906595546846,
        "dim_2": -0.682392303666911,
        "dim_3": 0.375658843384952,
        "dim_4": 0.449184059719714
      },
      "cluster_3": {
        "dim_1": -0.10861714385814,
        "dim_2": 0.182255276174314,
        "dim_3": -0.302437389168403,
        "dim_4": 0.664122460187606
      },
      "cluster_4": {
        "dim_1": -0.108617153846113,
        "dim_2": 0.279612027844962,
        "dim_3": -0.294338327959242,
        "dim_4": -0.87905957401575
      },
      "cluster_5": {
        "dim_1": 0.781486247078874,
        "dim_2": 0.560141315155272,
        "dim_3": 0.04308068310834,
        "dim_4": -0.423738851559481
      }
    },
    "distances": {
      "1": 0.073233310143941,
      "2": 0.840920192193698,
      "3": 0.079409757920417,
      "4": 0.622324234591178,
      "5": 0.703059026820842,
      "6": 0.475068206461977,
      "7": 0.112491671622438,
      "8": 0.204983512410914,
      "9": 0.296811061204951,
      "10": 0.537615453355831,
      "11": 0.296811074547181,
      "12": 0.306517994225108,
      "13": 0.631619132312668,
      "14": 0.751977255541258,
      "15": 0.589470017532305,
      "16": 0.21378089490048,
      "17": 0.06331820762973
    },
    "objective_value": 6.799411003414917,
    "lower_bound": 0.601580111306448,
    "absolute_gap": 6.1978308921084695,
    "relative_gap": 10.30258609887996
  },
  "performance": {
    "solution_time_seconds": 1802.7360944747925,
    "solver_status": "ok",
    "termination_condition": "optimal",
    "solver": "gams",
    "subsolver": "scip",
    "is_relaxation": false,
    "root_relaxation_value": 0.601580111306448,
    "root_relaxation_gap_percent": 91.15246730923735,
    "relaxation_gap_percent": null,
    "absolute_gap": null
  }
}