{
  "model_parameters": {
    "n_dimensions": 2,
    "n_clusters": 4,
    "n_points": 17,
    "coord_range_lower": -1,
    "coord_range_upper": 1
  },
  "solution": {
    "status": "optimal",
    "center_coordinates": {
      "cluster_1": {
        "dim_1": -0.866948017391749,
        "dim_2": -0.491767150981018
      },
      "cluster_2": {
        "dim_1": -0.427752823071338,
        "dim_2": -0.190597382593462
      },
      "cluster_3": {
        "dim_1": 0.299389733929857,
        "dim_2": -0.079654043612074
      },
      "cluster_4": {
        "dim_1": 0.340611635932774,
        "dim_2": 0.525815132648437
      }
    },
    "distances": {
      "1": -9.9807e-09,
      "2": 0.112542031965251,
      "3": 0.287370671266237,
      "4": 0.310512439761799,
      "5": 1.091314246566564,
      "6": 0.895630911861012,
      "7": 0.025063375774762,
      "8": 1.924157054754647,
      "9": 0.399654464904011,
      "10": 0.578796465954682,
      "11": 0.009386803382005,
      "12": 0.001513168159493,
      "13": 0.118436662040378,
      "14": 0.502369716917252,
      "15": 0.217422660214683,
      "16": 0.425895800220308,
      "17": 0.410556772650809
    },
    "objective_value": 7.310623236413193,
    "lower_bound": 0.042079105904751,
    "upper_bound": 7.310623236413192,
    "absolute_gap": 7.268544130508442,
    "relative_gap": 172.7352322304875
  },
  "performance": {
    "solution_time_seconds": 300.93479466438293,
    "solver_status": "ok",
    "termination_condition": "optimal",
    "solver": "gams",
    "subsolver": "scip",
    "is_relaxation": false,
    "root_relaxation_value": 0.0420791059047512,
    "root_relaxation_gap_percent": 99.42441150988111,
    "relaxation_gap_percent": null,
    "absolute_gap": null
  }
}