{
  "model_parameters": {
    "n_dimensions": 2,
    "n_clusters": 4,
    "n_points": 11,
    "coord_range_lower": -1,
    "coord_range_upper": 1
  },
  "solution": {
    "status": "optimal",
    "center_coordinates": {
      "cluster_1": {
        "dim_1": -0.760916201093803,
        "dim_2": -0.751395298720577
      },
      "cluster_2": {
        "dim_1": -0.753773008836815,
        "dim_2": 0.54465762683413
      },
      "cluster_3": {
        "dim_1": 0.596968505754768,
        "dim_2": 0.703450615332173
      },
      "cluster_4": {
        "dim_1": 0.617446497803795,
        "dim_2": 0.026277916492365
      }
    },
    "distances": {
      "1": 0.028828433011771,
      "2": 0.047519011264818,
      "3": 0.023790731777164,
      "4": 0.043841292785331,
      "5": 0.153026190433954,
      "6": 0.037215564052335,
      "7": 0.001963750454903,
      "8": 0.044018513272723,
      "9": 0.04386607916542,
      "10": 0.048054902774547,
      "11": 0.248726832993092
    },
    "objective_value": 0.720851301986058,
    "lower_bound": 0.720850639646055,
    "upper_bound": 0.72085130198606,
    "absolute_gap": 6.623400029548421e-07,
    "relative_gap": 9.188311232963014e-07
  },
  "performance": {
    "solution_time_seconds": 37.23979663848877,
    "solver_status": "ok",
    "termination_condition": "optimal",
    "solver": "gams",
    "subsolver": "gurobi",
    "is_relaxation": false,
    "root_relaxation_value": 0.0,
    "root_relaxation_gap_percent": 100.0,
    "relaxation_gap_percent": null,
    "absolute_gap": null
  }
}