{
  "model_parameters": {
    "n_dimensions": 2,
    "n_clusters": 3,
    "n_points": 13,
    "coord_range_lower": -1,
    "coord_range_upper": 1
  },
  "solution": {
    "status": "optimal",
    "center_coordinates": {
      "cluster_1": {
        "dim_1": -0.684566556668748,
        "dim_2": 0.245456234773107
      },
      "cluster_2": {
        "dim_1": 0.414986098473978,
        "dim_2": -0.266871782219434
      },
      "cluster_3": {
        "dim_1": 0.824075113838912,
        "dim_2": 0.787998328693031
      }
    },
    "distances": {
      "1": 0.103596276143766,
      "2": 0.044785584409677,
      "3": 0.056086228889557,
      "4": 0.109598455581837,
      "5": 0.035048323592126,
      "6": 0.05943066838292,
      "7": 0.080000776793294,
      "8": 0.363440243054009,
      "9": 0.302214082235158,
      "10": 0.015562076511492,
      "11": 0.058213915430665,
      "12": 0.128745589304951,
      "13": 0.106488011797222
    },
    "objective_value": 1.463210232126674,
    "lower_bound": 1.463210232125352,
    "upper_bound": 1.463210232126674,
    "absolute_gap": 1.3220535777236364e-12,
    "relative_gap": 9.035294783329381e-13
  },
  "performance": {
    "solution_time_seconds": 9.965016603469849,
    "solver_status": "ok",
    "termination_condition": "optimal",
    "solver": "gams",
    "subsolver": "gurobi",
    "is_relaxation": false,
    "root_relaxation_value": 0.0,
    "root_relaxation_gap_percent": 100.0,
    "relaxation_gap_percent": null,
    "absolute_gap": null
  }
}