{
  "model_parameters": {
    "n_dimensions": 5,
    "n_clusters": 4,
    "n_points": 13,
    "coord_range_lower": -1,
    "coord_range_upper": 1
  },
  "solution": {
    "status": "optimal",
    "center_coordinates": {
      "cluster_1": {
        "dim_1": -0.837363578002138,
        "dim_2": -0.005450494623894,
        "dim_3": -0.844071685147025,
        "dim_4": -0.628779128632542,
        "dim_5": 0.185947177636464
      },
      "cluster_2": {
        "dim_1": -0.130397638744013,
        "dim_2": 0.44542156860544,
        "dim_3": 0.432070826281308,
        "dim_4": 0.279898924786018,
        "dim_5": 0.776176103668138
      },
      "cluster_3": {
        "dim_1": -0.130397648727854,
        "dim_2": -0.398419828788868,
        "dim_3": 0.175751319665143,
        "dim_4": -0.750192721504165,
        "dim_5": -0.177359031824883
      },
      "cluster_4": {
        "dim_1": 0.372010212082049,
        "dim_2": 0.452325442890889,
        "dim_3": -0.025699611516693,
        "dim_4": 0.390186905925631,
        "dim_5": -0.605304787816729
      }
    },
    "distances": {
      "1": 0.190962563374087,
      "2": 0.393038208397774,
      "3": 0.500170913031627,
      "4": 0.535940311226437,
      "5": 0.50831830324345,
      "6": 0.526588312245687,
      "7": 0.587165752449006,
      "8": 1.820879615715832,
      "9": -9.993934e-09,
      "10": 0.782297936945159,
      "11": 0.571619689168153,
      "12": 0.105542883141992,
      "13": 0.426837434303679
    },
    "objective_value": 6.949361913248949,
    "lower_bound": 1.118644049692706,
    "upper_bound": 6.949361913248951,
    "absolute_gap": 5.830717863556243,
    "relative_gap": 5.2123084775339885
  },
  "performance": {
    "solution_time_seconds": 301.26857233047485,
    "solver_status": "ok",
    "termination_condition": "optimal",
    "solver": "gams",
    "subsolver": "scip",
    "is_relaxation": false,
    "root_relaxation_value": 1.11864404969271,
    "root_relaxation_gap_percent": 83.902924273378,
    "relaxation_gap_percent": null,
    "absolute_gap": null
  }
}