{
  "model_parameters": {
    "n_dimensions": 4,
    "n_clusters": 3,
    "n_points": 11,
    "coord_range_lower": -1,
    "coord_range_upper": 1
  },
  "solution": {
    "status": "optimal",
    "center_coordinates": {
      "cluster_1": {
        "dim_1": -0.350170162902426,
        "dim_2": -0.121547635272791,
        "dim_3": 0.62894273627855,
        "dim_4": -0.459390337923132
      },
      "cluster_2": {
        "dim_1": 0.249686740410315,
        "dim_2": -0.336003414513832,
        "dim_3": -0.465544356267395,
        "dim_4": -0.573429314087082
      },
      "cluster_3": {
        "dim_1": 0.423297307357296,
        "dim_2": 0.228348950131458,
        "dim_3": -0.15845355144265,
        "dim_4": 0.419910023616122
      }
    },
    "distances": {
      "1": 0.381781458926894,
      "2": 0.226790901379573,
      "3": 0.06989582503269,
      "4": 0.477545176736878,
      "5": 0.071077891767389,
      "6": 0.426262950258526,
      "7": 0.69786784317115,
      "8": 0.40134002346195,
      "9": 0.188706301943509,
      "10": 0.545770419209766,
      "11": 0.467899724603334
    },
    "objective_value": 3.954938516491659,
    "lower_bound": 3.954938516491659,
    "absolute_gap": 0.0,
    "relative_gap": 0.0
  },
  "performance": {
    "solution_time_seconds": 97.11890935897827,
    "solver_status": "ok",
    "termination_condition": "optimal",
    "solver": "gams",
    "subsolver": "baron",
    "is_relaxation": false,
    "root_relaxation_value": 0.0,
    "root_relaxation_gap_percent": 100.0,
    "relaxation_gap_percent": null,
    "absolute_gap": null
  }
}