{
  "model_parameters": {
    "n_dimensions": 5,
    "n_clusters": 4,
    "n_points": 12,
    "coord_range_lower": -1,
    "coord_range_upper": 1
  },
  "solution": {
    "status": "optimal",
    "center_coordinates": {
      "cluster_1": {
        "dim_1": -0.780700017326621,
        "dim_2": -0.801326752128304,
        "dim_3": 0.717785998461693,
        "dim_4": -0.375280533247987,
        "dim_5": -0.62853885570926
      },
      "cluster_2": {
        "dim_1": -0.111389675645565,
        "dim_2": -0.556328098427528,
        "dim_3": -0.747873306382838,
        "dim_4": 0.256877010507169,
        "dim_5": 0.42990463496226
      },
      "cluster_3": {
        "dim_1": 0.132224886016054,
        "dim_2": -0.830403563039892,
        "dim_3": 0.516313043253787,
        "dim_4": -0.106949342210233,
        "dim_5": 0.531357440641743
      },
      "cluster_4": {
        "dim_1": 0.350596669056738,
        "dim_2": 0.430373946121145,
        "dim_3": -0.145862924098092,
        "dim_4": -0.288260636725327,
        "dim_5": -0.62816293618722
      }
    },
    "distances": {
      "1": 0.313309694976271,
      "2": 0.210348520053611,
      "3": 0.155955714180329,
      "4": 0.422589264823042,
      "5": 0.313096467307543,
      "6": 1.007151879560311,
      "7": 1.005600887910669,
      "8": 0.827177454463552,
      "9": 0.454509577706338,
      "10": 1.576030080395095,
      "11": 0.803942833693233,
      "12": 0.611033296484682
    },
    "objective_value": 7.700745671554676,
    "lower_bound": 6.874412902700143,
    "upper_bound": 7.700745671554675,
    "absolute_gap": 0.8263327688545337,
    "relative_gap": 0.12020412223565527
  },
  "performance": {
    "solution_time_seconds": 301.6209111213684,
    "solver_status": "ok",
    "termination_condition": "optimal",
    "solver": "gams",
    "subsolver": "baron",
    "is_relaxation": false,
    "root_relaxation_value": 0.0,
    "root_relaxation_gap_percent": 100.0,
    "relaxation_gap_percent": null,
    "absolute_gap": null
  }
}