{
  "model_parameters": {
    "n_dimensions": 3,
    "n_clusters": 3,
    "n_points": 13,
    "coord_range_lower": -1,
    "coord_range_upper": 1
  },
  "solution": {
    "status": "optimal",
    "center_coordinates": {
      "cluster_1": {
        "dim_1": -0.224895257899097,
        "dim_2": -0.065585904827385,
        "dim_3": -0.749280063108124
      },
      "cluster_2": {
        "dim_1": -0.161317609543018,
        "dim_2": 0.278265866568433,
        "dim_3": 0.690121671533975
      },
      "cluster_3": {
        "dim_1": 0.846473514203036,
        "dim_2": -0.755775216438128,
        "dim_3": 0.605227480503392
      }
    },
    "distances": {
      "1": 0.415950269087008,
      "2": 0.260715186558527,
      "3": 0.850021465728764,
      "4": 0.437266171845978,
      "5": 0.05522352413016,
      "6": 0.506061047573377,
      "7": 0.617396201224781,
      "8": 1.265921362964444,
      "9": 0.039650249749774,
      "10": 0.099067344540285,
      "11": 0.072542962845988,
      "12": 0.617597890619264,
      "13": 0.489551089449787
    },
    "objective_value": 5.726964766318137,
    "lower_bound": 5.726964766318137,
    "absolute_gap": 0.0,
    "relative_gap": 0.0
  },
  "performance": {
    "solution_time_seconds": 41.84615111351013,
    "solver_status": "ok",
    "termination_condition": "optimal",
    "solver": "gams",
    "subsolver": "baron",
    "is_relaxation": false,
    "root_relaxation_value": 0.0,
    "root_relaxation_gap_percent": 100.0,
    "relaxation_gap_percent": null,
    "absolute_gap": null
  }
}