{
  "model_parameters": {
    "n_dimensions": 5,
    "n_clusters": 5,
    "n_points": 10,
    "coord_range_lower": -1,
    "coord_range_upper": 1
  },
  "solution": {
    "status": "optimal",
    "center_coordinates": {
      "cluster_1": {
        "dim_1": -0.969867667545652,
        "dim_2": -0.891713895977764,
        "dim_3": 0.047846402912027,
        "dim_4": -0.029750724279282,
        "dim_5": -0.330528785222493
      },
      "cluster_2": {
        "dim_1": -0.705682392116299,
        "dim_2": 0.664605522015161,
        "dim_3": -0.195992262256685,
        "dim_4": -0.133546932866754,
        "dim_5": -0.110565057215192
      },
      "cluster_3": {
        "dim_1": 0.275865136876347,
        "dim_2": -0.684050093114791,
        "dim_3": 0.881436415025718,
        "dim_4": 0.099377301805783,
        "dim_5": 0.587140536836942
      },
      "cluster_4": {
        "dim_1": 0.443816671630736,
        "dim_2": 0.208819127492083,
        "dim_3": -0.282131134372551,
        "dim_4": 0.440711615405989,
        "dim_5": -0.634433696005213
      },
      "cluster_5": {
        "dim_1": 0.93091542798491,
        "dim_2": 0.861788985387718,
        "dim_3": 0.047017308393774,
        "dim_4": -0.076565699266774,
        "dim_5": -0.439407202374122
      }
    },
    "distances": {
      "1": 0.439135749611447,
      "2": 0.0,
      "3": 0.574962120430545,
      "4": 0.435906420078919,
      "5": 0.199955901750852,
      "6": 0.221104991239296,
      "7": 0.279440026877589,
      "8": 0.178253018095099,
      "9": 0.0,
      "10": 0.178253022369401
    },
    "objective_value": 2.507011250453148,
    "lower_bound": 2.507011250453149,
    "absolute_gap": -1.3322676295501878e-15,
    "relative_gap": -5.314166936065312e-16
  },
  "performance": {
    "solution_time_seconds": 625.5513808727264,
    "solver_status": "ok",
    "termination_condition": "optimal",
    "solver": "gams",
    "subsolver": "baron",
    "is_relaxation": false,
    "root_relaxation_value": 0.0,
    "root_relaxation_gap_percent": 100.0,
    "relaxation_gap_percent": null,
    "absolute_gap": null
  }
}