{
  "model_parameters": {
    "n_dimensions": 2,
    "n_clusters": 5,
    "n_points": 13,
    "coord_range_lower": -1,
    "coord_range_upper": 1
  },
  "solution": {
    "status": "optimal",
    "center_coordinates": {
      "cluster_1": {
        "dim_1": -0.801701535967175,
        "dim_2": 0.789023266952202
      },
      "cluster_2": {
        "dim_1": -0.672607740407755,
        "dim_2": -0.294192372795514
      },
      "cluster_3": {
        "dim_1": 0.029606176101504,
        "dim_2": -0.663729897081992
      },
      "cluster_4": {
        "dim_1": 0.601382650715554,
        "dim_2": -0.171648537205913
      },
      "cluster_5": {
        "dim_1": 0.768609145024854,
        "dim_2": 0.743615524514979
      }
    },
    "distances": {
      "1": 0.013872267571134,
      "2": 0.017804543117735,
      "3": 0.228144847950912,
      "4": 0.037834918487169,
      "5": 0.037955630732036,
      "6": 0.014245495223613,
      "7": 0.014017326694837,
      "8": 0.024107393874079,
      "9": 0.054050974800788,
      "10": 0.096279827038454,
      "11": 0.026920571271406,
      "12": 0.051543224999241,
      "13": 0.051663868311112
    },
    "objective_value": 0.6684408900725161,
    "lower_bound": 0.668440890072515,
    "absolute_gap": 1.1102230246251565e-15,
    "relative_gap": 1.6609142874319304e-15
  },
  "performance": {
    "solution_time_seconds": 450.37880992889404,
    "solver_status": "ok",
    "termination_condition": "optimal",
    "solver": "gams",
    "subsolver": "scip",
    "is_relaxation": false,
    "root_relaxation_value": 0.668440890072515,
    "root_relaxation_gap_percent": 1.6609142874319277e-13,
    "relaxation_gap_percent": null,
    "absolute_gap": null
  }
}