{
  "model_parameters": {
    "n_dimensions": 3,
    "n_clusters": 3,
    "n_points": 10,
    "coord_range_lower": -1,
    "coord_range_upper": 1
  },
  "solution": {
    "status": "optimal",
    "center_coordinates": {
      "cluster_1": {
        "dim_1": 0.039101920556399,
        "dim_2": 0.245595593627333,
        "dim_3": 0.488363046314817
      },
      "cluster_2": {
        "dim_1": 0.42250479614788,
        "dim_2": -0.558903186041582,
        "dim_3": -0.521458533201413
      },
      "cluster_3": {
        "dim_1": 0.763953643642406,
        "dim_2": 0.902519065920323,
        "dim_3": -0.692504153510844
      }
    },
    "distances": {
      "1": 0.949510107833579,
      "2": 0.385409492751242,
      "3": 0.07929435949055,
      "4": 0.16122353143528,
      "5": 0.317087562460827,
      "6": 0.569385007723344,
      "7": 0.298629403292793,
      "8": -9.999924e-09,
      "9": 0.079718633126129,
      "10": 0.190045069424841
    },
    "objective_value": 3.030303157538661,
    "lower_bound": 3.030265489269967,
    "absolute_gap": 3.7668268694002194e-05,
    "relative_gap": 1.2430682667041494e-05
  },
  "performance": {
    "solution_time_seconds": 1801.31325340271,
    "solver_status": "ok",
    "termination_condition": "optimal",
    "solver": "gams",
    "subsolver": "scip",
    "is_relaxation": false,
    "root_relaxation_value": 3.03026548926997,
    "root_relaxation_gap_percent": 0.0012430528146211417,
    "relaxation_gap_percent": null,
    "absolute_gap": null
  }
}