{
  "model_parameters": {
    "n_dimensions": 4,
    "n_clusters": 4,
    "n_points": 16,
    "coord_range_lower": -1,
    "coord_range_upper": 1
  },
  "solution": {
    "status": "feasible",
    "center_coordinates": {
      "cluster_1": {
        "dim_1": -0.154923871278258,
        "dim_2": 0.619676591540428,
        "dim_3": 0.763278478936437,
        "dim_4": -0.37363368772452
      },
      "cluster_2": {
        "dim_1": 0.220187268833928,
        "dim_2": -0.319039263774841,
        "dim_3": 0.254145312240474,
        "dim_4": -0.305851311161612
      },
      "cluster_3": {
        "dim_1": 0.579379145262402,
        "dim_2": -0.224791578014765,
        "dim_3": -0.824358669466434,
        "dim_4": -0.177825131653218
      },
      "cluster_4": {
        "dim_1": 0.603087451897621,
        "dim_2": 0.676936969942856,
        "dim_3": -0.40053836051501,
        "dim_4": -0.33874210615497
      }
    },
    "distances": {
      "1": 0.274356178476921,
      "2": 0.640871687667184,
      "3": 0.074823184114708,
      "4": 0.37335990428458,
      "5": 0.0988593464351,
      "6": 0.488718452578829,
      "7": 0.388100827332321,
      "8": 0.451727117338578,
      "9": 0.639912400543047,
      "10": 0.476510766969396,
      "11": 0.103979584711727,
      "12": 0.565826100087407,
      "13": 0.49858355025925,
      "14": 0.373366826916448,
      "15": 0.114670723954735,
      "16": 0.463271933441067
    },
    "objective_value": 6.0269385851112975,
    "lower_bound": 3.774309324278845,
    "upper_bound": 6.026938585111298,
    "absolute_gap": 2.2526292608324527,
    "relative_gap": 0.596832179689687
  },
  "performance": {
    "solution_time_seconds": 300.8800344467163,
    "solver_status": "ok",
    "termination_condition": "feasible",
    "solver": "gams",
    "subsolver": "gurobi",
    "is_relaxation": false,
    "root_relaxation_value": 0.0,
    "root_relaxation_gap_percent": 100.0,
    "relaxation_gap_percent": null,
    "absolute_gap": null
  }
}