{
  "model_parameters": {
    "n_dimensions": 5,
    "n_clusters": 5,
    "n_points": 14,
    "coord_range_lower": -1,
    "coord_range_upper": 1
  },
  "solution": {
    "status": "optimal",
    "center_coordinates": {
      "cluster_1": {
        "dim_1": -0.561254024505556,
        "dim_2": 0.646565437520705,
        "dim_3": 0.598109845345837,
        "dim_4": -0.379712104797365,
        "dim_5": -0.280515749465994
      },
      "cluster_2": {
        "dim_1": -0.271087646484375,
        "dim_2": -0.604378257270216,
        "dim_3": -0.288848876953125,
        "dim_4": -0.20751953125,
        "dim_5": -0.163297083727402
      },
      "cluster_3": {
        "dim_1": 0.5203857421875,
        "dim_2": 0.765136718750014,
        "dim_3": -0.2845458984375,
        "dim_4": -0.6968994140625,
        "dim_5": 0.4984130859375
      },
      "cluster_4": {
        "dim_1": 0.5203857421875,
        "dim_2": 0.5430908203125,
        "dim_3": 0.60540503247901,
        "dim_4": 0.4903564453125,
        "dim_5": 0.103994918894369
      },
      "cluster_5": {
        "dim_1": 0.5203857421875,
        "dim_2": -0.14347402458192,
        "dim_3": -0.536267786690204,
        "dim_4": 0.4097900390625,
        "dim_5": 0.75341796875
      }
    },
    "distances": {
      "1": 0.420423135039297,
      "2": 0.504302860947528,
      "3": 0.748683697811555,
      "4": 0.256119662496974,
      "5": 0.256299264896749,
      "6": 0.919379386429239,
      "7": 0.364192079378178,
      "8": 0.61272566141132,
      "9": 0.608078370187286,
      "10": 0.276287721399878,
      "11": 0.705998388519822,
      "12": 0.183000733843368,
      "13": 0.192548822434257,
      "14": 0.352745645316619
    },
    "objective_value": 6.40078543011207,
    "lower_bound": 0.0,
    "upper_bound": 6.400785430112069,
    "absolute_gap": 6.40078543011207,
    "relative_gap": null
  },
  "performance": {
    "solution_time_seconds": 301.02340483665466,
    "solver_status": "ok",
    "termination_condition": "optimal",
    "solver": "gams",
    "subsolver": "scip",
    "is_relaxation": false,
    "root_relaxation_value": 0.0,
    "root_relaxation_gap_percent": 100.0,
    "relaxation_gap_percent": null,
    "absolute_gap": null
  }
}