{
  "model_parameters": {
    "n_dimensions": 3,
    "n_clusters": 4,
    "n_points": 13,
    "coord_range_lower": -1,
    "coord_range_upper": 1
  },
  "solution": {
    "status": "feasible",
    "center_coordinates": {
      "cluster_1": {
        "dim_1": -0.95641007754839,
        "dim_2": -0.587484856849639,
        "dim_3": 0.841788448536697
      },
      "cluster_2": {
        "dim_1": -0.229102052303399,
        "dim_2": 0.745291637617813,
        "dim_3": 0.391819770465362
      },
      "cluster_3": {
        "dim_1": 0.471360843146678,
        "dim_2": 0.057837892734485,
        "dim_3": -0.523857191963629
      },
      "cluster_4": {
        "dim_1": 0.670398659492934,
        "dim_2": -0.299617658251956,
        "dim_3": 0.4111135129001
      }
    },
    "distances": {
      "1": 0.074270854807422,
      "2": 0.0,
      "3": 0.418937333469674,
      "4": 0.03013868367905,
      "5": 0.220466138482715,
      "6": 0.099536212513232,
      "7": 0.57691800926786,
      "8": 0.019111281497147,
      "9": 0.1573962134252,
      "10": 0.133186481708532,
      "11": 0.386824523820024,
      "12": 0.220023178195993,
      "13": 0.109353777282389
    },
    "objective_value": 2.446162688149238,
    "lower_bound": 2.444066188187503,
    "upper_bound": 2.44616268814924,
    "absolute_gap": 0.002096499961734999,
    "relative_gap": 0.0008577918109859961
  },
  "performance": {
    "solution_time_seconds": 300.5361325740814,
    "solver_status": "ok",
    "termination_condition": "feasible",
    "solver": "gams",
    "subsolver": "gurobi",
    "is_relaxation": false,
    "root_relaxation_value": 0.0,
    "root_relaxation_gap_percent": 100.0,
    "relaxation_gap_percent": null,
    "absolute_gap": null
  }
}