{
  "model_parameters": {
    "n_dimensions": 4,
    "n_clusters": 5,
    "n_points": 11,
    "coord_range_lower": -1,
    "coord_range_upper": 1
  },
  "solution": {
    "status": "optimal",
    "center_coordinates": {
      "cluster_1": {
        "dim_1": -0.226551737429846,
        "dim_2": -0.181897583410985,
        "dim_3": -0.722997129234946,
        "dim_4": -0.874137095338796
      },
      "cluster_2": {
        "dim_1": -0.214425075437361,
        "dim_2": 0.156356569919884,
        "dim_3": -0.485801374106627,
        "dim_4": 0.419021559071627
      },
      "cluster_3": {
        "dim_1": 0.006818652580304,
        "dim_2": 0.942416953083786,
        "dim_3": 0.546973209736867,
        "dim_4": -0.804825213485672
      },
      "cluster_4": {
        "dim_1": 0.732332847232741,
        "dim_2": 0.572706550456781,
        "dim_3": -0.412986397351302,
        "dim_4": 0.524465478794944
      },
      "cluster_5": {
        "dim_1": 0.766602166606565,
        "dim_2": -0.545595481222418,
        "dim_3": -0.197346735169186,
        "dim_4": 0.699130256998674
      }
    },
    "distances": {
      "1": 0.262582427232577,
      "2": 0.479955389713345,
      "3": 0.393759960398188,
      "4": 0.246528378272762,
      "5": 0.0,
      "6": 0.408346824563219,
      "7": 0.409224088328377,
      "8": 0.616374441504477,
      "9": 0.176720112939732,
      "10": 0.26235158078471,
      "11": 0.177521058376441
    },
    "objective_value": 3.433364262113828,
    "lower_bound": 1.303734427153537,
    "upper_bound": 3.433364262113829,
    "absolute_gap": 2.129629834960291,
    "relative_gap": 1.6334843896160234
  },
  "performance": {
    "solution_time_seconds": 301.19547152519226,
    "solver_status": "ok",
    "termination_condition": "optimal",
    "solver": "gams",
    "subsolver": "scip",
    "is_relaxation": false,
    "root_relaxation_value": 1.30373442715354,
    "root_relaxation_gap_percent": 62.027494678037264,
    "relaxation_gap_percent": null,
    "absolute_gap": null
  }
}