{
  "model_parameters": {
    "n_dimensions": 5,
    "n_clusters": 4,
    "n_points": 17,
    "coord_range_lower": -1,
    "coord_range_upper": 1
  },
  "solution": {
    "status": "optimal",
    "center_coordinates": {
      "cluster_1": {
        "dim_1": -0.485097291913054,
        "dim_2": 0.536705629635119,
        "dim_3": -0.731728861683132,
        "dim_4": 0.37586144972186,
        "dim_5": 0.146671411354307
      },
      "cluster_2": {
        "dim_1": -0.485097291913054,
        "dim_2": -0.549910642855871,
        "dim_3": 0.117057481929385,
        "dim_4": -0.584913913162749,
        "dim_5": 0.371925134877058
      },
      "cluster_3": {
        "dim_1": -0.194598259601254,
        "dim_2": 0.448799384022819,
        "dim_3": 0.350716838077945,
        "dim_4": -0.061576508042424,
        "dim_5": -0.362985622361198
      },
      "cluster_4": {
        "dim_1": 0.142151532638097,
        "dim_2": -0.661915015668861,
        "dim_3": 0.026429418339843,
        "dim_4": 0.571991145107112,
        "dim_5": -0.158833235909877
      }
    },
    "distances": {
      "1": 0.404729222484865,
      "2": 0.741382181466915,
      "3": 0.740722435065204,
      "4": 0.58093942621999,
      "5": 0.499126318660929,
      "6": 0.691887305084987,
      "7": 0.417402020431391,
      "8": 0.780199416487882,
      "9": 1.48264862076183,
      "10": 1.076111575167759,
      "11": 0.582119958203892,
      "12": 1.287059620931064,
      "13": 0.835533132274739,
      "14": 0.770936366820252,
      "15": 0.365368097794391,
      "16": 0.588630248243201,
      "17": 0.776873237406726
    },
    "objective_value": 12.621669183506016,
    "lower_bound": 2.697769236163007,
    "upper_bound": 12.621669183506015,
    "absolute_gap": 9.92389994734301,
    "relative_gap": 3.6785577559100684
  },
  "performance": {
    "solution_time_seconds": 301.57464694976807,
    "solver_status": "ok",
    "termination_condition": "optimal",
    "solver": "gams",
    "subsolver": "baron",
    "is_relaxation": false,
    "root_relaxation_value": 0.220733,
    "root_relaxation_gap_percent": 98.25115841026437,
    "relaxation_gap_percent": null,
    "absolute_gap": null
  }
}