{
  "model_parameters": {
    "n_dimensions": 5,
    "n_clusters": 5,
    "n_points": 15,
    "coord_range_lower": -1,
    "coord_range_upper": 1
  },
  "solution": {
    "status": "optimal",
    "center_coordinates": {
      "cluster_1": {
        "dim_1": -0.448606619323018,
        "dim_2": 0.473874934367946,
        "dim_3": 0.792650405735957,
        "dim_4": 0.292632323312409,
        "dim_5": -0.250154636339361
      },
      "cluster_2": {
        "dim_1": -0.448606619323019,
        "dim_2": 0.548024039775939,
        "dim_3": -0.423360015578572,
        "dim_4": 0.667269339951511,
        "dim_5": -0.258685831099992
      },
      "cluster_3": {
        "dim_1": -0.448606619323023,
        "dim_2": -0.413995278276931,
        "dim_3": 0.768817855623007,
        "dim_4": -0.314265068632351,
        "dim_5": 0.451544846578446
      },
      "cluster_4": {
        "dim_1": -0.383472501030314,
        "dim_2": -0.700568826454399,
        "dim_3": -0.477396121144747,
        "dim_4": -0.396402208732744,
        "dim_5": -0.145463079543914
      },
      "cluster_5": {
        "dim_1": 0.488351370110537,
        "dim_2": 0.291294114546215,
        "dim_3": -0.269027394209105,
        "dim_4": -0.443846247872096,
        "dim_5": -0.163335814207014
      }
    },
    "distances": {
      "1": 0.464807546628695,
      "2": 0.394320068803425,
      "3": 0.229616525166882,
      "4": 0.476365185477073,
      "5": 0.249063124542857,
      "6": 0.196276173709777,
      "7": 0.50351005085233,
      "8": 1.203866616e-06,
      "9": 0.512010347788192,
      "10": 0.498191039195122,
      "11": 0.624158103845381,
      "12": 0.467051839430328,
      "13": 0.273981133103941,
      "14": 0.394358869856751,
      "15": 0.431673724727378
    },
    "objective_value": 5.715384936994748,
    "lower_bound": 0.894926100141465,
    "absolute_gap": 4.820458836853283,
    "relative_gap": 5.386432283169852
  },
  "performance": {
    "solution_time_seconds": 1800.7436797618866,
    "solver_status": "ok",
    "termination_condition": "optimal",
    "solver": "gams",
    "subsolver": "gurobi",
    "is_relaxation": false,
    "root_relaxation_value": 0.0,
    "root_relaxation_gap_percent": 100.0,
    "relaxation_gap_percent": null,
    "absolute_gap": null
  }
}