{
  "model_parameters": {
    "n_dimensions": 4,
    "n_clusters": 5,
    "n_points": 12,
    "coord_range_lower": -1,
    "coord_range_upper": 1
  },
  "solution": {
    "status": "optimal",
    "center_coordinates": {
      "cluster_1": {
        "dim_1": -0.64486428558182,
        "dim_2": -0.043128356246397,
        "dim_3": 0.061651671045207,
        "dim_4": -0.822917741926962
      },
      "cluster_2": {
        "dim_1": -0.476115446517009,
        "dim_2": -0.5804443359375,
        "dim_3": -0.457234229816554,
        "dim_4": 0.2523193359375
      },
      "cluster_3": {
        "dim_1": -0.311584941997264,
        "dim_2": 0.450359283737492,
        "dim_3": 0.076421643608414,
        "dim_4": 0.438667774200381
      },
      "cluster_4": {
        "dim_1": 0.6068115234375,
        "dim_2": -0.449229647457951,
        "dim_3": 0.3614501953125,
        "dim_4": 0.95458984375
      },
      "cluster_5": {
        "dim_1": 0.6068115234375,
        "dim_2": -0.201193563656222,
        "dim_3": -0.2362060546875,
        "dim_4": -0.4075927734375
      }
    },
    "distances": {
      "1": 0.161164351742869,
      "2": 0.744424887284122,
      "3": 0.299340715001395,
      "4": 0.188809682776284,
      "5": 0.294277306241503,
      "6": 0.0,
      "7": 0.568999425537795,
      "8": 0.27620430341879,
      "9": 0.677362843288079,
      "10": 0.573490873695761,
      "11": 0.208012109610317,
      "12": 0.293922062920769
    },
    "objective_value": 4.286008561517684,
    "lower_bound": 3.741389e-09,
    "upper_bound": 4.286008561517682,
    "absolute_gap": 4.286008557776294,
    "relative_gap": 1145566140.750479
  },
  "performance": {
    "solution_time_seconds": 301.01867270469666,
    "solver_status": "ok",
    "termination_condition": "optimal",
    "solver": "gams",
    "subsolver": "scip",
    "is_relaxation": false,
    "root_relaxation_value": 3.74138941649189e-09,
    "root_relaxation_gap_percent": 99.99999991270691,
    "relaxation_gap_percent": null,
    "absolute_gap": null
  }
}