{
  "model_parameters": {
    "n_dimensions": 3,
    "n_clusters": 5,
    "n_points": 14,
    "coord_range_lower": -1,
    "coord_range_upper": 1
  },
  "solution": {
    "status": "optimal",
    "center_coordinates": {
      "cluster_1": {
        "dim_1": -0.929086186545849,
        "dim_2": -0.241332039702237,
        "dim_3": -0.663878908484317
      },
      "cluster_2": {
        "dim_1": -0.403016015192914,
        "dim_2": 0.935358450404903,
        "dim_3": 0.210372389228843
      },
      "cluster_3": {
        "dim_1": -0.403016015192914,
        "dim_2": 0.538073173677416,
        "dim_3": 0.755032531633503
      },
      "cluster_4": {
        "dim_1": 0.461868592487659,
        "dim_2": 0.187901869266951,
        "dim_3": -0.361949779523904
      },
      "cluster_5": {
        "dim_1": 0.49060402308127,
        "dim_2": -0.520712370284668,
        "dim_3": -0.062503275720379
      }
    },
    "distances": {
      "1": 0.336914324586175,
      "2": 0.373692615182465,
      "3": 0.288735017259781,
      "4": 0.145847825614341,
      "5": 0.209078703967338,
      "6": 0.00634513014703,
      "7": 0.0,
      "8": 0.372478809337674,
      "9": 0.050647175338613,
      "10": 0.123863686415028,
      "11": 0.021112883314784,
      "12": 0.172506014355757,
      "13": 0.008712469464936,
      "14": 0.025482199359209
    },
    "objective_value": 2.135416854343131,
    "lower_bound": 1.64111377230007,
    "absolute_gap": 0.49430308204306117,
    "relative_gap": 0.3011997646880269
  },
  "performance": {
    "solution_time_seconds": 1942.0343823432922,
    "solver_status": "ok",
    "termination_condition": "optimal",
    "solver": "gams",
    "subsolver": "baron",
    "is_relaxation": false,
    "root_relaxation_value": 0.692813,
    "root_relaxation_gap_percent": 67.55607699775723,
    "relaxation_gap_percent": null,
    "absolute_gap": null
  }
}