{
  "model_parameters": {
    "n_dimensions": 3,
    "n_clusters": 4,
    "n_points": 10,
    "coord_range_lower": -1,
    "coord_range_upper": 1
  },
  "solution": {
    "status": "optimal",
    "center_coordinates": {
      "cluster_1": {
        "dim_1": -0.600223387802695,
        "dim_2": -0.489973863335713,
        "dim_3": -0.37350257502975
      },
      "cluster_2": {
        "dim_1": -0.557465939481325,
        "dim_2": 0.559337287840712,
        "dim_3": -0.277178051040298
      },
      "cluster_3": {
        "dim_1": 0.406992181120828,
        "dim_2": 0.233109845512385,
        "dim_3": 0.330192099056043
      },
      "cluster_4": {
        "dim_1": 0.542335645020271,
        "dim_2": 0.439615447598059,
        "dim_3": -0.970259831542555
      }
    },
    "distances": {
      "1": 0.156174338829856,
      "2": 0.333765369818265,
      "3": 0.011771210308663,
      "4": 0.181448652970787,
      "5": 0.206303510342579,
      "6": 0.019996226273566,
      "7": 0.04770166345079,
      "8": 0.206297362912771,
      "9": 0.145633994992928,
      "10": 2.0431923e-08
    },
    "objective_value": 1.309092350332128,
    "lower_bound": 1.309092350332129,
    "absolute_gap": -1.1102230246251565e-15,
    "relative_gap": -8.480860990009472e-16
  },
  "performance": {
    "solution_time_seconds": 2.9005069732666016,
    "solver_status": "ok",
    "termination_condition": "optimal",
    "solver": "gams",
    "subsolver": "baron",
    "is_relaxation": false,
    "root_relaxation_value": 0.0,
    "root_relaxation_gap_percent": 100.0,
    "relaxation_gap_percent": null,
    "absolute_gap": null
  }
}