{
  "model_parameters": {
    "n_dimensions": 4,
    "n_clusters": 3,
    "n_points": 10,
    "coord_range_lower": -1,
    "coord_range_upper": 1
  },
  "solution": {
    "status": "feasible",
    "center_coordinates": {
      "cluster_1": {
        "dim_1": -0.459014543456497,
        "dim_2": 0.150814969724482,
        "dim_3": 0.785574656367074,
        "dim_4": -0.538776289772631
      },
      "cluster_2": {
        "dim_1": 0.039024370668983,
        "dim_2": -0.52491996937656,
        "dim_3": 0.435786080934795,
        "dim_4": 0.385337715733966
      },
      "cluster_3": {
        "dim_1": 0.360119773589496,
        "dim_2": 0.935420835041916,
        "dim_3": 0.090595081051312,
        "dim_4": -0.607885504362685
      }
    },
    "distances": {
      "1": 0.007279005150243,
      "2": 0.914562457161315,
      "3": 0.579892922382545,
      "4": 0.290929002959876,
      "5": 0.044951148306842,
      "6": 0.0,
      "7": 0.655661914732671,
      "8": 0.400065288849869,
      "9": 0.371818127578264,
      "10": 0.57783330525786
    },
    "objective_value": 3.8429931723794852,
    "lower_bound": 3.842937865061492,
    "upper_bound": 3.842993172379485,
    "absolute_gap": 5.530731799341382e-05,
    "relative_gap": 1.4391936569218724e-05
  },
  "performance": {
    "solution_time_seconds": 300.60247898101807,
    "solver_status": "ok",
    "termination_condition": "feasible",
    "solver": "gams",
    "subsolver": "gurobi",
    "is_relaxation": false,
    "root_relaxation_value": 0.0,
    "root_relaxation_gap_percent": 100.0,
    "relaxation_gap_percent": null,
    "absolute_gap": null
  }
}