{
  "model_parameters": {
    "n_dimensions": 4,
    "n_clusters": 5,
    "n_points": 10,
    "coord_range_lower": -1,
    "coord_range_upper": 1
  },
  "solution": {
    "status": "optimal",
    "center_coordinates": {
      "cluster_1": {
        "dim_1": -0.629260485039695,
        "dim_2": -0.15497365748059,
        "dim_3": 0.683863404133679,
        "dim_4": 0.064016561512152
      },
      "cluster_2": {
        "dim_1": -0.11324435147654,
        "dim_2": 0.47111534449091,
        "dim_3": -0.587530531639875,
        "dim_4": 0.628327708043595
      },
      "cluster_3": {
        "dim_1": 0.410660398148271,
        "dim_2": 0.565790760176913,
        "dim_3": 0.351775845561911,
        "dim_4": -0.908721709179236
      },
      "cluster_4": {
        "dim_1": 0.509652594689683,
        "dim_2": 0.530936961724997,
        "dim_3": 0.90865420465192,
        "dim_4": -0.034075838218411
      },
      "cluster_5": {
        "dim_1": 0.886673475182091,
        "dim_2": -0.44743825592876,
        "dim_3": 0.794344752880825,
        "dim_4": 0.623535630925122
      }
    },
    "distances": {
      "1": 0.195136470427887,
      "2": 0.257045840006984,
      "3": 0.102863626489073,
      "4": 1.2152695e-08,
      "5": 0.195132249611874,
      "6": 0.257051533964253,
      "7": 0.246384355850195,
      "8": 0.136230457852425,
      "9": 0.24638802500899,
      "10": 0.328745015215472
    },
    "objective_value": 1.964977586579848,
    "lower_bound": 1.964977415681637,
    "upper_bound": 1.964977586579847,
    "absolute_gap": 1.708982109160928e-07,
    "relative_gap": 8.697209929856084e-08
  },
  "performance": {
    "solution_time_seconds": 17.320000648498535,
    "solver_status": "ok",
    "termination_condition": "optimal",
    "solver": "gams",
    "subsolver": "gurobi",
    "is_relaxation": false,
    "root_relaxation_value": 0.0,
    "root_relaxation_gap_percent": 100.0,
    "relaxation_gap_percent": null,
    "absolute_gap": null
  }
}