{
  "model_parameters": {
    "n_dimensions": 2,
    "n_clusters": 3,
    "n_points": 14,
    "coord_range_lower": -1,
    "coord_range_upper": 1
  },
  "solution": {
    "status": "optimal",
    "center_coordinates": {
      "cluster_1": {
        "dim_1": -0.505375757381796,
        "dim_2": 0.450963807798636
      },
      "cluster_2": {
        "dim_1": -0.218725426512636,
        "dim_2": -0.32422315459963
      },
      "cluster_3": {
        "dim_1": 0.656199592389949,
        "dim_2": 0.39074394617219
      }
    },
    "distances": {
      "1": 0.237622073017273,
      "2": 0.202521245254561,
      "3": 0.000347692364732,
      "4": 0.13435503660259,
      "5": 0.353911959696288,
      "6": 0.053844045849185,
      "7": 0.085056622965611,
      "8": 0.007461300007534,
      "9": 0.305065546428714,
      "10": 0.031467342193515,
      "11": 0.203179851588208,
      "12": 0.172895781500888,
      "13": 0.055503497291881,
      "14": 0.068703255012376
    },
    "objective_value": 1.911935249773356,
    "lower_bound": 1.91193510196589,
    "upper_bound": 1.911935249773357,
    "absolute_gap": 1.4780746604436956e-07,
    "relative_gap": 7.73077840834613e-08
  },
  "performance": {
    "solution_time_seconds": 3.5908918380737305,
    "solver_status": "ok",
    "termination_condition": "optimal",
    "solver": "gams",
    "subsolver": "gurobi",
    "is_relaxation": false,
    "root_relaxation_value": 0.0,
    "root_relaxation_gap_percent": 100.0,
    "relaxation_gap_percent": null,
    "absolute_gap": null
  }
}