{
  "model_parameters": {
    "n_dimensions": 2,
    "n_clusters": 5,
    "n_points": 12,
    "coord_range_lower": -1,
    "coord_range_upper": 1
  },
  "solution": {
    "status": "optimal",
    "center_coordinates": {
      "cluster_1": {
        "dim_1": -0.705976057902244,
        "dim_2": -0.464497972718053
      },
      "cluster_2": {
        "dim_1": -0.454469172021557,
        "dim_2": 0.655917397777818
      },
      "cluster_3": {
        "dim_1": 0.184146163711453,
        "dim_2": 0.448592526815648
      },
      "cluster_4": {
        "dim_1": 0.332950139619111,
        "dim_2": -0.760711954658504
      },
      "cluster_5": {
        "dim_1": 0.941972239626945,
        "dim_2": -0.002815770963165
      }
    },
    "distances": {
      "1": 0.168125509660336,
      "2": 0.094165478577503,
      "3": 0.050857167338861,
      "4": 0.060535196731802,
      "5": 0.054484062737284,
      "6": 0.148296324150139,
      "7": 0.077113612653763,
      "8": 0.054484062737284,
      "9": -1.0000001e-08,
      "10": 0.027632018896551,
      "11": 0.102762434355156,
      "12": 0.060535196731804
    },
    "objective_value": 0.898991054570482,
    "lower_bound": 0.89898914308633,
    "absolute_gap": 1.911484151961851e-06,
    "relative_gap": 2.1262594400189444e-06
  },
  "performance": {
    "solution_time_seconds": 1801.813447713852,
    "solver_status": "ok",
    "termination_condition": "optimal",
    "solver": "gams",
    "subsolver": "scip",
    "is_relaxation": false,
    "root_relaxation_value": 0.89898914308633,
    "root_relaxation_gap_percent": 0.0002126254919049351,
    "relaxation_gap_percent": null,
    "absolute_gap": null
  }
}