{
  "model_parameters": {
    "n_dimensions": 5,
    "n_clusters": 3,
    "n_points": 14,
    "coord_range_lower": -1,
    "coord_range_upper": 1
  },
  "solution": {
    "status": "optimal",
    "center_coordinates": {
      "cluster_1": {
        "dim_1": -0.556348201117267,
        "dim_2": -0.464670462511367,
        "dim_3": -0.366012565499848,
        "dim_4": -0.60905897688737,
        "dim_5": -0.3319279312134
      },
      "cluster_2": {
        "dim_1": -0.384284447181797,
        "dim_2": 0.616210298017392,
        "dim_3": -0.565291818864235,
        "dim_4": 0.69919370067752,
        "dim_5": -0.637778554025581
      },
      "cluster_3": {
        "dim_1": 0.062411808492532,
        "dim_2": 0.00916337333815,
        "dim_3": -0.005258857812317,
        "dim_4": 0.20970556803406,
        "dim_5": 0.113421753479034
      }
    },
    "distances": {
      "1": 0.433232781674198,
      "2": 0.323444343047749,
      "3": 0.826910404569902,
      "4": 1.462686236907091,
      "5": 1.522293011363153,
      "6": 0.126178341853669,
      "7": 0.949602148801587,
      "8": 0.313112065251323,
      "9": 0.340196548879516,
      "10": 0.596804535693475,
      "11": 0.210206558328133,
      "12": 0.785152293450906,
      "13": 0.830549309530327,
      "14": 0.251215954105399
    },
    "objective_value": 8.971584533456427,
    "lower_bound": 8.971584533456436,
    "upper_bound": 8.971584533456427,
    "absolute_gap": -8.881784197001252e-15,
    "relative_gap": -9.8999058236365e-16
  },
  "performance": {
    "solution_time_seconds": 55.875590324401855,
    "solver_status": "ok",
    "termination_condition": "optimal",
    "solver": "gams",
    "subsolver": "scip",
    "is_relaxation": false,
    "root_relaxation_value": 8.97158453345644,
    "root_relaxation_gap_percent": 1.3859868153091113e-13,
    "relaxation_gap_percent": null,
    "absolute_gap": null
  }
}