{
  "model_parameters": {
    "n_dimensions": 2,
    "n_clusters": 5,
    "n_points": 10,
    "coord_range_lower": -1,
    "coord_range_upper": 1
  },
  "solution": {
    "status": "optimal",
    "center_coordinates": {
      "cluster_1": {
        "dim_1": -0.884957346714135,
        "dim_2": 0.573371700308834
      },
      "cluster_2": {
        "dim_1": -0.754463372064267,
        "dim_2": -0.823216754994211
      },
      "cluster_3": {
        "dim_1": -0.159297550494384,
        "dim_2": -0.129729411478815
      },
      "cluster_4": {
        "dim_1": 0.048864938185448,
        "dim_2": 0.510406062717666
      },
      "cluster_5": {
        "dim_1": 0.86466156453086,
        "dim_2": 0.742257558522358
      }
    },
    "distances": {
      "1": 0.00661334172472,
      "2": 0.025327762584312,
      "3": 0.013273942663879,
      "4": 0.016335396754041,
      "5": 0.0,
      "6": 0.145662482820752,
      "7": 0.159982835327893,
      "8": 0.01328599503629,
      "9": 0.0,
      "10": 0.027606981166247
    },
    "objective_value": 0.408088738078134,
    "lower_bound": 0.408088738078136,
    "upper_bound": 0.408088738078135,
    "absolute_gap": -1.9984014443252818e-15,
    "relative_gap": -4.896977686119462e-15
  },
  "performance": {
    "solution_time_seconds": 20.86898946762085,
    "solver_status": "ok",
    "termination_condition": "optimal",
    "solver": "gams",
    "subsolver": "scip",
    "is_relaxation": false,
    "root_relaxation_value": 0.408088738078136,
    "root_relaxation_gap_percent": 4.896977686119486e-13,
    "relaxation_gap_percent": null,
    "absolute_gap": null
  }
}