{
  "model_parameters": {
    "n_dimensions": 5,
    "n_clusters": 4,
    "n_points": 10,
    "coord_range_lower": -1,
    "coord_range_upper": 1
  },
  "solution": {
    "status": "optimal",
    "center_coordinates": {
      "cluster_1": {
        "dim_1": -0.762199495649583,
        "dim_2": -0.887912599078881,
        "dim_3": 0.458190097892008,
        "dim_4": 0.272586653428829,
        "dim_5": -0.239719503963623
      },
      "cluster_2": {
        "dim_1": -0.320326048974822,
        "dim_2": 0.1974638802351,
        "dim_3": -0.441810216534709,
        "dim_4": -0.163184093923977,
        "dim_5": 0.16814253797123
      },
      "cluster_3": {
        "dim_1": 0.115839340050617,
        "dim_2": 0.11386227403009,
        "dim_3": 0.379020115326496,
        "dim_4": 0.000767825965765,
        "dim_5": 0.05559089853461
      },
      "cluster_4": {
        "dim_1": 0.640257879516113,
        "dim_2": 0.252306799232224,
        "dim_3": -0.320736926715074,
        "dim_4": -0.776895491900864,
        "dim_5": 0.356266442317113
      }
    },
    "distances": {
      "1": 0.175091310422035,
      "2": 0.317941708149394,
      "3": 0.405823213394542,
      "4": 0.317941714182333,
      "5": 0.336296974961081,
      "6": 0.175091310428286,
      "7": 0.2650199418679,
      "8": 0.154429081100946,
      "9": 0.336296970558131,
      "10": 0.190874416051897
    },
    "objective_value": 2.674806641116545,
    "lower_bound": 2.674788958607273,
    "absolute_gap": 1.7682509271921276e-05,
    "relative_gap": 6.610805392709683e-06
  },
  "performance": {
    "solution_time_seconds": 1801.4994928836823,
    "solver_status": "ok",
    "termination_condition": "optimal",
    "solver": "gams",
    "subsolver": "scip",
    "is_relaxation": false,
    "root_relaxation_value": 2.67478895860727,
    "root_relaxation_gap_percent": 0.0006610761691412838,
    "relaxation_gap_percent": null,
    "absolute_gap": null
  }
}