{
  "model_parameters": {
    "n_dimensions": 4,
    "n_clusters": 5,
    "n_points": 10,
    "coord_range_lower": -1,
    "coord_range_upper": 1
  },
  "solution": {
    "status": "optimal",
    "center_coordinates": {
      "cluster_1": {
        "dim_1": -0.629105896520664,
        "dim_2": -0.154765962579286,
        "dim_3": 0.6837158203125,
        "dim_4": 0.064146639943429
      },
      "cluster_2": {
        "dim_1": -0.113224694207739,
        "dim_2": 0.47094703352905,
        "dim_3": -0.58768359417131,
        "dim_4": 0.628207901981446
      },
      "cluster_3": {
        "dim_1": 0.410243063052863,
        "dim_2": 0.565806733620732,
        "dim_3": 0.351627587126257,
        "dim_4": -0.908545887765001
      },
      "cluster_4": {
        "dim_1": 0.509930388949998,
        "dim_2": 0.530737187284527,
        "dim_3": 0.908566362732679,
        "dim_4": -0.033942585233108
      },
      "cluster_5": {
        "dim_1": 0.887220680847577,
        "dim_2": -0.447545211510864,
        "dim_3": 0.79443359375,
        "dim_4": 0.623296741859185
      }
    },
    "distances": {
      "1": 0.194965715548319,
      "2": 0.256958748073543,
      "3": 0.102976014475434,
      "4": 0.0,
      "5": 0.195302407491734,
      "6": 0.25713756596757,
      "7": 0.246182696552838,
      "8": 0.136058049273609,
      "9": 0.24658891063231,
      "10": 0.328803574705803
    },
    "objective_value": 1.9649736827211601,
    "lower_bound": 1.964973682721159,
    "upper_bound": 1.964973682721159,
    "absolute_gap": 1.1102230246251565e-15,
    "relative_gap": 5.65006561862795e-16
  },
  "performance": {
    "solution_time_seconds": 220.8874273300171,
    "solver_status": "ok",
    "termination_condition": "optimal",
    "solver": "gams",
    "subsolver": "scip",
    "is_relaxation": false,
    "root_relaxation_value": 1.96497368272116,
    "root_relaxation_gap_percent": 1.1300131237255892e-14,
    "relaxation_gap_percent": null,
    "absolute_gap": null
  }
}