{
  "model_parameters": {
    "n_dimensions": 2,
    "n_clusters": 5,
    "n_points": 10,
    "coord_range_lower": -1,
    "coord_range_upper": 1
  },
  "solution": {
    "status": "optimal",
    "center_coordinates": {
      "cluster_1": {
        "dim_1": -0.921708207904643,
        "dim_2": 0.951872646386814
      },
      "cluster_2": {
        "dim_1": -0.765500214873462,
        "dim_2": -0.280303480793805
      },
      "cluster_3": {
        "dim_1": -0.455725006272123,
        "dim_2": -0.928629895962077
      },
      "cluster_4": {
        "dim_1": -0.360229675941308,
        "dim_2": 0.556673476899444
      },
      "cluster_5": {
        "dim_1": 0.563693567162495,
        "dim_2": 0.011474250371161
      }
    },
    "distances": {
      "1": 0.021455880309266,
      "2": 0.018145362160968,
      "3": 0.031533358668959,
      "4": 0.032940879103738,
      "5": 0.018235158045864,
      "6": 0.0,
      "7": 0.063465119876648,
      "8": 0.032729596071446,
      "9": 0.0,
      "10": 0.013161912243647
    },
    "objective_value": 0.231667266480536,
    "lower_bound": 0.231651170869361,
    "absolute_gap": 1.6095611175021007e-05,
    "relative_gap": 6.948210585172514e-05
  },
  "performance": {
    "solution_time_seconds": 1801.9023749828339,
    "solver_status": "ok",
    "termination_condition": "optimal",
    "solver": "gams",
    "subsolver": "scip",
    "is_relaxation": false,
    "root_relaxation_value": 0.231651170869361,
    "root_relaxation_gap_percent": 0.006947727842411139,
    "relaxation_gap_percent": null,
    "absolute_gap": null
  }
}