{
  "model_parameters": {
    "n_dimensions": 3,
    "n_clusters": 5,
    "n_points": 10,
    "coord_range_lower": -1,
    "coord_range_upper": 1
  },
  "solution": {
    "status": "optimal",
    "center_coordinates": {
      "cluster_1": {
        "dim_1": -0.843121370771943,
        "dim_2": -0.54530013432485,
        "dim_3": 0.116208580544493
      },
      "cluster_2": {
        "dim_1": -0.619847091740874,
        "dim_2": 0.888689978600117,
        "dim_3": -0.055413585780138
      },
      "cluster_3": {
        "dim_1": -0.458797997757813,
        "dim_2": 0.15279585122959,
        "dim_3": 0.596953485565184
      },
      "cluster_4": {
        "dim_1": -0.2285224413121,
        "dim_2": -0.024098742071763,
        "dim_3": -0.87101269982424
      },
      "cluster_5": {
        "dim_1": 0.770892159182453,
        "dim_2": 0.482698656195642,
        "dim_3": -0.395737313436295
      }
    },
    "distances": {
      "1": 0.102957048885523,
      "2": 0.125479623585964,
      "3": 0.102932307286183,
      "4": 1.6584109e-08,
      "5": 2.0447772e-08,
      "6": 0.23900710251371,
      "7": 0.253721606406366,
      "8": 0.141276043781938,
      "9": 0.236019962452702,
      "10": 0.07750770427768
    },
    "objective_value": 1.278901436221947,
    "lower_bound": 1.278901385974074,
    "upper_bound": 1.278901436221947,
    "absolute_gap": 5.024787297358557e-08,
    "relative_gap": 3.928987295241245e-08
  },
  "performance": {
    "solution_time_seconds": 23.226263999938965,
    "solver_status": "ok",
    "termination_condition": "optimal",
    "solver": "gams",
    "subsolver": "gurobi",
    "is_relaxation": false,
    "root_relaxation_value": 0.0,
    "root_relaxation_gap_percent": 100.0,
    "relaxation_gap_percent": null,
    "absolute_gap": null
  }
}