{
  "model_parameters": {
    "n_dimensions": 2,
    "n_clusters": 3,
    "n_points": 14,
    "coord_range_lower": -1,
    "coord_range_upper": 1
  },
  "solution": {
    "status": "optimal",
    "center_coordinates": {
      "cluster_1": {
        "dim_1": -0.505374456957556,
        "dim_2": 0.450970529847491
      },
      "cluster_2": {
        "dim_1": -0.218720153996793,
        "dim_2": -0.324206471136778
      },
      "cluster_3": {
        "dim_1": 0.656196185120095,
        "dim_2": 0.3907617356999
      }
    },
    "distances": {
      "1": 0.237609117541905,
      "2": 0.20253104711624,
      "3": 0.000348237539667,
      "4": 0.134342267973011,
      "5": 0.353928865873827,
      "6": 0.053838461733457,
      "7": 0.085059114511289,
      "8": 0.007461951359299,
      "9": 0.305062684537365,
      "10": 0.03147351551156,
      "11": 0.203169498554499,
      "12": 0.17289263644563,
      "13": 0.055510943657525,
      "14": 0.068706722199119
    },
    "objective_value": 1.911935064554393,
    "lower_bound": 1.911935064554394,
    "absolute_gap": -8.881784197001252e-16,
    "relative_gap": -4.645442390623915e-16
  },
  "performance": {
    "solution_time_seconds": 0.9339642524719238,
    "solver_status": "ok",
    "termination_condition": "optimal",
    "solver": "gams",
    "subsolver": "baron",
    "is_relaxation": false,
    "root_relaxation_value": 0.0,
    "root_relaxation_gap_percent": 100.0,
    "relaxation_gap_percent": null,
    "absolute_gap": null
  }
}