{
  "model_parameters": {
    "n_dimensions": 5,
    "n_clusters": 5,
    "n_points": 17,
    "coord_range_lower": -1,
    "coord_range_upper": 1
  },
  "solution": {
    "status": "optimal",
    "center_coordinates": {
      "cluster_1": {
        "dim_1": -0.47439465360586,
        "dim_2": 0.250675353561739,
        "dim_3": -0.430617389570106,
        "dim_4": 0.919695496755415,
        "dim_5": -0.861424165987095
      },
      "cluster_2": {
        "dim_1": -0.333650914656557,
        "dim_2": 0.542030891685343,
        "dim_3": 0.508421800858161,
        "dim_4": -0.452813997585148,
        "dim_5": 0.102407423414669
      },
      "cluster_3": {
        "dim_1": 0.149309294787648,
        "dim_2": -0.209282987998478,
        "dim_3": -0.581028236870043,
        "dim_4": 0.547267303250261,
        "dim_5": 0.633075991591413
      },
      "cluster_4": {
        "dim_1": 0.195113963502335,
        "dim_2": -0.894049352206846,
        "dim_3": -0.164335581335497,
        "dim_4": -0.644156131186501,
        "dim_5": -0.513044299879744
      },
      "cluster_5": {
        "dim_1": 0.321807220210722,
        "dim_2": -0.106850709737639,
        "dim_3": 0.637958348540613,
        "dim_4": 0.526621620532688,
        "dim_5": 0.269625358139766
      }
    },
    "distances": {
      "1": 0.455772238004233,
      "2": 0.357230838923928,
      "3": 0.166028200818771,
      "4": 0.450656688854367,
      "5": 0.357230825120858,
      "6": 1.026164864358802,
      "7": 0.737432686726419,
      "8": 0.289749845452399,
      "9": 0.812946377799839,
      "10": 1.306793388556949,
      "11": 0.45065667143966,
      "12": 0.29562465903169,
      "13": 2.120912693496549,
      "14": 1.676699087324917,
      "15": 0.389293266371489,
      "16": 1.187038992741706,
      "17": 0.173485281247745
    },
    "objective_value": 12.253716606270322,
    "lower_bound": 0.095724429648119,
    "absolute_gap": 12.157992176622203,
    "relative_gap": 127.01033812700402
  },
  "performance": {
    "solution_time_seconds": 1804.2002227306366,
    "solver_status": "ok",
    "termination_condition": "optimal",
    "solver": "gams",
    "subsolver": "scip",
    "is_relaxation": false,
    "root_relaxation_value": 0.0957244296481193,
    "root_relaxation_gap_percent": 99.21881309382383,
    "relaxation_gap_percent": null,
    "absolute_gap": null
  }
}