{
  "model_parameters": {
    "n_dimensions": 3,
    "n_clusters": 3,
    "n_points": 11,
    "coord_range_lower": -1,
    "coord_range_upper": 1
  },
  "solution": {
    "status": "optimal",
    "center_coordinates": {
      "cluster_1": {
        "dim_1": -0.419681248309242,
        "dim_2": -0.225218426548503,
        "dim_3": 0.570253972206207
      },
      "cluster_2": {
        "dim_1": -0.322191657621583,
        "dim_2": 0.81299258391771,
        "dim_3": 0.558248233537297
      },
      "cluster_3": {
        "dim_1": 0.155631198152661,
        "dim_2": -0.274298526403947,
        "dim_3": -0.361825035808063
      }
    },
    "distances": {
      "1": 0.339802102327132,
      "2": 0.083560903497326,
      "3": 0.202085954064903,
      "4": 0.16576858148272,
      "5": 0.542900636410845,
      "6": 0.153845317513669,
      "7": 0.723564103477178,
      "8": 0.565246228800382,
      "9": 0.23018761460706,
      "10": 0.270554363144453,
      "11": 0.104176918433267
    },
    "objective_value": 3.381692723758935,
    "lower_bound": 3.381691033154927,
    "absolute_gap": 1.6906040083419782e-06,
    "relative_gap": 4.999285835893589e-07
  },
  "performance": {
    "solution_time_seconds": 1802.7719900608063,
    "solver_status": "ok",
    "termination_condition": "optimal",
    "solver": "gams",
    "subsolver": "scip",
    "is_relaxation": false,
    "root_relaxation_value": 3.38169103315493,
    "root_relaxation_gap_percent": 4.999283327416441e-05,
    "relaxation_gap_percent": null,
    "absolute_gap": null
  }
}