{
  "model_parameters": {
    "n_dimensions": 3,
    "n_clusters": 5,
    "n_points": 10,
    "coord_range_lower": -1,
    "coord_range_upper": 1
  },
  "solution": {
    "status": "optimal",
    "center_coordinates": {
      "cluster_1": {
        "dim_1": -0.749593714694701,
        "dim_2": 0.014456256405316,
        "dim_3": 0.299602008283415
      },
      "cluster_2": {
        "dim_1": -0.304344621114273,
        "dim_2": -0.072307507488305,
        "dim_3": -0.75407814208388
      },
      "cluster_3": {
        "dim_1": 0.255631004513963,
        "dim_2": -0.32954292857027,
        "dim_3": 0.706628267013989
      },
      "cluster_4": {
        "dim_1": 0.588711409375293,
        "dim_2": 0.530357950593218,
        "dim_3": -0.660111157579743
      },
      "cluster_5": {
        "dim_1": 0.687714062906123,
        "dim_2": -0.491342449401469,
        "dim_3": -0.002753782422599
      }
    },
    "distances": {
      "1": 0.242887153689484,
      "2": 0.088762565274653,
      "3": 0.21680953540014,
      "4": 0.124728429151031,
      "5": 0.0,
      "6": 0.114614036089388,
      "7": 0.124728287967191,
      "8": 0.088761776890457,
      "9": 0.166935794592102,
      "10": 0.114614094710392
    },
    "objective_value": 1.282841673764838,
    "lower_bound": 1.282841673764836,
    "absolute_gap": 1.9984014443252818e-15,
    "relative_gap": 1.5577927387254638e-15
  },
  "performance": {
    "solution_time_seconds": 27.71720862388611,
    "solver_status": "ok",
    "termination_condition": "optimal",
    "solver": "gams",
    "subsolver": "baron",
    "is_relaxation": false,
    "root_relaxation_value": 0.0,
    "root_relaxation_gap_percent": 100.0,
    "relaxation_gap_percent": null,
    "absolute_gap": null
  }
}