{
  "model_parameters": {
    "n_dimensions": 5,
    "n_clusters": 3,
    "n_points": 12,
    "coord_range_lower": -1,
    "coord_range_upper": 1
  },
  "solution": {
    "status": "optimal",
    "center_coordinates": {
      "cluster_1": {
        "dim_1": -0.103573379503554,
        "dim_2": 0.159145320567283,
        "dim_3": 0.38394211388075,
        "dim_4": -0.626713278970508,
        "dim_5": -0.24742609741116
      },
      "cluster_2": {
        "dim_1": 0.464801053706588,
        "dim_2": 0.413995802114115,
        "dim_3": -0.173138070738147,
        "dim_4": 0.673195941866804,
        "dim_5": -0.754895052617419
      },
      "cluster_3": {
        "dim_1": 0.618570023179367,
        "dim_2": -0.560978649716432,
        "dim_3": -0.001520744911748,
        "dim_4": 0.463197092858515,
        "dim_5": 0.291948011093897
      }
    },
    "distances": {
      "1": 0.581321012111776,
      "2": 0.327581863846879,
      "3": 1.295431113812805,
      "4": 0.734515551694481,
      "5": 0.953080179234179,
      "6": 0.658408673344884,
      "7": 0.738677958560567,
      "8": 0.340692663359049,
      "9": 0.809988614073319,
      "10": 0.665728447113098,
      "11": 0.836051169787715,
      "12": 2.568735019475378
    },
    "objective_value": 10.510212266414129,
    "lower_bound": 10.316526484869641,
    "absolute_gap": 0.19368578154448812,
    "relative_gap": 0.018774321166000044
  },
  "performance": {
    "solution_time_seconds": 1800.619423866272,
    "solver_status": "ok",
    "termination_condition": "optimal",
    "solver": "gams",
    "subsolver": "gurobi",
    "is_relaxation": false,
    "root_relaxation_value": 0.0,
    "root_relaxation_gap_percent": 100.0,
    "relaxation_gap_percent": null,
    "absolute_gap": null
  }
}