{
  "model_parameters": {
    "n_dimensions": 5,
    "n_clusters": 4,
    "n_points": 12,
    "coord_range_lower": -1,
    "coord_range_upper": 1
  },
  "solution": {
    "status": "optimal",
    "center_coordinates": {
      "cluster_1": {
        "dim_1": -0.780758572038454,
        "dim_2": -0.801284334388054,
        "dim_3": 0.717767795561691,
        "dim_4": -0.375350170461162,
        "dim_5": -0.628472256508063
      },
      "cluster_2": {
        "dim_1": -0.111500848859266,
        "dim_2": -0.556561785393903,
        "dim_3": -0.747864690074672,
        "dim_4": 0.256773424878657,
        "dim_5": 0.429651082457386
      },
      "cluster_3": {
        "dim_1": 0.132226750187605,
        "dim_2": -0.830636219673489,
        "dim_3": 0.516289489493216,
        "dim_4": -0.107384053294679,
        "dim_5": 0.531456617196735
      },
      "cluster_4": {
        "dim_1": 0.350614114753716,
        "dim_2": 0.430342979404175,
        "dim_3": -0.145817550430605,
        "dim_4": -0.288324974614693,
        "dim_5": -0.628052962556208
      }
    },
    "distances": {
      "1": 0.313204382966439,
      "2": 0.210453464498133,
      "3": 0.156055409293283,
      "4": 0.422637260040939,
      "5": 0.31320191327225,
      "6": 1.007265411905018,
      "7": 1.005601945615858,
      "8": 0.827273226856437,
      "9": 0.454018088603976,
      "10": 1.575888754771431,
      "11": 0.804330147991131,
      "12": 0.61082107569437
    },
    "objective_value": 7.7007510815092655,
    "lower_bound": 7.700751087072058,
    "absolute_gap": -5.562792892988e-09,
    "relative_gap": -7.22370172738963e-10
  },
  "performance": {
    "solution_time_seconds": 182.89362335205078,
    "solver_status": "ok",
    "termination_condition": "optimal",
    "solver": "gams",
    "subsolver": "gurobi",
    "is_relaxation": false,
    "root_relaxation_value": 0.0,
    "root_relaxation_gap_percent": 100.0,
    "relaxation_gap_percent": null,
    "absolute_gap": null
  }
}