{
  "model_parameters": {
    "n_dimensions": 4,
    "n_clusters": 4,
    "n_points": 15,
    "coord_range_lower": -1,
    "coord_range_upper": 1
  },
  "solution": {
    "status": "optimal",
    "center_coordinates": {
      "cluster_1": {
        "dim_1": -0.794573386888896,
        "dim_2": -0.201126209678772,
        "dim_3": -0.923831578462181,
        "dim_4": 0.141715183539438
      },
      "cluster_2": {
        "dim_1": -0.557798286842396,
        "dim_2": -0.516695596120764,
        "dim_3": 0.728246748045055,
        "dim_4": -0.507438408465765
      },
      "cluster_3": {
        "dim_1": 0.230385346764928,
        "dim_2": 0.317273994630488,
        "dim_3": -0.508295814342326,
        "dim_4": -0.518094196060258
      },
      "cluster_4": {
        "dim_1": 0.626420867258197,
        "dim_2": 0.304880156559095,
        "dim_3": 0.48149392652829,
        "dim_4": -0.036116739000101
      }
    },
    "distances": {
      "1": 0.790192488383461,
      "2": 0.666668011461557,
      "3": 0.574088839663423,
      "4": 0.275885804093849,
      "5": 0.445233888506537,
      "6": 0.688357186634698,
      "7": 0.525802915645579,
      "8": 0.134002417417911,
      "9": 0.230436433073231,
      "10": 0.27588366159388,
      "11": 0.133994577436693,
      "12": 0.495030089308441,
      "13": 0.276959574597917,
      "14": 0.799835364294383,
      "15": 0.411232195359932
    },
    "objective_value": 6.723603447471492,
    "lower_bound": 6.723603447471492,
    "absolute_gap": 0.0,
    "relative_gap": 0.0
  },
  "performance": {
    "solution_time_seconds": 177.1741590499878,
    "solver_status": "ok",
    "termination_condition": "optimal",
    "solver": "gams",
    "subsolver": "baron",
    "is_relaxation": false,
    "root_relaxation_value": 3.64421,
    "root_relaxation_gap_percent": 45.799748178627965,
    "relaxation_gap_percent": null,
    "absolute_gap": null
  }
}