{
  "model_parameters": {
    "n_dimensions": 5,
    "n_clusters": 4,
    "n_points": 11,
    "coord_range_lower": -1,
    "coord_range_upper": 1
  },
  "solution": {
    "status": "optimal",
    "center_coordinates": {
      "cluster_1": {
        "dim_1": -0.782811779067187,
        "dim_2": -0.53041428465848,
        "dim_3": -0.501081968195098,
        "dim_4": 0.435398434678697,
        "dim_5": -0.380912448964929
      },
      "cluster_2": {
        "dim_1": -0.733609188341641,
        "dim_2": 0.546119145585955,
        "dim_3": 0.372487063699266,
        "dim_4": -0.663954029529954,
        "dim_5": 0.159831789641718
      },
      "cluster_3": {
        "dim_1": -0.467131642337757,
        "dim_2": 0.037273839854695,
        "dim_3": 0.661582824660831,
        "dim_4": 0.463208091802782,
        "dim_5": -0.080889010259444
      },
      "cluster_4": {
        "dim_1": 0.527600645070594,
        "dim_2": 0.281005037441233,
        "dim_3": 0.604476815115945,
        "dim_4": -0.394736403990508,
        "dim_5": 0.065576873203899
      }
    },
    "distances": {
      "1": 0.218437667355936,
      "2": 0.415562135444287,
      "3": 0.586854469186664,
      "4": 0.95369580597284,
      "5": 0.218437665935861,
      "6": 0.500226603363766,
      "7": 0.440115959204932,
      "8": 0.277112113676397,
      "9": 0.440115939431993,
      "10": 0.310064472143857,
      "11": 0.486089136241007
    },
    "objective_value": 4.84671196795754,
    "lower_bound": 4.651656564945394,
    "absolute_gap": 0.1950554030121463,
    "relative_gap": 0.04193246003629592
  },
  "performance": {
    "solution_time_seconds": 1801.4540615081787,
    "solver_status": "ok",
    "termination_condition": "optimal",
    "solver": "gams",
    "subsolver": "scip",
    "is_relaxation": false,
    "root_relaxation_value": 4.65165656494539,
    "root_relaxation_gap_percent": 4.02448926822339,
    "relaxation_gap_percent": null,
    "absolute_gap": null
  }
}