{
  "model_parameters": {
    "n_dimensions": 5,
    "n_clusters": 3,
    "n_points": 16,
    "coord_range_lower": -1,
    "coord_range_upper": 1
  },
  "solution": {
    "status": "optimal",
    "center_coordinates": {
      "cluster_1": {
        "dim_1": 0.007226766389697,
        "dim_2": -0.857610106858735,
        "dim_3": 0.510179245884937,
        "dim_4": 0.896301745533084,
        "dim_5": -0.38704055811899
      },
      "cluster_2": {
        "dim_1": 0.007226766389697,
        "dim_2": 0.198878168493856,
        "dim_3": 0.066137787250635,
        "dim_4": 0.385887903938563,
        "dim_5": 0.540749934301247
      },
      "cluster_3": {
        "dim_1": 0.550327992778657,
        "dim_2": -0.126319061310435,
        "dim_3": -0.40605677622388,
        "dim_4": -0.346150240666615,
        "dim_5": -0.439230117507279
      }
    },
    "distances": {
      "1": 1.793442048399631,
      "2": 0.337698468332134,
      "3": 0.725288495054426,
      "4": 0.378456784220441,
      "5": 2.126880807248871,
      "6": 0.956155036882558,
      "7": 0.864786288343126,
      "8": 0.737816436101852,
      "9": 1.598542751962393,
      "10": 1.436287238206268,
      "11": 0.207737645618531,
      "12": 0.642476254108661,
      "13": 0.665924399382206,
      "14": 0.966919829216228,
      "15": 2.070255892211216,
      "16": 1.932001793778543
    },
    "objective_value": 17.440670169067086,
    "lower_bound": 17.440670169067083,
    "upper_bound": 17.440670169067083,
    "absolute_gap": 3.552713678800501e-15,
    "relative_gap": 2.0370281900644066e-16
  },
  "performance": {
    "solution_time_seconds": 34.617828607559204,
    "solver_status": "ok",
    "termination_condition": "optimal",
    "solver": "gams",
    "subsolver": "baron",
    "is_relaxation": false,
    "root_relaxation_value": 0.0,
    "root_relaxation_gap_percent": 100.0,
    "relaxation_gap_percent": null,
    "absolute_gap": null
  }
}