{
  "model_parameters": {
    "n_dimensions": 3,
    "n_clusters": 5,
    "n_points": 16,
    "coord_range_lower": -1,
    "coord_range_upper": 1
  },
  "solution": {
    "status": "optimal",
    "center_coordinates": {
      "cluster_1": {
        "dim_1": -0.609924145472499,
        "dim_2": 0.599612974357205,
        "dim_3": 0.235836221217814
      },
      "cluster_2": {
        "dim_1": -0.388381124493945,
        "dim_2": -0.810160467440991,
        "dim_3": -0.195507181479269
      },
      "cluster_3": {
        "dim_1": -0.331345762343645,
        "dim_2": 0.256312121584727,
        "dim_3": -0.63952801447979
      },
      "cluster_4": {
        "dim_1": 0.56688168771807,
        "dim_2": 0.204740239517103,
        "dim_3": -0.049121100373465
      },
      "cluster_5": {
        "dim_1": 0.732621745254153,
        "dim_2": 0.41712066836244,
        "dim_3": 0.859672857232697
      }
    },
    "distances": {
      "1": 0.130069826779415,
      "2": 0.09775476150333,
      "3": 0.141804385163457,
      "4": 0.096322190298351,
      "5": 0.248020515324249,
      "6": 0.07818505824303,
      "7": 0.291140765227302,
      "8": 0.395214843209448,
      "9": 0.090764009371802,
      "10": 0.17148027826281,
      "11": 0.078370458398344,
      "12": 0.22756467082503,
      "13": 0.127848105226157,
      "14": 0.322999933785325,
      "15": 0.322682137830059,
      "16": 0.059230564988079
    },
    "objective_value": 2.879452504436188,
    "lower_bound": 0.132630557663505,
    "upper_bound": 2.879452504436188,
    "absolute_gap": 2.746821946772683,
    "relative_gap": 20.710324944434024
  },
  "performance": {
    "solution_time_seconds": 300.94070315361023,
    "solver_status": "ok",
    "termination_condition": "optimal",
    "solver": "gams",
    "subsolver": "scip",
    "is_relaxation": false,
    "root_relaxation_value": 0.132630557663505,
    "root_relaxation_gap_percent": 95.39389667101055,
    "relaxation_gap_percent": null,
    "absolute_gap": null
  }
}