{
  "model_parameters": {
    "n_dimensions": 4,
    "n_clusters": 3,
    "n_points": 13,
    "coord_range_lower": -1,
    "coord_range_upper": 1
  },
  "solution": {
    "status": "optimal",
    "center_coordinates": {
      "cluster_1": {
        "dim_1": -0.297633109685788,
        "dim_2": -0.516154989410447,
        "dim_3": -0.150378649320532,
        "dim_4": 0.596172017514323
      },
      "cluster_2": {
        "dim_1": 0.220806443703967,
        "dim_2": -0.123744107353632,
        "dim_3": -0.674594356587334,
        "dim_4": -0.569529840744546
      },
      "cluster_3": {
        "dim_1": 0.664041748812382,
        "dim_2": -0.294809972285904,
        "dim_3": 0.410495999979322,
        "dim_4": -0.215515375973067
      }
    },
    "distances": {
      "1": 0.855581226184981,
      "2": 0.369389808495451,
      "3": 1.070869368905137,
      "4": 0.476697281328738,
      "5": 0.686653624217252,
      "6": 0.231940395539987,
      "7": 0.328786096036122,
      "8": 0.667203955068681,
      "9": 0.522626347642167,
      "10": 0.176014187266576,
      "11": 0.812924421298199,
      "12": 0.251731904527705,
      "13": 0.289613121707293
    },
    "objective_value": 6.740031738218289,
    "lower_bound": 6.740031738218288,
    "upper_bound": 6.74003173821829,
    "absolute_gap": 8.881784197001252e-16,
    "relative_gap": 1.317765930780191e-16
  },
  "performance": {
    "solution_time_seconds": 194.52553343772888,
    "solver_status": "ok",
    "termination_condition": "optimal",
    "solver": "gams",
    "subsolver": "baron",
    "is_relaxation": false,
    "root_relaxation_value": 0.0,
    "root_relaxation_gap_percent": 100.0,
    "relaxation_gap_percent": null,
    "absolute_gap": null
  }
}