{
  "model_parameters": {
    "n_dimensions": 5,
    "n_clusters": 3,
    "n_points": 14,
    "coord_range_lower": -1,
    "coord_range_upper": 1
  },
  "solution": {
    "status": "optimal",
    "center_coordinates": {
      "cluster_1": {
        "dim_1": -0.556575892595527,
        "dim_2": -0.464705297722456,
        "dim_3": -0.365783329711855,
        "dim_4": -0.609806988047298,
        "dim_5": -0.332032872952739
      },
      "cluster_2": {
        "dim_1": -0.384781589733382,
        "dim_2": 0.616738255799712,
        "dim_3": -0.564734515058794,
        "dim_4": 0.699101473158104,
        "dim_5": -0.638190725607944
      },
      "cluster_3": {
        "dim_1": 0.062708663753675,
        "dim_2": 0.009616092954484,
        "dim_3": -0.005697409086795,
        "dim_4": 0.209443695277722,
        "dim_5": 0.113243632046694
      }
    },
    "distances": {
      "1": 0.434030840452622,
      "2": 0.323489488063812,
      "3": 0.827637948217718,
      "4": 1.462237147371473,
      "5": 1.52061614755923,
      "6": 0.126009296406945,
      "7": 0.95095133096774,
      "8": 0.313211078395389,
      "9": 0.340732716525836,
      "10": 0.596571786180277,
      "11": 0.209463550102113,
      "12": 0.784561055947941,
      "13": 0.830223608019865,
      "14": 0.25184841326178
    },
    "objective_value": 8.97158440747274,
    "lower_bound": 5.594377143834958,
    "upper_bound": 8.971584407472744,
    "absolute_gap": 3.377207263637782,
    "relative_gap": 0.6036788684079849
  },
  "performance": {
    "solution_time_seconds": 300.9720985889435,
    "solver_status": "ok",
    "termination_condition": "optimal",
    "solver": "gams",
    "subsolver": "scip",
    "is_relaxation": false,
    "root_relaxation_value": 5.59437714383496,
    "root_relaxation_gap_percent": 37.64337613348194,
    "relaxation_gap_percent": null,
    "absolute_gap": null
  }
}