{
  "model_parameters": {
    "n_dimensions": 5,
    "n_clusters": 5,
    "n_points": 11,
    "coord_range_lower": -1,
    "coord_range_upper": 1
  },
  "solution": {
    "status": "optimal",
    "center_coordinates": {
      "cluster_1": {
        "dim_1": -0.53531772086145,
        "dim_2": 0.825789263636445,
        "dim_3": 0.615679142401915,
        "dim_4": 0.047461970762912,
        "dim_5": 0.188941955566406
      },
      "cluster_2": {
        "dim_1": -0.260076345810196,
        "dim_2": 0.051224102440164,
        "dim_3": -0.510867174347861,
        "dim_4": 0.787976089836971,
        "dim_5": 0.599065735007019
      },
      "cluster_3": {
        "dim_1": 0.064679699018597,
        "dim_2": -0.603929887367456,
        "dim_3": -0.143951147794724,
        "dim_4": -0.16031486290884,
        "dim_5": 0.155741665427189
      },
      "cluster_4": {
        "dim_1": 0.218652725219727,
        "dim_2": 0.60772476029155,
        "dim_3": -0.869870294720701,
        "dim_4": 0.258684045514453,
        "dim_5": -0.833679199218772
      },
      "cluster_5": {
        "dim_1": 0.700734821800317,
        "dim_2": 0.740623242020659,
        "dim_3": -0.447960031462117,
        "dim_4": -0.81129215023336,
        "dim_5": 0.974514603516442
      }
    },
    "distances": {
      "1": 1.042926786546646,
      "2": 0.20118276612351,
      "3": 0.759950665029982,
      "4": 0.825234838030006,
      "5": 0.279375303647644,
      "6": 0.279600596067072,
      "7": 0.0,
      "8": 0.65626199722698,
      "9": 0.567250107502471,
      "10": 0.100559462097773,
      "11": 0.200226472249189
    },
    "objective_value": 4.912568994521273,
    "lower_bound": 4.912568994521266,
    "upper_bound": 4.912568994521271,
    "absolute_gap": 7.105427357601002e-15,
    "relative_gap": 1.4463771125709008e-15
  },
  "performance": {
    "solution_time_seconds": 273.4920802116394,
    "solver_status": "ok",
    "termination_condition": "optimal",
    "solver": "gams",
    "subsolver": "scip",
    "is_relaxation": false,
    "root_relaxation_value": 4.91256899452127,
    "root_relaxation_gap_percent": 5.42391417214087e-14,
    "relaxation_gap_percent": null,
    "absolute_gap": null
  }
}