{
  "model_parameters": {
    "n_dimensions": 4,
    "n_clusters": 4,
    "n_points": 13,
    "coord_range_lower": -1,
    "coord_range_upper": 1
  },
  "solution": {
    "status": "optimal",
    "center_coordinates": {
      "cluster_1": {
        "dim_1": -0.457601511745244,
        "dim_2": -0.140139668328674,
        "dim_3": 0.598594162211515,
        "dim_4": 0.568629075986631
      },
      "cluster_2": {
        "dim_1": -0.410402226672181,
        "dim_2": -0.230629892152857,
        "dim_3": -0.509411484108452,
        "dim_4": -0.289752708425221
      },
      "cluster_3": {
        "dim_1": 0.633953087741736,
        "dim_2": 0.628151249333801,
        "dim_3": 0.716145120197934,
        "dim_4": 0.065458715204938
      },
      "cluster_4": {
        "dim_1": 0.807825741401767,
        "dim_2": 0.880656089291339,
        "dim_3": -0.721569670382055,
        "dim_4": -0.848767610346239
      }
    },
    "distances": {
      "1": 0.270881093196567,
      "2": 0.167808004701975,
      "3": 0.717833538494818,
      "4": 1.057976459057611,
      "5": 0.241818772636131,
      "6": 1.109464653077926,
      "7": 0.930911473786128,
      "8": 0.430640498970872,
      "9": 0.744027074086999,
      "10": 0.24683192323313,
      "11": 3.5724582e-07,
      "12": 0.356577807668527,
      "13": 0.680287926960005
    },
    "objective_value": 6.955059583116509,
    "lower_bound": 6.955055980147888,
    "absolute_gap": 3.602968621230218e-06,
    "relative_gap": 5.180358909424057e-07
  },
  "performance": {
    "solution_time_seconds": 157.34537982940674,
    "solver_status": "ok",
    "termination_condition": "optimal",
    "solver": "gams",
    "subsolver": "gurobi",
    "is_relaxation": false,
    "root_relaxation_value": 0.0,
    "root_relaxation_gap_percent": 100.0,
    "relaxation_gap_percent": null,
    "absolute_gap": null
  }
}