{
  "model_parameters": {
    "n_dimensions": 3,
    "n_clusters": 3,
    "n_points": 15,
    "coord_range_lower": -1,
    "coord_range_upper": 1
  },
  "solution": {
    "status": "optimal",
    "center_coordinates": {
      "cluster_1": {
        "dim_1": -0.00949606596553,
        "dim_2": 0.517491942443096,
        "dim_3": -0.426884468392394
      },
      "cluster_2": {
        "dim_1": 0.366382920931886,
        "dim_2": -0.012662384659052,
        "dim_3": 0.62567452741995
      },
      "cluster_3": {
        "dim_1": 0.416897015719843,
        "dim_2": -0.555106793771185,
        "dim_3": -0.06384811204722
      }
    },
    "distances": {
      "1": 0.050216144965669,
      "2": 0.248216125238989,
      "3": 0.149357277993054,
      "4": 0.336360339654965,
      "5": 0.084748527078339,
      "6": 0.251593919570483,
      "7": 0.129954988970836,
      "8": 0.763609423746806,
      "9": 0.311619887411614,
      "10": 0.218543884845804,
      "11": 0.88562588113761,
      "12": 0.212531994753928,
      "13": 0.458316104724453,
      "14": 0.116498957993944,
      "15": 0.824843004992416
    },
    "objective_value": 5.04203646307891,
    "lower_bound": 5.042036463078883,
    "upper_bound": 5.04203646307891,
    "absolute_gap": 2.6645352591003757e-14,
    "relative_gap": 5.28464099498657e-15
  },
  "performance": {
    "solution_time_seconds": 42.58032584190369,
    "solver_status": "ok",
    "termination_condition": "optimal",
    "solver": "gams",
    "subsolver": "scip",
    "is_relaxation": false,
    "root_relaxation_value": 5.04203646307888,
    "root_relaxation_gap_percent": 5.989259794318082e-13,
    "relaxation_gap_percent": null,
    "absolute_gap": null
  }
}