{
  "model_parameters": {
    "n_dimensions": 3,
    "n_clusters": 4,
    "n_points": 15,
    "coord_range_lower": -1,
    "coord_range_upper": 1
  },
  "solution": {
    "status": "optimal",
    "center_coordinates": {
      "cluster_1": {
        "dim_1": -0.629300404193171,
        "dim_2": 0.7012939453125,
        "dim_3": -0.2127685546875
      },
      "cluster_2": {
        "dim_1": 0.355648089926594,
        "dim_2": -0.79541015625,
        "dim_3": 0.557240268031329
      },
      "cluster_3": {
        "dim_1": 0.355648089926594,
        "dim_2": 0.20023348453578,
        "dim_3": 0.4749755859375
      },
      "cluster_4": {
        "dim_1": 0.355648089926594,
        "dim_2": -0.492550928088989,
        "dim_3": -0.606833339002738
      }
    },
    "distances": {
      "1": 0.260163464169569,
      "2": 0.170032340494462,
      "3": 0.033269196811375,
      "4": 0.092936529263324,
      "5": 0.318359339058683,
      "6": 0.411846749560281,
      "7": 0.101207579810733,
      "8": 0.251219467279533,
      "9": 0.199346568235633,
      "10": 0.264534581659155,
      "11": 0.043837893936045,
      "12": 0.352494602319018,
      "13": 0.222561735788095,
      "14": 0.045777861852342,
      "15": 0.092631425343052
    },
    "objective_value": 2.8602193355813,
    "lower_bound": 0.243838935018507,
    "upper_bound": 2.8602193355813,
    "absolute_gap": 2.616380400562793,
    "relative_gap": 10.729953361895276
  },
  "performance": {
    "solution_time_seconds": 300.93680453300476,
    "solver_status": "ok",
    "termination_condition": "optimal",
    "solver": "gams",
    "subsolver": "scip",
    "is_relaxation": false,
    "root_relaxation_value": 0.243838935018507,
    "root_relaxation_gap_percent": 91.47481691403398,
    "relaxation_gap_percent": null,
    "absolute_gap": null
  }
}