{
  "model_parameters": {
    "n_dimensions": 2,
    "n_clusters": 5,
    "n_points": 15,
    "coord_range_lower": -1,
    "coord_range_upper": 1
  },
  "solution": {
    "status": "optimal",
    "center_coordinates": {
      "cluster_1": {
        "dim_1": -0.580616630579215,
        "dim_2": -0.475719888278401
      },
      "cluster_2": {
        "dim_1": -0.54977626730886,
        "dim_2": 0.346457495763724
      },
      "cluster_3": {
        "dim_1": -0.005166209839978,
        "dim_2": 0.377211946814122
      },
      "cluster_4": {
        "dim_1": 0.167438062344281,
        "dim_2": -0.442477804901802
      },
      "cluster_5": {
        "dim_1": 0.73543299971506,
        "dim_2": -0.153231806825654
      }
    },
    "distances": {
      "1": 0.041669392645015,
      "2": 0.000401991020336,
      "3": 0.058433380459675,
      "4": 0.042885001080374,
      "5": 0.031724628097778,
      "6": 0.058941389841044,
      "7": 0.041648236522752,
      "8": 0.068923355834275,
      "9": 0.052234813187359,
      "10": 0.123130309996128,
      "11": 0.069153626256592,
      "12": 0.053079780957995,
      "13": 0.032759225525182,
      "14": 0.058795182579786,
      "15": 0.005400659598258
    },
    "objective_value": 0.739180973602549,
    "lower_bound": 0.739180973602548,
    "upper_bound": 0.739180973602548,
    "absolute_gap": 9.992007221626409e-16,
    "relative_gap": 1.3517673720588804e-15
  },
  "performance": {
    "solution_time_seconds": 150.50432991981506,
    "solver_status": "ok",
    "termination_condition": "optimal",
    "solver": "gams",
    "subsolver": "scip",
    "is_relaxation": false,
    "root_relaxation_value": 0.739180973602548,
    "root_relaxation_gap_percent": 1.3517673720588786e-13,
    "relaxation_gap_percent": null,
    "absolute_gap": null
  }
}