{
  "model_parameters": {
    "n_dimensions": 5,
    "n_clusters": 4,
    "n_points": 16,
    "coord_range_lower": -1,
    "coord_range_upper": 1
  },
  "solution": {
    "status": "optimal",
    "center_coordinates": {
      "cluster_1": {
        "dim_1": -0.217349805095207,
        "dim_2": 0.176592298688303,
        "dim_3": 0.124893349242133,
        "dim_4": -0.697663966276862,
        "dim_5": 0.627821435992845
      },
      "cluster_2": {
        "dim_1": -0.217349805095207,
        "dim_2": -0.487100185105506,
        "dim_3": 0.270048469564878,
        "dim_4": 0.483847017419681,
        "dim_5": -0.35771288870528
      },
      "cluster_3": {
        "dim_1": -0.217349805095207,
        "dim_2": 0.182644091788513,
        "dim_3": 0.506996686668497,
        "dim_4": -0.689718370732467,
        "dim_5": -0.673703269661344
      },
      "cluster_4": {
        "dim_1": 0.483718627029013,
        "dim_2": 0.775019203247985,
        "dim_3": -0.224098516656188,
        "dim_4": 0.423798301824332,
        "dim_5": -0.498206281128961
      }
    },
    "distances": {
      "1": 0.634937419073163,
      "2": 1.268349009369873,
      "3": 0.792268089378247,
      "4": 0.98064525537031,
      "5": 0.859867440753101,
      "6": 0.825741828931817,
      "7": 0.823957544828634,
      "8": 0.799712626344962,
      "9": 0.423458060031303,
      "10": 0.373850031466515,
      "11": 0.622066829870929,
      "12": 0.845028276263095,
      "13": 0.539119369429645,
      "14": 0.529023217215556,
      "15": 0.669120413172133,
      "16": 0.377170206786414
    },
    "objective_value": 11.364315618285698,
    "lower_bound": 0.067304436683968,
    "upper_bound": 11.364315618285696,
    "absolute_gap": 11.29701118160173,
    "relative_gap": 167.84942773754307
  },
  "performance": {
    "solution_time_seconds": 300.9629874229431,
    "solver_status": "ok",
    "termination_condition": "optimal",
    "solver": "gams",
    "subsolver": "scip",
    "is_relaxation": false,
    "root_relaxation_value": 0.0673044366839683,
    "root_relaxation_gap_percent": 99.40775635819483,
    "relaxation_gap_percent": null,
    "absolute_gap": null
  }
}