{
  "model_parameters": {
    "n_dimensions": 3,
    "n_clusters": 4,
    "n_points": 11,
    "coord_range_lower": -1,
    "coord_range_upper": 1
  },
  "solution": {
    "status": "optimal",
    "center_coordinates": {
      "cluster_1": {
        "dim_1": -0.225720911620043,
        "dim_2": 0.752681222822786,
        "dim_3": -0.615321524820987
      },
      "cluster_2": {
        "dim_1": 0.228949079334112,
        "dim_2": -0.859614061708087,
        "dim_3": 0.478827514409522
      },
      "cluster_3": {
        "dim_1": 0.589584449387198,
        "dim_2": 0.079119667841125,
        "dim_3": -0.244946088768114
      },
      "cluster_4": {
        "dim_1": 0.653814743185352,
        "dim_2": 0.567388264440192,
        "dim_3": 0.585518141057191
      }
    },
    "distances": {
      "1": 0.138062572869493,
      "2": 0.191916735469209,
      "3": 0.058395591172499,
      "4": 0.514841351277227,
      "5": 0.06920110287189,
      "6": 0.058395591172498,
      "7": 0.167801035042329,
      "8": 0.152214701165127,
      "9": 0.514841351277228,
      "10": 0.148924450822139,
      "11": 0.121179350564576
    },
    "objective_value": 2.135773833704215,
    "lower_bound": 2.135773732518393,
    "upper_bound": 2.135773833704216,
    "absolute_gap": 1.0118582194351688e-07,
    "relative_gap": 4.7376658118275404e-08
  },
  "performance": {
    "solution_time_seconds": 2.290491819381714,
    "solver_status": "ok",
    "termination_condition": "optimal",
    "solver": "gams",
    "subsolver": "baron",
    "is_relaxation": false,
    "root_relaxation_value": 0.0,
    "root_relaxation_gap_percent": 100.0,
    "relaxation_gap_percent": null,
    "absolute_gap": null
  }
}