{
  "model_parameters": {
    "n_dimensions": 4,
    "n_clusters": 3,
    "n_points": 17,
    "coord_range_lower": -1,
    "coord_range_upper": 1
  },
  "solution": {
    "status": "optimal",
    "center_coordinates": {
      "cluster_1": {
        "dim_1": -0.35600970678295,
        "dim_2": 0.004059784794282,
        "dim_3": -0.558607346134463,
        "dim_4": 0.439982989854182
      },
      "cluster_2": {
        "dim_1": -0.055255095002784,
        "dim_2": 0.388598808598873,
        "dim_3": 0.841796338963389,
        "dim_4": 0.084322209585117
      },
      "cluster_3": {
        "dim_1": 0.321647834233152,
        "dim_2": 0.160765272442413,
        "dim_3": -0.12880737064038,
        "dim_4": -0.19430808634442
      }
    },
    "distances": {
      "1": 0.591923558142231,
      "2": 0.801445184164717,
      "3": 1.003819397114808,
      "4": 0.669277554261359,
      "5": 0.508197597797348,
      "6": 0.190057216960605,
      "7": 0.102773142776686,
      "8": 0.09149005121852,
      "9": 0.672662675752703,
      "10": 0.613364410209598,
      "11": 0.141627010333288,
      "12": 0.668041156046676,
      "13": 0.421502118739293,
      "14": 0.63503898683063,
      "15": 0.570178848557141,
      "16": 0.309276027238858,
      "17": 0.269644887208536
    },
    "objective_value": 8.260319823352997,
    "lower_bound": 8.260319823352996,
    "absolute_gap": 1.7763568394002505e-15,
    "relative_gap": 2.1504698091449912e-16
  },
  "performance": {
    "solution_time_seconds": 28.335091590881348,
    "solver_status": "ok",
    "termination_condition": "optimal",
    "solver": "gams",
    "subsolver": "baron",
    "is_relaxation": false,
    "root_relaxation_value": 0.0,
    "root_relaxation_gap_percent": 100.0,
    "relaxation_gap_percent": null,
    "absolute_gap": null
  }
}