{
  "model_parameters": {
    "n_dimensions": 3,
    "n_clusters": 5,
    "n_points": 10,
    "coord_range_lower": -1,
    "coord_range_upper": 1
  },
  "solution": {
    "status": "optimal",
    "center_coordinates": {
      "cluster_1": {
        "dim_1": -0.749593693784339,
        "dim_2": 0.014456394416064,
        "dim_3": 0.299602690415356
      },
      "cluster_2": {
        "dim_1": -0.304344569722541,
        "dim_2": -0.072307497665599,
        "dim_3": -0.754078114006957
      },
      "cluster_3": {
        "dim_1": 0.255630929286641,
        "dim_2": -0.329542714400816,
        "dim_3": 0.706628316922975
      },
      "cluster_4": {
        "dim_1": 0.588711493734626,
        "dim_2": 0.53035781776773,
        "dim_3": -0.660111178595248
      },
      "cluster_5": {
        "dim_1": 0.68769263017659,
        "dim_2": -0.491337835325721,
        "dim_3": -0.002754420885596
      }
    },
    "distances": {
      "1": 0.242887228351905,
      "2": 0.088762170723724,
      "3": 0.216809524327117,
      "4": 0.124728358559582,
      "5": 0.0,
      "6": 0.114614064858353,
      "7": 0.124728358559582,
      "8": 0.088762171445048,
      "9": 0.166935730985647,
      "10": 0.114614065937812
    },
    "objective_value": 1.28284167374877,
    "lower_bound": 1.28284167374877,
    "absolute_gap": 0.0,
    "relative_gap": 0.0
  },
  "performance": {
    "solution_time_seconds": 435.62927293777466,
    "solver_status": "ok",
    "termination_condition": "optimal",
    "solver": "gams",
    "subsolver": "baron",
    "is_relaxation": false,
    "root_relaxation_value": 0.0,
    "root_relaxation_gap_percent": 100.0,
    "relaxation_gap_percent": null,
    "absolute_gap": null
  }
}