{
  "model_parameters": {
    "n_dimensions": 5,
    "n_clusters": 3,
    "n_points": 10,
    "coord_range_lower": -1,
    "coord_range_upper": 1
  },
  "solution": {
    "status": "optimal",
    "center_coordinates": {
      "cluster_1": {
        "dim_1": -0.796493205475461,
        "dim_2": -0.012273170056769,
        "dim_3": 0.562182267524354,
        "dim_4": -0.405335496271707,
        "dim_5": -0.04255316358168
      },
      "cluster_2": {
        "dim_1": -0.560277074985514,
        "dim_2": 0.494540440371856,
        "dim_3": 0.09996417405916,
        "dim_4": 0.486549993941685,
        "dim_5": 0.546803558633624
      },
      "cluster_3": {
        "dim_1": 0.091499058143119,
        "dim_2": -0.273240058800856,
        "dim_3": -0.542543097010681,
        "dim_4": 0.374774346279182,
        "dim_5": -0.693756320888938
      }
    },
    "distances": {
      "1": 0.729984504883465,
      "2": 0.859099051522444,
      "3": 0.535888630899844,
      "4": 1.216233870408168,
      "5": 0.302102848464716,
      "6": 0.155449717986401,
      "7": 1.390533349437312,
      "8": 1.2090741511692,
      "9": 0.533120490462721,
      "10": 0.830513650191716
    },
    "objective_value": 7.762000265425987,
    "lower_bound": 7.723359980229064,
    "absolute_gap": 0.03864028519692386,
    "relative_gap": 0.005003040813303881
  },
  "performance": {
    "solution_time_seconds": 1800.6820483207703,
    "solver_status": "ok",
    "termination_condition": "optimal",
    "solver": "gams",
    "subsolver": "gurobi",
    "is_relaxation": false,
    "root_relaxation_value": 0.0,
    "root_relaxation_gap_percent": 100.0,
    "relaxation_gap_percent": null,
    "absolute_gap": null
  }
}