{
  "model_parameters": {
    "n_dimensions": 3,
    "n_clusters": 3,
    "n_points": 16,
    "coord_range_lower": -1,
    "coord_range_upper": 1
  },
  "solution": {
    "status": "optimal",
    "center_coordinates": {
      "cluster_1": {
        "dim_1": -0.466903857357474,
        "dim_2": 0.124392546501248,
        "dim_3": 0.272239614411743
      },
      "cluster_2": {
        "dim_1": 0.433541791384252,
        "dim_2": 0.344053988337781,
        "dim_3": -0.539688974382112
      },
      "cluster_3": {
        "dim_1": 0.725190230173748,
        "dim_2": -0.856204270378623,
        "dim_3": 0.421566014893517
      }
    },
    "distances": {
      "1": 0.66592373533782,
      "2": 0.23084795474505,
      "3": 0.427215788670599,
      "4": 0.333699760430807,
      "5": 0.052225603929639,
      "6": 0.640647053560245,
      "7": 0.591125654701798,
      "8": 0.357841044894984,
      "9": 0.072654699307005,
      "10": 0.05228730039096,
      "11": 1.21992917310476,
      "12": 0.486005650726205,
      "13": 0.892794026475078,
      "14": 0.338358276537791,
      "15": 0.210211752590393,
      "16": 0.196380763851273
    },
    "objective_value": 6.768148239254407,
    "lower_bound": 6.768144186540414,
    "upper_bound": 6.768148239254407,
    "absolute_gap": 4.052713992841461e-06,
    "relative_gap": 5.987925022195834e-07
  },
  "performance": {
    "solution_time_seconds": 8.566271305084229,
    "solver_status": "ok",
    "termination_condition": "optimal",
    "solver": "gams",
    "subsolver": "gurobi",
    "is_relaxation": false,
    "root_relaxation_value": 0.0,
    "root_relaxation_gap_percent": 100.0,
    "relaxation_gap_percent": null,
    "absolute_gap": null
  }
}