{
  "model_parameters": {
    "n_dimensions": 4,
    "n_clusters": 5,
    "n_points": 14,
    "coord_range_lower": -1,
    "coord_range_upper": 1
  },
  "solution": {
    "status": "optimal",
    "center_coordinates": {
      "cluster_1": {
        "dim_1": -0.784898578297824,
        "dim_2": 0.272027443523134,
        "dim_3": -0.16327155361571,
        "dim_4": -0.338703515851577
      },
      "cluster_2": {
        "dim_1": -0.666114043675329,
        "dim_2": -0.719641777614485,
        "dim_3": -0.819306350461286,
        "dim_4": -0.277753575986744
      },
      "cluster_3": {
        "dim_1": -0.072063359169816,
        "dim_2": 0.721624915341919,
        "dim_3": 0.353422569201794,
        "dim_4": 0.392375406827007
      },
      "cluster_4": {
        "dim_1": 0.219783352432431,
        "dim_2": -0.632379848147675,
        "dim_3": 0.271021958106382,
        "dim_4": 0.672614396976122
      },
      "cluster_5": {
        "dim_1": 0.338384132810777,
        "dim_2": 0.225746744971007,
        "dim_3": 0.491674734806929,
        "dim_4": -0.646703633746196
      }
    },
    "distances": {
      "1": 0.214595035184358,
      "2": 0.12282434459797,
      "3": 0.284503499923438,
      "4": 0.226397396594255,
      "5": 0.533822889268194,
      "6": 0.062163432871074,
      "7": 0.349776987311225,
      "8": 0.061493275786958,
      "9": 0.252352033423031,
      "10": 0.34972138117732,
      "11": 0.062162804975246,
      "12": 0.133710951158655,
      "13": 0.120648390430494,
      "14": 0.45662707176578
    },
    "objective_value": 3.230799494467998,
    "lower_bound": 3.230799494467998,
    "absolute_gap": 0.0,
    "relative_gap": 0.0
  },
  "performance": {
    "solution_time_seconds": 93.19104218482971,
    "solver_status": "ok",
    "termination_condition": "optimal",
    "solver": "gams",
    "subsolver": "baron",
    "is_relaxation": false,
    "root_relaxation_value": 1.34887,
    "root_relaxation_gap_percent": 58.249652994262554,
    "relaxation_gap_percent": null,
    "absolute_gap": null
  }
}