{
  "model_parameters": {
    "n_dimensions": 4,
    "n_clusters": 3,
    "n_points": 15,
    "coord_range_lower": -1,
    "coord_range_upper": 1
  },
  "solution": {
    "status": "feasible",
    "center_coordinates": {
      "cluster_1": {
        "dim_1": -0.673645233955747,
        "dim_2": 0.6274083073915,
        "dim_3": -0.466230039541178,
        "dim_4": -0.00517668691741
      },
      "cluster_2": {
        "dim_1": 0.020323100188893,
        "dim_2": -0.430554378553332,
        "dim_3": 0.155384291530184,
        "dim_4": 0.281581513577801
      },
      "cluster_3": {
        "dim_1": 0.679870438209542,
        "dim_2": 0.297526696286906,
        "dim_3": 0.204965353699901,
        "dim_4": -0.370643296215612
      }
    },
    "distances": {
      "1": 0.258364013101805,
      "2": 0.647048775768584,
      "3": 0.598383524341042,
      "4": 0.364953382711482,
      "5": 1.267303382841672,
      "6": 0.343356125436001,
      "7": 0.694165394132084,
      "8": 0.704518996229965,
      "9": 0.479386085188143,
      "10": 0.388503043534108,
      "11": 0.492894972887546,
      "12": 0.543748472530583,
      "13": 0.299763670674065,
      "14": 0.635424520974783,
      "15": 0.522591188920775
    },
    "objective_value": 8.240405549272639,
    "lower_bound": 8.150906735268,
    "upper_bound": 8.240405549272639,
    "absolute_gap": 0.08949881400463866,
    "relative_gap": 0.010980227956404897
  },
  "performance": {
    "solution_time_seconds": 300.5508053302765,
    "solver_status": "ok",
    "termination_condition": "feasible",
    "solver": "gams",
    "subsolver": "gurobi",
    "is_relaxation": false,
    "root_relaxation_value": 0.0,
    "root_relaxation_gap_percent": 100.0,
    "relaxation_gap_percent": null,
    "absolute_gap": null
  }
}