{
  "model_parameters": {
    "n_dimensions": 4,
    "n_clusters": 5,
    "n_points": 16,
    "coord_range_lower": -1,
    "coord_range_upper": 1
  },
  "solution": {
    "status": "optimal",
    "center_coordinates": {
      "cluster_1": {
        "dim_1": -0.86572265625,
        "dim_2": -0.3153076171875,
        "dim_3": -0.156233121690466,
        "dim_4": -0.2991943359375
      },
      "cluster_2": {
        "dim_1": -0.2625732421875,
        "dim_2": 0.2398681640625,
        "dim_3": 0.5899658203125,
        "dim_4": 0.2471923828125
      },
      "cluster_3": {
        "dim_1": 0.2618408203125,
        "dim_2": 0.232151589999394,
        "dim_3": 0.3929443359375,
        "dim_4": -0.5518798828125
      },
      "cluster_4": {
        "dim_1": 0.2618408203125,
        "dim_2": -0.7196044921875,
        "dim_3": 0.84228515625,
        "dim_4": 0.7342529296875
      },
      "cluster_5": {
        "dim_1": 0.633531142450305,
        "dim_2": -0.54052734375,
        "dim_3": -0.47119140625,
        "dim_4": -0.644568649066362
      }
    },
    "distances": {
      "1": 0.748208415137972,
      "2": 0.663458907309644,
      "3": 0.099712584807616,
      "4": 0.619810747961173,
      "5": 0.440415663092098,
      "6": 0.187637974421043,
      "7": 0.061856734250483,
      "8": 0.418048304506209,
      "9": 0.487823401942974,
      "10": 0.354822082722197,
      "11": 0.366655500925295,
      "12": 0.496710961863329,
      "13": 1.023750015773167,
      "14": 0.23378077320752,
      "15": 0.345996012807339,
      "16": 0.383440846661194
    },
    "objective_value": 6.932128927389253,
    "lower_bound": 0.0,
    "upper_bound": 6.932128927389252,
    "absolute_gap": 6.932128927389253,
    "relative_gap": null
  },
  "performance": {
    "solution_time_seconds": 301.1883497238159,
    "solver_status": "ok",
    "termination_condition": "optimal",
    "solver": "gams",
    "subsolver": "scip",
    "is_relaxation": false,
    "root_relaxation_value": 0.0,
    "root_relaxation_gap_percent": 100.0,
    "relaxation_gap_percent": null,
    "absolute_gap": null
  }
}