{
  "model_parameters": {
    "n_dimensions": 2,
    "n_clusters": 3,
    "n_points": 12,
    "coord_range_lower": -1,
    "coord_range_upper": 1
  },
  "solution": {
    "status": "optimal",
    "center_coordinates": {
      "cluster_1": {
        "dim_1": -0.634976285394423,
        "dim_2": -0.662065300081816
      },
      "cluster_2": {
        "dim_1": -0.125534256248213,
        "dim_2": 0.659844612212715
      },
      "cluster_3": {
        "dim_1": 0.589765726904369,
        "dim_2": -0.38001877122003
      }
    },
    "distances": {
      "1": 0.128030832925317,
      "2": 0.124736982635174,
      "3": 0.098492438132939,
      "4": 0.175252360829342,
      "5": 0.342685479324786,
      "6": 0.307262606797011,
      "7": 0.116205444199673,
      "8": 0.064074917419202,
      "9": 0.312301436109692,
      "10": 0.053960927287468,
      "11": 0.138728415998014,
      "12": 0.33741528839568
    },
    "objective_value": 2.199147130054298,
    "lower_bound": 2.19914505351295,
    "upper_bound": 2.199147130054298,
    "absolute_gap": 2.0765413477619177e-06,
    "relative_gap": 9.44249377477314e-07
  },
  "performance": {
    "solution_time_seconds": 11.218373775482178,
    "solver_status": "ok",
    "termination_condition": "optimal",
    "solver": "gams",
    "subsolver": "gurobi",
    "is_relaxation": false,
    "root_relaxation_value": 0.0,
    "root_relaxation_gap_percent": 100.0,
    "relaxation_gap_percent": null,
    "absolute_gap": null
  }
}