{
  "model_parameters": {
    "n_dimensions": 2,
    "n_clusters": 3,
    "n_points": 12,
    "coord_range_lower": -1,
    "coord_range_upper": 1
  },
  "solution": {
    "status": "optimal",
    "center_coordinates": {
      "cluster_1": {
        "dim_1": -0.634817351732945,
        "dim_2": -0.662343011140954
      },
      "cluster_2": {
        "dim_1": -0.126031352546921,
        "dim_2": 0.659710416857067
      },
      "cluster_3": {
        "dim_1": 0.590131923967318,
        "dim_2": -0.379765020027885
      }
    },
    "distances": {
      "1": 0.128080437825119,
      "2": 0.124551273187479,
      "3": 0.098807302572459,
      "4": 0.175463362214367,
      "5": 0.342985647266648,
      "6": 0.306939046752804,
      "7": 0.116006371998844,
      "8": 0.064030656275029,
      "9": 0.312083090298256,
      "10": 0.053876216864262,
      "11": 0.138614354358686,
      "12": 0.33771721272294
    },
    "objective_value": 2.199154972336893,
    "lower_bound": 2.199154972336893,
    "upper_bound": 2.199154972336893,
    "absolute_gap": 0.0,
    "relative_gap": 0.0
  },
  "performance": {
    "solution_time_seconds": 26.152897119522095,
    "solver_status": "ok",
    "termination_condition": "optimal",
    "solver": "gams",
    "subsolver": "baron",
    "is_relaxation": false,
    "root_relaxation_value": 0.0,
    "root_relaxation_gap_percent": 100.0,
    "relaxation_gap_percent": null,
    "absolute_gap": null
  }
}