{
  "model_parameters": {
    "n_dimensions": 2,
    "n_clusters": 3,
    "n_points": 15,
    "coord_range_lower": -1,
    "coord_range_upper": 1
  },
  "solution": {
    "status": "optimal",
    "center_coordinates": {
      "cluster_1": {
        "dim_1": -0.60016669083187,
        "dim_2": 0.435004375110696
      },
      "cluster_2": {
        "dim_1": 0.022994245325646,
        "dim_2": -0.689096035099156
      },
      "cluster_3": {
        "dim_1": 0.178438786062023,
        "dim_2": 0.713896306334794
      }
    },
    "distances": {
      "1": 0.071042274708577,
      "2": 0.065617408933077,
      "3": 0.084199486689761,
      "4": 0.207780449354653,
      "5": 0.141762094085104,
      "6": 0.138297774012671,
      "7": 0.101403454110484,
      "8": 0.002115985048783,
      "9": 0.273466767288082,
      "10": 0.02938874139747,
      "11": 0.302452265239491,
      "12": 0.115688328410107,
      "13": 0.053705730143128,
      "14": 0.037288088897289,
      "15": 0.005259278786162
    },
    "objective_value": 1.629468127104839,
    "lower_bound": 1.629468127104817,
    "absolute_gap": 2.19824158875781e-14,
    "relative_gap": 1.3490546713936467e-14
  },
  "performance": {
    "solution_time_seconds": 31.57195210456848,
    "solver_status": "ok",
    "termination_condition": "optimal",
    "solver": "gams",
    "subsolver": "scip",
    "is_relaxation": false,
    "root_relaxation_value": 1.62946812710482,
    "root_relaxation_gap_percent": 1.1719060781803238e-12,
    "relaxation_gap_percent": null,
    "absolute_gap": null
  }
}