{
  "model_parameters": {
    "n_dimensions": 2,
    "n_clusters": 3,
    "n_points": 14,
    "coord_range_lower": -1,
    "coord_range_upper": 1
  },
  "solution": {
    "status": "optimal",
    "center_coordinates": {
      "cluster_1": {
        "dim_1": -0.50537392286939,
        "dim_2": 0.45097185341484
      },
      "cluster_2": {
        "dim_1": -0.218723220974928,
        "dim_2": -0.324011214014448
      },
      "cluster_3": {
        "dim_1": 0.656032029683993,
        "dim_2": 0.390755451421233
      }
    },
    "distances": {
      "1": 0.237511025552239,
      "2": 0.202427311740644,
      "3": 0.000352158014273,
      "4": 0.134211413451548,
      "5": 0.354065042977658,
      "6": 0.053799832894594,
      "7": 0.085059500636187,
      "8": 0.007458339218714,
      "9": 0.305062381759584,
      "10": 0.031539669074403,
      "11": 0.203268127992263,
      "12": 0.172891805615893,
      "13": 0.055577144255306,
      "14": 0.068707470048729
    },
    "objective_value": 1.911931223232035,
    "lower_bound": 1.911931223232034,
    "absolute_gap": 8.881784197001252e-16,
    "relative_gap": 4.645451723931258e-16
  },
  "performance": {
    "solution_time_seconds": 6.411097764968872,
    "solver_status": "ok",
    "termination_condition": "optimal",
    "solver": "gams",
    "subsolver": "baron",
    "is_relaxation": false,
    "root_relaxation_value": 0.0,
    "root_relaxation_gap_percent": 100.0,
    "relaxation_gap_percent": null,
    "absolute_gap": null
  }
}