{
  "model_parameters": {
    "n_dimensions": 3,
    "n_clusters": 3,
    "n_points": 12,
    "coord_range_lower": -1,
    "coord_range_upper": 1
  },
  "solution": {
    "status": "optimal",
    "center_coordinates": {
      "cluster_1": {
        "dim_1": -0.76149915643539,
        "dim_2": 0.674586232375917,
        "dim_3": 0.330209280348685
      },
      "cluster_2": {
        "dim_1": -0.399756281091524,
        "dim_2": 0.044311754669707,
        "dim_3": -0.644120575086628
      },
      "cluster_3": {
        "dim_1": 0.545879742774557,
        "dim_2": 0.313286720288653,
        "dim_3": 0.184031633817311
      }
    },
    "distances": {
      "1": 0.32999583587797,
      "2": 0.229716569035336,
      "3": 0.387576044274337,
      "4": 0.166580958248075,
      "5": 0.521501553302707,
      "6": 0.309076921807735,
      "7": 0.170414412330056,
      "8": 0.082162296897427,
      "9": 0.693163301067708,
      "10": 0.61068656409291,
      "11": 9.3124996e-08,
      "12": 0.115640607289061
    },
    "objective_value": 3.616515157348318,
    "lower_bound": 3.616513859725678,
    "absolute_gap": 1.297622640006324e-06,
    "relative_gap": 3.5880482982712863e-07
  },
  "performance": {
    "solution_time_seconds": 10.625345945358276,
    "solver_status": "ok",
    "termination_condition": "optimal",
    "solver": "gams",
    "subsolver": "gurobi",
    "is_relaxation": false,
    "root_relaxation_value": 0.0,
    "root_relaxation_gap_percent": 100.0,
    "relaxation_gap_percent": null,
    "absolute_gap": null
  }
}