{
  "model_parameters": {
    "n_dimensions": 5,
    "n_clusters": 4,
    "n_points": 17,
    "coord_range_lower": -1,
    "coord_range_upper": 1
  },
  "solution": {
    "status": "optimal",
    "center_coordinates": {
      "cluster_1": {
        "dim_1": -0.46317573041717,
        "dim_2": 0.386470809940794,
        "dim_3": -0.559652571284629,
        "dim_4": 0.408872528152447,
        "dim_5": -0.025014254308539
      },
      "cluster_2": {
        "dim_1": -0.463175696665737,
        "dim_2": -0.637017636166953,
        "dim_3": -0.256359757772076,
        "dim_4": -0.796358464947347,
        "dim_5": 0.350120866371677
      },
      "cluster_3": {
        "dim_1": -0.053482707835543,
        "dim_2": -0.661917559698252,
        "dim_3": 0.026429016167187,
        "dim_4": 0.571992772370735,
        "dim_5": -0.158833087915753
      },
      "cluster_4": {
        "dim_1": -0.053482707046565,
        "dim_2": 0.396879305298324,
        "dim_3": 0.501928926514775,
        "dim_4": -0.173255438921034,
        "dim_5": -0.203721928084116
      }
    },
    "distances": {
      "1": 0.666690765736248,
      "2": 0.359451983519839,
      "3": 0.733459137633002,
      "4": 0.726543582602543,
      "5": 0.510680151189075,
      "6": 0.6489154213583,
      "7": 0.527966514727232,
      "8": 1.21656527660072,
      "9": 1.236098394855242,
      "10": 0.661122291716045,
      "11": 0.744847732425634,
      "12": 1.480005354530766,
      "13": 0.888673640051053,
      "14": 0.817159628740834,
      "15": 0.451314395727282,
      "16": 0.826554268208813,
      "17": 0.791837180375455
    },
    "objective_value": 13.287885719998084,
    "lower_bound": 3.390666750350226,
    "upper_bound": 13.287885719998085,
    "absolute_gap": 9.897218969647858,
    "relative_gap": 2.9189595139733395
  },
  "performance": {
    "solution_time_seconds": 301.5624260902405,
    "solver_status": "ok",
    "termination_condition": "optimal",
    "solver": "gams",
    "subsolver": "baron",
    "is_relaxation": false,
    "root_relaxation_value": 1.07397,
    "root_relaxation_gap_percent": 91.91767582420061,
    "relaxation_gap_percent": null,
    "absolute_gap": null
  }
}