{
  "model_parameters": {
    "n_dimensions": 2,
    "n_clusters": 5,
    "n_points": 15,
    "coord_range_lower": -1,
    "coord_range_upper": 1
  },
  "solution": {
    "status": "optimal",
    "center_coordinates": {
      "cluster_1": {
        "dim_1": -0.580299585109014,
        "dim_2": -0.475964618092563
      },
      "cluster_2": {
        "dim_1": -0.549999480517744,
        "dim_2": 0.346767134991362
      },
      "cluster_3": {
        "dim_1": -0.005182151805858,
        "dim_2": 0.37670371035663
      },
      "cluster_4": {
        "dim_1": 0.16784606517553,
        "dim_2": -0.442878059731994
      },
      "cluster_5": {
        "dim_1": 0.735967800456172,
        "dim_2": -0.152845917390306
      }
    },
    "distances": {
      "1": 0.041648274788752,
      "2": 0.000398509372241,
      "3": 0.058512123432617,
      "4": 0.042790331817946,
      "5": 0.031851548231886,
      "6": 0.058714338640456,
      "7": 0.04166904653886,
      "8": 0.0691358099795,
      "9": 0.05240931477621,
      "10": 0.122935539653856,
      "11": 0.068940988609164,
      "12": 0.052865054705773,
      "13": 0.032898989804398,
      "14": 0.059021693759026,
      "15": 0.005391447781932
    },
    "objective_value": 0.739183011892617,
    "lower_bound": 0.739183011892611,
    "upper_bound": 0.739183011892615,
    "absolute_gap": 5.995204332975845e-15,
    "relative_gap": 8.110581867439931e-15
  },
  "performance": {
    "solution_time_seconds": 76.80921244621277,
    "solver_status": "ok",
    "termination_condition": "optimal",
    "solver": "gams",
    "subsolver": "scip",
    "is_relaxation": false,
    "root_relaxation_value": 0.739183011892611,
    "root_relaxation_gap_percent": 8.110581867439864e-13,
    "relaxation_gap_percent": null,
    "absolute_gap": null
  }
}