{
  "model_parameters": {
    "n_dimensions": 5,
    "n_clusters": 3,
    "n_points": 10,
    "coord_range_lower": -1,
    "coord_range_upper": 1
  },
  "solution": {
    "status": "optimal",
    "center_coordinates": {
      "cluster_1": {
        "dim_1": -0.609186025133786,
        "dim_2": -0.945612233188852,
        "dim_3": -0.352947866412676,
        "dim_4": -0.209700867399732,
        "dim_5": 0.068458983648525
      },
      "cluster_2": {
        "dim_1": 0.213723124267005,
        "dim_2": -0.165082492698533,
        "dim_3": 0.013027197471836,
        "dim_4": 0.103979102418841,
        "dim_5": -0.599781370362101
      },
      "cluster_3": {
        "dim_1": 0.213723115356089,
        "dim_2": 0.165686013724297,
        "dim_3": -0.475580222179228,
        "dim_4": 0.296055826726041,
        "dim_5": 0.500497309686785
      }
    },
    "distances": {
      "1": 0.733350542513576,
      "2": 0.725103666834067,
      "3": 0.815651101519909,
      "4": 0.360270085678299,
      "5": 0.369372979639828,
      "6": 0.262305983849126,
      "7": 1.057315894470363,
      "8": 0.360270078861805,
      "9": 0.611627791735575,
      "10": 1.207073106253053
    },
    "objective_value": 6.502341231355601,
    "lower_bound": 4.529036240843742,
    "absolute_gap": 1.973304990511859,
    "relative_gap": 0.4357008611934268
  },
  "performance": {
    "solution_time_seconds": 1801.7504103183746,
    "solver_status": "ok",
    "termination_condition": "optimal",
    "solver": "gams",
    "subsolver": "scip",
    "is_relaxation": false,
    "root_relaxation_value": 4.52903624084374,
    "root_relaxation_gap_percent": 30.347607427862844,
    "relaxation_gap_percent": null,
    "absolute_gap": null
  }
}