{
  "model_parameters": {
    "n_dimensions": 2,
    "n_clusters": 3,
    "n_points": 11,
    "coord_range_lower": -1,
    "coord_range_upper": 1
  },
  "solution": {
    "status": "optimal",
    "center_coordinates": {
      "cluster_1": {
        "dim_1": -0.856785045484735,
        "dim_2": 0.286686713453173
      },
      "cluster_2": {
        "dim_1": 0.12338122223763,
        "dim_2": 0.346376427063902
      },
      "cluster_3": {
        "dim_1": 0.759928111946945,
        "dim_2": -0.78796396805408
      }
    },
    "distances": {
      "1": 0.107930348857539,
      "2": 0.093142878681084,
      "3": 0.123356757231466,
      "4": 0.201678491864084,
      "5": 0.017720513842589,
      "6": 0.046258049595834,
      "7": 0.0,
      "8": 0.001073813286849,
      "9": 0.10952880292897,
      "10": 0.012818976038637,
      "11": 0.170258966649385
    },
    "objective_value": 0.883767598976437,
    "lower_bound": 0.883767598976438,
    "absolute_gap": -9.992007221626409e-16,
    "relative_gap": -1.1306147943417425e-15
  },
  "performance": {
    "solution_time_seconds": 1.6366608142852783,
    "solver_status": "ok",
    "termination_condition": "optimal",
    "solver": "gams",
    "subsolver": "baron",
    "is_relaxation": false,
    "root_relaxation_value": 0.0,
    "root_relaxation_gap_percent": 100.0,
    "relaxation_gap_percent": null,
    "absolute_gap": null
  }
}