{
  "model_parameters": {
    "n_dimensions": 3,
    "n_clusters": 3,
    "n_points": 10,
    "coord_range_lower": -1,
    "coord_range_upper": 1
  },
  "solution": {
    "status": "optimal",
    "center_coordinates": {
      "cluster_1": {
        "dim_1": -0.658643395642428,
        "dim_2": 0.1586342260057,
        "dim_3": -0.422515425628009
      },
      "cluster_2": {
        "dim_1": 0.482446030921422,
        "dim_2": -0.371984988133092,
        "dim_3": -0.649730438881565
      },
      "cluster_3": {
        "dim_1": 0.690284211123526,
        "dim_2": 0.162241689266043,
        "dim_3": 0.642963571262692
      }
    },
    "distances": {
      "1": 0.395667754714623,
      "2": 0.25132309042327,
      "3": 0.395667754714624,
      "4": 0.292447384997964,
      "5": 0.18267794088179,
      "6": 0.190720250041157,
      "7": 0.847333477768363,
      "8": 0.319105744324625,
      "9": 0.079798175916576,
      "10": 0.271749243840381
    },
    "objective_value": 3.226490817623373,
    "lower_bound": 3.226490817623372,
    "absolute_gap": 8.881784197001252e-16,
    "relative_gap": 2.752769091574096e-16
  },
  "performance": {
    "solution_time_seconds": 31.85244345664978,
    "solver_status": "ok",
    "termination_condition": "optimal",
    "solver": "gams",
    "subsolver": "baron",
    "is_relaxation": false,
    "root_relaxation_value": 0.0,
    "root_relaxation_gap_percent": 100.0,
    "relaxation_gap_percent": null,
    "absolute_gap": null
  }
}