{
  "model_parameters": {
    "n_dimensions": 4,
    "n_clusters": 5,
    "n_points": 15,
    "coord_range_lower": -1,
    "coord_range_upper": 1
  },
  "solution": {
    "status": "optimal",
    "center_coordinates": {
      "cluster_1": {
        "dim_1": -0.642149673427627,
        "dim_2": 0.413433488561714,
        "dim_3": 0.450716699434417,
        "dim_4": -0.040901850298555
      },
      "cluster_2": {
        "dim_1": -0.642149683415277,
        "dim_2": 0.872653991925143,
        "dim_3": -0.960555385025797,
        "dim_4": -0.552343877933376
      },
      "cluster_3": {
        "dim_1": -0.642149693395936,
        "dim_2": -0.345983834558836,
        "dim_3": -0.314789095098827,
        "dim_4": 0.689623529914916
      },
      "cluster_4": {
        "dim_1": 0.32162964607407,
        "dim_2": 0.030618260557485,
        "dim_3": 0.791185249222158,
        "dim_4": 0.378836572970989
      },
      "cluster_5": {
        "dim_1": 0.484705663002751,
        "dim_2": -0.038191256560782,
        "dim_3": -0.469803368455244,
        "dim_4": -0.290052267343294
      }
    },
    "distances": {
      "1": 0.28009653332284,
      "2": 0.021413450894972,
      "3": 0.294768080153443,
      "4": 0.252968888203532,
      "5": 0.187910138583804,
      "6": 0.072285649541185,
      "7": 0.390343397577093,
      "8": 0.333920554737013,
      "9": 1.014192576720877,
      "10": 0.548287289806172,
      "11": 0.766080479438479,
      "12": 0.221579894425054,
      "13": 0.52698179550949,
      "14": 0.801631719316343,
      "15": 0.141130580967881
    },
    "objective_value": 5.853591029198178,
    "lower_bound": 0.66260452726473,
    "upper_bound": 5.853591029198181,
    "absolute_gap": 5.190986501933448,
    "relative_gap": 7.834215264664946
  },
  "performance": {
    "solution_time_seconds": 301.1108994483948,
    "solver_status": "ok",
    "termination_condition": "optimal",
    "solver": "gams",
    "subsolver": "scip",
    "is_relaxation": false,
    "root_relaxation_value": 0.66260452726473,
    "root_relaxation_gap_percent": 88.68037544885514,
    "relaxation_gap_percent": null,
    "absolute_gap": null
  }
}