{
  "model_parameters": {
    "n_dimensions": 4,
    "n_clusters": 3,
    "n_points": 12,
    "coord_range_lower": -1,
    "coord_range_upper": 1
  },
  "solution": {
    "status": "optimal",
    "center_coordinates": {
      "cluster_1": {
        "dim_1": -0.020188985527358,
        "dim_2": 0.732781925986104,
        "dim_3": 0.06549339451834,
        "dim_4": -0.380791718288263
      },
      "cluster_2": {
        "dim_1": 0.240816476211203,
        "dim_2": -0.852580012984395,
        "dim_3": 0.44904129681977,
        "dim_4": -0.368334219771585
      },
      "cluster_3": {
        "dim_1": 0.324262936804462,
        "dim_2": -0.088455544249719,
        "dim_3": -0.670621633529666,
        "dim_4": 0.496603400168527
      }
    },
    "distances": {
      "1": 0.074672035262713,
      "2": 0.54856788984816,
      "3": 0.381039837392533,
      "4": 0.150236845843427,
      "5": 1.566274430104904,
      "6": 0.56109816920504,
      "7": 0.692699606021263,
      "8": 0.935771232346296,
      "9": 0.169563728556111,
      "10": 0.771296232701634,
      "11": 0.424194440757198,
      "12": 0.625391043659572
    },
    "objective_value": 6.900805491698851,
    "lower_bound": 6.900805491698851,
    "upper_bound": 6.900805491698851,
    "absolute_gap": 0.0,
    "relative_gap": 0.0
  },
  "performance": {
    "solution_time_seconds": 67.6381413936615,
    "solver_status": "ok",
    "termination_condition": "optimal",
    "solver": "gams",
    "subsolver": "scip",
    "is_relaxation": false,
    "root_relaxation_value": 6.90080549169885,
    "root_relaxation_gap_percent": 1.2870648517314929e-14,
    "relaxation_gap_percent": null,
    "absolute_gap": null
  }
}