{
  "model_parameters": {
    "n_dimensions": 3,
    "n_clusters": 4,
    "n_points": 12,
    "coord_range_lower": -1,
    "coord_range_upper": 1
  },
  "solution": {
    "status": "optimal",
    "center_coordinates": {
      "cluster_1": {
        "dim_1": -0.559488646216757,
        "dim_2": 0.17534821293461,
        "dim_3": 0.354677241579052
      },
      "cluster_2": {
        "dim_1": -0.103796302958871,
        "dim_2": 0.831165830459053,
        "dim_3": -0.450153088575243
      },
      "cluster_3": {
        "dim_1": 0.477114505852206,
        "dim_2": -0.451195510542365,
        "dim_3": -0.457730323284413
      },
      "cluster_4": {
        "dim_1": 0.620779008467401,
        "dim_2": -0.092357740229921,
        "dim_3": 0.895775452772598
      }
    },
    "distances": {
      "1": 0.0201196851639,
      "2": 0.367136800071677,
      "3": 0.293548776028564,
      "4": 0.179934067688287,
      "5": 0.136758806647674,
      "6": 0.05736052593273,
      "7": 0.238087795473951,
      "8": 0.08990107635665,
      "9": 0.057259150231174,
      "10": 0.192196572409681,
      "11": 0.468380667399491,
      "12": 0.057259150254036
    },
    "objective_value": 2.157943073657815,
    "lower_bound": 2.15794239746727,
    "upper_bound": 2.157943073657813,
    "absolute_gap": 6.761905448904315e-07,
    "relative_gap": 3.133496731349556e-07
  },
  "performance": {
    "solution_time_seconds": 16.255931854248047,
    "solver_status": "ok",
    "termination_condition": "optimal",
    "solver": "gams",
    "subsolver": "baron",
    "is_relaxation": false,
    "root_relaxation_value": 0.0,
    "root_relaxation_gap_percent": 100.0,
    "relaxation_gap_percent": null,
    "absolute_gap": null
  }
}