{
  "model_parameters": {
    "n_dimensions": 3,
    "n_clusters": 5,
    "n_points": 11,
    "coord_range_lower": -1,
    "coord_range_upper": 1
  },
  "solution": {
    "status": "optimal",
    "center_coordinates": {
      "cluster_1": {
        "dim_1": -0.86067085036995,
        "dim_2": 0.964356519811435,
        "dim_3": 0.917338034717138
      },
      "cluster_2": {
        "dim_1": -0.381337801452917,
        "dim_2": 0.53993582250275,
        "dim_3": -0.787991159730545
      },
      "cluster_3": {
        "dim_1": -0.067966035811476,
        "dim_2": -0.457344089430254,
        "dim_3": -0.753550200975977
      },
      "cluster_4": {
        "dim_1": 0.676044495799227,
        "dim_2": -0.55436884447336,
        "dim_3": 0.026044179085443
      },
      "cluster_5": {
        "dim_1": 0.679017381283291,
        "dim_2": 0.585938755871604,
        "dim_3": -0.118524398676891
      }
    },
    "distances": {
      "1": 0.333337675335946,
      "2": 0.047703429114263,
      "3": 0.325568664673988,
      "4": 0.022092564835621,
      "5": 0.350675878067953,
      "6": 0.085582234539462,
      "7": 0.0,
      "8": 0.251785054531186,
      "9": 0.250584479701384,
      "10": 0.345414425356589,
      "11": 0.085665345543316
    },
    "objective_value": 2.098409751699708,
    "lower_bound": 2.098405413251077,
    "absolute_gap": 4.338448631013847e-06,
    "relative_gap": 2.0674978265006723e-06
  },
  "performance": {
    "solution_time_seconds": 1801.4708228111267,
    "solver_status": "ok",
    "termination_condition": "optimal",
    "solver": "gams",
    "subsolver": "scip",
    "is_relaxation": false,
    "root_relaxation_value": 2.09840541325108,
    "root_relaxation_gap_percent": 0.00020674935504808283,
    "relaxation_gap_percent": null,
    "absolute_gap": null
  }
}