{
  "model_parameters": {
    "n_dimensions": 2,
    "n_clusters": 5,
    "n_points": 13,
    "coord_range_lower": -1,
    "coord_range_upper": 1
  },
  "solution": {
    "status": "optimal",
    "center_coordinates": {
      "cluster_1": {
        "dim_1": -0.802684097289601,
        "dim_2": 0.789268439393552
      },
      "cluster_2": {
        "dim_1": -0.673167746169534,
        "dim_2": -0.294088185011261
      },
      "cluster_3": {
        "dim_1": 0.030406011408362,
        "dim_2": -0.6633859833663
      },
      "cluster_4": {
        "dim_1": 0.601812790394553,
        "dim_2": -0.170710711331972
      },
      "cluster_5": {
        "dim_1": 0.768059661470617,
        "dim_2": 0.743583570197342
      }
    },
    "distances": {
      "1": 0.013976989604445,
      "2": 0.017859890038598,
      "3": 0.228927090599224,
      "4": 0.03782487573248,
      "5": 0.037967063241221,
      "6": 0.014010850890406,
      "7": 0.014251373198306,
      "8": 0.023947457814798,
      "9": 0.053739092044394,
      "10": 0.095643516164039,
      "11": 0.027084616289531,
      "12": 0.051624918957729,
      "13": 0.05158245503387
    },
    "objective_value": 0.668440189609041,
    "lower_bound": 0.668440189609031,
    "absolute_gap": 9.992007221626409e-15,
    "relative_gap": 1.4948244251248133e-14
  },
  "performance": {
    "solution_time_seconds": 20.362764835357666,
    "solver_status": "ok",
    "termination_condition": "optimal",
    "solver": "gams",
    "subsolver": "scip",
    "is_relaxation": false,
    "root_relaxation_value": 0.668440189609031,
    "root_relaxation_gap_percent": 1.494824425124791e-12,
    "relaxation_gap_percent": null,
    "absolute_gap": null
  }
}