{
  "model_parameters": {
    "n_dimensions": 4,
    "n_clusters": 3,
    "n_points": 13,
    "coord_range_lower": -1,
    "coord_range_upper": 1
  },
  "solution": {
    "status": "optimal",
    "center_coordinates": {
      "cluster_1": {
        "dim_1": -0.297696775293634,
        "dim_2": -0.516210110424469,
        "dim_3": -0.150400549323551,
        "dim_4": 0.596229213009663
      },
      "cluster_2": {
        "dim_1": 0.22080843267467,
        "dim_2": -0.123743886044616,
        "dim_3": -0.674588338351706,
        "dim_4": -0.569527770767532
      },
      "cluster_3": {
        "dim_1": 0.664038100202155,
        "dim_2": -0.294811276030899,
        "dim_3": 0.410497653925148,
        "dim_4": -0.215517299756719
      }
    },
    "distances": {
      "1": 0.855582959143706,
      "2": 0.36938038945744,
      "3": 1.070867871879518,
      "4": 0.476700026081155,
      "5": 0.686652602344049,
      "6": 0.231946427119543,
      "7": 0.328801309488148,
      "8": 0.667184995819208,
      "9": 0.52262225272562,
      "10": 0.176015093687226,
      "11": 0.812920339677153,
      "12": 0.251747086293611,
      "13": 0.289611415452325
    },
    "objective_value": 6.740032769168702,
    "lower_bound": 6.740031776528642,
    "absolute_gap": 9.926400599269414e-07,
    "relative_gap": 1.4727527893617536e-07
  },
  "performance": {
    "solution_time_seconds": 18.283124446868896,
    "solver_status": "ok",
    "termination_condition": "optimal",
    "solver": "gams",
    "subsolver": "gurobi",
    "is_relaxation": false,
    "root_relaxation_value": 0.0,
    "root_relaxation_gap_percent": 100.0,
    "relaxation_gap_percent": null,
    "absolute_gap": null
  }
}