{
  "model_parameters": {
    "n_dimensions": 5,
    "n_clusters": 4,
    "n_points": 14,
    "coord_range_lower": -1,
    "coord_range_upper": 1
  },
  "solution": {
    "status": "optimal",
    "center_coordinates": {
      "cluster_1": {
        "dim_1": -0.413693826210907,
        "dim_2": 0.340998301481842,
        "dim_3": 0.753346307265836,
        "dim_4": 0.312692356180799,
        "dim_5": 0.511974978038752
      },
      "cluster_2": {
        "dim_1": 0.286990667045472,
        "dim_2": 0.295819489431186,
        "dim_3": 0.559550925878248,
        "dim_4": -0.536951255196756,
        "dim_5": 0.06976460630685
      },
      "cluster_3": {
        "dim_1": 0.426837807130022,
        "dim_2": 0.293676295764027,
        "dim_3": -0.97235968233741,
        "dim_4": 0.281172508749551,
        "dim_5": 0.752569602185585
      },
      "cluster_4": {
        "dim_1": 0.464395707250359,
        "dim_2": -0.280303043558708,
        "dim_3": 0.046475485214735,
        "dim_4": 0.643462695498593,
        "dim_5": -0.482038692619421
      }
    },
    "distances": {
      "1": 0.107600742287723,
      "2": 0.431384693565479,
      "3": 0.86735212938112,
      "4": 0.431384834227247,
      "5": 0.673960716241739,
      "6": 0.346705401929814,
      "7": 0.576155123572106,
      "8": 1.711744243176747,
      "9": 0.854246250378738,
      "10": 0.107600739886979,
      "11": 1.081346940266354,
      "12": 0.93968960492962,
      "13": 1.016209041221348,
      "14": 0.206629337151873
    },
    "objective_value": 9.352009798216887,
    "lower_bound": 9.352009798216887,
    "absolute_gap": 0.0,
    "relative_gap": 0.0
  },
  "performance": {
    "solution_time_seconds": 92.56429982185364,
    "solver_status": "ok",
    "termination_condition": "optimal",
    "solver": "gams",
    "subsolver": "baron",
    "is_relaxation": false,
    "root_relaxation_value": 0.0648338,
    "root_relaxation_gap_percent": 99.3067393918646,
    "relaxation_gap_percent": null,
    "absolute_gap": null
  }
}