{
  "model_parameters": {
    "n_dimensions": 3,
    "n_clusters": 4,
    "n_points": 10,
    "coord_range_lower": -1,
    "coord_range_upper": 1
  },
  "solution": {
    "status": "optimal",
    "center_coordinates": {
      "cluster_1": {
        "dim_1": -0.600737582550659,
        "dim_2": -0.490036649120322,
        "dim_3": -0.372872454459579
      },
      "cluster_2": {
        "dim_1": -0.558026605836136,
        "dim_2": 0.559127947210496,
        "dim_3": -0.276304478748806
      },
      "cluster_3": {
        "dim_1": 0.407360205377595,
        "dim_2": 0.232868261274451,
        "dim_3": 0.329984979306005
      },
      "cluster_4": {
        "dim_1": 0.541736009635259,
        "dim_2": 0.439016151271497,
        "dim_3": -0.969190542348288
      }
    },
    "distances": {
      "1": 0.155344422694205,
      "2": 0.334927566690337,
      "3": 0.011821313195663,
      "4": 0.181907820995937,
      "5": 0.206163345931755,
      "6": 0.01981602732841,
      "7": 0.047543450366062,
      "8": 0.206435979375251,
      "9": 0.145124336308956,
      "10": 0.0
    },
    "objective_value": 1.309084262886576,
    "lower_bound": 1.309082956604899,
    "absolute_gap": 1.3062816770492702e-06,
    "relative_gap": 9.97860120673411e-07
  },
  "performance": {
    "solution_time_seconds": 501.5424430370331,
    "solver_status": "ok",
    "termination_condition": "optimal",
    "solver": "gams",
    "subsolver": "gurobi",
    "is_relaxation": false,
    "root_relaxation_value": 0.0,
    "root_relaxation_gap_percent": 100.0,
    "relaxation_gap_percent": null,
    "absolute_gap": null
  }
}