{
  "model_parameters": {
    "n_dimensions": 3,
    "n_clusters": 3,
    "n_points": 10,
    "coord_range_lower": -1,
    "coord_range_upper": 1
  },
  "solution": {
    "status": "optimal",
    "center_coordinates": {
      "cluster_1": {
        "dim_1": -0.658607735419273,
        "dim_2": 0.158548025158359,
        "dim_3": -0.422390043892822
      },
      "cluster_2": {
        "dim_1": 0.48275387278044,
        "dim_2": -0.372304752080948,
        "dim_3": -0.649726143024925
      },
      "cluster_3": {
        "dim_1": 0.690405130640023,
        "dim_2": 0.161992386352626,
        "dim_3": 0.642809572550948
      }
    },
    "distances": {
      "1": 0.395353113937981,
      "2": 0.25109721219464,
      "3": 0.395981791070576,
      "4": 0.292562506284825,
      "5": 0.182886620680762,
      "6": 0.190834217912559,
      "7": 0.847108758460725,
      "8": 0.319100471917648,
      "9": 0.079874910768588,
      "10": 0.271688704384904
    },
    "objective_value": 3.226488307613208,
    "lower_bound": 3.226488307613207,
    "upper_bound": 3.226488307613207,
    "absolute_gap": 8.881784197001252e-16,
    "relative_gap": 2.7527712330597434e-16
  },
  "performance": {
    "solution_time_seconds": 6.8669373989105225,
    "solver_status": "ok",
    "termination_condition": "optimal",
    "solver": "gams",
    "subsolver": "scip",
    "is_relaxation": false,
    "root_relaxation_value": 3.22648830761321,
    "root_relaxation_gap_percent": 5.505542466119485e-14,
    "relaxation_gap_percent": null,
    "absolute_gap": null
  }
}