{
  "model_parameters": {
    "n_dimensions": 2,
    "n_clusters": 3,
    "n_points": 15,
    "coord_range_lower": -1,
    "coord_range_upper": 1
  },
  "solution": {
    "status": "optimal",
    "center_coordinates": {
      "cluster_1": {
        "dim_1": -0.600445345481622,
        "dim_2": 0.434482760683851
      },
      "cluster_2": {
        "dim_1": 0.023014676730954,
        "dim_2": -0.690057377833134
      },
      "cluster_3": {
        "dim_1": 0.178830580370892,
        "dim_2": 0.713905482497796
      }
    },
    "distances": {
      "1": 0.07093699795861,
      "2": 0.065896686843308,
      "3": 0.084536297652664,
      "4": 0.207659722958129,
      "5": 0.141968343975636,
      "6": 0.138238989516509,
      "7": 0.101139166594854,
      "8": 0.002188943203048,
      "9": 0.273631048513153,
      "10": 0.029498285432246,
      "11": 0.301956763485259,
      "12": 0.116061643510057,
      "13": 0.053540352930538,
      "14": 0.036936696237961,
      "15": 0.005277107186584
    },
    "objective_value": 1.629467045998556,
    "lower_bound": 1.62946541746152,
    "upper_bound": 1.629467045998554,
    "absolute_gap": 1.628537036113542e-06,
    "relative_gap": 9.994302540342192e-07
  },
  "performance": {
    "solution_time_seconds": 11.067278146743774,
    "solver_status": "ok",
    "termination_condition": "optimal",
    "solver": "gams",
    "subsolver": "gurobi",
    "is_relaxation": false,
    "root_relaxation_value": 0.0,
    "root_relaxation_gap_percent": 100.0,
    "relaxation_gap_percent": null,
    "absolute_gap": null
  }
}