{
  "model_parameters": {
    "n_dimensions": 5,
    "n_clusters": 4,
    "n_points": 14,
    "coord_range_lower": -1,
    "coord_range_upper": 1
  },
  "solution": {
    "status": "optimal",
    "center_coordinates": {
      "cluster_1": {
        "dim_1": 0.182803992723831,
        "dim_2": -0.357834629096772,
        "dim_3": 0.065670197530921,
        "dim_4": 0.586425965149158,
        "dim_5": -0.608482147284341
      },
      "cluster_2": {
        "dim_1": 0.182803982729118,
        "dim_2": 0.293676294711386,
        "dim_3": -0.972359705802759,
        "dim_4": 0.281172509533074,
        "dim_5": 0.752569599076385
      },
      "cluster_3": {
        "dim_1": 0.182803972732606,
        "dim_2": 0.286556208530088,
        "dim_3": 0.532536068386985,
        "dim_4": 0.704827259112862,
        "dim_5": 0.460001598759484
      },
      "cluster_4": {
        "dim_1": 0.182803962739125,
        "dim_2": 0.305587447645333,
        "dim_3": 0.650948021431059,
        "dim_4": -0.571265060723536,
        "dim_5": 0.165867017785589
      }
    },
    "distances": {
      "1": 0.186122795148801,
      "2": 0.397076004586826,
      "3": 0.947130934433434,
      "4": 0.525127195190084,
      "5": 0.64303717228503,
      "6": 0.665151899428901,
      "7": 0.447830162617918,
      "8": 1.108060453067616,
      "9": 1.070348842353468,
      "10": 0.148183674809205,
      "11": 1.02674999230522,
      "12": 1.26902325842583,
      "13": 1.301264694837255,
      "14": 0.440125854828858
    },
    "objective_value": 10.175232934318446,
    "lower_bound": 1.863704960316722,
    "absolute_gap": 8.311527974001724,
    "relative_gap": 4.459680126938786
  },
  "performance": {
    "solution_time_seconds": 1801.8266580104828,
    "solver_status": "ok",
    "termination_condition": "optimal",
    "solver": "gams",
    "subsolver": "scip",
    "is_relaxation": false,
    "root_relaxation_value": 1.86370496031672,
    "root_relaxation_gap_percent": 81.6839086402541,
    "relaxation_gap_percent": null,
    "absolute_gap": null
  }
}