{
  "model_parameters": {
    "n_dimensions": 3,
    "n_clusters": 3,
    "n_points": 10,
    "coord_range_lower": -1,
    "coord_range_upper": 1
  },
  "solution": {
    "status": "optimal",
    "center_coordinates": {
      "cluster_1": {
        "dim_1": -0.659010507060623,
        "dim_2": 0.158526858895716,
        "dim_3": -0.422252290158252
      },
      "cluster_2": {
        "dim_1": 0.482185230084963,
        "dim_2": -0.371825735101854,
        "dim_3": -0.649458985734668
      },
      "cluster_3": {
        "dim_1": 0.690410879078736,
        "dim_2": 0.161962204954398,
        "dim_3": 0.643060094359514
      }
    },
    "distances": {
      "1": 0.395273179615389,
      "2": 0.251670960059017,
      "3": 0.39606174071806,
      "4": 0.292765114810796,
      "5": 0.182740331417783,
      "6": 0.190839555841386,
      "7": 0.846750098385721,
      "8": 0.319251350382121,
      "9": 0.079631446310532,
      "10": 0.271504862594438
    },
    "objective_value": 3.226488640135243,
    "lower_bound": 3.226488640131693,
    "upper_bound": 3.226488640135245,
    "absolute_gap": 3.5500491435414006e-12,
    "relative_gap": 1.1002825484600192e-12
  },
  "performance": {
    "solution_time_seconds": 103.16331624984741,
    "solver_status": "ok",
    "termination_condition": "optimal",
    "solver": "gams",
    "subsolver": "scip",
    "is_relaxation": false,
    "root_relaxation_value": 3.22648864013169,
    "root_relaxation_gap_percent": 1.1011083797436163e-10,
    "relaxation_gap_percent": null,
    "absolute_gap": null
  }
}