{
  "model_parameters": {
    "n_dimensions": 4,
    "n_clusters": 3,
    "n_points": 10,
    "coord_range_lower": -1,
    "coord_range_upper": 1
  },
  "solution": {
    "status": "optimal",
    "center_coordinates": {
      "cluster_1": {
        "dim_1": -0.459825055024554,
        "dim_2": 0.150914578544984,
        "dim_3": 0.785685263086078,
        "dim_4": -0.538779258728003
      },
      "cluster_2": {
        "dim_1": 0.038533736096212,
        "dim_2": -0.525022984183,
        "dim_3": 0.436547939895061,
        "dim_4": 0.385399998958752
      },
      "cluster_3": {
        "dim_1": 0.35957832921443,
        "dim_2": 0.935913085937514,
        "dim_3": 0.091448650126437,
        "dim_4": -0.607387070735712
      }
    },
    "distances": {
      "1": 0.007374319001635,
      "2": 0.915559613839666,
      "3": 0.579218069691854,
      "4": 0.291237411149948,
      "5": 0.045224064440118,
      "6": 0.0,
      "7": 0.656542101756008,
      "8": 0.399648024713161,
      "9": 0.371334719790571,
      "10": 0.576861605629899
    },
    "objective_value": 3.84299993001286,
    "lower_bound": 3.842999930012843,
    "upper_bound": 3.84299993001286,
    "absolute_gap": 1.687538997430238e-14,
    "relative_gap": 4.391202259076279e-15
  },
  "performance": {
    "solution_time_seconds": 9.59220004081726,
    "solver_status": "ok",
    "termination_condition": "optimal",
    "solver": "gams",
    "subsolver": "scip",
    "is_relaxation": false,
    "root_relaxation_value": 3.84299993001284,
    "root_relaxation_gap_percent": 5.200107938379782e-13,
    "relaxation_gap_percent": null,
    "absolute_gap": null
  }
}