{
  "model_parameters": {
    "n_dimensions": 3,
    "n_clusters": 5,
    "n_points": 16,
    "coord_range_lower": -1,
    "coord_range_upper": 1
  },
  "solution": {
    "status": "optimal",
    "center_coordinates": {
      "cluster_1": {
        "dim_1": -0.610236442383203,
        "dim_2": 0.599121093750007,
        "dim_3": 0.236356250865043
      },
      "cluster_2": {
        "dim_1": -0.387962714210674,
        "dim_2": -0.810082450993997,
        "dim_3": -0.195344688226264
      },
      "cluster_3": {
        "dim_1": -0.331081568948786,
        "dim_2": 0.256126403833236,
        "dim_3": -0.638859362191129
      },
      "cluster_4": {
        "dim_1": 0.63361478626133,
        "dim_2": 0.416921122814753,
        "dim_3": 0.859938838945951
      },
      "cluster_5": {
        "dim_1": 0.63361478626133,
        "dim_2": 0.204665263754012,
        "dim_3": -0.049477038888097
      }
    },
    "distances": {
      "1": 0.130114017650579,
      "2": 0.09749342096268,
      "3": 0.141808060303302,
      "4": 0.138002233827383,
      "5": 0.247569526893334,
      "6": 0.121994227343525,
      "7": 0.291108628693061,
      "8": 0.365431719012974,
      "9": 0.090982788597316,
      "10": 0.170918509535829,
      "11": 0.054229539394517,
      "12": 0.229026847663947,
      "13": 0.128174809764249,
      "14": 0.323544144741791,
      "15": 0.32316397850036,
      "16": 0.058922464315957
    },
    "objective_value": 2.912484917200804,
    "lower_bound": 0.594084517883657,
    "upper_bound": 2.912484917200804,
    "absolute_gap": 2.318400399317147,
    "relative_gap": 3.9024757076251104
  },
  "performance": {
    "solution_time_seconds": 301.0945806503296,
    "solver_status": "ok",
    "termination_condition": "optimal",
    "solver": "gams",
    "subsolver": "scip",
    "is_relaxation": false,
    "root_relaxation_value": 0.594084517883657,
    "root_relaxation_gap_percent": 79.60214267977625,
    "relaxation_gap_percent": null,
    "absolute_gap": null
  }
}