{
  "model_parameters": {
    "n_dimensions": 5,
    "n_clusters": 3,
    "n_points": 12,
    "coord_range_lower": -1,
    "coord_range_upper": 1
  },
  "solution": {
    "status": "optimal",
    "center_coordinates": {
      "cluster_1": {
        "dim_1": -0.102911192606225,
        "dim_2": 0.159870065594434,
        "dim_3": 0.384649305482349,
        "dim_4": -0.626077433529368,
        "dim_5": -0.246851237850778
      },
      "cluster_2": {
        "dim_1": 0.464611029383493,
        "dim_2": 0.413518509834871,
        "dim_3": -0.172891748642664,
        "dim_4": 0.672685947399713,
        "dim_5": -0.754910275478658
      },
      "cluster_3": {
        "dim_1": 0.617297555711803,
        "dim_2": -0.56093031791277,
        "dim_3": -0.001430290626847,
        "dim_4": 0.463797968729353,
        "dim_5": 0.292422841481143
      }
    },
    "distances": {
      "1": 0.579692894938085,
      "2": 0.328242900447655,
      "3": 1.295800464179978,
      "4": 0.732457798931211,
      "5": 0.952841626590321,
      "6": 0.658510119468325,
      "7": 0.73796887098638,
      "8": 0.341129189938661,
      "9": 0.810035791941578,
      "10": 0.665510826560538,
      "11": 0.834835376716977,
      "12": 2.573195882570386
    },
    "objective_value": 10.510221743270094,
    "lower_bound": 10.434699064849358,
    "absolute_gap": 0.0755226784207359,
    "relative_gap": 0.00723764796199479
  },
  "performance": {
    "solution_time_seconds": 1800.7252700328827,
    "solver_status": "ok",
    "termination_condition": "optimal",
    "solver": "gams",
    "subsolver": "gurobi",
    "is_relaxation": false,
    "root_relaxation_value": 0.0,
    "root_relaxation_gap_percent": 100.0,
    "relaxation_gap_percent": null,
    "absolute_gap": null
  }
}