{
  "model_parameters": {
    "n_dimensions": 2,
    "n_clusters": 3,
    "n_points": 10,
    "coord_range_lower": -1,
    "coord_range_upper": 1
  },
  "solution": {
    "status": "optimal",
    "center_coordinates": {
      "cluster_1": {
        "dim_1": -0.402599858570041,
        "dim_2": 0.509443027283185
      },
      "cluster_2": {
        "dim_1": -0.227835336366084,
        "dim_2": -0.888371165061737
      },
      "cluster_3": {
        "dim_1": 0.910579405592557,
        "dim_2": -0.126096448923395
      }
    },
    "distances": {
      "1": 0.335505197272136,
      "2": 0.257862802583131,
      "3": 0.140514459952092,
      "4": 0.372886133415248,
      "5": 0.022163789974136,
      "6": 0.334593123876023,
      "7": 0.084721371860111,
      "8": 0.034227951019797,
      "9": 0.166874397319793,
      "10": 0.030708833740096
    },
    "objective_value": 1.7800580610125631,
    "lower_bound": 1.780058061012556,
    "absolute_gap": 7.105427357601002e-15,
    "relative_gap": 3.991682919353315e-15
  },
  "performance": {
    "solution_time_seconds": 1.7145674228668213,
    "solver_status": "ok",
    "termination_condition": "optimal",
    "solver": "gams",
    "subsolver": "scip",
    "is_relaxation": false,
    "root_relaxation_value": 1.78005806101256,
    "root_relaxation_gap_percent": 1.7463612772170685e-13,
    "relaxation_gap_percent": null,
    "absolute_gap": null
  }
}