{
  "model_parameters": {
    "n_dimensions": 2,
    "n_clusters": 5,
    "n_points": 11,
    "coord_range_lower": -1,
    "coord_range_upper": 1
  },
  "solution": {
    "status": "optimal",
    "center_coordinates": {
      "cluster_1": {
        "dim_1": -0.740786347762037,
        "dim_2": 0.09448438975328
      },
      "cluster_2": {
        "dim_1": -0.135636353253296,
        "dim_2": 0.651818536031932
      },
      "cluster_3": {
        "dim_1": -0.125734554987529,
        "dim_2": 0.081342791946072
      },
      "cluster_4": {
        "dim_1": 0.522899428426427,
        "dim_2": 0.939353493774535
      },
      "cluster_5": {
        "dim_1": 0.645649887815868,
        "dim_2": -0.264307478013626
      }
    },
    "distances": {
      "1": 0.022861074084044,
      "2": 0.064186259690932,
      "3": 0.022911868274643,
      "4": 0.0,
      "5": 0.068119832972405,
      "6": 0.029926669376376,
      "7": 0.0,
      "8": 0.033894239162189,
      "9": 0.036276403797206,
      "10": 0.065369008381856,
      "11": 0.075713897872596
    },
    "objective_value": 0.419259253612247,
    "lower_bound": 0.419259253612248,
    "upper_bound": 0.419259253612248,
    "absolute_gap": -9.992007221626409e-16,
    "relative_gap": -2.3832526379650332e-15
  },
  "performance": {
    "solution_time_seconds": 38.957319259643555,
    "solver_status": "ok",
    "termination_condition": "optimal",
    "solver": "gams",
    "subsolver": "scip",
    "is_relaxation": false,
    "root_relaxation_value": 0.419259253612248,
    "root_relaxation_gap_percent": 2.383252637965039e-13,
    "relaxation_gap_percent": null,
    "absolute_gap": null
  }
}