{
  "model_parameters": {
    "n_dimensions": 5,
    "n_clusters": 4,
    "n_points": 16,
    "coord_range_lower": -1,
    "coord_range_upper": 1
  },
  "solution": {
    "status": "optimal",
    "center_coordinates": {
      "cluster_1": {
        "dim_1": -0.636880778036086,
        "dim_2": 0.168312034272323,
        "dim_3": 0.546840688350044,
        "dim_4": -0.620913311303884,
        "dim_5": -0.729902078000214
      },
      "cluster_2": {
        "dim_1": -0.179876232273052,
        "dim_2": -0.530698983056727,
        "dim_3": 0.148127805755976,
        "dim_4": 0.300914708493491,
        "dim_5": -0.237224703801083
      },
      "cluster_3": {
        "dim_1": 0.154356379121547,
        "dim_2": 0.412959637019759,
        "dim_3": 0.296675660616044,
        "dim_4": -0.831444534471624,
        "dim_5": 0.454596012970328
      },
      "cluster_4": {
        "dim_1": 0.483756132810541,
        "dim_2": 0.774985201721976,
        "dim_3": -0.224232598255221,
        "dim_4": 0.423939718397031,
        "dim_5": -0.498479332348754
      }
    },
    "distances": {
      "1": 0.822268149739001,
      "2": 1.07480339320898,
      "3": 0.25598265519033,
      "4": 1.154944976441902,
      "5": 0.397070239095735,
      "6": 0.985078674395968,
      "7": 0.72976530147566,
      "8": 0.800245210966696,
      "9": 0.423199117084203,
      "10": 0.373581771474616,
      "11": 0.614541502954822,
      "12": 1.258500855930341,
      "13": 0.340392501525981,
      "14": 0.260498955518398,
      "15": 0.759664845761878,
      "16": 0.489400809817071
    },
    "objective_value": 10.739938960581583,
    "lower_bound": 6.447110725492019,
    "absolute_gap": 4.292828235089564,
    "relative_gap": 0.6658530336877302
  },
  "performance": {
    "solution_time_seconds": 1800.5855355262756,
    "solver_status": "ok",
    "termination_condition": "optimal",
    "solver": "gams",
    "subsolver": "gurobi",
    "is_relaxation": false,
    "root_relaxation_value": 0.0,
    "root_relaxation_gap_percent": 100.0,
    "relaxation_gap_percent": null,
    "absolute_gap": null
  }
}