{
  "model_parameters": {
    "n_dimensions": 5,
    "n_clusters": 3,
    "n_points": 10,
    "coord_range_lower": -1,
    "coord_range_upper": 1
  },
  "solution": {
    "status": "optimal",
    "center_coordinates": {
      "cluster_1": {
        "dim_1": -0.609186025135594,
        "dim_2": -0.945612233233533,
        "dim_3": -0.352947866414691,
        "dim_4": -0.209700867400829,
        "dim_5": 0.068458983648869
      },
      "cluster_2": {
        "dim_1": 0.20973135552097,
        "dim_2": 0.165686013722278,
        "dim_3": -0.47558022218005,
        "dim_4": 0.296055826726114,
        "dim_5": 0.500497309685467
      },
      "cluster_3": {
        "dim_1": 0.220376057326743,
        "dim_2": -0.165082492699976,
        "dim_3": 0.013027197471374,
        "dim_4": 0.103979102419901,
        "dim_5": -0.599781370365466
      }
    },
    "distances": {
      "1": 0.730499701251919,
      "2": 0.718354945509392,
      "3": 0.822517342858425,
      "4": 0.360269730879527,
      "5": 0.37042711616272,
      "6": 0.263249830946563,
      "7": 1.05706452550933,
      "8": 0.360269724060789,
      "9": 0.612038540827139,
      "10": 1.207433770076717
    },
    "objective_value": 6.502125228082521,
    "lower_bound": 6.5021115438272,
    "absolute_gap": 1.3684255320889349e-05,
    "relative_gap": 2.1045863683899022e-06
  },
  "performance": {
    "solution_time_seconds": 1801.4671862125397,
    "solver_status": "ok",
    "termination_condition": "optimal",
    "solver": "gams",
    "subsolver": "scip",
    "is_relaxation": false,
    "root_relaxation_value": 6.5021115438272,
    "root_relaxation_gap_percent": 0.00021045819391154422,
    "relaxation_gap_percent": null,
    "absolute_gap": null
  }
}