{
  "model_parameters": {
    "n_dimensions": 3,
    "n_clusters": 5,
    "n_points": 10,
    "coord_range_lower": -1,
    "coord_range_upper": 1
  },
  "solution": {
    "status": "optimal",
    "center_coordinates": {
      "cluster_1": {
        "dim_1": -0.843091905918597,
        "dim_2": -0.545322892659692,
        "dim_3": 0.116228880483377
      },
      "cluster_2": {
        "dim_1": -0.619812236303239,
        "dim_2": 0.888695743906015,
        "dim_3": -0.055407320541835
      },
      "cluster_3": {
        "dim_1": -0.458830987819599,
        "dim_2": 0.15278146397088,
        "dim_3": 0.596878397527998
      },
      "cluster_4": {
        "dim_1": -0.22850405340171,
        "dim_2": -0.024117173577688,
        "dim_3": -0.871014104325955
      },
      "cluster_5": {
        "dim_1": 0.770883177066393,
        "dim_2": 0.482707078849464,
        "dim_3": -0.39571554219663
      }
    },
    "distances": {
      "1": 0.102944668091564,
      "2": 0.125465585038938,
      "3": 0.102944667132764,
      "4": 0.0,
      "5": 0.0,
      "6": 0.239035689936863,
      "7": 0.253719969239631,
      "8": 0.141270208650697,
      "9": 0.236035606877912,
      "10": 0.077484920132209
    },
    "objective_value": 1.2789013151005781,
    "lower_bound": 1.278901315100577,
    "absolute_gap": 1.1102230246251565e-15,
    "relative_gap": 8.681068754220845e-16
  },
  "performance": {
    "solution_time_seconds": 525.8349478244781,
    "solver_status": "ok",
    "termination_condition": "optimal",
    "solver": "gams",
    "subsolver": "baron",
    "is_relaxation": false,
    "root_relaxation_value": 0.0,
    "root_relaxation_gap_percent": 100.0,
    "relaxation_gap_percent": null,
    "absolute_gap": null
  }
}