{
  "model_parameters": {
    "n_dimensions": 5,
    "n_clusters": 5,
    "n_points": 12,
    "coord_range_lower": -1,
    "coord_range_upper": 1
  },
  "solution": {
    "status": "optimal",
    "center_coordinates": {
      "cluster_1": {
        "dim_1": -0.432672292055991,
        "dim_2": 0.604458429585047,
        "dim_3": 0.464486860128154,
        "dim_4": 0.504209567241166,
        "dim_5": 0.469195464323062
      },
      "cluster_2": {
        "dim_1": -0.184558124928278,
        "dim_2": 0.510533190213884,
        "dim_3": -0.816679063059404,
        "dim_4": 0.208483358531793,
        "dim_5": 0.565842660854695
      },
      "cluster_3": {
        "dim_1": -0.074676087108724,
        "dim_2": -0.136771590818271,
        "dim_3": 0.196228621840233,
        "dim_4": 0.585682114994089,
        "dim_5": -0.755345011292238
      },
      "cluster_4": {
        "dim_1": 0.181547115092231,
        "dim_2": -0.649855730157608,
        "dim_3": 0.856183423925953,
        "dim_4": -0.512277439492385,
        "dim_5": 0.228295791435071
      },
      "cluster_5": {
        "dim_1": 0.579487458908702,
        "dim_2": 0.647759407294001,
        "dim_3": 0.623754420524451,
        "dim_4": -0.76926792879978,
        "dim_5": 0.683249944209016
      }
    },
    "distances": {
      "1": 0.533601424168459,
      "2": 0.603755966628779,
      "3": 0.439231332550022,
      "4": 0.1439244894035,
      "5": 0.533598139201051,
      "6": 0.695045890368828,
      "7": 0.510809238629298,
      "8": 0.331503005118357,
      "9": 1.40052e-08,
      "10": 0.302349136513321,
      "11": 0.106690441854721,
      "12": 0.302350869843631
    },
    "objective_value": 4.502859948285167,
    "lower_bound": 4.502859948285165,
    "absolute_gap": 1.7763568394002505e-15,
    "relative_gap": 3.944952452000522e-16
  },
  "performance": {
    "solution_time_seconds": 389.7911593914032,
    "solver_status": "ok",
    "termination_condition": "optimal",
    "solver": "gams",
    "subsolver": "baron",
    "is_relaxation": false,
    "root_relaxation_value": 1.10144,
    "root_relaxation_gap_percent": 75.5391015343601,
    "relaxation_gap_percent": null,
    "absolute_gap": null
  }
}