{
  "model_parameters": {
    "n_dimensions": 3,
    "n_clusters": 5,
    "n_points": 14,
    "coord_range_lower": -1,
    "coord_range_upper": 1
  },
  "solution": {
    "status": "feasible",
    "center_coordinates": {
      "cluster_1": {
        "dim_1": -0.929052798388193,
        "dim_2": -0.241329266559184,
        "dim_3": -0.66388302106477
      },
      "cluster_2": {
        "dim_1": -0.421993698523121,
        "dim_2": 0.765421163396631,
        "dim_3": 0.604732264969324
      },
      "cluster_3": {
        "dim_1": -0.120403296815683,
        "dim_2": -0.264731005207422,
        "dim_3": 0.309446317955746
      },
      "cluster_4": {
        "dim_1": 0.469135388846011,
        "dim_2": 0.001056074615709,
        "dim_3": -0.421073199588497
      },
      "cluster_5": {
        "dim_1": 0.932495949659756,
        "dim_2": -0.504633896413204,
        "dim_3": 0.359552264617316
      }
    },
    "distances": {
      "1": 0.297655724673316,
      "2": 0.0,
      "3": 0.346137618789842,
      "4": 0.152821380350295,
      "5": 0.149496989672857,
      "6": 0.0558482095086,
      "7": 0.0,
      "8": 0.149496990461771,
      "9": 0.094453605346699,
      "10": 0.188462912995639,
      "11": 0.08365915249795,
      "12": 0.191644876368813,
      "13": 0.068001668292876,
      "14": 0.335419336991796
    },
    "objective_value": 2.113098465950454,
    "lower_bound": 1.642254093558337,
    "upper_bound": 2.113098465950454,
    "absolute_gap": 0.4708443723921172,
    "relative_gap": 0.286706164556984
  },
  "performance": {
    "solution_time_seconds": 300.6885073184967,
    "solver_status": "ok",
    "termination_condition": "feasible",
    "solver": "gams",
    "subsolver": "gurobi",
    "is_relaxation": false,
    "root_relaxation_value": 0.0,
    "root_relaxation_gap_percent": 100.0,
    "relaxation_gap_percent": null,
    "absolute_gap": null
  }
}