{
  "model_parameters": {
    "n_dimensions": 2,
    "n_clusters": 3,
    "n_points": 14,
    "coord_range_lower": -1,
    "coord_range_upper": 1
  },
  "solution": {
    "status": "optimal",
    "center_coordinates": {
      "cluster_1": {
        "dim_1": -0.505373922730741,
        "dim_2": 0.450970847432118
      },
      "cluster_2": {
        "dim_1": -0.218718782990148,
        "dim_2": -0.324206122982454
      },
      "cluster_3": {
        "dim_1": 0.656196257153929,
        "dim_2": 0.390755450742924
      }
    },
    "distances": {
      "1": 0.237607802809345,
      "2": 0.202526897258197,
      "3": 0.000348075622542,
      "4": 0.134341634857619,
      "5": 0.353930420696192,
      "6": 0.053837819053827,
      "7": 0.085059054974375,
      "8": 0.007462183233825,
      "9": 0.305062988949308,
      "10": 0.031473764003981,
      "11": 0.203173785038205,
      "12": 0.172892125613502,
      "13": 0.055511503318548,
      "14": 0.068706991548737
    },
    "objective_value": 1.911935046978203,
    "lower_bound": 1.911935052424638,
    "upper_bound": 1.911935046978203,
    "absolute_gap": -5.446434858669136e-09,
    "relative_gap": -2.8486505604686674e-09
  },
  "performance": {
    "solution_time_seconds": 1.8978023529052734,
    "solver_status": "ok",
    "termination_condition": "optimal",
    "solver": "gams",
    "subsolver": "baron",
    "is_relaxation": false,
    "root_relaxation_value": 0.0,
    "root_relaxation_gap_percent": 100.0,
    "relaxation_gap_percent": null,
    "absolute_gap": null
  }
}