{
  "model_parameters": {
    "n_dimensions": 3,
    "n_clusters": 3,
    "n_points": 14,
    "coord_range_lower": -1,
    "coord_range_upper": 1
  },
  "solution": {
    "status": "optimal",
    "center_coordinates": {
      "cluster_1": {
        "dim_1": -0.732906423981896,
        "dim_2": -0.05736857707469,
        "dim_3": -0.398541294610219
      },
      "cluster_2": {
        "dim_1": -0.530512848909008,
        "dim_2": -0.853648769031115,
        "dim_3": 0.138341151764453
      },
      "cluster_3": {
        "dim_1": 0.359315485817956,
        "dim_2": 0.438617448107619,
        "dim_3": 0.408872816336358
      }
    },
    "distances": {
      "1": 0.485463421387216,
      "2": 0.065004468995458,
      "3": 0.045297600786387,
      "4": 0.01307084409758,
      "5": 0.355335857638471,
      "6": 0.476174353029289,
      "7": 0.816971216260669,
      "8": 0.193364749961091,
      "9": 0.447405412769363,
      "10": 0.027061480760667,
      "11": 0.870629993216625,
      "12": 0.288189964571285,
      "13": 0.145688062988303,
      "14": 0.393262526877443
    },
    "objective_value": 4.622919953339847,
    "lower_bound": 4.622919953339849,
    "upper_bound": 4.622919953339848,
    "absolute_gap": -2.6645352591003757e-15,
    "relative_gap": -5.763749504629363e-16
  },
  "performance": {
    "solution_time_seconds": 50.43295359611511,
    "solver_status": "ok",
    "termination_condition": "optimal",
    "solver": "gams",
    "subsolver": "scip",
    "is_relaxation": false,
    "root_relaxation_value": 4.62291995333985,
    "root_relaxation_gap_percent": 7.684999339505823e-14,
    "relaxation_gap_percent": null,
    "absolute_gap": null
  }
}