{
  "model_parameters": {
    "n_dimensions": 5,
    "n_clusters": 4,
    "n_points": 14,
    "coord_range_lower": -1,
    "coord_range_upper": 1
  },
  "solution": {
    "status": "optimal",
    "center_coordinates": {
      "cluster_1": {
        "dim_1": -0.314537209131305,
        "dim_2": -0.400909423828144,
        "dim_3": -0.562636138205331,
        "dim_4": 0.614428314121653,
        "dim_5": -0.867918243582216
      },
      "cluster_2": {
        "dim_1": -0.314537209131305,
        "dim_2": 0.347400891604535,
        "dim_3": 0.693222803127414,
        "dim_4": 0.162045813886852,
        "dim_5": 0.384583411236793
      },
      "cluster_3": {
        "dim_1": 0.426802891703973,
        "dim_2": 0.293411667707034,
        "dim_3": -0.972312291205315,
        "dim_4": 0.280815972286418,
        "dim_5": 0.752514495728755
      },
      "cluster_4": {
        "dim_1": 0.781776995350381,
        "dim_2": -0.132974529108083,
        "dim_3": 0.41381335398793,
        "dim_4": 0.39954580777364,
        "dim_5": -0.178088932517142
      }
    },
    "distances": {
      "1": 0.10734178007123,
      "2": 0.681585026040977,
      "3": 0.747044994945446,
      "4": 1.463640003608692,
      "5": 0.558888887165751,
      "6": 0.417800696279948,
      "7": 0.837704345624703,
      "8": 0.164920019450898,
      "9": 0.681126137065799,
      "10": 0.10785865253632,
      "11": 0.892539358748956,
      "12": 0.468069025889352,
      "13": 1.082012750656385,
      "14": 0.466583692496213
    },
    "objective_value": 8.67711537058067,
    "lower_bound": 1.544946258205453,
    "upper_bound": 8.67711537058067,
    "absolute_gap": 7.132169112375218,
    "relative_gap": 4.616451267799863
  },
  "performance": {
    "solution_time_seconds": 301.1668634414673,
    "solver_status": "ok",
    "termination_condition": "optimal",
    "solver": "gams",
    "subsolver": "scip",
    "is_relaxation": false,
    "root_relaxation_value": 1.54494625820545,
    "root_relaxation_gap_percent": 82.19516288277653,
    "relaxation_gap_percent": null,
    "absolute_gap": null
  }
}