{
  "model_parameters": {
    "n_dimensions": 2,
    "n_clusters": 3,
    "n_points": 10,
    "coord_range_lower": -1,
    "coord_range_upper": 1
  },
  "solution": {
    "status": "optimal",
    "center_coordinates": {
      "cluster_1": {
        "dim_1": -0.402032087074017,
        "dim_2": 0.50943702585847
      },
      "cluster_2": {
        "dim_1": -0.228145683002917,
        "dim_2": -0.888790235622409
      },
      "cluster_3": {
        "dim_1": 0.911047556993123,
        "dim_2": -0.126443261569762
      }
    },
    "distances": {
      "1": 0.335049791887054,
      "2": 0.258439048215086,
      "3": 0.140818213333119,
      "4": 0.372506880158399,
      "5": 0.022087051432555,
      "6": 0.335049791826136,
      "7": 0.084493863383653,
      "8": 0.034028031721421,
      "9": 0.167029452653852,
      "10": 0.030562644496227
    },
    "objective_value": 1.780064769107502,
    "lower_bound": 1.780064526818099,
    "upper_bound": 1.780064769107503,
    "absolute_gap": 2.422894029852074e-07,
    "relative_gap": 1.361127079018335e-07
  },
  "performance": {
    "solution_time_seconds": 0.9073359966278076,
    "solver_status": "ok",
    "termination_condition": "optimal",
    "solver": "gams",
    "subsolver": "baron",
    "is_relaxation": false,
    "root_relaxation_value": 0.0,
    "root_relaxation_gap_percent": 100.0,
    "relaxation_gap_percent": null,
    "absolute_gap": null
  }
}