{
  "model_parameters": {
    "n_dimensions": 2,
    "n_clusters": 3,
    "n_points": 11,
    "coord_range_lower": -1,
    "coord_range_upper": 1
  },
  "solution": {
    "status": "optimal",
    "center_coordinates": {
      "cluster_1": {
        "dim_1": -0.856298638222207,
        "dim_2": 0.28691910786405
      },
      "cluster_2": {
        "dim_1": 0.123244814875218,
        "dim_2": 0.346628986061872
      },
      "cluster_3": {
        "dim_1": 0.760048020365395,
        "dim_2": -0.787162775312631
      }
    },
    "distances": {
      "1": 0.107772685802017,
      "2": 0.093358545686992,
      "3": 0.123190548973262,
      "4": 0.201814473481712,
      "5": 0.017644613192693,
      "6": 0.046265822737987,
      "7": 0.0,
      "8": 0.001073007589105,
      "9": 0.109446252312127,
      "10": 0.012707220385872,
      "11": 0.170495023953338
    },
    "objective_value": 0.883768194115105,
    "lower_bound": 0.883768194115102,
    "upper_bound": 0.883768194115103,
    "absolute_gap": 2.9976021664879227e-15,
    "relative_gap": 3.3918420989220562e-15
  },
  "performance": {
    "solution_time_seconds": 3.6138784885406494,
    "solver_status": "ok",
    "termination_condition": "optimal",
    "solver": "gams",
    "subsolver": "scip",
    "is_relaxation": false,
    "root_relaxation_value": 0.883768194115102,
    "root_relaxation_gap_percent": 3.3918420989220445e-13,
    "relaxation_gap_percent": null,
    "absolute_gap": null
  }
}