{
  "model_parameters": {
    "n_dimensions": 2,
    "n_clusters": 3,
    "n_points": 17,
    "coord_range_lower": -1,
    "coord_range_upper": 1
  },
  "solution": {
    "status": "optimal",
    "center_coordinates": {
      "cluster_1": {
        "dim_1": -0.740619100376345,
        "dim_2": -0.677607910438687
      },
      "cluster_2": {
        "dim_1": -0.337259244559873,
        "dim_2": 0.48090674282975
      },
      "cluster_3": {
        "dim_1": 0.450514517420312,
        "dim_2": -0.397860728227636
      }
    },
    "distances": {
      "1": 0.672516149082186,
      "2": 0.197905135891529,
      "3": 0.00757998671216,
      "4": 0.131119515139897,
      "5": 0.053421195499094,
      "6": 0.313572481799296,
      "7": 0.102964216503051,
      "8": 0.082203916466773,
      "9": 0.120688956139737,
      "10": 0.071698291407826,
      "11": 0.154936096752342,
      "12": 0.170402876390418,
      "13": 0.029727055291053,
      "14": 0.048422716757899,
      "15": 0.179549454773118,
      "16": 0.237589143145465,
      "17": 0.255547941567982
    },
    "objective_value": 2.829845129319826,
    "lower_bound": 2.829845116728471,
    "upper_bound": 2.829845129319824,
    "absolute_gap": 1.2591355069702104e-08,
    "relative_gap": 4.4494855903134106e-09
  },
  "performance": {
    "solution_time_seconds": 32.29116106033325,
    "solver_status": "ok",
    "termination_condition": "optimal",
    "solver": "gams",
    "subsolver": "baron",
    "is_relaxation": false,
    "root_relaxation_value": 0.0,
    "root_relaxation_gap_percent": 100.0,
    "relaxation_gap_percent": null,
    "absolute_gap": null
  }
}