{
  "model_parameters": {
    "n_dimensions": 3,
    "n_clusters": 3,
    "n_points": 16,
    "coord_range_lower": -1,
    "coord_range_upper": 1
  },
  "solution": {
    "status": "optimal",
    "center_coordinates": {
      "cluster_1": {
        "dim_1": -0.4669189453125,
        "dim_2": 0.12433012797078,
        "dim_3": 0.2720947265625
      },
      "cluster_2": {
        "dim_1": 0.433433272080434,
        "dim_2": 0.344192504882812,
        "dim_3": -0.539745728009559
      },
      "cluster_3": {
        "dim_1": 0.725337716928719,
        "dim_2": -0.85595703125,
        "dim_3": 0.421600341796875
      }
    },
    "distances": {
      "1": 0.665719439738367,
      "2": 0.230916815964461,
      "3": 0.427343872893028,
      "4": 0.333564066992141,
      "5": 0.052167864014999,
      "6": 0.640774880987176,
      "7": 0.591126203697265,
      "8": 0.357770042142472,
      "9": 0.072657065193019,
      "10": 0.052340742756307,
      "11": 1.219660330209542,
      "12": 0.486070393550174,
      "13": 0.893007608341991,
      "14": 0.3381824078385,
      "15": 0.210377221751464,
      "16": 0.196459827194978
    },
    "objective_value": 6.768138783265884,
    "lower_bound": 3.691848080432811,
    "upper_bound": 6.768138783265885,
    "absolute_gap": 3.076290702833073,
    "relative_gap": 0.833265788789561
  },
  "performance": {
    "solution_time_seconds": 301.091210603714,
    "solver_status": "ok",
    "termination_condition": "optimal",
    "solver": "gams",
    "subsolver": "scip",
    "is_relaxation": false,
    "root_relaxation_value": 3.69184808043281,
    "root_relaxation_gap_percent": 45.4525357907724,
    "relaxation_gap_percent": null,
    "absolute_gap": null
  }
}