{
  "model_parameters": {
    "n_dimensions": 5,
    "n_clusters": 3,
    "n_points": 17,
    "coord_range_lower": -1,
    "coord_range_upper": 1
  },
  "solution": {
    "status": "optimal",
    "center_coordinates": {
      "cluster_1": {
        "dim_1": -0.343043914984939,
        "dim_2": 0.140957899718324,
        "dim_3": 0.027656768460261,
        "dim_4": 0.208007945619393,
        "dim_5": 0.705036945213684
      },
      "cluster_2": {
        "dim_1": -0.259351389709694,
        "dim_2": -0.293208912955192,
        "dim_3": -0.249651028105385,
        "dim_4": 0.220821147437304,
        "dim_5": -0.620203245130175
      },
      "cluster_3": {
        "dim_1": 0.553059484395305,
        "dim_2": -0.832308887438602,
        "dim_3": -0.00461595957446,
        "dim_4": 0.92440672622322,
        "dim_5": 0.496507757385607
      }
    },
    "distances": {
      "1": 1.117861348980763,
      "2": 0.073938779919001,
      "3": 1.492432240816055,
      "4": 1.66322151485205,
      "5": 2.291021296944293,
      "6": 0.311067363169393,
      "7": 0.950229925703461,
      "8": 0.274438682750272,
      "9": 1.219867305253222,
      "10": 1.524494490066129,
      "11": 0.466852986470553,
      "12": 0.314066440186447,
      "13": 0.585622193232667,
      "14": 0.527208822510316,
      "15": 0.913587167318735,
      "16": 2.126963522713189,
      "17": 0.754648767206341
    },
    "objective_value": 16.607522848092888,
    "lower_bound": 15.590919896012013,
    "absolute_gap": 1.0166029520808753,
    "relative_gap": 0.06520480887987316
  },
  "performance": {
    "solution_time_seconds": 1800.4317553043365,
    "solver_status": "ok",
    "termination_condition": "optimal",
    "solver": "gams",
    "subsolver": "gurobi",
    "is_relaxation": false,
    "root_relaxation_value": 0.0,
    "root_relaxation_gap_percent": 100.0,
    "relaxation_gap_percent": null,
    "absolute_gap": null
  }
}