{
  "model_parameters": {
    "n_dimensions": 3,
    "n_clusters": 5,
    "n_points": 14,
    "coord_range_lower": -1,
    "coord_range_upper": 1
  },
  "solution": {
    "status": "optimal",
    "center_coordinates": {
      "cluster_1": {
        "dim_1": -0.929038476569531,
        "dim_2": -0.24130606576076,
        "dim_3": -0.663823126311607
      },
      "cluster_2": {
        "dim_1": -0.421997289903635,
        "dim_2": 0.765456786695605,
        "dim_3": 0.604740363733839
      },
      "cluster_3": {
        "dim_1": -0.120410024224001,
        "dim_2": -0.264750643566578,
        "dim_3": 0.309467560345444
      },
      "cluster_4": {
        "dim_1": 0.469146484203334,
        "dim_2": 0.001000677890883,
        "dim_3": -0.421108659955852
      },
      "cluster_5": {
        "dim_1": 0.93252953471343,
        "dim_2": -0.504610963010631,
        "dim_3": 0.359534084940149
      }
    },
    "distances": {
      "1": 0.297642620747453,
      "2": 1.555182e-09,
      "3": 0.346062455694809,
      "4": 0.15282553906298,
      "5": 0.149501061645173,
      "6": 0.055861060811813,
      "7": 9.434856e-09,
      "8": 0.149492918773408,
      "9": 0.094477852307211,
      "10": 0.188509684675838,
      "11": 0.08365379250779,
      "12": 0.19163993351015,
      "13": 0.068017472616575,
      "14": 0.335414092738707
    },
    "objective_value": 2.1130984960819448,
    "lower_bound": 2.113098462358058,
    "upper_bound": 2.113098496081945,
    "absolute_gap": 3.372388679423466e-08,
    "relative_gap": 1.5959448835432568e-08
  },
  "performance": {
    "solution_time_seconds": 170.91164350509644,
    "solver_status": "ok",
    "termination_condition": "optimal",
    "solver": "gams",
    "subsolver": "gurobi",
    "is_relaxation": false,
    "root_relaxation_value": 0.0,
    "root_relaxation_gap_percent": 100.0,
    "relaxation_gap_percent": null,
    "absolute_gap": null
  }
}