{
  "model_parameters": {
    "n_dimensions": 5,
    "n_clusters": 4,
    "n_points": 14,
    "coord_range_lower": -1,
    "coord_range_upper": 1
  },
  "solution": {
    "status": "optimal",
    "center_coordinates": {
      "cluster_1": {
        "dim_1": -0.314670562744141,
        "dim_2": -0.40032609057108,
        "dim_3": -0.56292724609375,
        "dim_4": 0.614273071289062,
        "dim_5": -0.867762348999638
      },
      "cluster_2": {
        "dim_1": -0.314670562744141,
        "dim_2": 0.3472080039122,
        "dim_3": 0.693269729614258,
        "dim_4": 0.162151534110308,
        "dim_5": 0.384377218364633
      },
      "cluster_3": {
        "dim_1": 0.426742801953207,
        "dim_2": 0.293302449892787,
        "dim_3": -0.972089612005299,
        "dim_4": 0.281048872368465,
        "dim_5": 0.752723344508782
      },
      "cluster_4": {
        "dim_1": 0.781399336643371,
        "dim_2": -0.132276014282298,
        "dim_3": 0.413885172813699,
        "dim_4": 0.399628839677226,
        "dim_5": -0.177699976119669
      }
    },
    "distances": {
      "1": 0.107352340412069,
      "2": 0.681533246399304,
      "3": 0.746716496223809,
      "4": 1.463023986105151,
      "5": 0.559072606475599,
      "6": 0.418082941101609,
      "7": 0.837732839249128,
      "8": 0.16484274683292,
      "9": 0.680624089957013,
      "10": 0.107848174498839,
      "11": 0.892548957552601,
      "12": 0.468923892355739,
      "13": 1.081637768806479,
      "14": 0.467174883947472
    },
    "objective_value": 8.677114969917731,
    "lower_bound": 3.267295423468116,
    "upper_bound": 8.677114969917733,
    "absolute_gap": 5.409819546449615,
    "relative_gap": 1.6557485152987137
  },
  "performance": {
    "solution_time_seconds": 301.9720025062561,
    "solver_status": "ok",
    "termination_condition": "optimal",
    "solver": "gams",
    "subsolver": "scip",
    "is_relaxation": false,
    "root_relaxation_value": 3.26729542346812,
    "root_relaxation_gap_percent": 62.345832286475996,
    "relaxation_gap_percent": null,
    "absolute_gap": null
  }
}