{
  "model_parameters": {
    "n_dimensions": 4,
    "n_clusters": 5,
    "n_points": 12,
    "coord_range_lower": -1,
    "coord_range_upper": 1
  },
  "solution": {
    "status": "optimal",
    "center_coordinates": {
      "cluster_1": {
        "dim_1": -0.662451626209353,
        "dim_2": -0.444838352879016,
        "dim_3": -0.004488904824661,
        "dim_4": -0.374836133227939
      },
      "cluster_2": {
        "dim_1": -0.402486187752884,
        "dim_2": 0.426575552342614,
        "dim_3": 0.430166115138798,
        "dim_4": 0.446073892012297
      },
      "cluster_3": {
        "dim_1": -0.025776007967318,
        "dim_2": 0.278478182393051,
        "dim_3": -0.532450352818946,
        "dim_4": 0.304223039385657
      },
      "cluster_4": {
        "dim_1": 0.624710674330006,
        "dim_2": -0.449397100264607,
        "dim_3": 0.361314575485254,
        "dim_4": 0.954197396525402
      },
      "cluster_5": {
        "dim_1": 0.657562077994848,
        "dim_2": -0.858564965775065,
        "dim_3": -0.094829595403071,
        "dim_4": -0.745748518649892
      }
    },
    "distances": {
      "1": 0.135142173861188,
      "2": 0.31163232474647,
      "3": 0.287452527118761,
      "4": 0.245570373120384,
      "5": 0.367461968624974,
      "6": 0.367461938177176,
      "7": 0.0,
      "8": 0.287452534255778,
      "9": 0.13608253020623,
      "10": 0.494212397946763,
      "11": 0.321210156401092,
      "12": 0.525191103968002
    },
    "objective_value": 3.478870028426818,
    "lower_bound": 3.478869920155424,
    "upper_bound": 3.478870028426817,
    "absolute_gap": 1.0827139407254549e-07,
    "relative_gap": 3.112257616913377e-08
  },
  "performance": {
    "solution_time_seconds": 117.26590919494629,
    "solver_status": "ok",
    "termination_condition": "optimal",
    "solver": "gams",
    "subsolver": "baron",
    "is_relaxation": false,
    "root_relaxation_value": 1.63311,
    "root_relaxation_gap_percent": 53.056308897561486,
    "relaxation_gap_percent": null,
    "absolute_gap": null
  }
}