{
  "model_parameters": {
    "n_dimensions": 3,
    "n_clusters": 5,
    "n_points": 13,
    "coord_range_lower": -1,
    "coord_range_upper": 1
  },
  "solution": {
    "status": "optimal",
    "center_coordinates": {
      "cluster_1": {
        "dim_1": -0.730332579861092,
        "dim_2": -0.445458390954762,
        "dim_3": -0.017648958454164
      },
      "cluster_2": {
        "dim_1": 0.300729997380216,
        "dim_2": 0.307005892131655,
        "dim_3": 0.187730291147726
      },
      "cluster_3": {
        "dim_1": 0.35208241821716,
        "dim_2": -0.75877853596725,
        "dim_3": 0.281936263770947
      },
      "cluster_4": {
        "dim_1": 0.50029352293932,
        "dim_2": 0.639037132263155,
        "dim_3": -0.860372607616042
      },
      "cluster_5": {
        "dim_1": 0.815659092619246,
        "dim_2": -0.972608340054649,
        "dim_3": -0.898221371529834
      }
    },
    "distances": {
      "1": 0.086097103823398,
      "2": 0.101225077224787,
      "3": 0.054217326558766,
      "4": 0.175016570183383,
      "5": 0.389304440155396,
      "6": 0.213333188428135,
      "7": 0.16339768320535,
      "8": 0.0,
      "9": 0.110904885261939,
      "10": 0.110832906474464,
      "11": 0.248849553420127,
      "12": 0.245379774577672,
      "13": 0.214847853782945
    },
    "objective_value": 2.113406363096362,
    "lower_bound": 1.53815123869019,
    "upper_bound": 2.113406363096363,
    "absolute_gap": 0.5752551244061721,
    "relative_gap": 0.37399126297621393
  },
  "performance": {
    "solution_time_seconds": 300.7723984718323,
    "solver_status": "ok",
    "termination_condition": "optimal",
    "solver": "gams",
    "subsolver": "scip",
    "is_relaxation": false,
    "root_relaxation_value": 1.53815123869019,
    "root_relaxation_gap_percent": 27.219333416000644,
    "relaxation_gap_percent": null,
    "absolute_gap": null
  }
}