{
  "model_parameters": {
    "n_dimensions": 3,
    "n_clusters": 4,
    "n_points": 15,
    "coord_range_lower": -1,
    "coord_range_upper": 1
  },
  "solution": {
    "status": "optimal",
    "center_coordinates": {
      "cluster_1": {
        "dim_1": -0.629533386947269,
        "dim_2": 0.701065759072432,
        "dim_3": -0.212605636032516
      },
      "cluster_2": {
        "dim_1": 0.127101843753528,
        "dim_2": 0.200392866655823,
        "dim_3": 0.474789253952786
      },
      "cluster_3": {
        "dim_1": 0.289584390100599,
        "dim_2": -0.492855406738416,
        "dim_3": -0.606971573797719
      },
      "cluster_4": {
        "dim_1": 0.623204475189876,
        "dim_2": -0.795142319052289,
        "dim_3": 0.557336026865358
      }
    },
    "distances": {
      "1": 0.145113456477337,
      "2": 0.100741110431679,
      "3": 0.024460423414186,
      "4": 0.092786894933395,
      "5": 0.122678044190229,
      "6": 0.222140507524847,
      "7": 0.020466666814754,
      "8": 0.150329615112129,
      "9": 0.044398687132723,
      "10": 0.204275889540011,
      "11": 0.004701340295783,
      "12": 0.658570628231871,
      "13": 0.278570116963494,
      "14": 0.066250591677423,
      "15": 0.092781522417528
    },
    "objective_value": 2.228265495157389,
    "lower_bound": 2.228264337271409,
    "upper_bound": 2.228265495157387,
    "absolute_gap": 1.1578859799854513e-06,
    "relative_gap": 5.196358262428258e-07
  },
  "performance": {
    "solution_time_seconds": 30.791417598724365,
    "solver_status": "ok",
    "termination_condition": "optimal",
    "solver": "gams",
    "subsolver": "gurobi",
    "is_relaxation": false,
    "root_relaxation_value": 0.0,
    "root_relaxation_gap_percent": 100.0,
    "relaxation_gap_percent": null,
    "absolute_gap": null
  }
}