{
  "model_parameters": {
    "n_dimensions": 5,
    "n_clusters": 5,
    "n_points": 12,
    "coord_range_lower": -1,
    "coord_range_upper": 1
  },
  "solution": {
    "status": "feasible",
    "center_coordinates": {
      "cluster_1": {
        "dim_1": -0.289471627375346,
        "dim_2": -0.136771357181988,
        "dim_3": 0.196228166061536,
        "dim_4": 0.585679903263423,
        "dim_5": -0.755339504360488
      },
      "cluster_2": {
        "dim_1": -0.289471626211225,
        "dim_2": 0.60445707954707,
        "dim_3": 0.464483982860205,
        "dim_4": 0.50421121795189,
        "dim_5": 0.46919537753792
      },
      "cluster_3": {
        "dim_1": -0.184560787699941,
        "dim_2": 0.510532762536515,
        "dim_3": -0.816669880361654,
        "dim_4": 0.208482702568768,
        "dim_5": 0.565841895841005
      },
      "cluster_4": {
        "dim_1": 0.261140240581788,
        "dim_2": 0.647755704187528,
        "dim_3": 0.623755290109492,
        "dim_4": -0.769200839268716,
        "dim_5": 0.683234085553646
      },
      "cluster_5": {
        "dim_1": 0.261140242152294,
        "dim_2": -0.649853668744382,
        "dim_3": 0.856181694684809,
        "dim_4": -0.512284451282617,
        "dim_5": 0.228292207689838
      }
    },
    "distances": {
      "1": 0.686168553141514,
      "2": 0.563210124915297,
      "3": 0.486673619869632,
      "4": 0.219010410650398,
      "5": 0.473306472443494,
      "6": 0.728640895390455,
      "7": 0.457496998741099,
      "8": 0.371246314641015,
      "9": 0.101355822318316,
      "10": 0.302350015299936,
      "11": 0.091537994449698,
      "12": 0.30235000969421
    },
    "objective_value": 4.783347231555064,
    "lower_bound": 1.030416874047255,
    "upper_bound": 4.783347231555065,
    "absolute_gap": 3.7529303575078092,
    "relative_gap": 3.6421476123222916
  },
  "performance": {
    "solution_time_seconds": 300.62092113494873,
    "solver_status": "ok",
    "termination_condition": "feasible",
    "solver": "gams",
    "subsolver": "gurobi",
    "is_relaxation": false,
    "root_relaxation_value": 0.0,
    "root_relaxation_gap_percent": 100.0,
    "relaxation_gap_percent": null,
    "absolute_gap": null
  }
}