{
  "model_parameters": {
    "n_dimensions": 3,
    "n_clusters": 4,
    "n_points": 17,
    "coord_range_lower": -1,
    "coord_range_upper": 1
  },
  "solution": {
    "status": "optimal",
    "center_coordinates": {
      "cluster_1": {
        "dim_1": -0.256297420050795,
        "dim_2": -0.146127200074031,
        "dim_3": 0.843819733742158
      },
      "cluster_2": {
        "dim_1": -0.125129340455794,
        "dim_2": -0.667398903470478,
        "dim_3": -0.4667817150186
      },
      "cluster_3": {
        "dim_1": 0.724193913378319,
        "dim_2": 0.495737880573436,
        "dim_3": -0.244507326894531
      },
      "cluster_4": {
        "dim_1": 0.78723314146731,
        "dim_2": -0.635000942869893,
        "dim_3": 0.49440498569605
      }
    },
    "distances": {
      "1": 0.295341893065809,
      "2": 0.165294302377892,
      "3": 0.438998279905198,
      "4": 0.253380000620009,
      "5": 0.250761387110914,
      "6": 0.807535178276835,
      "7": 0.160034624129903,
      "8": 0.316541623113854,
      "9": 0.595662650315421,
      "10": 0.246251288140061,
      "11": 0.24703166029674,
      "12": 0.716802585360369,
      "13": 0.512753635439327,
      "14": 0.406368980193658,
      "15": 0.091611338703661,
      "16": 0.359317689076379,
      "17": 0.565583111297927
    },
    "objective_value": 6.429270227423957,
    "lower_bound": 0.881598148745702,
    "upper_bound": 6.429270227423959,
    "absolute_gap": 5.5476720786782545,
    "relative_gap": 6.292744700713394
  },
  "performance": {
    "solution_time_seconds": 301.0038812160492,
    "solver_status": "ok",
    "termination_condition": "optimal",
    "solver": "gams",
    "subsolver": "scip",
    "is_relaxation": false,
    "root_relaxation_value": 0.881598148745702,
    "root_relaxation_gap_percent": 86.28774157002674,
    "relaxation_gap_percent": null,
    "absolute_gap": null
  }
}