{
  "model_parameters": {
    "n_dimensions": 4,
    "n_clusters": 3,
    "n_points": 10,
    "coord_range_lower": -1,
    "coord_range_upper": 1
  },
  "solution": {
    "status": "optimal",
    "center_coordinates": {
      "cluster_1": {
        "dim_1": -0.459583984651662,
        "dim_2": 0.151096083629653,
        "dim_3": 0.785454362905559,
        "dim_4": -0.538651715697786
      },
      "cluster_2": {
        "dim_1": 0.038465167863176,
        "dim_2": -0.525057493122083,
        "dim_3": 0.43632806323403,
        "dim_4": 0.385669076339399
      },
      "cluster_3": {
        "dim_1": 0.359192191015601,
        "dim_2": 0.936922142267912,
        "dim_3": 0.091531537366788,
        "dim_4": -0.607949878628154
      }
    },
    "distances": {
      "1": 0.007352915723641,
      "2": 0.915042868136989,
      "3": 0.579178209384781,
      "4": 0.291305928833357,
      "5": 0.045218492650305,
      "6": 5.32237542e-07,
      "7": 0.656798774635398,
      "8": 0.399874999060762,
      "9": 0.371163901585614,
      "10": 0.577067262202868
    },
    "objective_value": 3.843003884451257,
    "lower_bound": 3.843003530223265,
    "upper_bound": 3.843003884451258,
    "absolute_gap": 3.5422799227191604e-07,
    "relative_gap": 9.217477670423494e-08
  },
  "performance": {
    "solution_time_seconds": 12.712963819503784,
    "solver_status": "ok",
    "termination_condition": "optimal",
    "solver": "gams",
    "subsolver": "gurobi",
    "is_relaxation": false,
    "root_relaxation_value": 0.0,
    "root_relaxation_gap_percent": 100.0,
    "relaxation_gap_percent": null,
    "absolute_gap": null
  }
}