{
  "model_parameters": {
    "n_dimensions": 2,
    "n_clusters": 4,
    "n_points": 14,
    "coord_range_lower": -1,
    "coord_range_upper": 1
  },
  "solution": {
    "status": "optimal",
    "center_coordinates": {
      "cluster_1": {
        "dim_1": -0.451197400288716,
        "dim_2": 0.263741643773751
      },
      "cluster_2": {
        "dim_1": -0.229885790348416,
        "dim_2": -0.703709697813715
      },
      "cluster_3": {
        "dim_1": 0.607929219960395,
        "dim_2": -0.240474093796744
      },
      "cluster_4": {
        "dim_1": 0.692177788535089,
        "dim_2": 0.773777879506007
      }
    },
    "distances": {
      "1": 0.05027247827479,
      "2": 0.033950166318798,
      "3": 0.146488905143681,
      "4": 0.057906202421673,
      "5": 0.015129641441913,
      "6": 0.092366782479092,
      "7": 0.050692628458363,
      "8": 0.078487849799151,
      "9": 0.050248448353054,
      "10": 0.304270419846459,
      "11": 0.139139739633348,
      "12": 0.004023470426222,
      "13": 0.044953220227044,
      "14": 0.042069477396351
    },
    "objective_value": 1.109999430219939,
    "lower_bound": 1.109998351917261,
    "absolute_gap": 1.0783026780369909e-06,
    "relative_gap": 9.714452964497441e-07
  },
  "performance": {
    "solution_time_seconds": 84.173499584198,
    "solver_status": "ok",
    "termination_condition": "optimal",
    "solver": "gams",
    "subsolver": "gurobi",
    "is_relaxation": false,
    "root_relaxation_value": 0.0,
    "root_relaxation_gap_percent": 100.0,
    "relaxation_gap_percent": null,
    "absolute_gap": null
  }
}