{
  "model_parameters": {
    "n_dimensions": 2,
    "n_clusters": 5,
    "n_points": 16,
    "coord_range_lower": -1,
    "coord_range_upper": 1
  },
  "solution": {
    "status": "optimal",
    "center_coordinates": {
      "cluster_1": {
        "dim_1": -0.883781334028079,
        "dim_2": -0.611708912425093
      },
      "cluster_2": {
        "dim_1": -0.261535632458184,
        "dim_2": 0.529978934078348
      },
      "cluster_3": {
        "dim_1": 0.255736245721563,
        "dim_2": 0.028472928060321
      },
      "cluster_4": {
        "dim_1": 0.2748797071024,
        "dim_2": -0.829368756645684
      },
      "cluster_5": {
        "dim_1": 0.588223342717224,
        "dim_2": 0.620818391303944
      }
    },
    "distances": {
      "1": 0.024422300409441,
      "2": 0.0632034967648,
      "3": 0.063440683731568,
      "4": 0.024926973792184,
      "5": 0.000402326824224,
      "6": 0.164654761026729,
      "7": 0.022725442222968,
      "8": 0.053949535409403,
      "9": 0.080218780404432,
      "10": 0.006881010705425,
      "11": 0.083664597872855,
      "12": 0.213516646608846,
      "13": 0.033237098155558,
      "14": 0.0,
      "15": 0.09140461621899,
      "16": 0.143188292367029
    },
    "objective_value": 1.069836562514452,
    "lower_bound": 1.069835550077771,
    "absolute_gap": 1.0124366809360907e-06,
    "relative_gap": 9.463479511991281e-07
  },
  "performance": {
    "solution_time_seconds": 339.9447395801544,
    "solver_status": "ok",
    "termination_condition": "optimal",
    "solver": "gams",
    "subsolver": "gurobi",
    "is_relaxation": false,
    "root_relaxation_value": 0.0,
    "root_relaxation_gap_percent": 100.0,
    "relaxation_gap_percent": null,
    "absolute_gap": null
  }
}