{
  "model_parameters": {
    "n_dimensions": 3,
    "n_clusters": 4,
    "n_points": 17,
    "coord_range_lower": -1,
    "coord_range_upper": 1
  },
  "solution": {
    "status": "optimal",
    "center_coordinates": {
      "cluster_1": {
        "dim_1": -0.256106896256388,
        "dim_2": -0.145853194710092,
        "dim_3": 0.843743748317967
      },
      "cluster_2": {
        "dim_1": -0.125253712176311,
        "dim_2": -0.667260818407405,
        "dim_3": -0.466727578822145
      },
      "cluster_3": {
        "dim_1": 0.72386896977119,
        "dim_2": 0.495249815623727,
        "dim_3": -0.244131335812785
      },
      "cluster_4": {
        "dim_1": 0.787130555209853,
        "dim_2": -0.635283371536469,
        "dim_3": 0.494970054292548
      }
    },
    "distances": {
      "1": 0.295012905881517,
      "2": 0.165225141331882,
      "3": 0.438838514276984,
      "4": 0.253606427998145,
      "5": 0.250791787887202,
      "6": 0.808147122394401,
      "7": 0.159779308356249,
      "8": 0.316514537694371,
      "9": 0.596589998004047,
      "10": 0.246775121741585,
      "11": 0.246537781059973,
      "12": 0.716640802188818,
      "13": 0.512146665684802,
      "14": 0.40597666201615,
      "15": 0.091564779495278,
      "16": 0.359332745778177,
      "17": 0.56579126538211
    },
    "objective_value": 6.429271567171691,
    "lower_bound": 6.429271567171691,
    "absolute_gap": 0.0,
    "relative_gap": 0.0
  },
  "performance": {
    "solution_time_seconds": 1287.1616139411926,
    "solver_status": "ok",
    "termination_condition": "optimal",
    "solver": "gams",
    "subsolver": "baron",
    "is_relaxation": false,
    "root_relaxation_value": 0.0,
    "root_relaxation_gap_percent": 100.0,
    "relaxation_gap_percent": null,
    "absolute_gap": null
  }
}