{
  "model_parameters": {
    "n_dimensions": 2,
    "n_clusters": 4,
    "n_points": 17,
    "coord_range_lower": -1,
    "coord_range_upper": 1
  },
  "solution": {
    "status": "optimal",
    "center_coordinates": {
      "cluster_1": {
        "dim_1": -0.684088555853115,
        "dim_2": -0.699717318258668
      },
      "cluster_2": {
        "dim_1": -0.647048807965057,
        "dim_2": 0.546652066104001
      },
      "cluster_3": {
        "dim_1": 0.370527403768009,
        "dim_2": -0.093071008422135
      },
      "cluster_4": {
        "dim_1": 0.565527529742097,
        "dim_2": 0.729572079911218
      }
    },
    "distances": {
      "1": 0.076680846865282,
      "2": 0.097332392646544,
      "3": 0.328606246543404,
      "4": 0.108399160490553,
      "5": 0.091316399254686,
      "6": 0.039662900191603,
      "7": 0.026757258458809,
      "8": 0.378028157773303,
      "9": 0.00471892806156,
      "10": 0.086297903188527,
      "11": 0.000770786026672,
      "12": 0.006867160470078,
      "13": 0.157870691010862,
      "14": 0.251287661292779,
      "15": 0.01211240865525,
      "16": 0.311028319056309,
      "17": 0.11408186417869
    },
    "objective_value": 2.091819084164911,
    "lower_bound": 2.091819084164912,
    "absolute_gap": -8.881784197001252e-16,
    "relative_gap": -4.2459619305686774e-16
  },
  "performance": {
    "solution_time_seconds": 15.553130626678467,
    "solver_status": "ok",
    "termination_condition": "optimal",
    "solver": "gams",
    "subsolver": "baron",
    "is_relaxation": false,
    "root_relaxation_value": 0.0,
    "root_relaxation_gap_percent": 100.0,
    "relaxation_gap_percent": null,
    "absolute_gap": null
  }
}