{
  "model_parameters": {
    "n_dimensions": 4,
    "n_clusters": 4,
    "n_points": 16,
    "coord_range_lower": -1,
    "coord_range_upper": 1
  },
  "solution": {
    "status": "feasible",
    "center_coordinates": {
      "cluster_1": {
        "dim_1": -0.017304252399619,
        "dim_2": -0.494264567918713,
        "dim_3": 0.272685109898263,
        "dim_4": -0.159275129487039
      },
      "cluster_2": {
        "dim_1": -0.017304252401301,
        "dim_2": 0.619673003877202,
        "dim_3": 0.763279760475151,
        "dim_4": -0.373638028553395
      },
      "cluster_3": {
        "dim_1": 0.58449126042062,
        "dim_2": -0.042667670803785,
        "dim_3": -0.851680075172409,
        "dim_4": -0.173901133711624
      },
      "cluster_4": {
        "dim_1": 0.584491260420619,
        "dim_2": 0.416931142341262,
        "dim_3": -0.041424965281966,
        "dim_4": -0.478959562778894
      }
    },
    "distances": {
      "1": 0.208194156181239,
      "2": 0.499727426106886,
      "3": 0.055123661580952,
      "4": 0.304792597897677,
      "5": 0.07638930475472,
      "6": 0.359530873651414,
      "7": 0.267519229127211,
      "8": 0.660278939258862,
      "9": 0.759378911068974,
      "10": 0.623378658431386,
      "11": 0.278145888179488,
      "12": 0.293012590305753,
      "13": 0.369976135853322,
      "14": 0.47981194862658,
      "15": 0.240690312045428,
      "16": 0.621388052726254
    },
    "objective_value": 6.097338685796146,
    "lower_bound": 2.006921797462053,
    "upper_bound": 6.097338685796147,
    "absolute_gap": 4.090416888334093,
    "relative_gap": 2.038154597506899
  },
  "performance": {
    "solution_time_seconds": 300.7423138618469,
    "solver_status": "ok",
    "termination_condition": "feasible",
    "solver": "gams",
    "subsolver": "gurobi",
    "is_relaxation": false,
    "root_relaxation_value": 0.0,
    "root_relaxation_gap_percent": 100.0,
    "relaxation_gap_percent": null,
    "absolute_gap": null
  }
}