{
  "model_parameters": {
    "n_dimensions": 3,
    "n_clusters": 4,
    "n_points": 11,
    "coord_range_lower": -1,
    "coord_range_upper": 1
  },
  "solution": {
    "status": "optimal",
    "center_coordinates": {
      "cluster_1": {
        "dim_1": -0.225718315405671,
        "dim_2": 0.752679282530301,
        "dim_3": -0.61532052254176
      },
      "cluster_2": {
        "dim_1": 0.228947575405028,
        "dim_2": -0.859611126073033,
        "dim_3": 0.478821384917702
      },
      "cluster_3": {
        "dim_1": 0.589584243240986,
        "dim_2": 0.079119674385024,
        "dim_3": -0.244946072631299
      },
      "cluster_4": {
        "dim_1": 0.65381484242563,
        "dim_2": 0.567388439885043,
        "dim_3": 0.585518320743021
      }
    },
    "distances": {
      "1": 0.138063719833953,
      "2": 0.191916788728837,
      "3": 0.058395573561041,
      "4": 0.51483661464715,
      "5": 0.069202082962842,
      "6": 0.058395614240621,
      "7": 0.167801185454862,
      "8": 0.15221258483659,
      "9": 0.514846103660675,
      "10": 0.148924365526121,
      "11": 0.121179242410814
    },
    "objective_value": 2.135773875863506,
    "lower_bound": 2.135773870431131,
    "upper_bound": 2.135773875863504,
    "absolute_gap": 5.432374994285283e-09,
    "relative_gap": 2.543515991788351e-09
  },
  "performance": {
    "solution_time_seconds": 13.587256908416748,
    "solver_status": "ok",
    "termination_condition": "optimal",
    "solver": "gams",
    "subsolver": "gurobi",
    "is_relaxation": false,
    "root_relaxation_value": 0.0,
    "root_relaxation_gap_percent": 100.0,
    "relaxation_gap_percent": null,
    "absolute_gap": null
  }
}