{
  "model_parameters": {
    "n_dimensions": 2,
    "n_clusters": 5,
    "n_points": 10,
    "coord_range_lower": -1,
    "coord_range_upper": 1
  },
  "solution": {
    "status": "optimal",
    "center_coordinates": {
      "cluster_1": {
        "dim_1": -0.88474451392721,
        "dim_2": 0.574390399253003
      },
      "cluster_2": {
        "dim_1": -0.755002037519831,
        "dim_2": -0.82440135532858
      },
      "cluster_3": {
        "dim_1": -0.159710359068262,
        "dim_2": -0.13056723449453
      },
      "cluster_4": {
        "dim_1": 0.049703184239319,
        "dim_2": 0.510230651350361
      },
      "cluster_5": {
        "dim_1": 0.864094812764573,
        "dim_2": 0.742193810270605
      }
    },
    "distances": {
      "1": 0.006649308057311,
      "2": 0.025621993815285,
      "3": 0.013307707071042,
      "4": 0.01621879933273,
      "5": 0.0,
      "6": 0.145062908920651,
      "7": 0.160544409979585,
      "8": 0.013250376704828,
      "9": 0.0,
      "10": 0.027429232682424
    },
    "objective_value": 0.40808473656385597,
    "lower_bound": 0.408084512363381,
    "absolute_gap": 2.242004749630766e-07,
    "relative_gap": 5.493971669364313e-07
  },
  "performance": {
    "solution_time_seconds": 31.598730087280273,
    "solver_status": "ok",
    "termination_condition": "optimal",
    "solver": "gams",
    "subsolver": "gurobi",
    "is_relaxation": false,
    "root_relaxation_value": 0.0,
    "root_relaxation_gap_percent": 100.0,
    "relaxation_gap_percent": null,
    "absolute_gap": null
  }
}