{
  "model_parameters": {
    "n_dimensions": 3,
    "n_clusters": 4,
    "n_points": 13,
    "coord_range_lower": -1,
    "coord_range_upper": 1
  },
  "solution": {
    "status": "optimal",
    "center_coordinates": {
      "cluster_1": {
        "dim_1": -0.956420587605864,
        "dim_2": -0.58665695177657,
        "dim_3": 0.842747119988496
      },
      "cluster_2": {
        "dim_1": -0.228633006708679,
        "dim_2": 0.745614025674053,
        "dim_3": 0.391774478443208
      },
      "cluster_3": {
        "dim_1": 0.47120660015091,
        "dim_2": 0.058525269887899,
        "dim_3": -0.524084272769637
      },
      "cluster_4": {
        "dim_1": 0.670428882423936,
        "dim_2": -0.299547328539016,
        "dim_3": 0.410780546422157
      }
    },
    "distances": {
      "1": 0.074191309000532,
      "2": 0.0,
      "3": 0.418489908313259,
      "4": 0.030123359277546,
      "5": 0.220264147691522,
      "6": 0.099507570044932,
      "7": 0.576888374801601,
      "8": 0.019146473081384,
      "9": 0.157338611068235,
      "10": 0.133302091328946,
      "11": 0.387093698132628,
      "12": 0.22061046478457,
      "13": 0.109221549550101
    },
    "objective_value": 2.446177557075256,
    "lower_bound": 2.446177557075254,
    "absolute_gap": 2.220446049250313e-15,
    "relative_gap": 9.077207183215128e-16
  },
  "performance": {
    "solution_time_seconds": 49.209688663482666,
    "solver_status": "ok",
    "termination_condition": "optimal",
    "solver": "gams",
    "subsolver": "baron",
    "is_relaxation": false,
    "root_relaxation_value": 0.0,
    "root_relaxation_gap_percent": 100.0,
    "relaxation_gap_percent": null,
    "absolute_gap": null
  }
}