{
  "model_parameters": {
    "n_dimensions": 4,
    "n_clusters": 3,
    "n_points": 12,
    "coord_range_lower": -1,
    "coord_range_upper": 1
  },
  "solution": {
    "status": "optimal",
    "center_coordinates": {
      "cluster_1": {
        "dim_1": -0.020097905216927,
        "dim_2": 0.732734011811393,
        "dim_3": 0.065449977008839,
        "dim_4": -0.380632561359444
      },
      "cluster_2": {
        "dim_1": 0.240660782843371,
        "dim_2": -0.85378922886366,
        "dim_3": 0.448572736932567,
        "dim_4": -0.368028984417648
      },
      "cluster_3": {
        "dim_1": 0.323716149677593,
        "dim_2": -0.088363449817193,
        "dim_3": -0.670408597072654,
        "dim_4": 0.496880150923515
      }
    },
    "distances": {
      "1": 0.074373042440421,
      "2": 0.549324015370493,
      "3": 0.380583773790512,
      "4": 0.150282736577232,
      "5": 1.566229211985038,
      "6": 0.560614404342793,
      "7": 0.692546181922693,
      "8": 0.935527952998541,
      "9": 0.169807341539536,
      "10": 0.771319276084162,
      "11": 0.4246297929974,
      "12": 0.625565505151708
    },
    "objective_value": 6.900803235200529,
    "lower_bound": 6.404920349618449,
    "absolute_gap": 0.4958828855820805,
    "relative_gap": 0.07742217834318908
  },
  "performance": {
    "solution_time_seconds": 1801.4551103115082,
    "solver_status": "ok",
    "termination_condition": "optimal",
    "solver": "gams",
    "subsolver": "scip",
    "is_relaxation": false,
    "root_relaxation_value": 6.40492034961845,
    "root_relaxation_gap_percent": 7.1858719728830085,
    "relaxation_gap_percent": null,
    "absolute_gap": null
  }
}