{
  "model_parameters": {
    "n_dimensions": 5,
    "n_clusters": 5,
    "n_points": 10,
    "coord_range_lower": -1,
    "coord_range_upper": 1
  },
  "solution": {
    "status": "optimal",
    "center_coordinates": {
      "cluster_1": {
        "dim_1": -0.969867264797491,
        "dim_2": -0.891696000700372,
        "dim_3": 0.047858153728341,
        "dim_4": -0.029741513877265,
        "dim_5": -0.330537517447253
      },
      "cluster_2": {
        "dim_1": -0.705682395295427,
        "dim_2": 0.664605524954442,
        "dim_3": -0.19599225498774,
        "dim_4": -0.133546923554113,
        "dim_5": -0.110565050498627
      },
      "cluster_3": {
        "dim_1": 0.275889458584572,
        "dim_2": -0.684082117364348,
        "dim_3": 0.881441602468307,
        "dim_4": 0.09940623396231,
        "dim_5": 0.587158045078809
      },
      "cluster_4": {
        "dim_1": 0.443816670562572,
        "dim_2": 0.208819123965783,
        "dim_3": -0.282131132489483,
        "dim_4": 0.44071161590963,
        "dim_5": -0.634433693563734
      },
      "cluster_5": {
        "dim_1": 0.930915432323966,
        "dim_2": 0.861788979010143,
        "dim_3": 0.047017308982814,
        "dim_4": -0.076565691949994,
        "dim_5": -0.439407201771315
      }
    },
    "distances": {
      "1": 0.439135757494206,
      "2": 0.0,
      "3": 0.574962115761905,
      "4": 0.435906403385998,
      "5": 0.199955904490385,
      "6": 0.221104993198115,
      "7": 0.279440036259552,
      "8": 0.178253015146812,
      "9": 0.0,
      "10": 0.178253025333933
    },
    "objective_value": 2.507011251070906,
    "lower_bound": 2.507011059502742,
    "upper_bound": 2.507011251070905,
    "absolute_gap": 1.915681639985678e-07,
    "relative_gap": 7.641297124415747e-08
  },
  "performance": {
    "solution_time_seconds": 7.972266674041748,
    "solver_status": "ok",
    "termination_condition": "optimal",
    "solver": "gams",
    "subsolver": "baron",
    "is_relaxation": false,
    "root_relaxation_value": 0.0,
    "root_relaxation_gap_percent": 100.0,
    "relaxation_gap_percent": null,
    "absolute_gap": null
  }
}