{
  "model_parameters": {
    "n_dimensions": 4,
    "n_clusters": 4,
    "n_points": 15,
    "coord_range_lower": -1,
    "coord_range_upper": 1
  },
  "solution": {
    "status": "optimal",
    "center_coordinates": {
      "cluster_1": {
        "dim_1": -0.79457040109372,
        "dim_2": -0.201126048223428,
        "dim_3": -0.923835951939768,
        "dim_4": 0.141715253327016
      },
      "cluster_2": {
        "dim_1": -0.557790458011528,
        "dim_2": -0.516690661525861,
        "dim_3": 0.728241136830589,
        "dim_4": -0.507434187985674
      },
      "cluster_3": {
        "dim_1": 0.279873087684194,
        "dim_2": 0.231735785012423,
        "dim_3": -0.597834306543757,
        "dim_4": -0.652618862462146
      },
      "cluster_4": {
        "dim_1": 0.541563622092754,
        "dim_2": 0.355527696539062,
        "dim_3": 0.39126221282165,
        "dim_4": -0.028100538563717
      }
    },
    "distances": {
      "1": 0.804394403630489,
      "2": 0.60033738337509,
      "3": 0.646993515281236,
      "4": 0.275884722874368,
      "5": 0.298243633899463,
      "6": 0.689720482065152,
      "7": 0.542115181325798,
      "8": 0.133998488100639,
      "9": 0.251981416527172,
      "10": 0.275884715589146,
      "11": 0.133998482230731,
      "12": 0.552794929475314,
      "13": 0.330001373216652,
      "14": 0.729229078096133,
      "15": 0.495243035383917
    },
    "objective_value": 6.7608208410713,
    "lower_bound": 3.036098932083076,
    "absolute_gap": 3.7247219089882244,
    "relative_gap": 1.22681177139135
  },
  "performance": {
    "solution_time_seconds": 1803.5999245643616,
    "solver_status": "ok",
    "termination_condition": "optimal",
    "solver": "gams",
    "subsolver": "scip",
    "is_relaxation": false,
    "root_relaxation_value": 3.03609893208308,
    "root_relaxation_gap_percent": 55.09274682093205,
    "relaxation_gap_percent": null,
    "absolute_gap": null
  }
}