{
  "model_parameters": {
    "n_dimensions": 5,
    "n_clusters": 4,
    "n_points": 11,
    "coord_range_lower": -1,
    "coord_range_upper": 1
  },
  "solution": {
    "status": "optimal",
    "center_coordinates": {
      "cluster_1": {
        "dim_1": -0.782755526707534,
        "dim_2": -0.530451016237938,
        "dim_3": -0.501383655829099,
        "dim_4": 0.435439277620176,
        "dim_5": -0.38071309785284
      },
      "cluster_2": {
        "dim_1": -0.733596958295546,
        "dim_2": 0.546179170190428,
        "dim_3": 0.372441729483901,
        "dim_4": -0.664179856419102,
        "dim_5": 0.159883895254066
      },
      "cluster_3": {
        "dim_1": -0.467255616473243,
        "dim_2": 0.037131850530548,
        "dim_3": 0.661640875434987,
        "dim_4": 0.463208091654389,
        "dim_5": -0.08121714706846
      },
      "cluster_4": {
        "dim_1": 0.527520604780941,
        "dim_2": 0.280980151831842,
        "dim_3": 0.604540994427501,
        "dim_4": -0.394985517159189,
        "dim_5": 0.06532008358853
      }
    },
    "distances": {
      "1": 0.218585684142924,
      "2": 0.415811272300954,
      "3": 0.586941515695833,
      "4": 0.954263427066264,
      "5": 0.218288550316062,
      "6": 0.500000663185368,
      "7": 0.440130282172911,
      "8": 0.277086001561801,
      "9": 0.440100965371262,
      "10": 0.30975278971049,
      "11": 0.485746539079727
    },
    "objective_value": 4.846707690603596,
    "lower_bound": 4.846707690603596,
    "absolute_gap": 0.0,
    "relative_gap": 0.0
  },
  "performance": {
    "solution_time_seconds": 171.20939660072327,
    "solver_status": "ok",
    "termination_condition": "optimal",
    "solver": "gams",
    "subsolver": "baron",
    "is_relaxation": false,
    "root_relaxation_value": 0.0,
    "root_relaxation_gap_percent": 100.0,
    "relaxation_gap_percent": null,
    "absolute_gap": null
  }
}