{
  "model_parameters": {
    "n_dimensions": 5,
    "n_clusters": 5,
    "n_points": 16,
    "coord_range_lower": -1,
    "coord_range_upper": 1
  },
  "solution": {
    "status": "feasible",
    "center_coordinates": {
      "cluster_1": {
        "dim_1": -0.73186896967353,
        "dim_2": 0.006321383312016,
        "dim_3": -0.358866600900868,
        "dim_4": -0.762914147984042,
        "dim_5": -0.445280260868644
      },
      "cluster_2": {
        "dim_1": -0.433127255155582,
        "dim_2": 0.350394546966864,
        "dim_3": 0.579143749729199,
        "dim_4": 0.673644998164861,
        "dim_5": 0.468142191565816
      },
      "cluster_3": {
        "dim_1": -0.219089220137145,
        "dim_2": -0.655828023156305,
        "dim_3": -0.30091557612118,
        "dim_4": 0.10757386898881,
        "dim_5": -0.110823105398449
      },
      "cluster_4": {
        "dim_1": 0.289339584395062,
        "dim_2": 0.875635702926019,
        "dim_3": 0.104155523335726,
        "dim_4": -0.234615847334824,
        "dim_5": 0.734014686723586
      },
      "cluster_5": {
        "dim_1": 0.768326839133035,
        "dim_2": 0.577033005119076,
        "dim_3": 0.487704334979816,
        "dim_4": 0.124159472140985,
        "dim_5": -0.616841025861432
      }
    },
    "distances": {
      "1": 0.668373501445828,
      "2": 0.076149273126818,
      "3": 0.505538888357,
      "4": 0.331363319975759,
      "5": 0.202667805420438,
      "6": 0.406962667425416,
      "7": 0.370327142533014,
      "8": 0.596778250962585,
      "9": 0.50480862229213,
      "10": 0.202681307282537,
      "11": 0.588826970511429,
      "12": 0.734003917462745,
      "13": 0.657824018194932,
      "14": 0.396420319994474,
      "15": 0.074810081696979,
      "16": 0.670861618498252
    },
    "objective_value": 6.988397705180335,
    "lower_bound": 3.119579017536123,
    "upper_bound": 6.988397705180337,
    "absolute_gap": 3.8688186876442123,
    "relative_gap": 1.2401733265598915
  },
  "performance": {
    "solution_time_seconds": 301.0094289779663,
    "solver_status": "ok",
    "termination_condition": "feasible",
    "solver": "gams",
    "subsolver": "gurobi",
    "is_relaxation": false,
    "root_relaxation_value": 0.0,
    "root_relaxation_gap_percent": 100.0,
    "relaxation_gap_percent": null,
    "absolute_gap": null
  }
}