{
  "model_parameters": {
    "n_dimensions": 3,
    "n_clusters": 4,
    "n_points": 17,
    "coord_range_lower": -1,
    "coord_range_upper": 1
  },
  "solution": {
    "status": "feasible",
    "center_coordinates": {
      "cluster_1": {
        "dim_1": -0.330243622490621,
        "dim_2": -0.087349165629873,
        "dim_3": 0.905073876342304
      },
      "cluster_2": {
        "dim_1": -0.125214929413214,
        "dim_2": -0.667299190596902,
        "dim_3": -0.466631806330091
      },
      "cluster_3": {
        "dim_1": 0.652700208697398,
        "dim_2": -0.596018798283057,
        "dim_3": 0.503559356896853
      },
      "cluster_4": {
        "dim_1": 0.724129946639462,
        "dim_2": 0.495334900841582,
        "dim_3": -0.244075642258196
      }
    },
    "distances": {
      "1": 0.280650764028299,
      "2": 0.263695813239763,
      "3": 0.438894511083562,
      "4": 0.342416042040052,
      "5": 0.250756004450347,
      "6": 0.823533574323759,
      "7": 0.211573342833815,
      "8": 0.315257818087517,
      "9": 0.596569514522832,
      "10": 0.247161830381708,
      "11": 0.184362071581297,
      "12": 0.716711954193925,
      "13": 0.512041768737515,
      "14": 0.369077015244291,
      "15": 0.09151302904705,
      "16": 0.359422624726108,
      "17": 0.439794442645711
    },
    "objective_value": 6.443432121167551,
    "lower_bound": 3.18776546049161,
    "upper_bound": 6.44343212116755,
    "absolute_gap": 3.2556666606759412,
    "relative_gap": 1.0213005633651164
  },
  "performance": {
    "solution_time_seconds": 300.55866718292236,
    "solver_status": "ok",
    "termination_condition": "feasible",
    "solver": "gams",
    "subsolver": "gurobi",
    "is_relaxation": false,
    "root_relaxation_value": 0.0,
    "root_relaxation_gap_percent": 100.0,
    "relaxation_gap_percent": null,
    "absolute_gap": null
  }
}