{
  "model_parameters": {
    "n_dimensions": 2,
    "n_clusters": 5,
    "n_points": 14,
    "coord_range_lower": -1,
    "coord_range_upper": 1
  },
  "solution": {
    "status": "optimal",
    "center_coordinates": {
      "cluster_1": {
        "dim_1": -0.802435760690878,
        "dim_2": 0.411229880568269
      },
      "cluster_2": {
        "dim_1": -0.445451643288192,
        "dim_2": -0.598290063859335
      },
      "cluster_3": {
        "dim_1": -0.134809829323568,
        "dim_2": 0.571205957666158
      },
      "cluster_4": {
        "dim_1": 0.292737730356197,
        "dim_2": -0.797736971784581
      },
      "cluster_5": {
        "dim_1": 0.434126200530746,
        "dim_2": 0.237373551646665
      }
    },
    "distances": {
      "1": 0.079872256271035,
      "2": 0.080516437145991,
      "3": 0.079781819911426,
      "4": 0.10687912996044,
      "5": 0.089501176659193,
      "6": 0.089678919778201,
      "7": 0.050072204158701,
      "8": 0.179794936822541,
      "9": 0.040117364751323,
      "10": 0.018251621725542,
      "11": 0.155318042350579,
      "12": 0.057356924182608,
      "13": 0.031497828018327,
      "14": 0.054178531452504
    },
    "objective_value": 1.112817193188411,
    "lower_bound": 1.112817193188409,
    "upper_bound": 1.11281719318841,
    "absolute_gap": 1.9984014443252818e-15,
    "relative_gap": 1.7958038899448746e-15
  },
  "performance": {
    "solution_time_seconds": 223.6735908985138,
    "solver_status": "ok",
    "termination_condition": "optimal",
    "solver": "gams",
    "subsolver": "scip",
    "is_relaxation": false,
    "root_relaxation_value": 1.11281719318841,
    "root_relaxation_gap_percent": 7.981350621977206e-14,
    "relaxation_gap_percent": null,
    "absolute_gap": null
  }
}