{
  "model_parameters": {
    "n_dimensions": 4,
    "n_clusters": 5,
    "n_points": 17,
    "coord_range_lower": -1,
    "coord_range_upper": 1
  },
  "solution": {
    "status": "optimal",
    "center_coordinates": {
      "cluster_1": {
        "dim_1": -0.597768498177937,
        "dim_2": 0.081365438064247,
        "dim_3": -0.599423464819974,
        "dim_4": -0.835238216738504
      },
      "cluster_2": {
        "dim_1": -0.597768508165741,
        "dim_2": 0.551822748287071,
        "dim_3": -0.0760069778912,
        "dim_4": 0.070203508220501
      },
      "cluster_3": {
        "dim_1": -0.213906595541912,
        "dim_2": -0.682392303673142,
        "dim_3": 0.375658843390332,
        "dim_4": 0.449184059722353
      },
      "cluster_4": {
        "dim_1": 0.491613306836255,
        "dim_2": 0.598795945904727,
        "dim_3": 0.133997770665473,
        "dim_4": -0.604726663908694
      },
      "cluster_5": {
        "dim_1": 0.566968466284344,
        "dim_2": 0.142368637249535,
        "dim_3": -0.493148880627874,
        "dim_4": 0.849573405532991
      }
    },
    "distances": {
      "1": 0.073233300159948,
      "2": 0.20749987022413,
      "3": 0.181200388202968,
      "4": 0.622324224602651,
      "5": 0.195753787524002,
      "6": 0.335552918173453,
      "7": 0.370718819840813,
      "8": 0.368822582158492,
      "9": 0.399981678993761,
      "10": 0.506171988136244,
      "11": 0.446726450518146,
      "12": 0.544998157885886,
      "13": 0.207499877496781,
      "14": 0.751977245546099,
      "15": 0.589470007546201,
      "16": 0.33690031171179,
      "17": 0.063318197645019
    },
    "objective_value": 6.202149806366384,
    "lower_bound": 0.002273396263894,
    "upper_bound": 6.202149806366381,
    "absolute_gap": 6.1998764101024895,
    "relative_gap": 2727.14286926952
  },
  "performance": {
    "solution_time_seconds": 301.00202989578247,
    "solver_status": "ok",
    "termination_condition": "optimal",
    "solver": "gams",
    "subsolver": "scip",
    "is_relaxation": false,
    "root_relaxation_value": 0.00227339626389357,
    "root_relaxation_gap_percent": 99.96334502817781,
    "relaxation_gap_percent": null,
    "absolute_gap": null
  }
}