{
  "model_parameters": {
    "n_dimensions": 4,
    "n_clusters": 3,
    "n_points": 12,
    "coord_range_lower": -1,
    "coord_range_upper": 1
  },
  "solution": {
    "status": "optimal",
    "center_coordinates": {
      "cluster_1": {
        "dim_1": -0.020125269888455,
        "dim_2": 0.732956045143213,
        "dim_3": 0.065368208628604,
        "dim_4": -0.380940794192499
      },
      "cluster_2": {
        "dim_1": 0.240841923449996,
        "dim_2": -0.853047606219207,
        "dim_3": 0.449234083889553,
        "dim_4": -0.368051163909784
      },
      "cluster_3": {
        "dim_1": 0.324013237088298,
        "dim_2": -0.088282773189798,
        "dim_3": -0.670683390477214,
        "dim_4": 0.496672322327971
      }
    },
    "distances": {
      "1": 0.074705921897581,
      "2": 0.548319492116244,
      "3": 0.381259968089042,
      "4": 0.150295976511477,
      "5": 1.565752685157421,
      "6": 0.560922815506629,
      "7": 0.692955476578821,
      "8": 0.935767120429708,
      "9": 0.169689092011762,
      "10": 0.77142195395584,
      "11": 0.424191350604443,
      "12": 0.62553253876298
    },
    "objective_value": 6.900814391621948,
    "lower_bound": 6.900808906616087,
    "upper_bound": 6.900814391621948,
    "absolute_gap": 5.485005861061154e-06,
    "relative_gap": 7.94835204870324e-07
  },
  "performance": {
    "solution_time_seconds": 5.218104124069214,
    "solver_status": "ok",
    "termination_condition": "optimal",
    "solver": "gams",
    "subsolver": "gurobi",
    "is_relaxation": false,
    "root_relaxation_value": 0.0,
    "root_relaxation_gap_percent": 100.0,
    "relaxation_gap_percent": null,
    "absolute_gap": null
  }
}