{
  "model_parameters": {
    "n_dimensions": 4,
    "n_clusters": 4,
    "n_points": 14,
    "coord_range_lower": -1,
    "coord_range_upper": 1
  },
  "solution": {
    "status": "optimal",
    "center_coordinates": {
      "cluster_1": {
        "dim_1": -0.788913463147763,
        "dim_2": 0.828534030516431,
        "dim_3": -0.907951388246337,
        "dim_4": -0.542784849560068
      },
      "cluster_2": {
        "dim_1": -0.545371077310083,
        "dim_2": -0.184428711356092,
        "dim_3": 0.521918190457506,
        "dim_4": 0.845174816076631
      },
      "cluster_3": {
        "dim_1": 0.169844111029955,
        "dim_2": 0.317612209004835,
        "dim_3": 0.825486373534699,
        "dim_4": -0.369858191779103
      },
      "cluster_4": {
        "dim_1": 0.825770381684344,
        "dim_2": -0.166680199276854,
        "dim_3": -0.207883625979568,
        "dim_4": 0.013688510033124
      }
    },
    "distances": {
      "1": 0.428813888754466,
      "2": 0.208954302750184,
      "3": 0.200899544549354,
      "4": 0.597603690331121,
      "5": 0.45576895918313,
      "6": 0.892895764094025,
      "7": 1.1433614999902,
      "8": 0.333416398488498,
      "9": 0.659280561264825,
      "10": 0.363837956321244,
      "11": 0.401239030776411,
      "12": 0.440893779158563,
      "13": 0.209097269760036,
      "14": 0.985162344878012
    },
    "objective_value": 7.3212249903000695,
    "lower_bound": 7.147732550071618,
    "absolute_gap": 0.17349244022845145,
    "relative_gap": 0.024272374352718767
  },
  "performance": {
    "solution_time_seconds": 1800.5536692142487,
    "solver_status": "ok",
    "termination_condition": "optimal",
    "solver": "gams",
    "subsolver": "gurobi",
    "is_relaxation": false,
    "root_relaxation_value": 0.0,
    "root_relaxation_gap_percent": 100.0,
    "relaxation_gap_percent": null,
    "absolute_gap": null
  }
}