{
  "model_parameters": {
    "n_dimensions": 2,
    "n_clusters": 5,
    "n_points": 14,
    "coord_range_lower": -1,
    "coord_range_upper": 1
  },
  "solution": {
    "status": "optimal",
    "center_coordinates": {
      "cluster_1": {
        "dim_1": -0.802267899756807,
        "dim_2": 0.41115883372446
      },
      "cluster_2": {
        "dim_1": -0.445369992076472,
        "dim_2": -0.598858116291898
      },
      "cluster_3": {
        "dim_1": -0.134311144530956,
        "dim_2": 0.570744100769264
      },
      "cluster_4": {
        "dim_1": 0.292615740910872,
        "dim_2": -0.797800855573326
      },
      "cluster_5": {
        "dim_1": 0.43449366965403,
        "dim_2": 0.237919295697175
      }
    },
    "distances": {
      "1": 0.080128437176707,
      "2": 0.080245724243927,
      "3": 0.079525695377652,
      "4": 0.106759895743658,
      "5": 0.089885630585553,
      "6": 0.089294428619403,
      "7": 0.050023713563348,
      "8": 0.17988652123256,
      "9": 0.040072372375446,
      "10": 0.018296709892739,
      "11": 0.155388090113827,
      "12": 0.057556896120728,
      "13": 0.031532305278544,
      "14": 0.054216727378248
    },
    "objective_value": 1.11281314770234,
    "lower_bound": 0.963322541861171,
    "absolute_gap": 0.14949060584116902,
    "relative_gap": 0.15518229808299538
  },
  "performance": {
    "solution_time_seconds": 1801.6187014579773,
    "solver_status": "ok",
    "termination_condition": "optimal",
    "solver": "gams",
    "subsolver": "scip",
    "is_relaxation": false,
    "root_relaxation_value": 0.963322541861171,
    "root_relaxation_gap_percent": 13.433576530779398,
    "relaxation_gap_percent": null,
    "absolute_gap": null
  }
}