{
  "model_parameters": {
    "n_dimensions": 5,
    "n_clusters": 3,
    "n_points": 17,
    "coord_range_lower": -1,
    "coord_range_upper": 1
  },
  "solution": {
    "status": "optimal",
    "center_coordinates": {
      "cluster_1": {
        "dim_1": -0.450091409973562,
        "dim_2": -0.162311658643437,
        "dim_3": -0.393626867552188,
        "dim_4": -0.16140094286873,
        "dim_5": 0.597837439289921
      },
      "cluster_2": {
        "dim_1": -0.227201261820686,
        "dim_2": -0.204093343441708,
        "dim_3": -0.145097897949718,
        "dim_4": 0.404505548778447,
        "dim_5": -0.694444708691369
      },
      "cluster_3": {
        "dim_1": 0.300944954224734,
        "dim_2": -0.272664730837122,
        "dim_3": 0.332374611646225,
        "dim_4": 0.863716397237701,
        "dim_5": 0.532446278482623
      }
    },
    "distances": {
      "1": 1.016799246848715,
      "2": 0.730569478624978,
      "3": 1.287946145265882,
      "4": 0.931703004313207,
      "5": 2.000498786638628,
      "6": 0.708194209532049,
      "7": 1.001158028385049,
      "8": 0.208248022335598,
      "9": 0.798674215117216,
      "10": 1.481461842224356,
      "11": 1.469073659110473,
      "12": 0.499546638562555,
      "13": 0.676334312060503,
      "14": 0.354124384468898,
      "15": 0.766044438999916,
      "16": 1.791300459610025,
      "17": 0.787100158469715
    },
    "objective_value": 16.508777030567764,
    "lower_bound": 4.713147113914427,
    "upper_bound": 16.50877703056776,
    "absolute_gap": 11.795629916653336,
    "relative_gap": 2.5027077728657336
  },
  "performance": {
    "solution_time_seconds": 300.94452929496765,
    "solver_status": "ok",
    "termination_condition": "optimal",
    "solver": "gams",
    "subsolver": "scip",
    "is_relaxation": false,
    "root_relaxation_value": 4.71314711391443,
    "root_relaxation_gap_percent": 71.45065860912933,
    "relaxation_gap_percent": null,
    "absolute_gap": null
  }
}