{
  "model_parameters": {
    "n_dimensions": 2,
    "n_clusters": 4,
    "n_points": 17,
    "coord_range_lower": -1,
    "coord_range_upper": 1
  },
  "solution": {
    "status": "optimal",
    "center_coordinates": {
      "cluster_1": {
        "dim_1": -0.684119494018199,
        "dim_2": -0.699720914911418
      },
      "cluster_2": {
        "dim_1": -0.647065008095922,
        "dim_2": 0.546686695074296
      },
      "cluster_3": {
        "dim_1": 0.370517221048681,
        "dim_2": -0.093068587485457
      },
      "cluster_4": {
        "dim_1": 0.565514559699501,
        "dim_2": 0.729568689280165
      }
    },
    "distances": {
      "1": 0.076671093309105,
      "2": 0.097334144932879,
      "3": 0.328594488890979,
      "4": 0.108392471552848,
      "5": 0.091294718194084,
      "6": 0.03964878198521,
      "7": 0.026752930878897,
      "8": 0.378041035150516,
      "9": 0.004715277847781,
      "10": 0.086306137566188,
      "11": 0.000771550634761,
      "12": 0.006865698325733,
      "13": 0.157864022064759,
      "14": 0.251323526685373,
      "15": 0.012117734529244,
      "16": 0.31103612834343,
      "17": 0.114090218754692
    },
    "objective_value": 2.091819959646479,
    "lower_bound": 2.091819173056592,
    "upper_bound": 2.091819959646477,
    "absolute_gap": 7.865898870029753e-07,
    "relative_gap": 3.7603149313025967e-07
  },
  "performance": {
    "solution_time_seconds": 19.525981426239014,
    "solver_status": "ok",
    "termination_condition": "optimal",
    "solver": "gams",
    "subsolver": "gurobi",
    "is_relaxation": false,
    "root_relaxation_value": 0.0,
    "root_relaxation_gap_percent": 100.0,
    "relaxation_gap_percent": null,
    "absolute_gap": null
  }
}