{
  "model_parameters": {
    "n_dimensions": 5,
    "n_clusters": 4,
    "n_points": 13,
    "coord_range_lower": -1,
    "coord_range_upper": 1
  },
  "solution": {
    "status": "optimal",
    "center_coordinates": {
      "cluster_1": {
        "dim_1": -0.325776832434222,
        "dim_2": 0.726991312281104,
        "dim_3": 0.327454110955884,
        "dim_4": 0.130428311674156,
        "dim_5": 0.801419957847934
      },
      "cluster_2": {
        "dim_1": -0.299796449991561,
        "dim_2": -0.33292493977553,
        "dim_3": 0.005780807973695,
        "dim_4": -0.729957124476537,
        "dim_5": -0.116807996649548
      },
      "cluster_3": {
        "dim_1": 0.47029934911136,
        "dim_2": -0.399287662401896,
        "dim_3": 0.745920972257075,
        "dim_4": 0.728310764116633,
        "dim_5": 0.700444541149623
      },
      "cluster_4": {
        "dim_1": 0.47029934911136,
        "dim_2": 0.452325442889261,
        "dim_3": -0.025699611513655,
        "dim_4": 0.39018690592711,
        "dim_5": -0.605304787815326
      }
    },
    "distances": {
      "1": 0.084567692152141,
      "2": 0.382646571356066,
      "3": 0.183013753661097,
      "4": 0.499303825998127,
      "5": 0.602870896444837,
      "6": 0.621294748835438,
      "7": 0.443064053942467,
      "8": 0.086946790116251,
      "9": 1.220365046553642,
      "10": 1.221185803352407,
      "11": 0.618544118623288,
      "12": 0.076455235054699,
      "13": 0.19530828219756
    },
    "objective_value": 6.23556681828802,
    "lower_bound": 2.603961283875104,
    "upper_bound": 6.235566818288021,
    "absolute_gap": 3.631605534412916,
    "relative_gap": 1.3946465167901867
  },
  "performance": {
    "solution_time_seconds": 301.5941891670227,
    "solver_status": "ok",
    "termination_condition": "optimal",
    "solver": "gams",
    "subsolver": "baron",
    "is_relaxation": false,
    "root_relaxation_value": 0.832901,
    "root_relaxation_gap_percent": 86.64273795355346,
    "relaxation_gap_percent": null,
    "absolute_gap": null
  }
}