{
  "model_parameters": {
    "n_dimensions": 4,
    "n_clusters": 5,
    "n_points": 14,
    "coord_range_lower": -1,
    "coord_range_upper": 1
  },
  "solution": {
    "status": "optimal",
    "center_coordinates": {
      "cluster_1": {
        "dim_1": -0.737383725136454,
        "dim_2": -0.719641336604915,
        "dim_3": -0.819305964157494,
        "dim_4": -0.277753036257853
      },
      "cluster_2": {
        "dim_1": -0.737383725136454,
        "dim_2": 0.272026876168954,
        "dim_3": -0.163271579324753,
        "dim_4": -0.338704061770717
      },
      "cluster_3": {
        "dim_1": 0.044695652071239,
        "dim_2": -0.632415153591563,
        "dim_3": 0.270999053169469,
        "dim_4": 0.672650811251019
      },
      "cluster_4": {
        "dim_1": 0.044695652071239,
        "dim_2": 0.721624536253732,
        "dim_3": 0.353420841094362,
        "dim_4": 0.392372509259925
      },
      "cluster_5": {
        "dim_1": 0.338384334706979,
        "dim_2": 0.22574716996152,
        "dim_3": 0.491674109576874,
        "dim_4": -0.646703064264162
      }
    },
    "distances": {
      "1": 0.164806163019961,
      "2": 0.122824922606895,
      "3": 0.284503925038282,
      "4": 0.291798139899906,
      "5": 0.53382275720972,
      "6": 0.066867399163932,
      "7": 0.48847458364808,
      "8": 0.086778398470615,
      "9": 0.223832547150128,
      "10": 0.272369198618888,
      "11": 0.067617630539514,
      "12": 0.153701722315647,
      "13": 0.135949685004083,
      "14": 0.45662637120222
    },
    "objective_value": 3.3499734438878708,
    "lower_bound": 0.105700763880833,
    "upper_bound": 3.34997344388787,
    "absolute_gap": 3.244272680007038,
    "relative_gap": 30.69299180907178
  },
  "performance": {
    "solution_time_seconds": 301.5018799304962,
    "solver_status": "ok",
    "termination_condition": "optimal",
    "solver": "gams",
    "subsolver": "baron",
    "is_relaxation": false,
    "root_relaxation_value": 0.0,
    "root_relaxation_gap_percent": 100.0,
    "relaxation_gap_percent": null,
    "absolute_gap": null
  }
}