{
  "model_parameters": {
    "n_dimensions": 3,
    "n_clusters": 3,
    "n_points": 10,
    "coord_range_lower": -1,
    "coord_range_upper": 1
  },
  "solution": {
    "status": "optimal",
    "center_coordinates": {
      "cluster_1": {
        "dim_1": 0.039101920572798,
        "dim_2": 0.245595594001614,
        "dim_3": 0.488363045994507
      },
      "cluster_2": {
        "dim_1": 0.422504796193452,
        "dim_2": -0.558903186045306,
        "dim_3": -0.52145853291961
      },
      "cluster_3": {
        "dim_1": 0.763698365810663,
        "dim_2": 0.903251297043924,
        "dim_3": -0.692504164141254
      }
    },
    "distances": {
      "1": 0.949510120506376,
      "2": 0.385409502132294,
      "3": 0.07929437152934,
      "4": 0.161223544487374,
      "5": 0.317087572204335,
      "6": 0.569385018000719,
      "7": 0.298629413007605,
      "8": 0.0,
      "9": 0.0797186430454,
      "10": 0.190045079497671
    },
    "objective_value": 3.030303264411114,
    "lower_bound": 3.030303264411114,
    "absolute_gap": 0.0,
    "relative_gap": 0.0
  },
  "performance": {
    "solution_time_seconds": 48.05280685424805,
    "solver_status": "ok",
    "termination_condition": "optimal",
    "solver": "gams",
    "subsolver": "baron",
    "is_relaxation": false,
    "root_relaxation_value": 0.0,
    "root_relaxation_gap_percent": 100.0,
    "relaxation_gap_percent": null,
    "absolute_gap": null
  }
}