{
  "model_parameters": {
    "n_dimensions": 3,
    "n_clusters": 3,
    "n_points": 13,
    "coord_range_lower": -1,
    "coord_range_upper": 1
  },
  "solution": {
    "status": "optimal",
    "center_coordinates": {
      "cluster_1": {
        "dim_1": -0.224696597047424,
        "dim_2": -0.065773182698264,
        "dim_3": -0.749460220336914
      },
      "cluster_2": {
        "dim_1": -0.161471533477908,
        "dim_2": 0.27793359422022,
        "dim_3": 0.689990702600009
      },
      "cluster_3": {
        "dim_1": 0.846275821811139,
        "dim_2": -0.755799218338366,
        "dim_3": 0.605517391415742
      }
    },
    "distances": {
      "1": 0.416443962708153,
      "2": 0.260501812831276,
      "3": 0.849511871691633,
      "4": 0.437629163349095,
      "5": 0.055187482047711,
      "6": 0.506505122050043,
      "7": 0.61704355186931,
      "8": 1.265070669590194,
      "9": 0.039579014617202,
      "10": 0.099254154530606,
      "11": 0.072425334664455,
      "12": 0.617950867686376,
      "13": 0.489859557045371
    },
    "objective_value": 5.7269625646814255,
    "lower_bound": 5.726962564681422,
    "upper_bound": 5.726962564681427,
    "absolute_gap": 3.552713678800501e-15,
    "relative_gap": 6.203486819890066e-16
  },
  "performance": {
    "solution_time_seconds": 23.184240579605103,
    "solver_status": "ok",
    "termination_condition": "optimal",
    "solver": "gams",
    "subsolver": "scip",
    "is_relaxation": false,
    "root_relaxation_value": 5.72696256468142,
    "root_relaxation_gap_percent": 9.305230229835092e-14,
    "relaxation_gap_percent": null,
    "absolute_gap": null
  }
}