{
  "model_parameters": {
    "n_dimensions": 3,
    "n_clusters": 4,
    "n_points": 14,
    "coord_range_lower": -1,
    "coord_range_upper": 1
  },
  "solution": {
    "status": "optimal",
    "center_coordinates": {
      "cluster_1": {
        "dim_1": -0.742140523902634,
        "dim_2": -0.926686331956543,
        "dim_3": -0.933533499144809
      },
      "cluster_2": {
        "dim_1": -0.476245186011645,
        "dim_2": 0.507546155206786,
        "dim_3": 0.400803051259741
      },
      "cluster_3": {
        "dim_1": -0.008572543854543,
        "dim_2": 0.218413450430498,
        "dim_3": -0.324250715906163
      },
      "cluster_4": {
        "dim_1": 0.2406309779632,
        "dim_2": -0.469241528265774,
        "dim_3": 0.50992790483881
      }
    },
    "distances": {
      "1": 0.113975853044556,
      "2": 0.205481630225285,
      "3": 0.179970200831638,
      "4": 0.351476260894971,
      "5": 0.475982765268634,
      "6": 0.612977924525858,
      "7": 0.233428577706984,
      "8": 0.093997409360715,
      "9": 0.068218443364612,
      "10": 0.379937331741962,
      "11": 0.066340696812466,
      "12": 0.382543720533865,
      "13": 0.268012656941795,
      "14": 0.0
    },
    "objective_value": 3.432343471253341,
    "lower_bound": 3.432343481373773,
    "upper_bound": 3.432343471253342,
    "absolute_gap": -1.0120432047955319e-08,
    "relative_gap": -2.948548740204952e-09
  },
  "performance": {
    "solution_time_seconds": 177.7796711921692,
    "solver_status": "ok",
    "termination_condition": "optimal",
    "solver": "gams",
    "subsolver": "baron",
    "is_relaxation": false,
    "root_relaxation_value": 1.07834,
    "root_relaxation_gap_percent": 68.58298101482723,
    "relaxation_gap_percent": null,
    "absolute_gap": null
  }
}