{
  "model_parameters": {
    "n_dimensions": 3,
    "n_clusters": 5,
    "n_points": 17,
    "coord_range_lower": -1,
    "coord_range_upper": 1
  },
  "solution": {
    "status": "optimal",
    "center_coordinates": {
      "cluster_1": {
        "dim_1": -0.546848762759184,
        "dim_2": 0.50592278979961,
        "dim_3": -0.585342817601214
      },
      "cluster_2": {
        "dim_1": -0.229392745646196,
        "dim_2": -0.786198679372546,
        "dim_3": -0.539443211718679
      },
      "cluster_3": {
        "dim_1": -0.049779498996633,
        "dim_2": -0.030687666787151,
        "dim_3": 0.838457320190057
      },
      "cluster_4": {
        "dim_1": 0.442735411800979,
        "dim_2": -0.922672610308997,
        "dim_3": 0.328043966587329
      },
      "cluster_5": {
        "dim_1": 0.729063007063129,
        "dim_2": 0.348931922431309,
        "dim_3": -0.096560818535246
      }
    },
    "distances": {
      "1": 0.017283938501721,
      "2": 0.043596670813125,
      "3": 0.039299544581933,
      "4": 0.060725034191963,
      "5": 0.418509116585694,
      "6": 0.184734422392872,
      "7": 0.337173666079826,
      "8": 0.439240770649965,
      "9": 0.309191279263232,
      "10": 0.108405844928,
      "11": 0.043598874368403,
      "12": 0.038545306643149,
      "13": 0.272439584708811,
      "14": 0.038543855367724,
      "15": 0.609262269724942,
      "16": 0.143669697651604,
      "17": 0.039297483911039
    },
    "objective_value": 3.143517360364003,
    "lower_bound": 3.143517360364004,
    "absolute_gap": -8.881784197001252e-16,
    "relative_gap": -2.8254287089328447e-16
  },
  "performance": {
    "solution_time_seconds": 294.67659282684326,
    "solver_status": "ok",
    "termination_condition": "optimal",
    "solver": "gams",
    "subsolver": "baron",
    "is_relaxation": false,
    "root_relaxation_value": 1.05112,
    "root_relaxation_gap_percent": 66.56229695902536,
    "relaxation_gap_percent": null,
    "absolute_gap": null
  }
}