{
  "model_parameters": {
    "n_dimensions": 2,
    "n_clusters": 5,
    "n_points": 11,
    "coord_range_lower": -1,
    "coord_range_upper": 1
  },
  "solution": {
    "status": "optimal",
    "center_coordinates": {
      "cluster_1": {
        "dim_1": -0.740766329587745,
        "dim_2": 0.094255468286037
      },
      "cluster_2": {
        "dim_1": -0.135367908943407,
        "dim_2": 0.651441641601291
      },
      "cluster_3": {
        "dim_1": -0.126006030274807,
        "dim_2": 0.08149579282731
      },
      "cluster_4": {
        "dim_1": 0.522801786793058,
        "dim_2": 0.938714948288498
      },
      "cluster_5": {
        "dim_1": 0.646025530021769,
        "dim_2": -0.265019023195338
      }
    },
    "distances": {
      "1": 0.022894945609093,
      "2": 0.064028954621266,
      "3": 0.022878529696682,
      "4": 7.941304e-09,
      "5": 0.068196757825836,
      "6": 0.029802871570921,
      "7": 7.082397e-09,
      "8": 0.033781422241537,
      "9": 0.036453285766914,
      "10": 0.065429537211572,
      "11": 0.075795293314994
    },
    "objective_value": 0.419261612882516,
    "lower_bound": 0.419261434589355,
    "upper_bound": 0.419261612882516,
    "absolute_gap": 1.7829316101281023e-07,
    "relative_gap": 4.2525533307741314e-07
  },
  "performance": {
    "solution_time_seconds": 3.8406882286071777,
    "solver_status": "ok",
    "termination_condition": "optimal",
    "solver": "gams",
    "subsolver": "gurobi",
    "is_relaxation": false,
    "root_relaxation_value": 0.0,
    "root_relaxation_gap_percent": 100.0,
    "relaxation_gap_percent": null,
    "absolute_gap": null
  }
}