{
  "model_parameters": {
    "n_dimensions": 5,
    "n_clusters": 4,
    "n_points": 15,
    "coord_range_lower": -1,
    "coord_range_upper": 1
  },
  "solution": {
    "status": "optimal",
    "center_coordinates": {
      "cluster_1": {
        "dim_1": -0.59183707775845,
        "dim_2": 0.711374620870752,
        "dim_3": 0.041504520033514,
        "dim_4": 0.011949520729708,
        "dim_5": 0.560219794940555
      },
      "cluster_2": {
        "dim_1": -0.553288285078868,
        "dim_2": -0.576948191599671,
        "dim_3": -0.712241503027825,
        "dim_4": 0.051587260748375,
        "dim_5": 0.223049019480131
      },
      "cluster_3": {
        "dim_1": 0.45260420588683,
        "dim_2": 0.39745793405358,
        "dim_3": 0.482815778136744,
        "dim_4": 0.177160021603586,
        "dim_5": -0.361507195215753
      },
      "cluster_4": {
        "dim_1": 0.770082198890792,
        "dim_2": -0.36053848832117,
        "dim_3": -0.201517359799161,
        "dim_4": 0.088720225199715,
        "dim_5": 0.689147741331293
      }
    },
    "distances": {
      "1": 0.52268321391686,
      "2": 0.753411949450013,
      "3": 0.756730330321353,
      "4": 0.971821993781431,
      "5": 0.424433408229669,
      "6": 1.023904438540815,
      "7": 0.462892599520433,
      "8": 0.818327142843875,
      "9": 0.378498679814318,
      "10": 0.095335047886651,
      "11": 1.798758487074616,
      "12": 0.280766925353879,
      "13": 0.608965526928444,
      "14": 0.355449286585538,
      "15": 0.843983972572688
    },
    "objective_value": 10.095963002820582,
    "lower_bound": 3.113370108379307,
    "absolute_gap": 6.982592894441275,
    "relative_gap": 2.242776364958462
  },
  "performance": {
    "solution_time_seconds": 1803.8676981925964,
    "solver_status": "ok",
    "termination_condition": "optimal",
    "solver": "gams",
    "subsolver": "scip",
    "is_relaxation": false,
    "root_relaxation_value": 3.11337010837931,
    "root_relaxation_gap_percent": 69.1622274417061,
    "relaxation_gap_percent": null,
    "absolute_gap": null
  }
}