{
  "model_parameters": {
    "n_dimensions": 2,
    "n_clusters": 3,
    "n_points": 15,
    "coord_range_lower": -1,
    "coord_range_upper": 1
  },
  "solution": {
    "status": "optimal",
    "center_coordinates": {
      "cluster_1": {
        "dim_1": -0.600399194759922,
        "dim_2": 0.434845245004988
      },
      "cluster_2": {
        "dim_1": 0.023229888810792,
        "dim_2": -0.689257430903705
      },
      "cluster_3": {
        "dim_1": 0.178806518587938,
        "dim_2": 0.714302185259072
      }
    },
    "distances": {
      "1": 0.070759492091648,
      "2": 0.065764530654861,
      "3": 0.084357764906906,
      "4": 0.208006529289528,
      "5": 0.141748408405556,
      "6": 0.138177893075653,
      "7": 0.101351570890319,
      "8": 0.002141507745335,
      "9": 0.273256367452652,
      "10": 0.029398241598077,
      "11": 0.302336268781719,
      "12": 0.115813707879423,
      "13": 0.053777867387749,
      "14": 0.037256840244152,
      "15": 0.005332507685738
    },
    "objective_value": 1.629479498089316,
    "lower_bound": 1.629478509526938,
    "absolute_gap": 9.885623779570807e-07,
    "relative_gap": 6.066740814176648e-07
  },
  "performance": {
    "solution_time_seconds": 4.2981767654418945,
    "solver_status": "ok",
    "termination_condition": "optimal",
    "solver": "gams",
    "subsolver": "gurobi",
    "is_relaxation": false,
    "root_relaxation_value": 0.0,
    "root_relaxation_gap_percent": 100.0,
    "relaxation_gap_percent": null,
    "absolute_gap": null
  }
}