{
  "model_parameters": {
    "n_dimensions": 4,
    "n_clusters": 4,
    "n_points": 14,
    "coord_range_lower": -1,
    "coord_range_upper": 1
  },
  "solution": {
    "status": "optimal",
    "center_coordinates": {
      "cluster_1": {
        "dim_1": -0.789451827934329,
        "dim_2": 0.828945537904259,
        "dim_3": -0.90776887272742,
        "dim_4": -0.543098648016682
      },
      "cluster_2": {
        "dim_1": -0.545237049460411,
        "dim_2": -0.184353883936594,
        "dim_3": 0.521707534790046,
        "dim_4": 0.844533118221992
      },
      "cluster_3": {
        "dim_1": 0.170339947230856,
        "dim_2": 0.3183888950579,
        "dim_3": 0.825187304250807,
        "dim_4": -0.370318243954345
      },
      "cluster_4": {
        "dim_1": 0.826372901600351,
        "dim_2": -0.165798207017783,
        "dim_3": -0.207366882451959,
        "dim_4": 0.013641357421875
      }
    },
    "distances": {
      "1": 0.428838008202772,
      "2": 0.209202245390507,
      "3": 0.200842536441342,
      "4": 0.596389910520235,
      "5": 0.456042422033477,
      "6": 0.893876956934934,
      "7": 1.142863941962172,
      "8": 0.333232955069009,
      "9": 0.658625949293107,
      "10": 0.365153221565119,
      "11": 0.401189709748962,
      "12": 0.440594601942988,
      "13": 0.208850810749942,
      "14": 0.985514871798606
    },
    "objective_value": 7.321218141653172,
    "lower_bound": 5.763373020663293,
    "absolute_gap": 1.557845120989879,
    "relative_gap": 0.2703009358243118
  },
  "performance": {
    "solution_time_seconds": 1802.7034287452698,
    "solver_status": "ok",
    "termination_condition": "optimal",
    "solver": "gams",
    "subsolver": "scip",
    "is_relaxation": false,
    "root_relaxation_value": 5.76337302066329,
    "root_relaxation_gap_percent": 21.278496157991974,
    "relaxation_gap_percent": null,
    "absolute_gap": null
  }
}