{
  "model_parameters": {
    "n_dimensions": 2,
    "n_clusters": 3,
    "n_points": 14,
    "coord_range_lower": -1,
    "coord_range_upper": 1
  },
  "solution": {
    "status": "optimal",
    "center_coordinates": {
      "cluster_1": {
        "dim_1": -0.505289929622053,
        "dim_2": 0.451176087883082
      },
      "cluster_2": {
        "dim_1": -0.219165621037682,
        "dim_2": -0.323976001126524
      },
      "cluster_3": {
        "dim_1": 0.656000373901086,
        "dim_2": 0.390569562891636
      }
    },
    "distances": {
      "1": 0.237859811767172,
      "2": 0.202283894490544,
      "3": 0.000348015498122,
      "4": 0.134316737190692,
      "5": 0.353669454374649,
      "6": 0.053977677117974,
      "7": 0.08511855829244,
      "8": 0.007381899096916,
      "9": 0.30501668491193,
      "10": 0.031510486543726,
      "11": 0.203414912886051,
      "12": 0.172762096255116,
      "13": 0.055448045837517,
      "14": 0.068822905398386
    },
    "objective_value": 1.911931179661235,
    "lower_bound": 1.911931179661235,
    "upper_bound": 1.911931179661235,
    "absolute_gap": 0.0,
    "relative_gap": 0.0
  },
  "performance": {
    "solution_time_seconds": 3.264336109161377,
    "solver_status": "ok",
    "termination_condition": "optimal",
    "solver": "gams",
    "subsolver": "scip",
    "is_relaxation": false,
    "root_relaxation_value": 1.91193117966124,
    "root_relaxation_gap_percent": 2.5549985063877835e-13,
    "relaxation_gap_percent": null,
    "absolute_gap": null
  }
}