{
  "model_parameters": {
    "n_dimensions": 3,
    "n_clusters": 3,
    "n_points": 14,
    "coord_range_lower": -1,
    "coord_range_upper": 1
  },
  "solution": {
    "status": "optimal",
    "center_coordinates": {
      "cluster_1": {
        "dim_1": -0.733103370922807,
        "dim_2": -0.057432084727345,
        "dim_3": -0.398124098279874
      },
      "cluster_2": {
        "dim_1": -0.53100637455732,
        "dim_2": -0.853396818248299,
        "dim_3": 0.138468894654068
      },
      "cluster_3": {
        "dim_1": 0.358970507824023,
        "dim_2": 0.438654709333633,
        "dim_3": 0.408817225609905
      }
    },
    "distances": {
      "1": 0.485933816623303,
      "2": 0.065036381431402,
      "3": 0.045277137336778,
      "4": 0.013043474982173,
      "5": 0.354973867636215,
      "6": 0.475814646736219,
      "7": 0.816479803226999,
      "8": 0.193575904662278,
      "9": 0.447780397803806,
      "10": 0.027179038228332,
      "11": 0.870101363781649,
      "12": 0.288480646587157,
      "13": 0.14577535468256,
      "14": 0.39347334862397
    },
    "objective_value": 4.622925182342841,
    "lower_bound": 4.622925358908554,
    "upper_bound": 4.622925182342841,
    "absolute_gap": -1.765657131613807e-07,
    "relative_gap": -3.819350291285405e-08
  },
  "performance": {
    "solution_time_seconds": 7.261741876602173,
    "solver_status": "ok",
    "termination_condition": "optimal",
    "solver": "gams",
    "subsolver": "baron",
    "is_relaxation": false,
    "root_relaxation_value": 0.0,
    "root_relaxation_gap_percent": 100.0,
    "relaxation_gap_percent": null,
    "absolute_gap": null
  }
}