{
  "model_parameters": {
    "n_dimensions": 2,
    "n_clusters": 5,
    "n_points": 17,
    "coord_range_lower": -1,
    "coord_range_upper": 1
  },
  "solution": {
    "status": "optimal",
    "center_coordinates": {
      "cluster_1": {
        "dim_1": -0.473718894811689,
        "dim_2": -0.461368001599743
      },
      "cluster_2": {
        "dim_1": -0.262114594651229,
        "dim_2": 0.12843559141507
      },
      "cluster_3": {
        "dim_1": -0.262114601234786,
        "dim_2": 0.76739284552626
      },
      "cluster_4": {
        "dim_1": 0.604149235100722,
        "dim_2": -0.634676910185815
      },
      "cluster_5": {
        "dim_1": 0.711978582954478,
        "dim_2": 0.346805275146797
      }
    },
    "distances": {
      "1": 0.215280556231148,
      "2": 0.076852055285461,
      "3": 0.045228567408345,
      "4": 0.101049980615101,
      "5": 0.126092029944039,
      "6": 0.086373940546682,
      "7": 0.015203186958182,
      "8": 0.006409016680059,
      "9": 0.150197348859895,
      "10": 0.073058536962106,
      "11": 0.092063276638342,
      "12": 0.038254733860606,
      "13": 0.019991560037092,
      "14": 0.022971398267323,
      "15": 0.073499966639611,
      "16": 0.142732886741052,
      "17": 0.020599164629695
    },
    "objective_value": 1.305858206304739,
    "lower_bound": 0.007465144829519,
    "upper_bound": 1.305858206304739,
    "absolute_gap": 1.29839306147522,
    "relative_gap": 173.92737731504653
  },
  "performance": {
    "solution_time_seconds": 301.0205936431885,
    "solver_status": "ok",
    "termination_condition": "optimal",
    "solver": "gams",
    "subsolver": "scip",
    "is_relaxation": false,
    "root_relaxation_value": 0.00746514482951866,
    "root_relaxation_gap_percent": 99.42833419482479,
    "relaxation_gap_percent": null,
    "absolute_gap": null
  }
}