{
  "model_parameters": {
    "n_dimensions": 4,
    "n_clusters": 3,
    "n_points": 10,
    "coord_range_lower": -1,
    "coord_range_upper": 1
  },
  "solution": {
    "status": "optimal",
    "center_coordinates": {
      "cluster_1": {
        "dim_1": -0.459625341449682,
        "dim_2": 0.150658820342597,
        "dim_3": 0.785558801671999,
        "dim_4": -0.539015242034788
      },
      "cluster_2": {
        "dim_1": 0.038900926111296,
        "dim_2": -0.524731470263152,
        "dim_3": 0.43673472495403,
        "dim_4": 0.386054313848408
      },
      "cluster_3": {
        "dim_1": 0.359496375928349,
        "dim_2": 0.935908441762797,
        "dim_3": 0.092207682682706,
        "dim_4": -0.607928338716639
      }
    },
    "distances": {
      "1": 0.007319266849279,
      "2": 0.915972855772119,
      "3": 0.579856139091643,
      "4": 0.290807536824327,
      "5": 0.045070204411879,
      "6": 0.0,
      "7": 0.656348749450777,
      "8": 0.39920538398884,
      "9": 0.370641401949017,
      "10": 0.577778412471247
    },
    "objective_value": 3.8429999508091277,
    "lower_bound": 3.842991047153899,
    "absolute_gap": 8.903655228653662e-06,
    "relative_gap": 2.316855574058042e-06
  },
  "performance": {
    "solution_time_seconds": 1801.3948891162872,
    "solver_status": "ok",
    "termination_condition": "optimal",
    "solver": "gams",
    "subsolver": "scip",
    "is_relaxation": false,
    "root_relaxation_value": 3.8429910471539,
    "root_relaxation_gap_percent": 0.0002316850206019611,
    "relaxation_gap_percent": null,
    "absolute_gap": null
  }
}