{
  "model_parameters": {
    "n_dimensions": 2,
    "n_clusters": 3,
    "n_points": 11,
    "coord_range_lower": -1,
    "coord_range_upper": 1
  },
  "solution": {
    "status": "optimal",
    "center_coordinates": {
      "cluster_1": {
        "dim_1": -0.857206344604492,
        "dim_2": 0.287340670458617
      },
      "cluster_2": {
        "dim_1": 0.123356777231224,
        "dim_2": 0.345591160753182
      },
      "cluster_3": {
        "dim_1": 0.760699252232726,
        "dim_2": -0.788243315618715
      }
    },
    "distances": {
      "1": 0.107504899595834,
      "2": 0.093460039431842,
      "3": 0.123593658655698,
      "4": 0.202318798475386,
      "5": 0.017888315985734,
      "6": 0.046409636872391,
      "7": 0.0,
      "8": 0.001102287932411,
      "9": 0.109047193353603,
      "10": 0.012768887539788,
      "11": 0.169673781478332
    },
    "objective_value": 0.8837674993210191,
    "lower_bound": 0.883767499321027,
    "absolute_gap": -7.993605777301127e-15,
    "relative_gap": -9.04491937465723e-15
  },
  "performance": {
    "solution_time_seconds": 2.383850336074829,
    "solver_status": "ok",
    "termination_condition": "optimal",
    "solver": "gams",
    "subsolver": "scip",
    "is_relaxation": false,
    "root_relaxation_value": 0.883767499321027,
    "root_relaxation_gap_percent": 9.044919374657311e-13,
    "relaxation_gap_percent": null,
    "absolute_gap": null
  }
}