{
  "model_parameters": {
    "n_dimensions": 3,
    "n_clusters": 5,
    "n_points": 11,
    "coord_range_lower": -1,
    "coord_range_upper": 1
  },
  "solution": {
    "status": "optimal",
    "center_coordinates": {
      "cluster_1": {
        "dim_1": -0.860716795649357,
        "dim_2": 0.963804938302767,
        "dim_3": 0.917364590302525
      },
      "cluster_2": {
        "dim_1": -0.380542752849492,
        "dim_2": 0.540096971161797,
        "dim_3": -0.78847838416617
      },
      "cluster_3": {
        "dim_1": -0.068550045587706,
        "dim_2": -0.456826965239661,
        "dim_3": -0.753230741603365
      },
      "cluster_4": {
        "dim_1": 0.676268336324755,
        "dim_2": -0.555125114807283,
        "dim_3": 0.026516010327796
      },
      "cluster_5": {
        "dim_1": 0.678805780346488,
        "dim_2": 0.585766400309411,
        "dim_3": -0.119156083009547
      }
    },
    "distances": {
      "1": 0.333965291140603,
      "2": 0.047967663869019,
      "3": 0.324758440885159,
      "4": 0.022272513694743,
      "5": 0.35018808490837,
      "6": 0.085351345178023,
      "7": 0.0,
      "8": 0.250904046610966,
      "9": 0.251464040690891,
      "10": 0.345636232887399,
      "11": 0.085895020601369
    },
    "objective_value": 2.098402680466542,
    "lower_bound": 2.071405590816714,
    "absolute_gap": 0.02699708964982772,
    "relative_gap": 0.013033222353707805
  },
  "performance": {
    "solution_time_seconds": 1800.8679342269897,
    "solver_status": "ok",
    "termination_condition": "optimal",
    "solver": "gams",
    "subsolver": "gurobi",
    "is_relaxation": false,
    "root_relaxation_value": 0.0,
    "root_relaxation_gap_percent": 100.0,
    "relaxation_gap_percent": null,
    "absolute_gap": null
  }
}