{
  "model_parameters": {
    "n_dimensions": 4,
    "n_clusters": 4,
    "n_points": 11,
    "coord_range_lower": -1,
    "coord_range_upper": 1
  },
  "solution": {
    "status": "optimal",
    "center_coordinates": {
      "cluster_1": {
        "dim_1": -0.538052717019477,
        "dim_2": -0.085648131059755,
        "dim_3": -0.581143150846126,
        "dim_4": 0.091134585457122
      },
      "cluster_2": {
        "dim_1": 0.443598266463522,
        "dim_2": -0.83232617276472,
        "dim_3": -0.107393798160652,
        "dim_4": 0.774602716432657
      },
      "cluster_3": {
        "dim_1": 0.478125156294888,
        "dim_2": -0.818418630832244,
        "dim_3": 0.727575987676622,
        "dim_4": -0.691447499616732
      },
      "cluster_4": {
        "dim_1": 0.683630330786953,
        "dim_2": 0.229886531142841,
        "dim_3": 0.364734717421989,
        "dim_4": 0.190188716672309
      }
    },
    "distances": {
      "1": 0.158181605729215,
      "2": 0.164986962752006,
      "3": 0.309665082553673,
      "4": 0.278544838236438,
      "5": 0.164986969588114,
      "6": 0.41040604645331,
      "7": 0.228047863958935,
      "8": 0.927087555499283,
      "9": 0.523752852918032,
      "10": 0.228047878174519,
      "11": 0.0
    },
    "objective_value": 3.393707655863525,
    "lower_bound": 3.393707655863524,
    "absolute_gap": 8.881784197001252e-16,
    "relative_gap": 2.6171329700882253e-16
  },
  "performance": {
    "solution_time_seconds": 104.69583010673523,
    "solver_status": "ok",
    "termination_condition": "optimal",
    "solver": "gams",
    "subsolver": "baron",
    "is_relaxation": false,
    "root_relaxation_value": 0.0,
    "root_relaxation_gap_percent": 100.0,
    "relaxation_gap_percent": null,
    "absolute_gap": null
  }
}