{
  "model_parameters": {
    "n_dimensions": 5,
    "n_clusters": 5,
    "n_points": 16,
    "coord_range_lower": -1,
    "coord_range_upper": 1
  },
  "solution": {
    "status": "optimal",
    "center_coordinates": {
      "cluster_1": {
        "dim_1": -0.428790945961939,
        "dim_2": -0.92625454129313,
        "dim_3": -0.120187171928114,
        "dim_4": 0.183674177704892,
        "dim_5": 0.669859936274566
      },
      "cluster_2": {
        "dim_1": -0.428790761491395,
        "dim_2": -0.257144185147524,
        "dim_3": -0.375088533056939,
        "dim_4": -0.346691729509815,
        "dim_5": -0.473229196373688
      },
      "cluster_3": {
        "dim_1": -0.428786510934314,
        "dim_2": 0.350403170826145,
        "dim_3": 0.579133820148531,
        "dim_4": 0.673647146217848,
        "dim_5": 0.468149184229638
      },
      "cluster_4": {
        "dim_1": 0.289345937015466,
        "dim_2": 0.875629402635245,
        "dim_3": 0.104153736395374,
        "dim_4": -0.234617238799506,
        "dim_5": 0.734033713072288
      },
      "cluster_5": {
        "dim_1": 0.768335182666952,
        "dim_2": 0.57703805632959,
        "dim_3": 0.487695527422034,
        "dim_4": 0.124167734118799,
        "dim_5": -0.616844575649511
      }
    },
    "distances": {
      "1": 0.67290103990958,
      "2": 0.074118911960067,
      "3": 0.500897596246102,
      "4": 0.331377306860353,
      "5": 0.710227249092365,
      "6": 0.406974110863959,
      "7": 0.429497862542112,
      "8": 0.595499572814318,
      "9": 0.508326570582356,
      "10": 0.36619377254052,
      "11": 0.588813022888524,
      "12": 0.009194683525099,
      "13": 0.861165165948354,
      "14": 0.396424232857824,
      "15": 0.074810223804882,
      "16": 0.670846309105727
    },
    "objective_value": 7.197267631542142,
    "lower_bound": 4.502053944894939,
    "absolute_gap": 2.695213686647203,
    "relative_gap": 0.5986631256836481
  },
  "performance": {
    "solution_time_seconds": 1801.7266812324524,
    "solver_status": "ok",
    "termination_condition": "optimal",
    "solver": "gams",
    "subsolver": "gurobi",
    "is_relaxation": false,
    "root_relaxation_value": 0.0,
    "root_relaxation_gap_percent": 100.0,
    "relaxation_gap_percent": null,
    "absolute_gap": null
  }
}