{
  "model_parameters": {
    "n_dimensions": 3,
    "n_clusters": 4,
    "n_points": 11,
    "coord_range_lower": -1,
    "coord_range_upper": 1
  },
  "solution": {
    "status": "optimal",
    "center_coordinates": {
      "cluster_1": {
        "dim_1": -0.225720911657859,
        "dim_2": 0.752681222846564,
        "dim_3": -0.615321524826799
      },
      "cluster_2": {
        "dim_1": 0.228949079333886,
        "dim_2": -0.859614061707907,
        "dim_3": 0.478827514416467
      },
      "cluster_3": {
        "dim_1": 0.589584449385576,
        "dim_2": 0.079119667875977,
        "dim_3": -0.244946088768698
      },
      "cluster_4": {
        "dim_1": 0.653814743195745,
        "dim_2": 0.567388264432396,
        "dim_3": 0.585518141059756
      }
    },
    "distances": {
      "1": 0.138062572850553,
      "2": 0.191916735485483,
      "3": 0.058395591170256,
      "4": 0.514841351279444,
      "5": 0.06920110286289,
      "6": 0.058395591165401,
      "7": 0.167801035048849,
      "8": 0.152214701193067,
      "9": 0.514841351275011,
      "10": 0.14892445079892,
      "11": 0.121179350565002
    },
    "objective_value": 2.1357738336948757,
    "lower_bound": 2.135773833694874,
    "absolute_gap": 1.7763568394002505e-15,
    "relative_gap": 8.317157984500472e-16
  },
  "performance": {
    "solution_time_seconds": 163.842928647995,
    "solver_status": "ok",
    "termination_condition": "optimal",
    "solver": "gams",
    "subsolver": "baron",
    "is_relaxation": false,
    "root_relaxation_value": 0.0,
    "root_relaxation_gap_percent": 100.0,
    "relaxation_gap_percent": null,
    "absolute_gap": null
  }
}