{
  "model_parameters": {
    "n_dimensions": 5,
    "n_clusters": 4,
    "n_points": 14,
    "coord_range_lower": -1,
    "coord_range_upper": 1
  },
  "solution": {
    "status": "optimal",
    "center_coordinates": {
      "cluster_1": {
        "dim_1": -0.394601678297649,
        "dim_2": 0.347532788346268,
        "dim_3": 0.693595699088072,
        "dim_4": 0.16215022428317,
        "dim_5": 0.384231017196677
      },
      "cluster_2": {
        "dim_1": -0.114470561867478,
        "dim_2": -0.400641459949387,
        "dim_3": -0.563097145068478,
        "dim_4": 0.61412656679489,
        "dim_5": -0.868001663594959
      },
      "cluster_3": {
        "dim_1": 0.426837819631715,
        "dim_2": 0.293676294721191,
        "dim_3": -0.972359706334807,
        "dim_4": 0.281172509541994,
        "dim_5": 0.752569599119295
      },
      "cluster_4": {
        "dim_1": 0.781505916851003,
        "dim_2": -0.132513398053499,
        "dim_3": 0.413911024056748,
        "dim_4": 0.399727885035932,
        "dim_5": -0.17799100937127
      }
    },
    "distances": {
      "1": 0.107600741087377,
      "2": 0.687340918625538,
      "3": 0.746560384311028,
      "4": 1.463617613548005,
      "5": 0.321878172725596,
      "6": 0.464082977139376,
      "7": 0.866911678183045,
      "8": 0.321878172725595,
      "9": 0.680817667965931,
      "10": 0.107600741087377,
      "11": 0.822457952664607,
      "12": 0.468701167361321,
      "13": 1.038799128676657,
      "14": 0.466768738742726
    },
    "objective_value": 8.565016054844179,
    "lower_bound": 2.122429147316772,
    "absolute_gap": 6.4425869075274065,
    "relative_gap": 3.0354779643279426
  },
  "performance": {
    "solution_time_seconds": 1888.5968463420868,
    "solver_status": "ok",
    "termination_condition": "optimal",
    "solver": "gams",
    "subsolver": "baron",
    "is_relaxation": false,
    "root_relaxation_value": 0.0,
    "root_relaxation_gap_percent": 100.0,
    "relaxation_gap_percent": null,
    "absolute_gap": null
  }
}