{
  "model_parameters": {
    "n_dimensions": 3,
    "n_clusters": 4,
    "n_points": 15,
    "coord_range_lower": -1,
    "coord_range_upper": 1
  },
  "solution": {
    "status": "optimal",
    "center_coordinates": {
      "cluster_1": {
        "dim_1": -0.629472885980035,
        "dim_2": 0.701029485807523,
        "dim_3": -0.213187978065071
      },
      "cluster_2": {
        "dim_1": 0.12755469980442,
        "dim_2": 0.200499746322103,
        "dim_3": 0.474995044316768
      },
      "cluster_3": {
        "dim_1": 0.289819767426899,
        "dim_2": -0.493230254642438,
        "dim_3": -0.606819718033018
      },
      "cluster_4": {
        "dim_1": 0.623435111994666,
        "dim_2": -0.795084110344728,
        "dim_3": 0.557594444126953
      }
    },
    "distances": {
      "1": 0.144878294154942,
      "2": 0.100893012354612,
      "3": 0.024573695477409,
      "4": 0.092745334717117,
      "5": 0.123032392932021,
      "6": 0.22238165204212,
      "7": 0.020558241661429,
      "8": 0.150437123616452,
      "9": 0.044268345779834,
      "10": 0.204446198760993,
      "11": 0.0047418940128,
      "12": 0.657771743172731,
      "13": 0.278283769486816,
      "14": 0.066419254148156,
      "15": 0.092822135931603
    },
    "objective_value": 2.228253088249035,
    "lower_bound": 2.228244730274123,
    "absolute_gap": 8.3579749117213e-06,
    "relative_gap": 3.7509232258761296e-06
  },
  "performance": {
    "solution_time_seconds": 1801.5903904438019,
    "solver_status": "ok",
    "termination_condition": "optimal",
    "solver": "gams",
    "subsolver": "scip",
    "is_relaxation": false,
    "root_relaxation_value": 2.22824473027412,
    "root_relaxation_gap_percent": 0.0003750909157898951,
    "relaxation_gap_percent": null,
    "absolute_gap": null
  }
}