{
  "model_parameters": {
    "n_dimensions": 2,
    "n_clusters": 5,
    "n_points": 11,
    "coord_range_lower": -1,
    "coord_range_upper": 1
  },
  "solution": {
    "status": "optimal",
    "center_coordinates": {
      "cluster_1": {
        "dim_1": -0.740735245870942,
        "dim_2": 0.094258452275451
      },
      "cluster_2": {
        "dim_1": -0.13135308565799,
        "dim_2": 0.081495306750457
      },
      "cluster_3": {
        "dim_1": -0.13135308565799,
        "dim_2": 0.651445484734962
      },
      "cluster_4": {
        "dim_1": 0.522798188636758,
        "dim_2": 0.938720141444825
      },
      "cluster_5": {
        "dim_1": 0.646026344561342,
        "dim_2": -0.265015852051145
      }
    },
    "distances": {
      "1": 0.022886637600789,
      "2": 0.061769201041576,
      "3": 0.02288680950214,
      "4": 0.0,
      "5": 0.07058164210424,
      "6": 0.028483205470127,
      "7": 0.0,
      "8": 0.032330444920933,
      "9": 0.037349650018143,
      "10": 0.067367763923823,
      "11": 0.075755494265064
    },
    "objective_value": 0.419410848846835,
    "lower_bound": 0.419410848846833,
    "absolute_gap": 1.9984014443252818e-15,
    "relative_gap": 4.764782431880033e-15
  },
  "performance": {
    "solution_time_seconds": 18.018971920013428,
    "solver_status": "ok",
    "termination_condition": "optimal",
    "solver": "gams",
    "subsolver": "baron",
    "is_relaxation": false,
    "root_relaxation_value": 0.0,
    "root_relaxation_gap_percent": 100.0,
    "relaxation_gap_percent": null,
    "absolute_gap": null
  }
}