{
  "model_parameters": {
    "n_dimensions": 4,
    "n_clusters": 4,
    "n_points": 13,
    "coord_range_lower": -1,
    "coord_range_upper": 1
  },
  "solution": {
    "status": "optimal",
    "center_coordinates": {
      "cluster_1": {
        "dim_1": -0.426111270752864,
        "dim_2": -0.230624550894579,
        "dim_3": -0.509414363602014,
        "dim_4": -0.289751529875978
      },
      "cluster_2": {
        "dim_1": -0.426111280699985,
        "dim_2": -0.14013526275633,
        "dim_3": 0.598583220452536,
        "dim_4": 0.568617220758064
      },
      "cluster_3": {
        "dim_1": 0.633930829338056,
        "dim_2": 0.628142221022147,
        "dim_3": 0.71614802811128,
        "dim_4": 0.065464311630495
      },
      "cluster_4": {
        "dim_1": 0.807809032331836,
        "dim_2": 0.88065600041892,
        "dim_3": -0.721569646729727,
        "dim_4": -0.848767550197673
      }
    },
    "distances": {
      "1": 0.257483170228741,
      "2": 0.167807806277237,
      "3": 0.702839781984487,
      "4": 1.023007353284651,
      "5": 0.256078270108819,
      "6": 1.100972055301851,
      "7": 0.930917526792876,
      "8": 0.439445884881105,
      "9": 0.7616746223307,
      "10": 0.275975182818806,
      "11": -9.995254e-09,
      "12": 0.356570058194604,
      "13": 0.686754542564351
    },
    "objective_value": 6.959526244772974,
    "lower_bound": 4.680275712505919,
    "absolute_gap": 2.2792505322670547,
    "relative_gap": 0.48699065445584516
  },
  "performance": {
    "solution_time_seconds": 1803.5407195091248,
    "solver_status": "ok",
    "termination_condition": "optimal",
    "solver": "gams",
    "subsolver": "scip",
    "is_relaxation": false,
    "root_relaxation_value": 4.68027571250592,
    "root_relaxation_gap_percent": 32.75008171682533,
    "relaxation_gap_percent": null,
    "absolute_gap": null
  }
}