{
  "model_parameters": {
    "n_dimensions": 2,
    "n_clusters": 5,
    "n_points": 14,
    "coord_range_lower": -1,
    "coord_range_upper": 1
  },
  "solution": {
    "status": "optimal",
    "center_coordinates": {
      "cluster_1": {
        "dim_1": -0.902152948275952,
        "dim_2": 0.455509275839177
      },
      "cluster_2": {
        "dim_1": -0.265096134507155,
        "dim_2": -0.654489358774369
      },
      "cluster_3": {
        "dim_1": -0.227022897871972,
        "dim_2": 0.497866860897428
      },
      "cluster_4": {
        "dim_1": 0.412855710602677,
        "dim_2": 0.237661493682473
      },
      "cluster_5": {
        "dim_1": 0.412855705533409,
        "dim_2": -0.813561423163857
      }
    },
    "distances": {
      "1": 0.09264094512464,
      "2": 0.054359421274287,
      "3": 0.138092268364059,
      "4": 0.124558529696264,
      "5": 0.080835864301454,
      "6": 0.099244680858917,
      "7": 0.118841037935142,
      "8": 0.09185615429728,
      "9": 0.142156413816557,
      "10": 0.003167891156762,
      "11": 0.258384897418663,
      "12": 0.021967385540165,
      "13": 0.022969355980058,
      "14": 0.042079132991071
    },
    "objective_value": 1.291153978755319,
    "lower_bound": 0.000318514171659,
    "upper_bound": 1.291153978755317,
    "absolute_gap": 1.29083546458366,
    "relative_gap": 4052.678277579508
  },
  "performance": {
    "solution_time_seconds": 300.8965437412262,
    "solver_status": "ok",
    "termination_condition": "optimal",
    "solver": "gams",
    "subsolver": "scip",
    "is_relaxation": false,
    "root_relaxation_value": 0.000318514171659033,
    "root_relaxation_gap_percent": 99.9753310467303,
    "relaxation_gap_percent": null,
    "absolute_gap": null
  }
}