{
  "model_parameters": {
    "n_dimensions": 3,
    "n_clusters": 5,
    "n_points": 11,
    "coord_range_lower": -1,
    "coord_range_upper": 1
  },
  "solution": {
    "status": "optimal",
    "center_coordinates": {
      "cluster_1": {
        "dim_1": -0.860065331125092,
        "dim_2": 0.964665332787488,
        "dim_3": 0.918047050704515
      },
      "cluster_2": {
        "dim_1": -0.380815884297572,
        "dim_2": 0.540057784476342,
        "dim_3": -0.788431148504635
      },
      "cluster_3": {
        "dim_1": -0.068019564542587,
        "dim_2": -0.457289751977779,
        "dim_3": -0.75343879665089
      },
      "cluster_4": {
        "dim_1": 0.676225325538722,
        "dim_2": -0.554927415558652,
        "dim_3": 0.025952039642173
      },
      "cluster_5": {
        "dim_1": 0.679033477477914,
        "dim_2": 0.585762750310029,
        "dim_3": -0.118594088756338
      }
    },
    "distances": {
      "1": 0.333298379935419,
      "2": 0.047760485744308,
      "3": 0.325443508125188,
      "4": 0.022258704838373,
      "5": 0.350599831463411,
      "6": 0.085624380059208,
      "7": 0.0,
      "8": 0.25118493364945,
      "9": 0.2511849402514,
      "10": 0.34543530759818,
      "11": 0.085624381544358
    },
    "objective_value": 2.0984148532092948,
    "lower_bound": 2.09841484781397,
    "upper_bound": 2.098414853209293,
    "absolute_gap": 5.395324631507492e-09,
    "relative_gap": 2.571142992591807e-09
  },
  "performance": {
    "solution_time_seconds": 179.65459775924683,
    "solver_status": "ok",
    "termination_condition": "optimal",
    "solver": "gams",
    "subsolver": "baron",
    "is_relaxation": false,
    "root_relaxation_value": 0.0979449,
    "root_relaxation_gap_percent": 95.33243391552419,
    "relaxation_gap_percent": null,
    "absolute_gap": null
  }
}