{
  "model_parameters": {
    "n_dimensions": 5,
    "n_clusters": 5,
    "n_points": 16,
    "coord_range_lower": -1,
    "coord_range_upper": 1
  },
  "solution": {
    "status": "optimal",
    "center_coordinates": {
      "cluster_1": {
        "dim_1": -0.73185736287477,
        "dim_2": 0.006317938138933,
        "dim_3": -0.358871678300873,
        "dim_4": -0.762901053291476,
        "dim_5": -0.445281704194458
      },
      "cluster_2": {
        "dim_1": -0.433145062541828,
        "dim_2": 0.350403019942206,
        "dim_3": 0.579134755966936,
        "dim_4": 0.673648848301891,
        "dim_5": 0.46815045009791
      },
      "cluster_3": {
        "dim_1": -0.219094231677908,
        "dim_2": -0.655816184193457,
        "dim_3": -0.300928656801874,
        "dim_4": 0.107575039899287,
        "dim_5": -0.110822097359567
      },
      "cluster_4": {
        "dim_1": 0.289342788293091,
        "dim_2": 0.875637592793285,
        "dim_3": 0.104155741180928,
        "dim_4": -0.234617092856485,
        "dim_5": 0.734037622812933
      },
      "cluster_5": {
        "dim_1": 0.768331893731799,
        "dim_2": 0.577045003135563,
        "dim_3": 0.487697074257297,
        "dim_4": 0.124169847410677,
        "dim_5": -0.616848961318644
      }
    },
    "distances": {
      "1": 0.668367027464875,
      "2": 0.076156473043923,
      "3": 0.505555633171035,
      "4": 0.331374671321829,
      "5": 0.202674540563151,
      "6": 0.406980298339047,
      "7": 0.370314908452727,
      "8": 0.596785951445297,
      "9": 0.504783354451869,
      "10": 0.20267453851839,
      "11": 0.588818238665651,
      "12": 0.734012141507129,
      "13": 0.657827990350679,
      "14": 0.396414035365806,
      "15": 0.074807406988272,
      "16": 0.670850209608841
    },
    "objective_value": 6.988397419258521,
    "lower_bound": 1.177709310963328,
    "absolute_gap": 5.810688108295193,
    "relative_gap": 4.933889928697463
  },
  "performance": {
    "solution_time_seconds": 1802.6290555000305,
    "solver_status": "ok",
    "termination_condition": "optimal",
    "solver": "gams",
    "subsolver": "scip",
    "is_relaxation": false,
    "root_relaxation_value": 1.17770931096333,
    "root_relaxation_gap_percent": 83.14764830463396,
    "relaxation_gap_percent": null,
    "absolute_gap": null
  }
}