{
  "model_parameters": {
    "n_dimensions": 3,
    "n_clusters": 4,
    "n_points": 11,
    "coord_range_lower": -1,
    "coord_range_upper": 1
  },
  "solution": {
    "status": "optimal",
    "center_coordinates": {
      "cluster_1": {
        "dim_1": -0.225692951935895,
        "dim_2": 0.752942142858232,
        "dim_3": -0.614828042475519
      },
      "cluster_2": {
        "dim_1": 0.228787792026745,
        "dim_2": -0.859521707796841,
        "dim_3": 0.478519105595784
      },
      "cluster_3": {
        "dim_1": 0.589325102419083,
        "dim_2": 0.07945922574392,
        "dim_3": -0.244422663578359
      },
      "cluster_4": {
        "dim_1": 0.653454230090845,
        "dim_2": 0.567478411451429,
        "dim_3": 0.585432209554554
      }
    },
    "distances": {
      "1": 0.138088846635559,
      "2": 0.191774170864009,
      "3": 0.058376663239418,
      "4": 0.514491845752975,
      "5": 0.069368823811659,
      "6": 0.058412525551925,
      "7": 0.168257480871053,
      "8": 0.152018337142527,
      "9": 0.515189650178322,
      "10": 0.148530279206635,
      "11": 0.121255750849188
    },
    "objective_value": 2.13576437410327,
    "lower_bound": 2.135762241789931,
    "absolute_gap": 2.132313339231473e-06,
    "relative_gap": 9.983851654969012e-07
  },
  "performance": {
    "solution_time_seconds": 1485.1043002605438,
    "solver_status": "ok",
    "termination_condition": "optimal",
    "solver": "gams",
    "subsolver": "gurobi",
    "is_relaxation": false,
    "root_relaxation_value": 0.0,
    "root_relaxation_gap_percent": 100.0,
    "relaxation_gap_percent": null,
    "absolute_gap": null
  }
}