{
  "model_parameters": {
    "n_dimensions": 5,
    "n_clusters": 3,
    "n_points": 11,
    "coord_range_lower": -1,
    "coord_range_upper": 1
  },
  "solution": {
    "status": "optimal",
    "center_coordinates": {
      "cluster_1": {
        "dim_1": -0.604933257696381,
        "dim_2": -0.599256873586244,
        "dim_3": -0.207056883097099,
        "dim_4": 0.275973850144939,
        "dim_5": -0.170830518354524
      },
      "cluster_2": {
        "dim_1": 0.108431566569561,
        "dim_2": 0.575613608702798,
        "dim_3": -0.140339918822691,
        "dim_4": 0.163198416908912,
        "dim_5": 0.139142587794843
      },
      "cluster_3": {
        "dim_1": 0.854131185778399,
        "dim_2": -0.696757350797399,
        "dim_3": 0.840947870710847,
        "dim_4": -0.242341247919434,
        "dim_5": 0.02144010401224
      }
    },
    "distances": {
      "1": 0.905899766815034,
      "2": 1.000711478855096,
      "3": 0.744550521061822,
      "4": 0.44190953085019,
      "5": 0.839035521036196,
      "6": 0.720542420392901,
      "7": 0.487567973761632,
      "8": 0.914771773161214,
      "9": 1.071253686800542,
      "10": 1.324548744410324,
      "11": 0.744306394750184
    },
    "objective_value": 9.195097811895135,
    "lower_bound": 9.075663956004435,
    "absolute_gap": 0.11943385589069955,
    "relative_gap": 0.013159792657558947
  },
  "performance": {
    "solution_time_seconds": 1801.0009558200836,
    "solver_status": "ok",
    "termination_condition": "optimal",
    "solver": "gams",
    "subsolver": "gurobi",
    "is_relaxation": false,
    "root_relaxation_value": 0.0,
    "root_relaxation_gap_percent": 100.0,
    "relaxation_gap_percent": null,
    "absolute_gap": null
  }
}