{
  "model_parameters": {
    "n_dimensions": 2,
    "n_clusters": 5,
    "n_points": 17,
    "coord_range_lower": -1,
    "coord_range_upper": 1
  },
  "solution": {
    "status": "optimal",
    "center_coordinates": {
      "cluster_1": {
        "dim_1": -0.47360413832181,
        "dim_2": -0.461133008421624
      },
      "cluster_2": {
        "dim_1": -0.303601202392181,
        "dim_2": 0.767522164784037
      },
      "cluster_3": {
        "dim_1": -0.234504492900419,
        "dim_2": 0.128415515347032
      },
      "cluster_4": {
        "dim_1": 0.604025516769995,
        "dim_2": -0.635062922743219
      },
      "cluster_5": {
        "dim_1": 0.71230024802818,
        "dim_2": 0.34659950458356
      }
    },
    "distances": {
      "1": 0.215594756849417,
      "2": 0.064049367059152,
      "3": 0.045128852450285,
      "4": 0.100793536890396,
      "5": 0.126239941355327,
      "6": 0.086604705730888,
      "7": 0.009102113460625,
      "8": 0.009090509396687,
      "9": 0.150345888148798,
      "10": 0.073046485161312,
      "11": 0.091863722599841,
      "12": 0.038182788580211,
      "13": 0.028526306038318,
      "14": 0.022923050157751,
      "15": 0.073308610471465,
      "16": 0.14277037751525,
      "17": 0.022586738953539
    },
    "objective_value": 1.300157750819262,
    "lower_bound": 1.158613125171608,
    "upper_bound": 1.300157750819261,
    "absolute_gap": 0.14154462564765402,
    "relative_gap": 0.12216728998878648
  },
  "performance": {
    "solution_time_seconds": 301.54256653785706,
    "solver_status": "ok",
    "termination_condition": "optimal",
    "solver": "gams",
    "subsolver": "baron",
    "is_relaxation": false,
    "root_relaxation_value": 0.0,
    "root_relaxation_gap_percent": 100.0,
    "relaxation_gap_percent": null,
    "absolute_gap": null
  }
}