{
  "model_parameters": {
    "n_dimensions": 3,
    "n_clusters": 4,
    "n_points": 14,
    "coord_range_lower": -1,
    "coord_range_upper": 1
  },
  "solution": {
    "status": "optimal",
    "center_coordinates": {
      "cluster_1": {
        "dim_1": -0.742140448039063,
        "dim_2": -0.926709393126551,
        "dim_3": -0.933539179870796
      },
      "cluster_2": {
        "dim_1": -0.476245186031869,
        "dim_2": 0.507546155508368,
        "dim_3": 0.40080305098759
      },
      "cluster_3": {
        "dim_1": -0.008572548673465,
        "dim_2": 0.218413450408167,
        "dim_3": -0.324250716089602
      },
      "cluster_4": {
        "dim_1": 0.240630977693638,
        "dim_2": -0.469241527565626,
        "dim_3": 0.509927906784953
      }
    },
    "distances": {
      "1": 0.113975852000296,
      "2": 0.205481630497725,
      "3": 0.179970201127002,
      "4": 0.35147626293452,
      "5": 0.475982762576212,
      "6": 0.612977931133872,
      "7": 0.233428577555158,
      "8": 0.09399740978945,
      "9": 0.068218442358927,
      "10": 0.379937331698355,
      "11": 0.06634069658703,
      "12": 0.382543715371741,
      "13": 0.268012656904498,
      "14": 0.0
    },
    "objective_value": 3.432343470534786,
    "lower_bound": 3.432343470534786,
    "absolute_gap": 0.0,
    "relative_gap": 0.0
  },
  "performance": {
    "solution_time_seconds": 996.8620240688324,
    "solver_status": "ok",
    "termination_condition": "optimal",
    "solver": "gams",
    "subsolver": "baron",
    "is_relaxation": false,
    "root_relaxation_value": 0.0,
    "root_relaxation_gap_percent": 100.0,
    "relaxation_gap_percent": null,
    "absolute_gap": null
  }
}