{
  "model_parameters": {
    "n_dimensions": 3,
    "n_clusters": 3,
    "n_points": 10,
    "coord_range_lower": -1,
    "coord_range_upper": 1
  },
  "solution": {
    "status": "optimal",
    "center_coordinates": {
      "cluster_1": {
        "dim_1": 0.038936522154162,
        "dim_2": 0.245568524596553,
        "dim_3": 0.488525797967483
      },
      "cluster_2": {
        "dim_1": 0.422237694846087,
        "dim_2": -0.559313293686327,
        "dim_3": -0.521460326922686
      },
      "cluster_3": {
        "dim_1": 0.763841652573336,
        "dim_2": 0.90235739821981,
        "dim_3": -0.692392575701857
      }
    },
    "distances": {
      "1": 0.949612231592225,
      "2": 0.38559259409189,
      "3": 0.079108403322187,
      "4": 0.161009122953155,
      "5": 0.316972148380028,
      "6": 0.569157516499838,
      "7": 0.298850959659662,
      "8": 0.0,
      "9": 0.079771832157116,
      "10": 0.190222312921477
    },
    "objective_value": 3.0302971215775782,
    "lower_bound": 3.030297121577576,
    "absolute_gap": 2.220446049250313e-15,
    "relative_gap": 7.327486250240525e-16
  },
  "performance": {
    "solution_time_seconds": 11.270606994628906,
    "solver_status": "ok",
    "termination_condition": "optimal",
    "solver": "gams",
    "subsolver": "baron",
    "is_relaxation": false,
    "root_relaxation_value": 0.0,
    "root_relaxation_gap_percent": 100.0,
    "relaxation_gap_percent": null,
    "absolute_gap": null
  }
}