{
  "model_parameters": {
    "n_dimensions": 2,
    "n_clusters": 5,
    "n_points": 20,
    "coord_range_lower": -1,
    "coord_range_upper": 1
  },
  "solution": {
    "status": "optimal",
    "center_coordinates": {
      "cluster_1": {
        "dim_1": -0.499968221652789,
        "dim_2": -0.638585552958084
      },
      "cluster_2": {
        "dim_1": -0.303196305183061,
        "dim_2": 0.616084348889538
      },
      "cluster_3": {
        "dim_1": 0.167619851322678,
        "dim_2": -0.276184357961906
      },
      "cluster_4": {
        "dim_1": 0.527934675253652,
        "dim_2": -0.889058810218274
      },
      "cluster_5": {
        "dim_1": 0.774199133962634,
        "dim_2": -0.088346550863922
      }
    },
    "distances": {
      "1": 0.123820886790346,
      "2": 0.080787458108838,
      "3": 0.270890692653478,
      "4": 0.028615656508542,
      "5": 0.141755096848858,
      "6": 0.043812046923862,
      "7": 0.013605470301507,
      "8": 0.115752335140823,
      "9": 0.075651391536442,
      "10": 0.010882407163419,
      "11": 0.03200761677665,
      "12": 0.110886689011692,
      "13": 0.065911057741668,
      "14": 0.035266467890259,
      "15": 0.151951023288201,
      "16": 0.134311581956492,
      "17": 0.013605467550006,
      "18": 0.078914129238088,
      "19": 0.028493014485654,
      "20": 0.053491957623308
    },
    "objective_value": 1.610412447538133,
    "lower_bound": 0.490501162825119,
    "absolute_gap": 1.119911284713014,
    "relative_gap": 2.2831980219225327
  },
  "performance": {
    "solution_time_seconds": 1802.3172347545624,
    "solver_status": "ok",
    "termination_condition": "optimal",
    "solver": "gams",
    "subsolver": "scip",
    "is_relaxation": false,
    "root_relaxation_value": 0.490501162825119,
    "root_relaxation_gap_percent": 69.54189198084273,
    "relaxation_gap_percent": null,
    "absolute_gap": null
  }
}