{
  "model_parameters": {
    "n_dimensions": 2,
    "n_clusters": 5,
    "n_points": 10,
    "coord_range_lower": -1,
    "coord_range_upper": 1
  },
  "solution": {
    "status": "optimal",
    "center_coordinates": {
      "cluster_1": {
        "dim_1": -0.884359862299262,
        "dim_2": 0.574010157184804
      },
      "cluster_2": {
        "dim_1": -0.754618549249011,
        "dim_2": -0.824000203788095
      },
      "cluster_3": {
        "dim_1": -0.159573811177087,
        "dim_2": -0.130059860789271
      },
      "cluster_4": {
        "dim_1": 0.049196622053138,
        "dim_2": 0.509875053655119
      },
      "cluster_5": {
        "dim_1": 0.864648230717582,
        "dim_2": 0.742281178659326
      }
    },
    "distances": {
      "1": 0.006561638610498,
      "2": 0.025455286814949,
      "3": 0.013280411443171,
      "4": 0.016261124970174,
      "5": 2.148019e-09,
      "6": 0.145222792833215,
      "7": 0.160475201764232,
      "8": 0.013280353583439,
      "9": 3.209773e-09,
      "10": 0.027555688140689
    },
    "objective_value": 0.40809250351815896,
    "lower_bound": 0.408092315887023,
    "upper_bound": 0.408092503518159,
    "absolute_gap": 1.8763113596165226e-07,
    "relative_gap": 4.597762041998272e-07
  },
  "performance": {
    "solution_time_seconds": 4.303849935531616,
    "solver_status": "ok",
    "termination_condition": "optimal",
    "solver": "gams",
    "subsolver": "gurobi",
    "is_relaxation": false,
    "root_relaxation_value": 0.0,
    "root_relaxation_gap_percent": 100.0,
    "relaxation_gap_percent": null,
    "absolute_gap": null
  }
}