{
  "model_parameters": {
    "n_dimensions": 2,
    "n_clusters": 5,
    "n_points": 11,
    "coord_range_lower": -1,
    "coord_range_upper": 1
  },
  "solution": {
    "status": "optimal",
    "center_coordinates": {
      "cluster_1": {
        "dim_1": -0.740332712370476,
        "dim_2": 0.093852964022652
      },
      "cluster_2": {
        "dim_1": -0.135658597083745,
        "dim_2": 0.651150049283779
      },
      "cluster_3": {
        "dim_1": -0.12672238731435,
        "dim_2": 0.081337988376617
      },
      "cluster_4": {
        "dim_1": 0.523516281697539,
        "dim_2": 0.939263069951745
      },
      "cluster_5": {
        "dim_1": 0.646404228951539,
        "dim_2": -0.265905116910994
      }
    },
    "distances": {
      "1": 0.022853842341537,
      "2": 0.063764540465767,
      "3": 0.022919098918966,
      "4": 0.0,
      "5": 0.068556226856257,
      "6": 0.029871958587031,
      "7": 0.0,
      "8": 0.033875255362649,
      "9": 0.036479740064195,
      "10": 0.065236891951357,
      "11": 0.075698819190927
    },
    "objective_value": 0.419256373738686,
    "lower_bound": 0.419256373738685,
    "absolute_gap": 9.992007221626409e-16,
    "relative_gap": 2.3832690085361108e-15
  },
  "performance": {
    "solution_time_seconds": 22.543078660964966,
    "solver_status": "ok",
    "termination_condition": "optimal",
    "solver": "gams",
    "subsolver": "scip",
    "is_relaxation": false,
    "root_relaxation_value": 0.419256373738685,
    "root_relaxation_gap_percent": 2.383269008536105e-13,
    "relaxation_gap_percent": null,
    "absolute_gap": null
  }
}