{
  "model_parameters": {
    "n_dimensions": 4,
    "n_clusters": 4,
    "n_points": 15,
    "coord_range_lower": -1,
    "coord_range_upper": 1
  },
  "solution": {
    "status": "feasible",
    "center_coordinates": {
      "cluster_1": {
        "dim_1": -0.794567887146818,
        "dim_2": -0.201128582301431,
        "dim_3": -0.923823305400689,
        "dim_4": 0.141715316896065
      },
      "cluster_2": {
        "dim_1": -0.557792385851615,
        "dim_2": -0.516691232897568,
        "dim_3": 0.728247896821896,
        "dim_4": -0.507435039257171
      },
      "cluster_3": {
        "dim_1": 0.446514633723677,
        "dim_2": 0.355520227451819,
        "dim_3": 0.391251756333229,
        "dim_4": -0.028100840577594
      },
      "cluster_4": {
        "dim_1": 0.446514633723673,
        "dim_2": 0.231735707523345,
        "dim_3": -0.597827464909086,
        "dim_4": -0.652627758489415
      }
    },
    "distances": {
      "1": 0.896332210752926,
      "2": 0.552930868651655,
      "3": 0.559237323922214,
      "4": 0.27588799386551,
      "5": 0.398305932336195,
      "6": 0.73193496280394,
      "7": 0.476720261274252,
      "8": 0.133997500778012,
      "9": 0.244167915597897,
      "10": 0.275881483392346,
      "11": 0.133999499632751,
      "12": 0.781171697669607,
      "13": 0.382490131401429,
      "14": 0.577262609276614,
      "15": 0.514818456786634
    },
    "objective_value": 6.935138848141982,
    "lower_bound": 3.944617962349503,
    "upper_bound": 6.935138848141983,
    "absolute_gap": 2.990520885792479,
    "relative_gap": 0.7581268742211116
  },
  "performance": {
    "solution_time_seconds": 300.697585105896,
    "solver_status": "ok",
    "termination_condition": "feasible",
    "solver": "gams",
    "subsolver": "gurobi",
    "is_relaxation": false,
    "root_relaxation_value": 0.0,
    "root_relaxation_gap_percent": 100.0,
    "relaxation_gap_percent": null,
    "absolute_gap": null
  }
}