{
  "model_parameters": {
    "n_dimensions": 5,
    "n_clusters": 5,
    "n_points": 13,
    "coord_range_lower": -1,
    "coord_range_upper": 1
  },
  "solution": {
    "status": "feasible",
    "center_coordinates": {
      "cluster_1": {
        "dim_1": -0.377120000656623,
        "dim_2": 0.700321815291032,
        "dim_3": -0.411661822371265,
        "dim_4": 0.310933120339939,
        "dim_5": 0.526579190257217
      },
      "cluster_2": {
        "dim_1": -0.377119993293914,
        "dim_2": 0.700592099027741,
        "dim_3": 0.815206848962375,
        "dim_4": 0.351789589640679,
        "dim_5": 0.446482880167504
      },
      "cluster_3": {
        "dim_1": -0.033848540939081,
        "dim_2": -0.49524762444423,
        "dim_3": 0.386930684387588,
        "dim_4": -0.688569231425819,
        "dim_5": 0.292633917239303
      },
      "cluster_4": {
        "dim_1": 0.097131210414974,
        "dim_2": -0.361036998508023,
        "dim_3": -0.377435354514299,
        "dim_4": 0.316168129613563,
        "dim_5": 0.076211177895238
      },
      "cluster_5": {
        "dim_1": 0.097131213222236,
        "dim_2": -0.522950527045838,
        "dim_3": -0.049466265560642,
        "dim_4": 0.24436066411822,
        "dim_5": -0.979920361290231
      }
    },
    "distances": {
      "1": 0.412471938886357,
      "2": 0.311457077000314,
      "3": 0.187679543585042,
      "4": 0.781940053844971,
      "5": 0.430823136697619,
      "6": 0.519400510378972,
      "7": 0.382462373232025,
      "8": 0.163343222218043,
      "9": 0.190705927485805,
      "10": 0.256209485872088,
      "11": 0.23875083995856,
      "12": 0.461644323616492,
      "13": 0.63351574919277
    },
    "objective_value": 4.970404181969058,
    "lower_bound": 1.244139383283538,
    "upper_bound": 4.97040418196906,
    "absolute_gap": 3.72626479868552,
    "relative_gap": 2.995054130391039
  },
  "performance": {
    "solution_time_seconds": 300.6053593158722,
    "solver_status": "ok",
    "termination_condition": "feasible",
    "solver": "gams",
    "subsolver": "gurobi",
    "is_relaxation": false,
    "root_relaxation_value": 0.0,
    "root_relaxation_gap_percent": 100.0,
    "relaxation_gap_percent": null,
    "absolute_gap": null
  }
}