{
  "model_parameters": {
    "n_dimensions": 2,
    "n_clusters": 5,
    "n_points": 15,
    "coord_range_lower": -1,
    "coord_range_upper": 1
  },
  "solution": {
    "status": "feasible",
    "center_coordinates": {
      "cluster_1": {
        "dim_1": -0.579488915973979,
        "dim_2": -0.475608644215849
      },
      "cluster_2": {
        "dim_1": -0.550598184162654,
        "dim_2": 0.347276092091585
      },
      "cluster_3": {
        "dim_1": -0.005246331002478,
        "dim_2": 0.37688481278694
      },
      "cluster_4": {
        "dim_1": 0.168462417027358,
        "dim_2": -0.442759626828268
      },
      "cluster_5": {
        "dim_1": 0.735865883670184,
        "dim_2": -0.152548454340458
      }
    },
    "distances": {
      "1": 0.041530234388,
      "2": 0.000396688516045,
      "3": 0.058516102211814,
      "4": 0.04242615299935,
      "5": 0.031856440285225,
      "6": 0.058716382685995,
      "7": 0.041786936905642,
      "8": 0.069289613045826,
      "9": 0.05270514951251,
      "10": 0.123120673545964,
      "11": 0.068786116475642,
      "12": 0.052927560227461,
      "13": 0.032833005530618,
      "14": 0.059018674229433,
      "15": 0.005268559672986
    },
    "objective_value": 0.739178290232511,
    "lower_bound": 0.733828421101346,
    "upper_bound": 0.739178290232512,
    "absolute_gap": 0.005349869131164975,
    "relative_gap": 0.0072903542263132465
  },
  "performance": {
    "solution_time_seconds": 300.5281238555908,
    "solver_status": "ok",
    "termination_condition": "feasible",
    "solver": "gams",
    "subsolver": "gurobi",
    "is_relaxation": false,
    "root_relaxation_value": 0.0,
    "root_relaxation_gap_percent": 100.0,
    "relaxation_gap_percent": null,
    "absolute_gap": null
  }
}