{
  "model_parameters": {
    "n_dimensions": 4,
    "n_clusters": 4,
    "n_points": 13,
    "coord_range_lower": -1,
    "coord_range_upper": 1
  },
  "solution": {
    "status": "optimal",
    "center_coordinates": {
      "cluster_1": {
        "dim_1": -0.457373451694741,
        "dim_2": -0.139722738093787,
        "dim_3": 0.598548889160156,
        "dim_4": 0.568774223327637
      },
      "cluster_2": {
        "dim_1": -0.410204595340048,
        "dim_2": -0.230430292552401,
        "dim_3": -0.509189366331573,
        "dim_4": -0.289508258065822
      },
      "cluster_3": {
        "dim_1": 0.63421145203139,
        "dim_2": 0.62776939357236,
        "dim_3": 0.716260316926935,
        "dim_4": 0.065328436326347
      },
      "cluster_4": {
        "dim_1": 0.807670286720395,
        "dim_2": 0.880331801318632,
        "dim_3": -0.722328737120191,
        "dim_4": -0.848743136291655
      }
    },
    "distances": {
      "1": 0.271025526578913,
      "2": 0.167938426300526,
      "3": 0.717818365186286,
      "4": 1.058419216624243,
      "5": 0.24160872620457,
      "6": 1.109810361585698,
      "7": 0.930322918133711,
      "8": 0.430181991127457,
      "9": 0.744289134882774,
      "10": 0.246846113286093,
      "11": 0.0,
      "12": 0.357033051364604,
      "13": 0.67975736572516
    },
    "objective_value": 6.955051197000035,
    "lower_bound": 4.825616597187098,
    "upper_bound": 6.955051197000035,
    "absolute_gap": 2.129434599812937,
    "relative_gap": 0.44127720404770787
  },
  "performance": {
    "solution_time_seconds": 301.21372866630554,
    "solver_status": "ok",
    "termination_condition": "optimal",
    "solver": "gams",
    "subsolver": "scip",
    "is_relaxation": false,
    "root_relaxation_value": 4.8256165971871,
    "root_relaxation_gap_percent": 30.61709453312777,
    "relaxation_gap_percent": null,
    "absolute_gap": null
  }
}