{
  "model_parameters": {
    "n_dimensions": 4,
    "n_clusters": 3,
    "n_points": 12,
    "coord_range_lower": -1,
    "coord_range_upper": 1
  },
  "solution": {
    "status": "optimal",
    "center_coordinates": {
      "cluster_1": {
        "dim_1": -0.020145710482959,
        "dim_2": 0.732888733723072,
        "dim_3": 0.065347978300414,
        "dim_4": -0.380952540815183
      },
      "cluster_2": {
        "dim_1": 0.240837382375572,
        "dim_2": -0.852974210036372,
        "dim_3": 0.4491966971152,
        "dim_4": -0.368013626954387
      },
      "cluster_3": {
        "dim_1": 0.324061228114624,
        "dim_2": -0.088283124792043,
        "dim_3": -0.670730801066154,
        "dim_4": 0.496659157877288
      }
    },
    "distances": {
      "1": 0.074675126887547,
      "2": 0.54832386251714,
      "3": 0.381281572422043,
      "4": 0.150293464443049,
      "5": 1.565772051350499,
      "6": 0.560981276352374,
      "7": 0.692921159251351,
      "8": 0.935788318210867,
      "9": 0.169657209599713,
      "10": 0.771459488272502,
      "11": 0.424145481461351,
      "12": 0.625509793483652
    },
    "objective_value": 6.900808804252088,
    "lower_bound": 6.900808804252088,
    "absolute_gap": 0.0,
    "relative_gap": 0.0
  },
  "performance": {
    "solution_time_seconds": 4.421299457550049,
    "solver_status": "ok",
    "termination_condition": "optimal",
    "solver": "gams",
    "subsolver": "baron",
    "is_relaxation": false,
    "root_relaxation_value": 0.0,
    "root_relaxation_gap_percent": 100.0,
    "relaxation_gap_percent": null,
    "absolute_gap": null
  }
}