{
  "model_parameters": {
    "n_dimensions": 3,
    "n_clusters": 4,
    "n_points": 13,
    "coord_range_lower": -1,
    "coord_range_upper": 1
  },
  "solution": {
    "status": "optimal",
    "center_coordinates": {
      "cluster_1": {
        "dim_1": -0.955581680883796,
        "dim_2": -0.586568388089247,
        "dim_3": 0.842239854799026
      },
      "cluster_2": {
        "dim_1": -0.228873964036437,
        "dim_2": 0.745628481110851,
        "dim_3": 0.391462449545813
      },
      "cluster_3": {
        "dim_1": 0.470990495132459,
        "dim_2": 0.058468328873504,
        "dim_3": -0.524511849047697
      },
      "cluster_4": {
        "dim_1": 0.670520169070131,
        "dim_2": -0.299651009414674,
        "dim_3": 0.410774206301816
      }
    },
    "distances": {
      "1": 0.074121480407289,
      "2": 0.0,
      "3": 0.418946582028464,
      "4": 0.030251301205954,
      "5": 0.220170867300675,
      "6": 0.099532270414183,
      "7": 0.576877552921162,
      "8": 0.019073519747331,
      "9": 0.156969005633173,
      "10": 0.133019589421629,
      "11": 0.387172309876899,
      "12": 0.22059172866248,
      "13": 0.109447225854503
    },
    "objective_value": 2.446173433473742,
    "lower_bound": 2.446173433473743,
    "upper_bound": 2.446173433473743,
    "absolute_gap": -8.881784197001252e-16,
    "relative_gap": -3.630888993994378e-16
  },
  "performance": {
    "solution_time_seconds": 228.84680938720703,
    "solver_status": "ok",
    "termination_condition": "optimal",
    "solver": "gams",
    "subsolver": "scip",
    "is_relaxation": false,
    "root_relaxation_value": 2.44617343347374,
    "root_relaxation_gap_percent": 9.077222484985948e-14,
    "relaxation_gap_percent": null,
    "absolute_gap": null
  }
}