{
  "model_parameters": {
    "n_dimensions": 3,
    "n_clusters": 4,
    "n_points": 14,
    "coord_range_lower": -1,
    "coord_range_upper": 1
  },
  "solution": {
    "status": "optimal",
    "center_coordinates": {
      "cluster_1": {
        "dim_1": -0.636484006035674,
        "dim_2": -0.47541825192156,
        "dim_3": -0.741764253507545
      },
      "cluster_2": {
        "dim_1": -0.188139279922693,
        "dim_2": 0.072047587646752,
        "dim_3": 0.666784635891301
      },
      "cluster_3": {
        "dim_1": -0.188139289856894,
        "dim_2": 0.484769499609027,
        "dim_3": 0.059197549838788
      },
      "cluster_4": {
        "dim_1": 0.412920389055631,
        "dim_2": -0.618442867349948,
        "dim_3": 0.072040952093406
      }
    },
    "distances": {
      "1": 0.082755682579233,
      "2": 0.410790134965567,
      "3": 0.075416468938998,
      "4": 0.156350194850018,
      "5": 0.193389165863552,
      "6": 0.808964614165946,
      "7": 0.435373075883854,
      "8": 0.107864686869955,
      "9": 0.150315735910313,
      "10": 0.565349119159996,
      "11": 0.198083201649145,
      "12": 0.251587217290466,
      "13": 0.386639667339774,
      "14": 0.251587206207212
    },
    "objective_value": 4.074466171674029,
    "lower_bound": 1.03043587082552,
    "absolute_gap": 3.044030300848509,
    "relative_gap": 2.954119113118437
  },
  "performance": {
    "solution_time_seconds": 1801.5806040763855,
    "solver_status": "ok",
    "termination_condition": "optimal",
    "solver": "gams",
    "subsolver": "scip",
    "is_relaxation": false,
    "root_relaxation_value": 1.03043587082552,
    "root_relaxation_gap_percent": 74.70991714229507,
    "relaxation_gap_percent": null,
    "absolute_gap": null
  }
}