{
  "model_parameters": {
    "n_dimensions": 5,
    "n_clusters": 3,
    "n_points": 16,
    "coord_range_lower": -1,
    "coord_range_upper": 1
  },
  "solution": {
    "status": "optimal",
    "center_coordinates": {
      "cluster_1": {
        "dim_1": -0.072716294060392,
        "dim_2": -0.755822740938935,
        "dim_3": -0.01123985044317,
        "dim_4": 0.655806803598411,
        "dim_5": 0.157493013523721
      },
      "cluster_2": {
        "dim_1": 0.236013608138382,
        "dim_2": 0.674782143597504,
        "dim_3": 0.27613291714347,
        "dim_4": 0.325946022579275,
        "dim_5": 0.257521062491188
      },
      "cluster_3": {
        "dim_1": 0.510176485360709,
        "dim_2": -0.26901754345849,
        "dim_3": -0.452424885276487,
        "dim_4": -0.416318320433365,
        "dim_5": -0.422999779852401
      }
    },
    "distances": {
      "1": 1.693773593826806,
      "2": 0.578830480097867,
      "3": 0.692972646385962,
      "4": 0.370036541876551,
      "5": 0.86413562569818,
      "6": 1.078298776776219,
      "7": 0.706897461132263,
      "8": 0.586503356242341,
      "9": 1.377302935888122,
      "10": 1.210897490869476,
      "11": 1.28082696674581,
      "12": 0.633708340399747,
      "13": 0.592650008241506,
      "14": 1.220110299512915,
      "15": 2.448397017835733,
      "16": 1.134037113351316
    },
    "objective_value": 16.469378654880813,
    "lower_bound": 7.569687796620961,
    "upper_bound": 16.469378654880813,
    "absolute_gap": 8.899690858259852,
    "relative_gap": 1.1757011778256683
  },
  "performance": {
    "solution_time_seconds": 301.5716950893402,
    "solver_status": "ok",
    "termination_condition": "optimal",
    "solver": "gams",
    "subsolver": "baron",
    "is_relaxation": false,
    "root_relaxation_value": 0.0,
    "root_relaxation_gap_percent": 100.0,
    "relaxation_gap_percent": null,
    "absolute_gap": null
  }
}