{
  "model_parameters": {
    "n_dimensions": 5,
    "n_clusters": 5,
    "n_points": 15,
    "coord_range_lower": -1,
    "coord_range_upper": 1
  },
  "solution": {
    "status": "optimal",
    "center_coordinates": {
      "cluster_1": {
        "dim_1": -0.580963630205599,
        "dim_2": -0.668045808154341,
        "dim_3": 0.336186351962421,
        "dim_4": -0.223826541028057,
        "dim_5": 0.612929488133479
      },
      "cluster_2": {
        "dim_1": -0.580963630205599,
        "dim_2": -0.105514017910563,
        "dim_3": 0.949834630793514,
        "dim_4": -0.561127279576473,
        "dim_5": 0.177511254446577
      },
      "cluster_3": {
        "dim_1": -0.458758140306595,
        "dim_2": 0.54793059071627,
        "dim_3": -0.423281227734504,
        "dim_4": 0.667069396205846,
        "dim_5": -0.258142548090844
      },
      "cluster_4": {
        "dim_1": -0.21350817825027,
        "dim_2": 0.473717480931239,
        "dim_3": 0.792577261400847,
        "dim_4": 0.29263232139807,
        "dim_5": -0.250206075201091
      },
      "cluster_5": {
        "dim_1": 0.009743010273758,
        "dim_2": -0.417168014895054,
        "dim_3": -0.510709343033014,
        "dim_4": -0.365500846678231,
        "dim_5": -0.328561276443432
      }
    },
    "distances": {
      "1": 0.459597824085897,
      "2": 0.39267194560155,
      "3": 0.224986886686107,
      "4": 0.380091302623877,
      "5": 0.028813161073396,
      "6": 0.199785221922084,
      "7": 0.604506112042629,
      "8": 0.822547378449905,
      "9": 0.428203792010865,
      "10": 0.095880185071363,
      "11": 0.613324174151498,
      "12": 0.100169197097318,
      "13": 0.281446745965112,
      "14": 0.380091295505225,
      "15": 0.598289805305479
    },
    "objective_value": 5.610405027592305,
    "lower_bound": 0.617804058316834,
    "absolute_gap": 4.992600969275472,
    "relative_gap": 8.081204553556155
  },
  "performance": {
    "solution_time_seconds": 1809.3219740390778,
    "solver_status": "ok",
    "termination_condition": "optimal",
    "solver": "gams",
    "subsolver": "baron",
    "is_relaxation": false,
    "root_relaxation_value": 0.0,
    "root_relaxation_gap_percent": 100.0,
    "relaxation_gap_percent": null,
    "absolute_gap": null
  }
}