{
  "model_parameters": {
    "n_dimensions": 5,
    "n_clusters": 4,
    "n_points": 16,
    "coord_range_lower": -1,
    "coord_range_upper": 1
  },
  "solution": {
    "status": "optimal",
    "center_coordinates": {
      "cluster_1": {
        "dim_1": -0.371211610768011,
        "dim_2": 0.182631925616945,
        "dim_3": 0.5073899624132,
        "dim_4": -0.689823526145786,
        "dim_5": -0.673643181356542
      },
      "cluster_2": {
        "dim_1": -0.230600730775334,
        "dim_2": -0.487034214522614,
        "dim_3": 0.269815459916782,
        "dim_4": 0.483571617746691,
        "dim_5": -0.357657108899407
      },
      "cluster_3": {
        "dim_1": -0.012615898301515,
        "dim_2": 0.176711328196655,
        "dim_3": 0.124604591706611,
        "dim_4": -0.697592633994367,
        "dim_5": 0.627880154809737
      },
      "cluster_4": {
        "dim_1": 0.483763787102994,
        "dim_2": 0.775008080247329,
        "dim_3": -0.224239838888421,
        "dim_4": 0.423957653055945,
        "dim_5": -0.498488683773403
      }
    },
    "distances": {
      "1": 0.667768140512074,
      "2": 1.211788770827972,
      "3": 0.641123417877141,
      "4": 1.284018378236744,
      "5": 0.646814188323328,
      "6": 0.813867311857169,
      "7": 0.845123558286531,
      "8": 0.800255898137671,
      "9": 0.423188957286959,
      "10": 0.373577460253698,
      "11": 0.431078450798767,
      "12": 1.076060297450761,
      "13": 0.422496532422603,
      "14": 0.40413925691488,
      "15": 0.653896381269489,
      "16": 0.382402187844504
    },
    "objective_value": 11.07759918830029,
    "lower_bound": 0.841974226345822,
    "upper_bound": 11.077599188300288,
    "absolute_gap": 10.235624961954468,
    "relative_gap": 12.156696299810982
  },
  "performance": {
    "solution_time_seconds": 301.6038908958435,
    "solver_status": "ok",
    "termination_condition": "optimal",
    "solver": "gams",
    "subsolver": "baron",
    "is_relaxation": false,
    "root_relaxation_value": 0.0,
    "root_relaxation_gap_percent": 100.0,
    "relaxation_gap_percent": null,
    "absolute_gap": null
  }
}