{
  "model_parameters": {
    "n_dimensions": 4,
    "n_clusters": 3,
    "n_points": 11,
    "coord_range_lower": -1,
    "coord_range_upper": 1
  },
  "solution": {
    "status": "optimal",
    "center_coordinates": {
      "cluster_1": {
        "dim_1": -0.35024491227863,
        "dim_2": -0.121500232725004,
        "dim_3": 0.628873366197643,
        "dim_4": -0.459473167255481
      },
      "cluster_2": {
        "dim_1": 0.249745936707263,
        "dim_2": -0.335953134414691,
        "dim_3": -0.465663398699638,
        "dim_4": -0.573427977556844
      },
      "cluster_3": {
        "dim_1": 0.423349350815999,
        "dim_2": 0.228330996370138,
        "dim_3": -0.158403426027053,
        "dim_4": 0.419849873601885
      }
    },
    "distances": {
      "1": 0.381750424738535,
      "2": 0.226663888851782,
      "3": 0.069865169493024,
      "4": 0.477604903065734,
      "5": 0.071019232033633,
      "6": 0.426268859623086,
      "7": 0.697977328454194,
      "8": 0.401288690881408,
      "9": 0.188656861125077,
      "10": 0.545877720247392,
      "11": 0.467957691777452
    },
    "objective_value": 3.954930770291317,
    "lower_bound": 3.954919797118362,
    "absolute_gap": 1.0973172955175414e-05,
    "relative_gap": 2.774562701162916e-06
  },
  "performance": {
    "solution_time_seconds": 1801.915857553482,
    "solver_status": "ok",
    "termination_condition": "optimal",
    "solver": "gams",
    "subsolver": "scip",
    "is_relaxation": false,
    "root_relaxation_value": 3.95491979711836,
    "root_relaxation_gap_percent": 0.00027745550034352423,
    "relaxation_gap_percent": null,
    "absolute_gap": null
  }
}