{
  "model_parameters": {
    "n_dimensions": 3,
    "n_clusters": 3,
    "n_points": 20,
    "coord_range_lower": -1,
    "coord_range_upper": 1
  },
  "solution": {
    "status": "optimal",
    "center_coordinates": {
      "cluster_1": {
        "dim_1": -0.418201620243995,
        "dim_2": -0.274025015519252,
        "dim_3": 0.298682696118045
      },
      "cluster_2": {
        "dim_1": 0.055665516170793,
        "dim_2": 0.688074049946161,
        "dim_3": -0.427907936761399
      },
      "cluster_3": {
        "dim_1": 0.725950955039551,
        "dim_2": 0.261170513814714,
        "dim_3": 0.431767815305673
      }
    },
    "distances": {
      "1": 0.835752980095385,
      "2": 0.217878097179176,
      "3": 0.598591185940855,
      "4": 0.764956566878944,
      "5": 0.525994119987454,
      "6": 0.075450110839599,
      "7": 0.098100579097277,
      "8": 0.833574088205012,
      "9": 0.135059427407256,
      "10": 0.531975482591206,
      "11": 0.489666569769992,
      "12": 0.119002008278157,
      "13": 0.064556934857037,
      "14": 0.160874787590392,
      "15": 0.592513327153426,
      "16": 1.383113007989748,
      "17": 0.188988605945732,
      "18": 0.864449670738207,
      "19": 0.647815454035743,
      "20": 0.390655619616344
    },
    "objective_value": 9.518968624196942,
    "lower_bound": 5.624972802222328,
    "absolute_gap": 3.893995821974614,
    "relative_gap": 0.6922692711396159
  },
  "performance": {
    "solution_time_seconds": 1801.906878232956,
    "solver_status": "ok",
    "termination_condition": "optimal",
    "solver": "gams",
    "subsolver": "scip",
    "is_relaxation": false,
    "root_relaxation_value": 5.62497280222233,
    "root_relaxation_gap_percent": 40.90774931305255,
    "relaxation_gap_percent": null,
    "absolute_gap": null
  }
}