{
  "model_parameters": {
    "n_dimensions": 2,
    "n_clusters": 3,
    "n_points": 16,
    "coord_range_lower": -1,
    "coord_range_upper": 1
  },
  "solution": {
    "status": "optimal",
    "center_coordinates": {
      "cluster_1": {
        "dim_1": -0.591489918168509,
        "dim_2": -0.567535175150762
      },
      "cluster_2": {
        "dim_1": -0.363320918888276,
        "dim_2": 0.333405858531953
      },
      "cluster_3": {
        "dim_1": 0.687512323653951,
        "dim_2": 0.482201951727415
      }
    },
    "distances": {
      "1": 0.109195571152409,
      "2": 0.348226725612552,
      "3": 0.047159798162304,
      "4": 0.141865215702855,
      "5": 0.024321947804926,
      "6": 0.773147923164769,
      "7": 0.227467337628165,
      "8": 0.101426917222935,
      "9": 0.135456106345291,
      "10": 0.096799210182779,
      "11": 0.038955293396523,
      "12": 0.169355210961977,
      "13": 0.078581882099979,
      "14": 0.159771866600514,
      "15": 0.214559894795167,
      "16": 0.171794893990905
    },
    "objective_value": 2.83808579482405,
    "lower_bound": 2.838085792477069,
    "upper_bound": 2.838085794824053,
    "absolute_gap": 2.346981275991311e-09,
    "relative_gap": 8.269592421104636e-10
  },
  "performance": {
    "solution_time_seconds": 96.99497485160828,
    "solver_status": "ok",
    "termination_condition": "optimal",
    "solver": "gams",
    "subsolver": "baron",
    "is_relaxation": false,
    "root_relaxation_value": 0.0,
    "root_relaxation_gap_percent": 100.0,
    "relaxation_gap_percent": null,
    "absolute_gap": null
  }
}