{
  "model_parameters": {
    "n_dimensions": 3,
    "n_clusters": 3,
    "n_points": 14,
    "coord_range_lower": -1,
    "coord_range_upper": 1
  },
  "solution": {
    "status": "optimal",
    "center_coordinates": {
      "cluster_1": {
        "dim_1": -0.733106129725578,
        "dim_2": -0.057431212298126,
        "dim_3": -0.398128514910643
      },
      "cluster_2": {
        "dim_1": -0.530991990797435,
        "dim_2": -0.853377202297417,
        "dim_3": 0.138496189044152
      },
      "cluster_3": {
        "dim_1": 0.35897070371536,
        "dim_2": 0.438653552776564,
        "dim_3": 0.408818338621046
      }
    },
    "distances": {
      "1": 0.485966496255234,
      "2": 0.065035768149789,
      "3": 0.045276582399394,
      "4": 0.013051146571497,
      "5": 0.354975235383261,
      "6": 0.475821394013028,
      "7": 0.816479123215857,
      "8": 0.193576533035534,
      "9": 0.447779546446407,
      "10": 0.027177485709558,
      "11": 0.870069015891036,
      "12": 0.28848062870499,
      "13": 0.145767259638318,
      "14": 0.39346869133379
    },
    "objective_value": 4.622924906747693,
    "lower_bound": 4.622924906747693,
    "absolute_gap": 0.0,
    "relative_gap": 0.0
  },
  "performance": {
    "solution_time_seconds": 6.159713983535767,
    "solver_status": "ok",
    "termination_condition": "optimal",
    "solver": "gams",
    "subsolver": "baron",
    "is_relaxation": false,
    "root_relaxation_value": 0.0,
    "root_relaxation_gap_percent": 100.0,
    "relaxation_gap_percent": null,
    "absolute_gap": null
  }
}