{
  "model_parameters": {
    "n_dimensions": 2,
    "n_clusters": 4,
    "n_points": 12,
    "coord_range_lower": -1,
    "coord_range_upper": 1
  },
  "solution": {
    "status": "optimal",
    "center_coordinates": {
      "cluster_1": {
        "dim_1": -0.665452877661806,
        "dim_2": 0.281366988762215
      },
      "cluster_2": {
        "dim_1": -0.379773726402932,
        "dim_2": -0.685595730428167
      },
      "cluster_3": {
        "dim_1": 0.524321394086971,
        "dim_2": -0.016698848348838
      },
      "cluster_4": {
        "dim_1": 0.568872715983908,
        "dim_2": -0.730826829350176
      }
    },
    "distances": {
      "1": 0.034061315076143,
      "2": 0.116939088519591,
      "3": 0.064856341553728,
      "4": 0.103381505522107,
      "5": 0.077096632100184,
      "6": 0.117421112194342,
      "7": 0.064859027077633,
      "8": 0.014976559131819,
      "9": 0.187344858406067,
      "10": 0.121558181374351,
      "11": 0.034067741311163,
      "12": 0.011902794558369
    },
    "objective_value": 0.948465156825497,
    "lower_bound": 0.948465156825499,
    "absolute_gap": -1.9984014443252818e-15,
    "relative_gap": -2.10698456336963e-15
  },
  "performance": {
    "solution_time_seconds": 2.1617343425750732,
    "solver_status": "ok",
    "termination_condition": "optimal",
    "solver": "gams",
    "subsolver": "baron",
    "is_relaxation": false,
    "root_relaxation_value": 0.0,
    "root_relaxation_gap_percent": 100.0,
    "relaxation_gap_percent": null,
    "absolute_gap": null
  }
}