{
  "model_parameters": {
    "n_dimensions": 3,
    "n_clusters": 4,
    "n_points": 14,
    "coord_range_lower": -1,
    "coord_range_upper": 1
  },
  "solution": {
    "status": "optimal",
    "center_coordinates": {
      "cluster_1": {
        "dim_1": -0.742140598376144,
        "dim_2": -0.926691106644788,
        "dim_3": -0.933536696558422
      },
      "cluster_2": {
        "dim_1": -0.476253627501104,
        "dim_2": 0.507556147367212,
        "dim_3": 0.400812185405628
      },
      "cluster_3": {
        "dim_1": -0.008569721947608,
        "dim_2": 0.218416193259803,
        "dim_3": -0.324255975357715
      },
      "cluster_4": {
        "dim_1": 0.24062482396589,
        "dim_2": -0.469252314569734,
        "dim_3": 0.50993972246328
      }
    },
    "distances": {
      "1": 0.113979882881034,
      "2": 0.205496149095758,
      "3": 0.179970689042367,
      "4": 0.351477373026508,
      "5": 0.475980587088453,
      "6": 0.612972939005578,
      "7": 0.233421779108738,
      "8": 0.093997178020524,
      "9": 0.068217748092218,
      "10": 0.379923941633778,
      "11": 0.066339635937919,
      "12": 0.382545637227689,
      "13": 0.268020070108672,
      "14": 2.194791e-09
    },
    "objective_value": 3.432343612464027,
    "lower_bound": 3.432343482447683,
    "upper_bound": 3.432343612464027,
    "absolute_gap": 1.300163439132973e-07,
    "relative_gap": 3.787975899794844e-08
  },
  "performance": {
    "solution_time_seconds": 27.741313695907593,
    "solver_status": "ok",
    "termination_condition": "optimal",
    "solver": "gams",
    "subsolver": "gurobi",
    "is_relaxation": false,
    "root_relaxation_value": 0.0,
    "root_relaxation_gap_percent": 100.0,
    "relaxation_gap_percent": null,
    "absolute_gap": null
  }
}