{
  "model_parameters": {
    "n_dimensions": 3,
    "n_clusters": 5,
    "n_points": 11,
    "coord_range_lower": -1,
    "coord_range_upper": 1
  },
  "solution": {
    "status": "feasible",
    "center_coordinates": {
      "cluster_1": {
        "dim_1": -0.860060747172255,
        "dim_2": 0.964635001894171,
        "dim_3": 0.918034068320311
      },
      "cluster_2": {
        "dim_1": -0.380815889159801,
        "dim_2": 0.54005778695297,
        "dim_3": -0.788431151341533
      },
      "cluster_3": {
        "dim_1": -0.068019562598174,
        "dim_2": -0.457289757567112,
        "dim_3": -0.753438801340318
      },
      "cluster_4": {
        "dim_1": 0.676225267035851,
        "dim_2": -0.554927419403367,
        "dim_3": 0.025952041754704
      },
      "cluster_5": {
        "dim_1": 0.679033564371536,
        "dim_2": 0.585762749583441,
        "dim_3": -0.118594085723788
      }
    },
    "distances": {
      "1": 0.333298389652261,
      "2": 0.047760483426047,
      "3": 0.325443509776826,
      "4": 0.022258695430893,
      "5": 0.350599833457232,
      "6": 0.085624407788541,
      "7": 0.0,
      "8": 0.251184938000116,
      "9": 0.251184937097056,
      "10": 0.345435310080838,
      "11": 0.085624355209782
    },
    "objective_value": 2.098414859919592,
    "lower_bound": 1.926674292435223,
    "upper_bound": 2.098414859919591,
    "absolute_gap": 0.17174056748436906,
    "relative_gap": 0.08913835003595616
  },
  "performance": {
    "solution_time_seconds": 300.6866738796234,
    "solver_status": "ok",
    "termination_condition": "feasible",
    "solver": "gams",
    "subsolver": "gurobi",
    "is_relaxation": false,
    "root_relaxation_value": 0.0,
    "root_relaxation_gap_percent": 100.0,
    "relaxation_gap_percent": null,
    "absolute_gap": null
  }
}