{
  "model_parameters": {
    "n_dimensions": 5,
    "n_clusters": 4,
    "n_points": 10,
    "coord_range_lower": -1,
    "coord_range_upper": 1
  },
  "solution": {
    "status": "feasible",
    "center_coordinates": {
      "cluster_1": {
        "dim_1": -0.762199491624612,
        "dim_2": -0.887912588364354,
        "dim_3": 0.458190096192495,
        "dim_4": 0.272586652643815,
        "dim_5": -0.239719503214664
      },
      "cluster_2": {
        "dim_1": -0.320326048923046,
        "dim_2": 0.196678806354521,
        "dim_3": -0.441810215969917,
        "dim_4": -0.163184093763758,
        "dim_5": 0.168142537734574
      },
      "cluster_3": {
        "dim_1": 0.115839340002805,
        "dim_2": 0.113862273891954,
        "dim_3": 0.379020114888388,
        "dim_4": 0.000767825955221,
        "dim_5": 0.055590898506888
      },
      "cluster_4": {
        "dim_1": 0.640257878333725,
        "dim_2": 0.252306798838092,
        "dim_3": -0.320736926161295,
        "dim_4": -0.77689548893978,
        "dim_5": 0.356266441650489
      }
    },
    "distances": {
      "1": 0.175091408910514,
      "2": 0.317941816885862,
      "3": 0.40631151226274,
      "4": 0.317941814934986,
      "5": 0.336296429351322,
      "6": 0.175091408931023,
      "7": 0.265377180940775,
      "8": 0.154052721750999,
      "9": 0.336296427654761,
      "10": 0.190405483898454
    },
    "objective_value": 2.674806205521436,
    "lower_bound": 2.362129701934606,
    "upper_bound": 2.674806205521437,
    "absolute_gap": 0.3126765035868302,
    "relative_gap": 0.1323705905440947
  },
  "performance": {
    "solution_time_seconds": 300.5905330181122,
    "solver_status": "ok",
    "termination_condition": "feasible",
    "solver": "gams",
    "subsolver": "gurobi",
    "is_relaxation": false,
    "root_relaxation_value": 0.0,
    "root_relaxation_gap_percent": 100.0,
    "relaxation_gap_percent": null,
    "absolute_gap": null
  }
}