{
  "model_parameters": {
    "n_dimensions": 5,
    "n_clusters": 4,
    "n_points": 15,
    "coord_range_lower": -1,
    "coord_range_upper": 1
  },
  "solution": {
    "status": "optimal",
    "center_coordinates": {
      "cluster_1": {
        "dim_1": -0.591834612912643,
        "dim_2": 0.711363249599199,
        "dim_3": 0.041509248298072,
        "dim_4": 0.011947910516727,
        "dim_5": 0.560214450281199
      },
      "cluster_2": {
        "dim_1": -0.553291792576122,
        "dim_2": -0.576949715567054,
        "dim_3": -0.712244809067354,
        "dim_4": 0.051586466099488,
        "dim_5": 0.223050401621117
      },
      "cluster_3": {
        "dim_1": 0.452605547505485,
        "dim_2": 0.397457350384907,
        "dim_3": 0.482818401726603,
        "dim_4": 0.17715918674114,
        "dim_5": -0.361506859534631
      },
      "cluster_4": {
        "dim_1": 0.770081906371097,
        "dim_2": -0.36053901699105,
        "dim_3": -0.201517889162281,
        "dim_4": 0.088721296265643,
        "dim_5": 0.68914576242289
      }
    },
    "distances": {
      "1": 0.522683473612502,
      "2": 0.753409702817263,
      "3": 0.756732158987833,
      "4": 0.971821572474357,
      "5": 0.424436299656234,
      "6": 1.02390363538455,
      "7": 0.462892167665883,
      "8": 0.818324894588547,
      "9": 0.378504283784145,
      "10": 0.095329312702922,
      "11": 1.798765761051819,
      "12": 0.28076370354057,
      "13": 0.608966023643628,
      "14": 0.355445298829511,
      "15": 0.843981424953606
    },
    "objective_value": 10.09595971369337,
    "lower_bound": 10.095959713693372,
    "absolute_gap": -1.7763568394002505e-15,
    "relative_gap": -1.7594729869919536e-16
  },
  "performance": {
    "solution_time_seconds": 372.2272641658783,
    "solver_status": "ok",
    "termination_condition": "optimal",
    "solver": "gams",
    "subsolver": "baron",
    "is_relaxation": false,
    "root_relaxation_value": 4.52187,
    "root_relaxation_gap_percent": 55.21109306857783,
    "relaxation_gap_percent": null,
    "absolute_gap": null
  }
}