{
  "model_parameters": {
    "n_dimensions": 2,
    "n_clusters": 5,
    "n_points": 17,
    "coord_range_lower": -1,
    "coord_range_upper": 1
  },
  "solution": {
    "status": "feasible",
    "center_coordinates": {
      "cluster_1": {
        "dim_1": -0.473718894583361,
        "dim_2": -0.461368003588956
      },
      "cluster_2": {
        "dim_1": -0.303463190549813,
        "dim_2": 0.767392845389061
      },
      "cluster_3": {
        "dim_1": -0.234548866126418,
        "dim_2": 0.128435592446345
      },
      "cluster_4": {
        "dim_1": 0.604149232443389,
        "dim_2": -0.63405552074227
      },
      "cluster_5": {
        "dim_1": 0.711978581115925,
        "dim_2": 0.346805274939421
      }
    },
    "distances": {
      "1": 0.215280565485003,
      "2": 0.064063840709068,
      "3": 0.045228578214989,
      "4": 0.101436477348715,
      "5": 0.126092038472489,
      "6": 0.08606461816578,
      "7": 0.009096406029582,
      "8": 0.009096406439609,
      "9": 0.15019735745797,
      "10": 0.073178425741662,
      "11": 0.092063286972121,
      "12": 0.038254744487887,
      "13": 0.028511091225235,
      "14": 0.022971408819383,
      "15": 0.073499978022185,
      "16": 0.142535849969477,
      "17": 0.022588270454393
    },
    "objective_value": 1.300159344015548,
    "lower_bound": 0.805165503504979,
    "upper_bound": 1.300159344015547,
    "absolute_gap": 0.49499384051056894,
    "relative_gap": 0.6147727869062984
  },
  "performance": {
    "solution_time_seconds": 300.558203458786,
    "solver_status": "ok",
    "termination_condition": "feasible",
    "solver": "gams",
    "subsolver": "gurobi",
    "is_relaxation": false,
    "root_relaxation_value": 0.0,
    "root_relaxation_gap_percent": 100.0,
    "relaxation_gap_percent": null,
    "absolute_gap": null
  }
}