{
  "model_parameters": {
    "n_dimensions": 3,
    "n_clusters": 4,
    "n_points": 12,
    "coord_range_lower": -1,
    "coord_range_upper": 1
  },
  "solution": {
    "status": "optimal",
    "center_coordinates": {
      "cluster_1": {
        "dim_1": -0.559265467073707,
        "dim_2": 0.175379859858245,
        "dim_3": 0.354608882207999
      },
      "cluster_2": {
        "dim_1": -0.103602522828656,
        "dim_2": 0.831343134774122,
        "dim_3": -0.44987546451915
      },
      "cluster_3": {
        "dim_1": 0.477450714184671,
        "dim_2": -0.451146305269337,
        "dim_3": -0.457259611528163
      },
      "cluster_4": {
        "dim_1": 0.620505222010202,
        "dim_2": -0.092503246867726,
        "dim_3": 0.895455732406083
      }
    },
    "distances": {
      "1": 0.020150199974932,
      "2": 0.36721485002023,
      "3": 0.293667445067347,
      "4": 0.179634886519154,
      "5": 0.136608501182456,
      "6": 0.057292703276647,
      "7": 0.237742776191679,
      "8": 0.090094801419097,
      "9": 0.057276372346656,
      "10": 0.192183584657887,
      "11": 0.468827891017167,
      "12": 0.057240382528434
    },
    "objective_value": 2.157934394201686,
    "lower_bound": 2.157928394930509,
    "absolute_gap": 5.999271177170584e-06,
    "relative_gap": 2.7801066945800014e-06
  },
  "performance": {
    "solution_time_seconds": 1801.533885717392,
    "solver_status": "ok",
    "termination_condition": "optimal",
    "solver": "gams",
    "subsolver": "scip",
    "is_relaxation": false,
    "root_relaxation_value": 2.15792839493051,
    "root_relaxation_gap_percent": 0.00027800989649908744,
    "relaxation_gap_percent": null,
    "absolute_gap": null
  }
}