{
  "model_parameters": {
    "n_dimensions": 3,
    "n_clusters": 3,
    "n_points": 14,
    "coord_range_lower": -1,
    "coord_range_upper": 1
  },
  "solution": {
    "status": "optimal",
    "center_coordinates": {
      "cluster_1": {
        "dim_1": -0.733405134156534,
        "dim_2": -0.057601121831001,
        "dim_3": -0.398137814358368
      },
      "cluster_2": {
        "dim_1": -0.530590210482897,
        "dim_2": -0.853425824060098,
        "dim_3": 0.13774539170115
      },
      "cluster_3": {
        "dim_1": 0.35833857483225,
        "dim_2": 0.438713267875074,
        "dim_3": 0.40816392506326
      }
    },
    "distances": {
      "1": 0.484793517334376,
      "2": 0.065109692789251,
      "3": 0.045290636584191,
      "4": 0.013025251510259,
      "5": 0.353937178769136,
      "6": 0.47606412914101,
      "7": 0.816075147332243,
      "8": 0.193705433291585,
      "9": 0.448313403465884,
      "10": 0.027144241495608,
      "11": 0.871632282015203,
      "12": 0.289239141939176,
      "13": 0.145397363499962,
      "14": 0.393175365511708
    },
    "objective_value": 4.622902784679592,
    "lower_bound": 4.622898174576477,
    "upper_bound": 4.62290278467959,
    "absolute_gap": 4.61010311525456e-06,
    "relative_gap": 9.972322428834183e-07
  },
  "performance": {
    "solution_time_seconds": 126.16255497932434,
    "solver_status": "ok",
    "termination_condition": "optimal",
    "solver": "gams",
    "subsolver": "gurobi",
    "is_relaxation": false,
    "root_relaxation_value": 0.0,
    "root_relaxation_gap_percent": 100.0,
    "relaxation_gap_percent": null,
    "absolute_gap": null
  }
}