{
  "model_parameters": {
    "n_dimensions": 3,
    "n_clusters": 5,
    "n_points": 16,
    "coord_range_lower": -1,
    "coord_range_upper": 1
  },
  "solution": {
    "status": "optimal",
    "center_coordinates": {
      "cluster_1": {
        "dim_1": -0.610087628572404,
        "dim_2": 0.599340599298838,
        "dim_3": 0.236099506074733
      },
      "cluster_2": {
        "dim_1": -0.388266182122978,
        "dim_2": -0.810024052472918,
        "dim_3": -0.195621375040702
      },
      "cluster_3": {
        "dim_1": -0.331281195637269,
        "dim_2": 0.256050523224066,
        "dim_3": -0.639205297138034
      },
      "cluster_4": {
        "dim_1": 0.566922701699269,
        "dim_2": 0.204618076542391,
        "dim_3": -0.049246761804233
      },
      "cluster_5": {
        "dim_1": 0.732749357475852,
        "dim_2": 0.416819786796527,
        "dim_3": 0.860093239370527
      }
    },
    "distances": {
      "1": 0.130087673068004,
      "2": 0.097614277673687,
      "3": 0.14172275742237,
      "4": 0.096350689885278,
      "5": 0.247950241303642,
      "6": 0.078222314163618,
      "7": 0.291233368039091,
      "8": 0.395051652999236,
      "9": 0.090888818812149,
      "10": 0.171254778526302,
      "11": 0.078334387556804,
      "12": 0.227701024406144,
      "13": 0.128013526020143,
      "14": 0.323219692557867,
      "15": 0.322744629945571,
      "16": 0.05907306769747
    },
    "objective_value": 2.879462900077376,
    "lower_bound": 2.879461821151853,
    "absolute_gap": 1.0789255231458128e-06,
    "relative_gap": 3.74696936497049e-07
  },
  "performance": {
    "solution_time_seconds": 456.05501079559326,
    "solver_status": "ok",
    "termination_condition": "optimal",
    "solver": "gams",
    "subsolver": "gurobi",
    "is_relaxation": false,
    "root_relaxation_value": 0.0,
    "root_relaxation_gap_percent": 100.0,
    "relaxation_gap_percent": null,
    "absolute_gap": null
  }
}