{
  "model_parameters": {
    "n_dimensions": 4,
    "n_clusters": 3,
    "n_points": 12,
    "coord_range_lower": -1,
    "coord_range_upper": 1
  },
  "solution": {
    "status": "optimal",
    "center_coordinates": {
      "cluster_1": {
        "dim_1": -0.020151906082703,
        "dim_2": 0.732388094754141,
        "dim_3": 0.064934256343663,
        "dim_4": -0.381527372980699
      },
      "cluster_2": {
        "dim_1": 0.240923036622128,
        "dim_2": -0.853395550812837,
        "dim_3": 0.448865226995988,
        "dim_4": -0.367879642857915
      },
      "cluster_3": {
        "dim_1": 0.324251801505821,
        "dim_2": -0.087607442741823,
        "dim_3": -0.671229614925259,
        "dim_4": 0.496759080645416
      }
    },
    "distances": {
      "1": 0.074504727992233,
      "2": 0.548613617618106,
      "3": 0.381157412122398,
      "4": 0.150118261974834,
      "5": 1.56479799048594,
      "6": 0.560755978854312,
      "7": 0.693316459534837,
      "8": 0.936792115022274,
      "9": 0.169469410074854,
      "10": 0.771911653808101,
      "11": 0.423719675964505,
      "12": 0.625633152039213
    },
    "objective_value": 6.900790455491607,
    "lower_bound": 6.900296782194454,
    "absolute_gap": 0.0004936732971527746,
    "relative_gap": 7.15437774251465e-05
  },
  "performance": {
    "solution_time_seconds": 1800.3182826042175,
    "solver_status": "ok",
    "termination_condition": "optimal",
    "solver": "gams",
    "subsolver": "gurobi",
    "is_relaxation": false,
    "root_relaxation_value": 0.0,
    "root_relaxation_gap_percent": 100.0,
    "relaxation_gap_percent": null,
    "absolute_gap": null
  }
}