{
  "model_parameters": {
    "n_dimensions": 3,
    "n_clusters": 5,
    "n_points": 10,
    "coord_range_lower": -1,
    "coord_range_upper": 1
  },
  "solution": {
    "status": "optimal",
    "center_coordinates": {
      "cluster_1": {
        "dim_1": -0.843098475026178,
        "dim_2": -0.545350496955095,
        "dim_3": 0.11622013744994
      },
      "cluster_2": {
        "dim_1": -0.619816708006279,
        "dim_2": 0.888705814883803,
        "dim_3": -0.055404520022685
      },
      "cluster_3": {
        "dim_1": -0.458822579058915,
        "dim_2": 0.152791564060696,
        "dim_3": 0.596879435444387
      },
      "cluster_4": {
        "dim_1": -0.228504260650681,
        "dim_2": -0.024108532920045,
        "dim_3": -0.870980074351063
      },
      "cluster_5": {
        "dim_1": 0.770886230152275,
        "dim_2": 0.482711614700036,
        "dim_3": -0.395708794117641
      }
    },
    "distances": {
      "1": 0.102955282829413,
      "2": 0.12545952139361,
      "3": 0.102934410809346,
      "4": 1.740971e-08,
      "5": 2.1356864e-08,
      "6": 0.239040177387084,
      "7": 0.253723664869428,
      "8": 0.141273389393701,
      "9": 0.23603807925128,
      "10": 0.077477430116361
    },
    "objective_value": 1.278901994816797,
    "lower_bound": 1.278901329167073,
    "upper_bound": 1.278901994816797,
    "absolute_gap": 6.65649724007622e-07,
    "relative_gap": 5.204855987139746e-07
  },
  "performance": {
    "solution_time_seconds": 6.01088285446167,
    "solver_status": "ok",
    "termination_condition": "optimal",
    "solver": "gams",
    "subsolver": "gurobi",
    "is_relaxation": false,
    "root_relaxation_value": 0.0,
    "root_relaxation_gap_percent": 100.0,
    "relaxation_gap_percent": null,
    "absolute_gap": null
  }
}