{
  "model_parameters": {
    "n_dimensions": 5,
    "n_clusters": 4,
    "n_points": 14,
    "coord_range_lower": -1,
    "coord_range_upper": 1
  },
  "solution": {
    "status": "optimal",
    "center_coordinates": {
      "cluster_1": {
        "dim_1": -0.394525003109659,
        "dim_2": 0.347578270517942,
        "dim_3": 0.693603191748553,
        "dim_4": 0.162155178810111,
        "dim_5": 0.384242429707456
      },
      "cluster_2": {
        "dim_1": -0.114515030749719,
        "dim_2": -0.400642101107336,
        "dim_3": -0.563090985799523,
        "dim_4": 0.614114093802505,
        "dim_5": -0.868038091654298
      },
      "cluster_3": {
        "dim_1": 0.426836149464507,
        "dim_2": 0.293676829908312,
        "dim_3": -0.972081416924411,
        "dim_4": 0.281172698765623,
        "dim_5": 0.752566642318627
      },
      "cluster_4": {
        "dim_1": 0.781496205473838,
        "dim_2": -0.132527472695553,
        "dim_3": 0.413869737541892,
        "dim_4": 0.399730422184005,
        "dim_5": -0.177994936070292
      }
    },
    "distances": {
      "1": 0.107606505224772,
      "2": 0.687348052231101,
      "3": 0.74658403619082,
      "4": 1.463659062084615,
      "5": 0.321918396675386,
      "6": 0.464019078468888,
      "7": 0.866883883891859,
      "8": 0.321837956552712,
      "9": 0.680788872381115,
      "10": 0.107595147181829,
      "11": 0.822527469973348,
      "12": 0.4686926348192,
      "13": 1.038814221542043,
      "14": 0.466740984177887
    },
    "objective_value": 8.565016301395575,
    "lower_bound": 8.56501607714657,
    "absolute_gap": 2.2424900514295132e-07,
    "relative_gap": 2.6181971303159507e-08
  },
  "performance": {
    "solution_time_seconds": 1436.156145811081,
    "solver_status": "ok",
    "termination_condition": "optimal",
    "solver": "gams",
    "subsolver": "gurobi",
    "is_relaxation": false,
    "root_relaxation_value": 0.0,
    "root_relaxation_gap_percent": 100.0,
    "relaxation_gap_percent": null,
    "absolute_gap": null
  }
}