{
  "model_parameters": {
    "n_dimensions": 3,
    "n_clusters": 4,
    "n_points": 11,
    "coord_range_lower": -1,
    "coord_range_upper": 1
  },
  "solution": {
    "status": "optimal",
    "center_coordinates": {
      "cluster_1": {
        "dim_1": -0.22573769353586,
        "dim_2": 0.752511939337851,
        "dim_3": -0.615150869201186
      },
      "cluster_2": {
        "dim_1": 0.229443038228133,
        "dim_2": -0.859539985829901,
        "dim_3": 0.478605811945662
      },
      "cluster_3": {
        "dim_1": 0.589587167407069,
        "dim_2": 0.079411084632825,
        "dim_3": -0.244897404360828
      },
      "cluster_4": {
        "dim_1": 0.653450684431229,
        "dim_2": 0.567424116845064,
        "dim_3": 0.585433739637882
      }
    },
    "distances": {
      "1": 0.137984887548765,
      "2": 0.192009903594484,
      "3": 0.058397344459755,
      "4": 0.51543048829482,
      "5": 0.069320463063153,
      "6": 0.058392121624654,
      "7": 0.167867077116369,
      "8": 0.152170297702169,
      "9": 0.514250830339667,
      "10": 0.148728817298066,
      "11": 0.121212867269176
    },
    "objective_value": 2.135765098311078,
    "lower_bound": 2.135759491184821,
    "absolute_gap": 5.6071262570789315e-06,
    "relative_gap": 2.6253547181796e-06
  },
  "performance": {
    "solution_time_seconds": 1802.0033292770386,
    "solver_status": "ok",
    "termination_condition": "optimal",
    "solver": "gams",
    "subsolver": "scip",
    "is_relaxation": false,
    "root_relaxation_value": 2.13575949118482,
    "root_relaxation_gap_percent": 0.00026253478261261586,
    "relaxation_gap_percent": null,
    "absolute_gap": null
  }
}