{
  "model_parameters": {
    "n_dimensions": 4,
    "n_clusters": 5,
    "n_points": 16,
    "coord_range_lower": -1,
    "coord_range_upper": 1
  },
  "solution": {
    "status": "optimal",
    "center_coordinates": {
      "cluster_1": {
        "dim_1": -0.866134517708449,
        "dim_2": -0.315613070671928,
        "dim_3": -0.156454584409926,
        "dim_4": -0.299127835023992
      },
      "cluster_2": {
        "dim_1": -0.803729224336337,
        "dim_2": 0.805478322326273,
        "dim_3": 0.501945567831913,
        "dim_4": 0.882276464108957
      },
      "cluster_3": {
        "dim_1": -0.09815716500915,
        "dim_2": -0.378530921176042,
        "dim_3": 0.622795653330214,
        "dim_4": 0.430283828664158
      },
      "cluster_4": {
        "dim_1": 0.070570615572406,
        "dim_2": 0.461912489447178,
        "dim_3": 0.543674117204089,
        "dim_4": -0.258606642158443
      },
      "cluster_5": {
        "dim_1": 0.612883852302093,
        "dim_2": -0.491146811252617,
        "dim_3": -0.246594232653953,
        "dim_4": -0.68904139803093
      }
    },
    "distances": {
      "1": 0.954006159587985,
      "2": 0.663346566412047,
      "3": 0.317930580047514,
      "4": 0.476919491277151,
      "5": 0.261052662618871,
      "6": 0.262428300606274,
      "7": 0.165136701416378,
      "8": 0.100599622639497,
      "9": 0.498557150012378,
      "10": 0.354450117657002,
      "11": 0.367071816866583,
      "12": 0.496780353642323,
      "13": 6.786023e-08,
      "14": 0.186622356138123,
      "15": 0.425265203161752,
      "16": 0.220604823693947
    },
    "objective_value": 5.750771973638055,
    "lower_bound": 5.750771973638056,
    "absolute_gap": -8.881784197001252e-16,
    "relative_gap": -1.5444507689951849e-16
  },
  "performance": {
    "solution_time_seconds": 1235.0843691825867,
    "solver_status": "ok",
    "termination_condition": "optimal",
    "solver": "gams",
    "subsolver": "baron",
    "is_relaxation": false,
    "root_relaxation_value": 1.38938,
    "root_relaxation_gap_percent": 75.8401131818647,
    "relaxation_gap_percent": null,
    "absolute_gap": null
  }
}