{
  "model_parameters": {
    "n_dimensions": 5,
    "n_clusters": 4,
    "n_points": 14,
    "coord_range_lower": -1,
    "coord_range_upper": 1
  },
  "solution": {
    "status": "optimal",
    "center_coordinates": {
      "cluster_1": {
        "dim_1": -0.163764423941329,
        "dim_2": -0.400641459930982,
        "dim_3": -0.563525009264556,
        "dim_4": 0.614126566794896,
        "dim_5": -0.867717428559597
      },
      "cluster_2": {
        "dim_1": -0.163764423941333,
        "dim_2": 0.326716025521274,
        "dim_3": 0.688174191604443,
        "dim_4": 0.02893282792388,
        "dim_5": 0.364885218686245
      },
      "cluster_3": {
        "dim_1": 0.64463637145017,
        "dim_2": -0.220123941503327,
        "dim_3": 0.350881484343835,
        "dim_4": 0.657920451575156,
        "dim_5": -0.288955659645971
      },
      "cluster_4": {
        "dim_1": 0.64463637145017,
        "dim_2": 0.293229235910144,
        "dim_3": -0.972244305320951,
        "dim_4": 0.281456104007987,
        "dim_5": 0.753209623139792
      }
    },
    "distances": {
      "1": 0.137896091482064,
      "2": 0.54223991590608,
      "3": 0.695912918229304,
      "4": 1.576527332936234,
      "5": 0.372939265646972,
      "6": 0.416032677346546,
      "7": 1.020242237111699,
      "8": 0.275675442396243,
      "9": 0.613239168772037,
      "10": 0.172177757378944,
      "11": 0.863928618791942,
      "12": 0.57425451002655,
      "13": 1.396493487701368,
      "14": 0.161227862421665
    },
    "objective_value": 8.818787286147648,
    "lower_bound": 7.202207975633848,
    "absolute_gap": 1.6165793105138002,
    "relative_gap": 0.2244560718022766
  },
  "performance": {
    "solution_time_seconds": 1800.661957502365,
    "solver_status": "ok",
    "termination_condition": "optimal",
    "solver": "gams",
    "subsolver": "gurobi",
    "is_relaxation": false,
    "root_relaxation_value": 0.0,
    "root_relaxation_gap_percent": 100.0,
    "relaxation_gap_percent": null,
    "absolute_gap": null
  }
}