{
  "model_parameters": {
    "n_dimensions": 4,
    "n_clusters": 4,
    "n_points": 13,
    "coord_range_lower": -1,
    "coord_range_upper": 1
  },
  "solution": {
    "status": "optimal",
    "center_coordinates": {
      "cluster_1": {
        "dim_1": -0.458194226013517,
        "dim_2": -0.140821868751217,
        "dim_3": 0.598263382737573,
        "dim_4": 0.568112242464184
      },
      "cluster_2": {
        "dim_1": -0.410293156652517,
        "dim_2": -0.23278330111708,
        "dim_3": -0.509100217588413,
        "dim_4": -0.28942529879755
      },
      "cluster_3": {
        "dim_1": 0.633516844581932,
        "dim_2": 0.628025961275072,
        "dim_3": 0.715618401929841,
        "dim_4": 0.0656915619496
      },
      "cluster_4": {
        "dim_1": 0.806884353825665,
        "dim_2": 0.87981753667797,
        "dim_3": -0.721549364238272,
        "dim_4": -0.848631452573786
      }
    },
    "distances": {
      "1": 0.270264869988352,
      "2": 0.167654860883744,
      "3": 0.71812177504955,
      "4": 1.057212728092199,
      "5": 0.242626081322131,
      "6": 1.107465351610462,
      "7": 0.93151665123182,
      "8": 0.431569849124424,
      "9": 0.743901760497751,
      "10": 0.246662485325916,
      "11": 0.0,
      "12": 0.356119932695016,
      "13": 0.681948381375576
    },
    "objective_value": 6.955064727196941,
    "lower_bound": 6.684458813599703,
    "absolute_gap": 0.2706059135972376,
    "relative_gap": 0.04048284552919721
  },
  "performance": {
    "solution_time_seconds": 1800.6756355762482,
    "solver_status": "ok",
    "termination_condition": "optimal",
    "solver": "gams",
    "subsolver": "gurobi",
    "is_relaxation": false,
    "root_relaxation_value": 0.0,
    "root_relaxation_gap_percent": 100.0,
    "relaxation_gap_percent": null,
    "absolute_gap": null
  }
}