{
  "model_parameters": {
    "n_dimensions": 5,
    "n_clusters": 3,
    "n_points": 11,
    "coord_range_lower": -1,
    "coord_range_upper": 1
  },
  "solution": {
    "status": "optimal",
    "center_coordinates": {
      "cluster_1": {
        "dim_1": -0.606315356894593,
        "dim_2": -0.598149765040172,
        "dim_3": -0.207552303187318,
        "dim_4": 0.276161624746964,
        "dim_5": -0.170425241150694
      },
      "cluster_2": {
        "dim_1": 0.107558706816808,
        "dim_2": 0.575904267364007,
        "dim_3": -0.139868738238636,
        "dim_4": 0.163463791814344,
        "dim_5": 0.138917787512122
      },
      "cluster_3": {
        "dim_1": 0.85357672136793,
        "dim_2": -0.696577835342716,
        "dim_3": 0.841102884712406,
        "dim_4": -0.241974963649806,
        "dim_5": 0.021712288101048
      }
    },
    "distances": {
      "1": 0.906385281261548,
      "2": 0.998868813942258,
      "3": 0.744815104981445,
      "4": 0.441644063227904,
      "5": 0.83846947158483,
      "6": 0.720178964943585,
      "7": 0.48764425629776,
      "8": 0.916127684155341,
      "9": 1.071988718060557,
      "10": 1.324949246425754,
      "11": 0.744038483391131
    },
    "objective_value": 9.195110088272113,
    "lower_bound": 9.166239745212248,
    "absolute_gap": 0.028870343059864467,
    "relative_gap": 0.0031496386590743664
  },
  "performance": {
    "solution_time_seconds": 1800.7791757583618,
    "solver_status": "ok",
    "termination_condition": "optimal",
    "solver": "gams",
    "subsolver": "gurobi",
    "is_relaxation": false,
    "root_relaxation_value": 0.0,
    "root_relaxation_gap_percent": 100.0,
    "relaxation_gap_percent": null,
    "absolute_gap": null
  }
}