{
  "model_parameters": {
    "n_dimensions": 5,
    "n_clusters": 3,
    "n_points": 17,
    "coord_range_lower": -1,
    "coord_range_upper": 1
  },
  "solution": {
    "status": "optimal",
    "center_coordinates": {
      "cluster_1": {
        "dim_1": -0.239523625084552,
        "dim_2": -0.133286481346137,
        "dim_3": -0.167960070428319,
        "dim_4": 0.210645389659876,
        "dim_5": 0.807281696780538
      },
      "cluster_2": {
        "dim_1": -0.088134271446258,
        "dim_2": -0.113126226014644,
        "dim_3": 0.699073617127018,
        "dim_4": 0.498436231041315,
        "dim_5": -0.309829907413414
      },
      "cluster_3": {
        "dim_1": -0.088134281421524,
        "dim_2": -0.362846256777293,
        "dim_3": -0.531427284622403,
        "dim_4": 0.384440498502767,
        "dim_5": -0.388016665645281
      }
    },
    "distances": {
      "1": 1.022802542651407,
      "2": 2.083690618577391,
      "3": 1.14931422048693,
      "4": 1.444048989080199,
      "5": 1.685876993264203,
      "6": 0.397740099966463,
      "7": 0.831595642530503,
      "8": 0.260657956756438,
      "9": 0.767480454892436,
      "10": 0.940735469899159,
      "11": 2.282397454069784,
      "12": 0.552564911070034,
      "13": 0.64120351715971,
      "14": 0.750735217244455,
      "15": 0.830877188740601,
      "16": 2.11224625599073,
      "17": 1.113393784308873
    },
    "objective_value": 18.867361316689315,
    "lower_bound": 1.644726790977072,
    "absolute_gap": 17.222634525712245,
    "relative_gap": 10.471425783415924
  },
  "performance": {
    "solution_time_seconds": 1801.8239314556122,
    "solver_status": "ok",
    "termination_condition": "optimal",
    "solver": "gams",
    "subsolver": "scip",
    "is_relaxation": false,
    "root_relaxation_value": 1.64472679097707,
    "root_relaxation_gap_percent": 91.2826877941739,
    "relaxation_gap_percent": null,
    "absolute_gap": null
  }
}