{
  "model_parameters": {
    "n_dimensions": 4,
    "n_clusters": 5,
    "n_points": 16,
    "coord_range_lower": -1,
    "coord_range_upper": 1
  },
  "solution": {
    "status": "optimal",
    "center_coordinates": {
      "cluster_1": {
        "dim_1": -0.866131964253275,
        "dim_2": -0.315613226097697,
        "dim_3": -0.156454591847976,
        "dim_4": -0.299127694399232
      },
      "cluster_2": {
        "dim_1": -0.803703432707657,
        "dim_2": 0.805457459652538,
        "dim_3": 0.501940697093081,
        "dim_4": 0.882242768417291
      },
      "cluster_3": {
        "dim_1": -0.169091078607666,
        "dim_2": -0.273507853174441,
        "dim_3": 0.655303173768417,
        "dim_4": 0.255595118740132
      },
      "cluster_4": {
        "dim_1": 0.445100480059493,
        "dim_2": -0.491145819012994,
        "dim_3": -0.246593821692034,
        "dim_4": -0.689039493293806
      },
      "cluster_5": {
        "dim_1": 0.445100480059493,
        "dim_2": 0.602028262313703,
        "dim_3": 0.47395027232962,
        "dim_4": -0.255319010012801
      }
    },
    "distances": {
      "1": 1.093832930616178,
      "2": 0.66334648788159,
      "3": 0.212059078019713,
      "4": 0.373211939609739,
      "5": 0.224428146430376,
      "6": 0.46324473476654,
      "7": 0.234144650691718,
      "8": 0.134511971071196,
      "9": 0.506033292162769,
      "10": 0.354449814165338,
      "11": 0.367071944326458,
      "12": 0.496780662272538,
      "13": 0.0,
      "14": 0.094795299920429,
      "15": 0.428705086022365,
      "16": 0.371484132522355
    },
    "objective_value": 6.018100170479302,
    "lower_bound": 6.018100170291699,
    "upper_bound": 6.018100170479302,
    "absolute_gap": 1.8760282216589985e-10,
    "relative_gap": 3.11730972993769e-11
  },
  "performance": {
    "solution_time_seconds": 88.54482078552246,
    "solver_status": "ok",
    "termination_condition": "optimal",
    "solver": "gams",
    "subsolver": "baron",
    "is_relaxation": false,
    "root_relaxation_value": 0.0,
    "root_relaxation_gap_percent": 100.0,
    "relaxation_gap_percent": null,
    "absolute_gap": null
  }
}