{
  "model_parameters": {
    "n_dimensions": 4,
    "n_clusters": 3,
    "n_points": 11,
    "coord_range_lower": -1,
    "coord_range_upper": 1
  },
  "solution": {
    "status": "optimal",
    "center_coordinates": {
      "cluster_1": {
        "dim_1": -0.350170477943692,
        "dim_2": -0.121547432163009,
        "dim_3": 0.628942797066092,
        "dim_4": -0.459390243303759
      },
      "cluster_2": {
        "dim_1": 0.249687014144053,
        "dim_2": -0.336003297659338,
        "dim_3": -0.465544201273148,
        "dim_4": -0.573429393825897
      },
      "cluster_3": {
        "dim_1": 0.423298093027334,
        "dim_2": 0.228348959107338,
        "dim_3": -0.15845395634613,
        "dim_4": 0.419910125431848
      }
    },
    "distances": {
      "1": 0.381780926072478,
      "2": 0.226790781460271,
      "3": 0.069895857299067,
      "4": 0.477545577989237,
      "5": 0.071077888359061,
      "6": 0.426262553098455,
      "7": 0.697868586832488,
      "8": 0.401339843203183,
      "9": 0.188706059342729,
      "10": 0.545770602907989,
      "11": 0.46789984042388
    },
    "objective_value": 3.954938516988838,
    "lower_bound": 3.954938516988837,
    "absolute_gap": 8.881784197001252e-16,
    "relative_gap": 2.2457452015622122e-16
  },
  "performance": {
    "solution_time_seconds": 25.019980907440186,
    "solver_status": "ok",
    "termination_condition": "optimal",
    "solver": "gams",
    "subsolver": "baron",
    "is_relaxation": false,
    "root_relaxation_value": 0.0,
    "root_relaxation_gap_percent": 100.0,
    "relaxation_gap_percent": null,
    "absolute_gap": null
  }
}