{
  "model_parameters": {
    "n_dimensions": 5,
    "n_clusters": 5,
    "n_points": 12,
    "coord_range_lower": -1,
    "coord_range_upper": 1
  },
  "solution": {
    "status": "optimal",
    "center_coordinates": {
      "cluster_1": {
        "dim_1": -0.432669580033036,
        "dim_2": 0.604457080353849,
        "dim_3": 0.464483983548441,
        "dim_4": 0.504211218422035,
        "dim_5": 0.469195377890044
      },
      "cluster_2": {
        "dim_1": -0.129617743024542,
        "dim_2": -0.13677135748477,
        "dim_3": 0.196228166886746,
        "dim_4": 0.58567990655973,
        "dim_5": -0.755339511041397
      },
      "cluster_3": {
        "dim_1": -0.129617743024542,
        "dim_2": 0.510532763156263,
        "dim_3": -0.816669882789541,
        "dim_4": 0.208482702703425,
        "dim_5": 0.56584189642015
      },
      "cluster_4": {
        "dim_1": 0.18154917022953,
        "dim_2": -0.649853670970737,
        "dim_3": 0.856181700561285,
        "dim_4": -0.51228445302488,
        "dim_5": 0.228292207783661
      },
      "cluster_5": {
        "dim_1": 0.579504481643099,
        "dim_2": 0.647755810604516,
        "dim_3": 0.623755361811236,
        "dim_4": -0.769200921164793,
        "dim_5": 0.683234181830425
      }
    },
    "distances": {
      "1": 0.563842595028728,
      "2": 0.603752788673979,
      "3": 0.439238217618454,
      "4": 0.143927622223341,
      "5": 0.509394464160378,
      "6": 0.695046539323031,
      "7": 0.510804534323483,
      "8": 0.331504605491732,
      "9": 0.0,
      "10": 0.345678585694096,
      "11": 0.106686134080709,
      "12": 0.265058916042533
    },
    "objective_value": 4.514935002660464,
    "lower_bound": 0.360026585135179,
    "upper_bound": 4.514935002660465,
    "absolute_gap": 4.154908417525285,
    "relative_gap": 11.540560028269146
  },
  "performance": {
    "solution_time_seconds": 301.4944996833801,
    "solver_status": "ok",
    "termination_condition": "optimal",
    "solver": "gams",
    "subsolver": "baron",
    "is_relaxation": false,
    "root_relaxation_value": 0.0,
    "root_relaxation_gap_percent": 100.0,
    "relaxation_gap_percent": null,
    "absolute_gap": null
  }
}