{
  "model_parameters": {
    "n_dimensions": 3,
    "n_clusters": 5,
    "n_points": 11,
    "coord_range_lower": -1,
    "coord_range_upper": 1
  },
  "solution": {
    "status": "optimal",
    "center_coordinates": {
      "cluster_1": {
        "dim_1": -0.859880098325262,
        "dim_2": 0.965645309622169,
        "dim_3": 0.917993308425293
      },
      "cluster_2": {
        "dim_1": -0.380675928262424,
        "dim_2": 0.540450876356164,
        "dim_3": -0.788205507397845
      },
      "cluster_3": {
        "dim_1": -0.067836529624143,
        "dim_2": -0.457285836301633,
        "dim_3": -0.753309352128546
      },
      "cluster_4": {
        "dim_1": 0.675977338949952,
        "dim_2": -0.555082986340795,
        "dim_3": 0.026162411974395
      },
      "cluster_5": {
        "dim_1": 0.678979048959028,
        "dim_2": 0.585664041042099,
        "dim_3": -0.118638130768644
      }
    },
    "distances": {
      "1": 0.333586326676321,
      "2": 0.04779939345606,
      "3": 0.325178758700017,
      "4": 0.022234247964875,
      "5": 0.350730134736773,
      "6": 0.085626986720864,
      "7": 0.0,
      "8": 0.251003925471336,
      "9": 0.251364792898579,
      "10": 0.345264426007137,
      "11": 0.085620938174581
    },
    "objective_value": 2.098409930806543,
    "lower_bound": 2.098409930806542,
    "upper_bound": 2.098409930806544,
    "absolute_gap": 1.3322676295501878e-15,
    "relative_gap": 6.348938832166694e-16
  },
  "performance": {
    "solution_time_seconds": 286.10541248321533,
    "solver_status": "ok",
    "termination_condition": "optimal",
    "solver": "gams",
    "subsolver": "scip",
    "is_relaxation": false,
    "root_relaxation_value": 2.09840993080654,
    "root_relaxation_gap_percent": 1.4814190608388942e-13,
    "relaxation_gap_percent": null,
    "absolute_gap": null
  }
}