{
  "model_parameters": {
    "n_dimensions": 4,
    "n_clusters": 4,
    "n_points": 11,
    "coord_range_lower": -1,
    "coord_range_upper": 1
  },
  "solution": {
    "status": "optimal",
    "center_coordinates": {
      "cluster_1": {
        "dim_1": -0.538052719724369,
        "dim_2": -0.085648125545037,
        "dim_3": -0.581143148494608,
        "dim_4": 0.091134589857237
      },
      "cluster_2": {
        "dim_1": 0.443598264910895,
        "dim_2": -0.832326171892509,
        "dim_3": -0.107393794266321,
        "dim_4": 0.774602716735896
      },
      "cluster_3": {
        "dim_1": 0.47812758375372,
        "dim_2": -0.818418629467523,
        "dim_3": 0.727577201578057,
        "dim_4": -0.691447787425041
      },
      "cluster_4": {
        "dim_1": 0.683630331125725,
        "dim_2": 0.229886526309493,
        "dim_3": 0.364734720198011,
        "dim_4": 0.190188720308916
      }
    },
    "distances": {
      "1": 0.158181593435302,
      "2": 0.164986947785736,
      "3": 0.309665071614412,
      "4": 0.278544824829566,
      "5": 0.164986951432938,
      "6": 0.410406030772875,
      "7": 0.228047861252729,
      "8": 0.927087554371933,
      "9": 0.523752826598608,
      "10": 0.22804786083664,
      "11": -9.993999e-09
    },
    "objective_value": 3.3937075129367402,
    "lower_bound": 3.393691351662935,
    "absolute_gap": 1.6161273805437304e-05,
    "relative_gap": 4.762151925665885e-06
  },
  "performance": {
    "solution_time_seconds": 1801.8869144916534,
    "solver_status": "ok",
    "termination_condition": "optimal",
    "solver": "gams",
    "subsolver": "scip",
    "is_relaxation": false,
    "root_relaxation_value": 3.39369135166294,
    "root_relaxation_gap_percent": 0.00047621292461126375,
    "relaxation_gap_percent": null,
    "absolute_gap": null
  }
}