{
  "model_parameters": {
    "n_dimensions": 2,
    "n_clusters": 3,
    "n_points": 20,
    "coord_range_lower": -1,
    "coord_range_upper": 1
  },
  "solution": {
    "status": "optimal",
    "center_coordinates": {
      "cluster_1": {
        "dim_1": -0.270676434917447,
        "dim_2": -0.555061187125752
      },
      "cluster_2": {
        "dim_1": -0.15219691417117,
        "dim_2": 0.663251363104185
      },
      "cluster_3": {
        "dim_1": 0.39483424684994,
        "dim_2": -0.025180553426474
      }
    },
    "distances": {
      "1": 0.209318792827662,
      "2": 0.141486972318555,
      "3": 0.011097209981787,
      "4": 0.265386135298252,
      "5": 0.108581704750149,
      "6": 0.392654568563393,
      "7": 0.420708950311238,
      "8": 0.157139762118237,
      "9": 0.001157801719557,
      "10": 0.017287367840248,
      "11": 0.001814097058314,
      "12": 0.075309021873594,
      "13": 0.062182504555286,
      "14": 0.188856828842678,
      "15": 0.008040948814177,
      "16": 0.480740077496877,
      "17": 0.090583739330807,
      "18": 0.011339133054509,
      "19": 0.011663017596672,
      "20": 0.064545236253578
    },
    "objective_value": 2.71989387060557,
    "lower_bound": 2.719893870605569,
    "absolute_gap": 1.3322676295501878e-15,
    "relative_gap": 4.898233875770917e-16
  },
  "performance": {
    "solution_time_seconds": 116.45399904251099,
    "solver_status": "ok",
    "termination_condition": "optimal",
    "solver": "gams",
    "subsolver": "baron",
    "is_relaxation": false,
    "root_relaxation_value": 0.0,
    "root_relaxation_gap_percent": 100.0,
    "relaxation_gap_percent": null,
    "absolute_gap": null
  }
}