{
  "model_parameters": {
    "n_dimensions": 2,
    "n_clusters": 5,
    "n_points": 12,
    "coord_range_lower": -1,
    "coord_range_upper": 1
  },
  "solution": {
    "status": "optimal",
    "center_coordinates": {
      "cluster_1": {
        "dim_1": -0.705976059699003,
        "dim_2": -0.464497972568635
      },
      "cluster_2": {
        "dim_1": -0.454469170832757,
        "dim_2": 0.65591740405481
      },
      "cluster_3": {
        "dim_1": 0.184146173177828,
        "dim_2": 0.448592536436853
      },
      "cluster_4": {
        "dim_1": 0.332950145650125,
        "dim_2": -0.760711962106534
      },
      "cluster_5": {
        "dim_1": 0.94198716684208,
        "dim_2": -0.002826896199607
      }
    },
    "distances": {
      "1": 0.168126188769548,
      "2": 0.094166153898326,
      "3": 0.050857840366013,
      "4": 0.060535869336428,
      "5": 0.054484734431328,
      "6": 0.148296999373579,
      "7": 0.077114286433153,
      "8": 0.054484739988315,
      "9": 0.0,
      "10": 0.02763269586023,
      "11": 0.10276310775267,
      "12": 0.060535872993532
    },
    "objective_value": 0.898998489203122,
    "lower_bound": 0.898998489203122,
    "absolute_gap": 0.0,
    "relative_gap": 0.0
  },
  "performance": {
    "solution_time_seconds": 324.6399087905884,
    "solver_status": "ok",
    "termination_condition": "optimal",
    "solver": "gams",
    "subsolver": "baron",
    "is_relaxation": false,
    "root_relaxation_value": 0.0,
    "root_relaxation_gap_percent": 100.0,
    "relaxation_gap_percent": null,
    "absolute_gap": null
  }
}