{
  "model_parameters": {
    "n_dimensions": 5,
    "n_clusters": 5,
    "n_points": 14,
    "coord_range_lower": -1,
    "coord_range_upper": 1
  },
  "solution": {
    "status": "optimal",
    "center_coordinates": {
      "cluster_1": {
        "dim_1": -0.561262038801531,
        "dim_2": 0.646715972191981,
        "dim_3": 0.598296872568751,
        "dim_4": -0.379993943383927,
        "dim_5": -0.280809838751374
      },
      "cluster_2": {
        "dim_1": -0.270914563356927,
        "dim_2": -0.604448366321337,
        "dim_3": -0.288664578036504,
        "dim_4": -0.207102065339427,
        "dim_5": -0.163442259078954
      },
      "cluster_3": {
        "dim_1": 0.332522286424658,
        "dim_2": -0.143713994896309,
        "dim_3": -0.536339765384794,
        "dim_4": 0.4101191479721,
        "dim_5": 0.753833606487984
      },
      "cluster_4": {
        "dim_1": 0.564768120642886,
        "dim_2": 0.554241453728163,
        "dim_3": 0.505839419223379,
        "dim_4": 0.307721964421321,
        "dim_5": 0.119405880580414
      },
      "cluster_5": {
        "dim_1": 0.61935802936126,
        "dim_2": 0.85374485236613,
        "dim_3": -0.529526134850786,
        "dim_4": -0.925607457643786,
        "dim_5": 0.664438237905021
      }
    },
    "distances": {
      "1": 0.431666375812737,
      "2": 0.504341965455853,
      "3": 0.748875238407432,
      "4": 0.256209076205472,
      "5": 0.256210599169027,
      "6": 0.919401544004738,
      "7": 0.238302500755156,
      "8": 0.286986729079678,
      "9": 0.40067066955753,
      "10": 0.287003018970716,
      "11": 0.705746988973597,
      "12": 0.23830479319107,
      "13": 0.210434142167665,
      "14": 0.456412862041381
    },
    "objective_value": 5.940566503792052,
    "lower_bound": 5.940566503792052,
    "absolute_gap": 0.0,
    "relative_gap": 0.0
  },
  "performance": {
    "solution_time_seconds": 568.5119857788086,
    "solver_status": "ok",
    "termination_condition": "optimal",
    "solver": "gams",
    "subsolver": "baron",
    "is_relaxation": false,
    "root_relaxation_value": 1.55084,
    "root_relaxation_gap_percent": 73.89407224024764,
    "relaxation_gap_percent": null,
    "absolute_gap": null
  }
}