{
  "model_parameters": {
    "n_dimensions": 3,
    "n_clusters": 3,
    "n_points": 10,
    "coord_range_lower": -1,
    "coord_range_upper": 1
  },
  "solution": {
    "status": "optimal",
    "center_coordinates": {
      "cluster_1": {
        "dim_1": -0.658645772585377,
        "dim_2": 0.158633096317817,
        "dim_3": -0.422519670494304
      },
      "cluster_2": {
        "dim_1": 0.482471473515847,
        "dim_2": -0.371996848891882,
        "dim_3": -0.649724502404125
      },
      "cluster_3": {
        "dim_1": 0.690312480366115,
        "dim_2": 0.162241772826689,
        "dim_3": 0.642973198377728
      }
    },
    "distances": {
      "1": 0.395656729494153,
      "2": 0.251305909704689,
      "3": 0.395678763831827,
      "4": 0.292447782033552,
      "5": 0.182690850858805,
      "6": 0.190716077943449,
      "7": 0.847340496763158,
      "8": 0.319102468583234,
      "9": 0.079805591805062,
      "10": 0.271746062967951
    },
    "objective_value": 3.22649073398588,
    "lower_bound": 3.226490733985882,
    "absolute_gap": -1.7763568394002505e-15,
    "relative_gap": -5.50553832586343e-16
  },
  "performance": {
    "solution_time_seconds": 1.053919792175293,
    "solver_status": "ok",
    "termination_condition": "optimal",
    "solver": "gams",
    "subsolver": "baron",
    "is_relaxation": false,
    "root_relaxation_value": 0.0,
    "root_relaxation_gap_percent": 100.0,
    "relaxation_gap_percent": null,
    "absolute_gap": null
  }
}