{
  "model_parameters": {
    "n_dimensions": 2,
    "n_clusters": 4,
    "n_points": 12,
    "coord_range_lower": -1,
    "coord_range_upper": 1
  },
  "solution": {
    "status": "optimal",
    "center_coordinates": {
      "cluster_1": {
        "dim_1": -0.665543191759171,
        "dim_2": 0.281557811120408
      },
      "cluster_2": {
        "dim_1": -0.379816152896213,
        "dim_2": -0.685788320672602
      },
      "cluster_3": {
        "dim_1": 0.524756556241149,
        "dim_2": -0.016777138407152
      },
      "cluster_4": {
        "dim_1": 0.569164743828283,
        "dim_2": -0.730574466667091
      }
    },
    "distances": {
      "1": 0.033984667908096,
      "2": 0.116683249492295,
      "3": 0.064802992757099,
      "4": 0.103341863410139,
      "5": 0.077335541491278,
      "6": 0.117524371390816,
      "7": 0.064911382747316,
      "8": 0.014992254640505,
      "9": 0.187373513447564,
      "10": 0.12141831324903,
      "11": 0.034143571529692,
      "12": 0.011948419267751
    },
    "objective_value": 0.948460141331581,
    "lower_bound": 0.948460141331579,
    "upper_bound": 0.94846014133158,
    "absolute_gap": 1.9984014443252818e-15,
    "relative_gap": 2.1069957051855134e-15
  },
  "performance": {
    "solution_time_seconds": 24.587897300720215,
    "solver_status": "ok",
    "termination_condition": "optimal",
    "solver": "gams",
    "subsolver": "scip",
    "is_relaxation": false,
    "root_relaxation_value": 0.948460141331579,
    "root_relaxation_gap_percent": 2.1069957051855085e-13,
    "relaxation_gap_percent": null,
    "absolute_gap": null
  }
}