{
  "model_parameters": {
    "n_dimensions": 3,
    "n_clusters": 5,
    "n_points": 15,
    "coord_range_lower": -1,
    "coord_range_upper": 1
  },
  "solution": {
    "status": "optimal",
    "center_coordinates": {
      "cluster_1": {
        "dim_1": -0.6617431640625,
        "dim_2": 0.056168094883911,
        "dim_3": 0.6976318359375
      },
      "cluster_2": {
        "dim_1": -0.6617431640625,
        "dim_2": -0.43212890625,
        "dim_3": -0.722488329609323
      },
      "cluster_3": {
        "dim_1": 0.0720224816305,
        "dim_2": 0.5115966796875,
        "dim_3": -0.474218696942219
      },
      "cluster_4": {
        "dim_1": 0.302196979522697,
        "dim_2": -0.137095090188206,
        "dim_3": 0.105729103088379
      },
      "cluster_5": {
        "dim_1": 0.302196979522697,
        "dim_2": -0.87060546875,
        "dim_3": 0.4801025390625
      }
    },
    "distances": {
      "1": 0.248552914048475,
      "2": 0.100374901525015,
      "3": 0.418373032070757,
      "4": 0.429007649076181,
      "5": 0.085094399464359,
      "6": 0.201640271150662,
      "7": 0.586938950788927,
      "8": 0.652071696048081,
      "9": 0.290937676517996,
      "10": 0.07932075093665,
      "11": 0.075719255263375,
      "12": 0.580375998960903,
      "13": 0.217697058024911,
      "14": 0.266039076624498,
      "15": 0.08014501705783
    },
    "objective_value": 4.31228864755862,
    "lower_bound": 7.349513e-09,
    "upper_bound": 4.312288647558622,
    "absolute_gap": 4.312288640209107,
    "relative_gap": 586744814.2766883
  },
  "performance": {
    "solution_time_seconds": 300.94944763183594,
    "solver_status": "ok",
    "termination_condition": "optimal",
    "solver": "gams",
    "subsolver": "scip",
    "is_relaxation": false,
    "root_relaxation_value": 7.34951307668998e-09,
    "root_relaxation_gap_percent": 99.99999982956815,
    "relaxation_gap_percent": null,
    "absolute_gap": null
  }
}