{
  "model_parameters": {
    "n_dimensions": 3,
    "n_clusters": 5,
    "n_points": 10,
    "coord_range_lower": -1,
    "coord_range_upper": 1
  },
  "solution": {
    "status": "optimal",
    "center_coordinates": {
      "cluster_1": {
        "dim_1": -0.843882084939041,
        "dim_2": -0.545255386417525,
        "dim_3": 0.116500946289813
      },
      "cluster_2": {
        "dim_1": -0.618851405806486,
        "dim_2": 0.888705815458623,
        "dim_3": -0.056367363980878
      },
      "cluster_3": {
        "dim_1": -0.457858000501781,
        "dim_2": 0.153754425966002,
        "dim_3": 0.596879435444407
      },
      "cluster_4": {
        "dim_1": -0.22826175655949,
        "dim_2": -0.02443985537622,
        "dim_3": -0.870557993785595
      },
      "cluster_5": {
        "dim_1": 0.770969957456779,
        "dim_2": 0.482908553810454,
        "dim_3": -0.396053996992633
      }
    },
    "distances": {
      "1": 0.102801563779346,
      "2": 0.125559994910681,
      "3": 0.10308648750254,
      "4": 0.0,
      "5": 0.0,
      "6": 0.239218860168574,
      "7": 0.254013176266854,
      "8": 0.140845614143455,
      "9": 0.235642331014543,
      "10": 0.077721832293595
    },
    "objective_value": 1.278889860079588,
    "lower_bound": 1.277315980878242,
    "absolute_gap": 0.0015738792013459957,
    "relative_gap": 0.0012321768653233683
  },
  "performance": {
    "solution_time_seconds": 1800.7212359905243,
    "solver_status": "ok",
    "termination_condition": "optimal",
    "solver": "gams",
    "subsolver": "gurobi",
    "is_relaxation": false,
    "root_relaxation_value": 0.0,
    "root_relaxation_gap_percent": 100.0,
    "relaxation_gap_percent": null,
    "absolute_gap": null
  }
}