{
  "model_parameters": {
    "n_dimensions": 4,
    "n_clusters": 5,
    "n_points": 14,
    "coord_range_lower": -1,
    "coord_range_upper": 1
  },
  "solution": {
    "status": "feasible",
    "center_coordinates": {
      "cluster_1": {
        "dim_1": -0.78489679991464,
        "dim_2": 0.27202687555952,
        "dim_3": -0.163271579152938,
        "dim_4": -0.338704061752496
      },
      "cluster_2": {
        "dim_1": -0.666114108337963,
        "dim_2": -0.719641336604913,
        "dim_3": -0.8193059616653,
        "dim_4": -0.277753035913244
      },
      "cluster_3": {
        "dim_1": 0.175223956533437,
        "dim_2": -0.63241515251678,
        "dim_3": 0.270999052776507,
        "dim_4": 0.672650809926371
      },
      "cluster_4": {
        "dim_1": 0.175223956533415,
        "dim_2": 0.225747170451055,
        "dim_3": 0.491674108520795,
        "dim_4": -0.646703065244081
      },
      "cluster_5": {
        "dim_1": 0.175223956533414,
        "dim_2": 0.72162453506846,
        "dim_3": 0.353420840146618,
        "dim_4": 0.392372508749392
      }
    },
    "distances": {
      "1": 0.141422063212922,
      "2": 0.105805654098607,
      "3": 0.277731024850131,
      "4": 0.397190876697639,
      "5": 0.550197120145425,
      "6": 0.062163158027147,
      "7": 0.379260513149438,
      "8": 0.147323578803218,
      "9": 0.252350307302179,
      "10": 0.324217647742433,
      "11": 0.062163157870176,
      "12": 0.133711923049632,
      "13": 0.120649249900416,
      "14": 0.570529416195602
    },
    "objective_value": 3.524715691044965,
    "lower_bound": 0.906872148086185,
    "upper_bound": 3.524715691044965,
    "absolute_gap": 2.61784354295878,
    "relative_gap": 2.8866732190235838
  },
  "performance": {
    "solution_time_seconds": 300.76039934158325,
    "solver_status": "ok",
    "termination_condition": "feasible",
    "solver": "gams",
    "subsolver": "gurobi",
    "is_relaxation": false,
    "root_relaxation_value": 0.0,
    "root_relaxation_gap_percent": 100.0,
    "relaxation_gap_percent": null,
    "absolute_gap": null
  }
}