{
  "model_parameters": {
    "n_dimensions": 5,
    "n_clusters": 4,
    "n_points": 11,
    "coord_range_lower": -1,
    "coord_range_upper": 1
  },
  "solution": {
    "status": "optimal",
    "center_coordinates": {
      "cluster_1": {
        "dim_1": -0.78266771342258,
        "dim_2": -0.53021240234375,
        "dim_3": -0.500851672486805,
        "dim_4": 0.435608389173583,
        "dim_5": -0.381134033203125
      },
      "cluster_2": {
        "dim_1": -0.733473139618482,
        "dim_2": 0.546012106526463,
        "dim_3": 0.372463696710792,
        "dim_4": -0.663984284197636,
        "dim_5": 0.159748219606649
      },
      "cluster_3": {
        "dim_1": -0.467049828036627,
        "dim_2": 0.037538745546551,
        "dim_3": 0.661558060534316,
        "dim_4": 0.463159060065384,
        "dim_5": -0.080633054730112
      },
      "cluster_4": {
        "dim_1": 0.527362966478612,
        "dim_2": 0.280745233134055,
        "dim_3": 0.604582514545216,
        "dim_4": -0.395063500477533,
        "dim_5": 0.065602490550207
      }
    },
    "distances": {
      "1": 0.21843640024835,
      "2": 0.415330719730463,
      "3": 0.586938838876805,
      "4": 0.953959011399506,
      "5": 0.2184378855088,
      "6": 0.500135609304993,
      "7": 0.440183452251245,
      "8": 0.277019677312479,
      "9": 0.440048045379533,
      "10": 0.310301867083174,
      "11": 0.485915627308077
    },
    "objective_value": 4.846707134403425,
    "lower_bound": 4.846707134403425,
    "upper_bound": 4.846707134403425,
    "absolute_gap": 0.0,
    "relative_gap": 0.0
  },
  "performance": {
    "solution_time_seconds": 292.69092321395874,
    "solver_status": "ok",
    "termination_condition": "optimal",
    "solver": "gams",
    "subsolver": "scip",
    "is_relaxation": false,
    "root_relaxation_value": 4.84670713440342,
    "root_relaxation_gap_percent": 9.162699489263137e-14,
    "relaxation_gap_percent": null,
    "absolute_gap": null
  }
}