{
  "model_parameters": {
    "n_dimensions": 4,
    "n_clusters": 4,
    "n_points": 17,
    "coord_range_lower": -1,
    "coord_range_upper": 1
  },
  "solution": {
    "status": "optimal",
    "center_coordinates": {
      "cluster_1": {
        "dim_1": -0.445622712271515,
        "dim_2": 0.23684342133958,
        "dim_3": -0.622857235027496,
        "dim_4": 0.381674963691948
      },
      "cluster_2": {
        "dim_1": -0.43756609559533,
        "dim_2": 0.522715151398936,
        "dim_3": 0.690082500824081,
        "dim_4": 0.077054546474972
      },
      "cluster_3": {
        "dim_1": 0.233052225132909,
        "dim_2": -0.71545069928264,
        "dim_3": 0.111109583147261,
        "dim_4": 0.095312681286519
      },
      "cluster_4": {
        "dim_1": 0.501130520860446,
        "dim_2": 0.529834914503305,
        "dim_3": 0.096183212087605,
        "dim_4": -0.777622317935414
      }
    },
    "distances": {
      "1": 0.34433633168651,
      "2": 0.746520227037808,
      "3": 0.524375260100447,
      "4": 0.80177666239606,
      "5": 0.400158346422543,
      "6": 0.198587849980113,
      "7": 0.218469008196247,
      "8": 0.09131292183481,
      "9": 0.564860328498169,
      "10": 0.259056672250055,
      "11": 0.218469014034256,
      "12": 1.057803326025507,
      "13": 0.178502395089203,
      "14": 0.339189611184716,
      "15": 0.975322753342567,
      "16": 1.087781408613344,
      "17": 0.632057207482743
    },
    "objective_value": 8.638579324175097,
    "lower_bound": 2.158502172146687,
    "upper_bound": 8.638579324175097,
    "absolute_gap": 6.480077152028411,
    "relative_gap": 3.0021175033536354
  },
  "performance": {
    "solution_time_seconds": 301.48510694503784,
    "solver_status": "ok",
    "termination_condition": "optimal",
    "solver": "gams",
    "subsolver": "baron",
    "is_relaxation": false,
    "root_relaxation_value": 0.0,
    "root_relaxation_gap_percent": 100.0,
    "relaxation_gap_percent": null,
    "absolute_gap": null
  }
}