{
  "model_parameters": {
    "n_dimensions": 5,
    "n_clusters": 5,
    "n_points": 14,
    "coord_range_lower": -1,
    "coord_range_upper": 1
  },
  "solution": {
    "status": "optimal",
    "center_coordinates": {
      "cluster_1": {
        "dim_1": -0.480815585640089,
        "dim_2": -0.307039903731613,
        "dim_3": 0.416934479428121,
        "dim_4": -0.51572053595083,
        "dim_5": -0.201038805831611
      },
      "cluster_2": {
        "dim_1": -0.480337944394195,
        "dim_2": 0.879293507690999,
        "dim_3": 0.540734108521342,
        "dim_4": -0.294743530105671,
        "dim_5": -0.390600368286218
      },
      "cluster_3": {
        "dim_1": 0.093503698805517,
        "dim_2": -0.311085372333851,
        "dim_3": -0.570942755841712,
        "dim_4": 0.267230889789174,
        "dim_5": 0.54380759833462
      },
      "cluster_4": {
        "dim_1": 0.564820739490584,
        "dim_2": 0.554240421220273,
        "dim_3": 0.505838045190804,
        "dim_4": 0.307722050835884,
        "dim_5": 0.119406370763354
      },
      "cluster_5": {
        "dim_1": 0.619351654646009,
        "dim_2": 0.853742635353897,
        "dim_3": -0.529515012754242,
        "dim_4": -0.92556272551584,
        "dim_5": 0.664434710422658
      }
    },
    "distances": {
      "1": 0.431664536251891,
      "2": 0.632594185095061,
      "3": 0.371251121573263,
      "4": 0.60346045383376,
      "5": 0.372324793610329,
      "6": 0.691905080902179,
      "7": 0.483140276979642,
      "8": 0.286992781156346,
      "9": 0.400661052905464,
      "10": 0.286997124065748,
      "11": 0.555369988483054,
      "12": 0.295197924712863,
      "13": 0.210468313258207,
      "14": 0.456390524602872
    },
    "objective_value": 6.078418157430679,
    "lower_bound": 3.116744153947641,
    "absolute_gap": 2.961674003483038,
    "relative_gap": 0.9502461085013371
  },
  "performance": {
    "solution_time_seconds": 1800.5895891189575,
    "solver_status": "ok",
    "termination_condition": "optimal",
    "solver": "gams",
    "subsolver": "gurobi",
    "is_relaxation": false,
    "root_relaxation_value": 0.0,
    "root_relaxation_gap_percent": 100.0,
    "relaxation_gap_percent": null,
    "absolute_gap": null
  }
}