{
  "model_parameters": {
    "n_dimensions": 2,
    "n_clusters": 5,
    "n_points": 11,
    "coord_range_lower": -1,
    "coord_range_upper": 1
  },
  "solution": {
    "status": "optimal",
    "center_coordinates": {
      "cluster_1": {
        "dim_1": -0.740721615753151,
        "dim_2": 0.09426303036964
      },
      "cluster_2": {
        "dim_1": -0.135299527579547,
        "dim_2": 0.651434569607868
      },
      "cluster_3": {
        "dim_1": -0.125940065488362,
        "dim_2": 0.081479555864644
      },
      "cluster_4": {
        "dim_1": 0.522812394154917,
        "dim_2": 0.938708062374611
      },
      "cluster_5": {
        "dim_1": 0.646026573081915,
        "dim_2": -0.265019305567967
      }
    },
    "distances": {
      "1": 0.022882461760378,
      "2": 0.064061595638678,
      "3": 0.022891034225918,
      "4": 9.8696939e-08,
      "5": 0.06817226581933,
      "6": 0.029779451865881,
      "7": 7.7069674e-08,
      "8": 0.033756134309171,
      "9": 0.036470558007501,
      "10": 0.065461036413224,
      "11": 0.075787209481657
    },
    "objective_value": 0.419261923288351,
    "lower_bound": 0.419261452605823,
    "upper_bound": 0.419261923288351,
    "absolute_gap": 4.706825280087479e-07,
    "relative_gap": 1.1226467997077457e-06
  },
  "performance": {
    "solution_time_seconds": 9.206396102905273,
    "solver_status": "ok",
    "termination_condition": "optimal",
    "solver": "gams",
    "subsolver": "gurobi",
    "is_relaxation": false,
    "root_relaxation_value": 0.0,
    "root_relaxation_gap_percent": 100.0,
    "relaxation_gap_percent": null,
    "absolute_gap": null
  }
}