{
  "model_parameters": {
    "n_dimensions": 5,
    "n_clusters": 3,
    "n_points": 10,
    "coord_range_lower": -1,
    "coord_range_upper": 1
  },
  "solution": {
    "status": "optimal",
    "center_coordinates": {
      "cluster_1": {
        "dim_1": -0.796482820141604,
        "dim_2": -0.012234772254764,
        "dim_3": 0.562455829614302,
        "dim_4": -0.4049407649162,
        "dim_5": -0.042769447676911
      },
      "cluster_2": {
        "dim_1": -0.56006247113467,
        "dim_2": 0.494332073057585,
        "dim_3": 0.099632358500945,
        "dim_4": 0.486130331506743,
        "dim_5": 0.546772264737971
      },
      "cluster_3": {
        "dim_1": 0.091443281391019,
        "dim_2": -0.273358699732356,
        "dim_3": -0.542597037612146,
        "dim_4": 0.37446659532733,
        "dim_5": -0.692741789813654
      }
    },
    "distances": {
      "1": 0.729920367970759,
      "2": 0.858891839371209,
      "3": 0.535304146869464,
      "4": 1.21616017029419,
      "5": 0.302085152769797,
      "6": 0.156046344134935,
      "7": 1.391328163939848,
      "8": 1.208571147216524,
      "9": 0.533786258697697,
      "10": 0.8299197249982
    },
    "objective_value": 7.762013316262623,
    "lower_bound": 7.762013316262622,
    "upper_bound": 7.762013316262623,
    "absolute_gap": 8.881784197001252e-16,
    "relative_gap": 1.14426294250134e-16
  },
  "performance": {
    "solution_time_seconds": 36.206748723983765,
    "solver_status": "ok",
    "termination_condition": "optimal",
    "solver": "gams",
    "subsolver": "scip",
    "is_relaxation": false,
    "root_relaxation_value": 7.76201331626262,
    "root_relaxation_gap_percent": 3.43278882750402e-14,
    "relaxation_gap_percent": null,
    "absolute_gap": null
  }
}