{
  "model_parameters": {
    "n_dimensions": 2,
    "n_clusters": 5,
    "n_points": 11,
    "coord_range_lower": -1,
    "coord_range_upper": 1
  },
  "solution": {
    "status": "optimal",
    "center_coordinates": {
      "cluster_1": {
        "dim_1": -0.740735463316407,
        "dim_2": 0.094258266588567
      },
      "cluster_2": {
        "dim_1": -0.131353214303758,
        "dim_2": 0.081495369889533
      },
      "cluster_3": {
        "dim_1": -0.131353214303758,
        "dim_2": 0.651445512148449
      },
      "cluster_4": {
        "dim_1": 0.52280260638247,
        "dim_2": 0.938715538725693
      },
      "cluster_5": {
        "dim_1": 0.646024547830118,
        "dim_2": -0.265019966267711
      }
    },
    "distances": {
      "1": 0.022886723553483,
      "2": 0.061769130307217,
      "3": 0.022886723553479,
      "4": 0.0,
      "5": 0.070581682464856,
      "6": 0.02848324977135,
      "7": 0.0,
      "8": 0.032330491988774,
      "9": 0.037349612176176,
      "10": 0.06736770627881,
      "11": 0.075755528760507
    },
    "objective_value": 0.419410848854652,
    "lower_bound": 0.419410848835975,
    "upper_bound": 0.419410848854652,
    "absolute_gap": 1.8677004387512852e-11,
    "relative_gap": 4.45315242544361e-11
  },
  "performance": {
    "solution_time_seconds": 152.4546422958374,
    "solver_status": "ok",
    "termination_condition": "optimal",
    "solver": "gams",
    "subsolver": "baron",
    "is_relaxation": false,
    "root_relaxation_value": 0.0,
    "root_relaxation_gap_percent": 100.0,
    "relaxation_gap_percent": null,
    "absolute_gap": null
  }
}