{
  "model_parameters": {
    "n_dimensions": 2,
    "n_clusters": 5,
    "n_points": 17,
    "coord_range_lower": -1,
    "coord_range_upper": 1
  },
  "solution": {
    "status": "optimal",
    "center_coordinates": {
      "cluster_1": {
        "dim_1": -0.473822916405591,
        "dim_2": -0.460673969667115
      },
      "cluster_2": {
        "dim_1": -0.303576884454655,
        "dim_2": 0.767842603267351
      },
      "cluster_3": {
        "dim_1": -0.23501890850226,
        "dim_2": 0.12851338168974
      },
      "cluster_4": {
        "dim_1": 0.603754896683193,
        "dim_2": -0.635163108140445
      },
      "cluster_5": {
        "dim_1": 0.711833417261751,
        "dim_2": 0.346418575297859
      }
    },
    "distances": {
      "1": 0.21552409993612,
      "2": 0.064248507073627,
      "3": 0.044933055085975,
      "4": 0.100695096484035,
      "5": 0.126589843711838,
      "6": 0.086738674544028,
      "7": 0.009154896758733,
      "8": 0.009036633115549,
      "9": 0.149959449269537,
      "10": 0.073163331123355,
      "11": 0.091893061041791,
      "12": 0.038376443152417,
      "13": 0.028350290389449,
      "14": 0.022768921323417,
      "15": 0.073539952780311,
      "16": 0.142616056156549,
      "17": 0.022562978733764
    },
    "objective_value": 1.300151290680495,
    "lower_bound": 0.89079132880812,
    "absolute_gap": 0.4093599618723751,
    "relative_gap": 0.45954641523071327
  },
  "performance": {
    "solution_time_seconds": 1801.5702321529388,
    "solver_status": "ok",
    "termination_condition": "optimal",
    "solver": "gams",
    "subsolver": "scip",
    "is_relaxation": false,
    "root_relaxation_value": 0.89079132880812,
    "root_relaxation_gap_percent": 31.485563626838953,
    "relaxation_gap_percent": null,
    "absolute_gap": null
  }
}