{
  "model_parameters": {
    "n_dimensions": 5,
    "n_clusters": 5,
    "n_points": 12,
    "coord_range_lower": -1,
    "coord_range_upper": 1
  },
  "solution": {
    "status": "optimal",
    "center_coordinates": {
      "cluster_1": {
        "dim_1": -0.432669578559595,
        "dim_2": 0.604457078698465,
        "dim_3": 0.464483983208409,
        "dim_4": 0.504211219364381,
        "dim_5": 0.469195380440995
      },
      "cluster_2": {
        "dim_1": -0.184560787537899,
        "dim_2": 0.51053276505845,
        "dim_3": -0.816669881938206,
        "dim_4": 0.208482703620124,
        "dim_5": 0.565841894808503
      },
      "cluster_3": {
        "dim_1": -0.074674698333181,
        "dim_2": -0.136771360364165,
        "dim_3": 0.196228166762809,
        "dim_4": 0.585679908625262,
        "dim_5": -0.755339511885624
      },
      "cluster_4": {
        "dim_1": 0.18154916998609,
        "dim_2": -0.649853671307689,
        "dim_3": 0.856181699208677,
        "dim_4": -0.512284455399202,
        "dim_5": 0.228292206420406
      },
      "cluster_5": {
        "dim_1": 0.579502011612663,
        "dim_2": 0.647772893013261,
        "dim_3": 0.623751449954664,
        "dim_4": -0.769196093182181,
        "dim_5": 0.683229480201618
      }
    },
    "distances": {
      "1": 0.53359978841843,
      "2": 0.603752788102486,
      "3": 0.439238220558949,
      "4": 0.143927623086962,
      "5": 0.533599794042181,
      "6": 0.695046538357668,
      "7": 0.510804529671306,
      "8": 0.331504609311404,
      "9": 0.0,
      "10": 0.302350014768625,
      "11": 0.106686132693689,
      "12": 0.302350010222857
    },
    "objective_value": 4.502860049234557,
    "lower_bound": 1.275401705353305,
    "absolute_gap": 3.227458343881252,
    "relative_gap": 2.530542597155457
  },
  "performance": {
    "solution_time_seconds": 1873.461053609848,
    "solver_status": "ok",
    "termination_condition": "optimal",
    "solver": "gams",
    "subsolver": "baron",
    "is_relaxation": false,
    "root_relaxation_value": 0.0,
    "root_relaxation_gap_percent": 100.0,
    "relaxation_gap_percent": null,
    "absolute_gap": null
  }
}