{
  "model_parameters": {
    "n_dimensions": 2,
    "n_clusters": 4,
    "n_points": 11,
    "coord_range_lower": -1,
    "coord_range_upper": 1
  },
  "solution": {
    "status": "optimal",
    "center_coordinates": {
      "cluster_1": {
        "dim_1": -0.760940345483784,
        "dim_2": -0.750502595219093
      },
      "cluster_2": {
        "dim_1": -0.754351994396449,
        "dim_2": 0.545302523299216
      },
      "cluster_3": {
        "dim_1": 0.596393649634438,
        "dim_2": 0.702912573045657
      },
      "cluster_4": {
        "dim_1": 0.617760562899117,
        "dim_2": 0.026814469010809
      }
    },
    "distances": {
      "1": 0.02886056988897,
      "2": 0.047790625466021,
      "3": 0.023525452296213,
      "4": 0.043758098629758,
      "5": 0.152516099283012,
      "6": 0.037242958424915,
      "7": 0.001906368709918,
      "8": 0.043938423022979,
      "9": 0.04394790356719,
      "10": 0.047784568556201,
      "11": 0.249587181828119
    },
    "objective_value": 0.720858249673296,
    "lower_bound": 0.720857728833139,
    "upper_bound": 0.720858249673296,
    "absolute_gap": 5.208401570033772e-07,
    "relative_gap": 7.225283660986299e-07
  },
  "performance": {
    "solution_time_seconds": 4.049022436141968,
    "solver_status": "ok",
    "termination_condition": "optimal",
    "solver": "gams",
    "subsolver": "gurobi",
    "is_relaxation": false,
    "root_relaxation_value": 0.0,
    "root_relaxation_gap_percent": 100.0,
    "relaxation_gap_percent": null,
    "absolute_gap": null
  }
}