{
  "model_parameters": {
    "n_dimensions": 4,
    "n_clusters": 5,
    "n_points": 14,
    "coord_range_lower": -1,
    "coord_range_upper": 1
  },
  "solution": {
    "status": "optimal",
    "center_coordinates": {
      "cluster_1": {
        "dim_1": -0.785064841105006,
        "dim_2": 0.271600194538053,
        "dim_3": -0.162980752486205,
        "dim_4": -0.338130452692235
      },
      "cluster_2": {
        "dim_1": -0.666114111343005,
        "dim_2": -0.719641336604914,
        "dim_3": -0.819319298433316,
        "dim_4": -0.277753036257844
      },
      "cluster_3": {
        "dim_1": -0.072371259346587,
        "dim_2": 0.721656897392338,
        "dim_3": 0.353872548797188,
        "dim_4": 0.392281542181757
      },
      "cluster_4": {
        "dim_1": 0.219774482677954,
        "dim_2": -0.632597068025589,
        "dim_3": 0.270999053192804,
        "dim_4": 0.673428927513103
      },
      "cluster_5": {
        "dim_1": 0.337982123443544,
        "dim_2": 0.225781870581152,
        "dim_3": 0.491421199578322,
        "dim_4": -0.646655451343717
      }
    },
    "distances": {
      "1": 0.214429129795752,
      "2": 0.122833875695797,
      "3": 0.284477363481258,
      "4": 0.226561024672597,
      "5": 0.533911883146806,
      "6": 0.062162191982306,
      "7": 0.350159348158887,
      "8": 0.061496582754686,
      "9": 0.25261276611839,
      "10": 0.349338614465336,
      "11": 0.06216412499555,
      "12": 0.133519744352668,
      "13": 0.120580842464827,
      "14": 0.456552605002048
    },
    "objective_value": 3.230800097086908,
    "lower_bound": 2.709327336418543,
    "absolute_gap": 0.5214727606683653,
    "relative_gap": 0.1924731477288749
  },
  "performance": {
    "solution_time_seconds": 1800.6782929897308,
    "solver_status": "ok",
    "termination_condition": "optimal",
    "solver": "gams",
    "subsolver": "gurobi",
    "is_relaxation": false,
    "root_relaxation_value": 0.0,
    "root_relaxation_gap_percent": 100.0,
    "relaxation_gap_percent": null,
    "absolute_gap": null
  }
}