{
  "model_parameters": {
    "n_dimensions": 5,
    "n_clusters": 3,
    "n_points": 16,
    "coord_range_lower": -1,
    "coord_range_upper": 1
  },
  "solution": {
    "status": "optimal",
    "center_coordinates": {
      "cluster_1": {
        "dim_1": -0.216919230324812,
        "dim_2": -0.441925513191425,
        "dim_3": -0.187309466544871,
        "dim_4": 0.588583540970697,
        "dim_5": 0.162125995187115
      },
      "cluster_2": {
        "dim_1": 0.380787197850301,
        "dim_2": 0.562651364507878,
        "dim_3": 0.784555269680918,
        "dim_4": 0.388422966926904,
        "dim_5": 0.553379669566463
      },
      "cluster_3": {
        "dim_1": 0.550294882376089,
        "dim_2": -0.126312050575262,
        "dim_3": -0.406038195301706,
        "dim_4": -0.346139225851505,
        "dim_5": -0.43922068689103
      }
    },
    "distances": {
      "1": 1.793381977721596,
      "2": 1.057169013192703,
      "3": 0.725321580393283,
      "4": 0.378491187036429,
      "5": 0.767610598463544,
      "6": 0.281544622687236,
      "7": 0.864799232153638,
      "8": 0.737803262705226,
      "9": 1.288213062727968,
      "10": 1.436271113331774,
      "11": 1.779083124266543,
      "12": 0.642474566245671,
      "13": 0.3358301831989,
      "14": 0.966930507118044,
      "15": 2.4775183524327,
      "16": 0.865999922058831
    },
    "objective_value": 16.398442305734086,
    "lower_bound": 16.398429586979006,
    "absolute_gap": 1.2718755080243227e-05,
    "relative_gap": 7.756081161785404e-07
  },
  "performance": {
    "solution_time_seconds": 873.1916627883911,
    "solver_status": "ok",
    "termination_condition": "optimal",
    "solver": "gams",
    "subsolver": "gurobi",
    "is_relaxation": false,
    "root_relaxation_value": 0.0,
    "root_relaxation_gap_percent": 100.0,
    "relaxation_gap_percent": null,
    "absolute_gap": null
  }
}