{
  "model_parameters": {
    "n_dimensions": 3,
    "n_clusters": 4,
    "n_points": 12,
    "coord_range_lower": -1,
    "coord_range_upper": 1
  },
  "solution": {
    "status": "optimal",
    "center_coordinates": {
      "cluster_1": {
        "dim_1": -0.559488719270428,
        "dim_2": 0.175348383344195,
        "dim_3": 0.35467729934129
      },
      "cluster_2": {
        "dim_1": -0.103796641773996,
        "dim_2": 0.8311658167874,
        "dim_3": -0.450153120417766
      },
      "cluster_3": {
        "dim_1": 0.477114536431654,
        "dim_2": -0.451195513812628,
        "dim_3": -0.45773032366217
      },
      "cluster_4": {
        "dim_1": 0.620779011643373,
        "dim_2": -0.092357807168372,
        "dim_3": 0.895775355891003
      }
    },
    "distances": {
      "1": 0.020119684679057,
      "2": 0.367136565265057,
      "3": 0.293548753764429,
      "4": 0.17993423547882,
      "5": 0.136759056443085,
      "6": 0.057360603909399,
      "7": 0.238087804181945,
      "8": 0.089901090398584,
      "9": 0.057259189472194,
      "10": 0.192196729238466,
      "11": 0.468380249801136,
      "12": 0.057259111013044
    },
    "objective_value": 2.157943073645216,
    "lower_bound": 2.157943073645216,
    "absolute_gap": 0.0,
    "relative_gap": 0.0
  },
  "performance": {
    "solution_time_seconds": 64.54158544540405,
    "solver_status": "ok",
    "termination_condition": "optimal",
    "solver": "gams",
    "subsolver": "baron",
    "is_relaxation": false,
    "root_relaxation_value": 0.0,
    "root_relaxation_gap_percent": 100.0,
    "relaxation_gap_percent": null,
    "absolute_gap": null
  }
}