{
  "model_parameters": {
    "n_dimensions": 2,
    "n_clusters": 5,
    "n_points": 16,
    "coord_range_lower": -1,
    "coord_range_upper": 1
  },
  "solution": {
    "status": "optimal",
    "center_coordinates": {
      "cluster_1": {
        "dim_1": -0.883907541275944,
        "dim_2": -0.610898950034964
      },
      "cluster_2": {
        "dim_1": -0.261147665021794,
        "dim_2": 0.530599943919774
      },
      "cluster_3": {
        "dim_1": 0.256188000870892,
        "dim_2": 0.02814211410865
      },
      "cluster_4": {
        "dim_1": 0.274797003682418,
        "dim_2": -0.828699841026324
      },
      "cluster_5": {
        "dim_1": 0.587850595508548,
        "dim_2": 0.621247344003104
      }
    },
    "distances": {
      "1": 0.024676498632654,
      "2": 0.062838700235517,
      "3": 0.063410260865988,
      "4": 0.024673781557483,
      "5": 0.000388862596209,
      "6": 0.16521848190549,
      "7": 0.022768552039111,
      "8": 0.053897597049014,
      "9": 0.079938041870083,
      "10": 0.006848379136512,
      "11": 0.083657229590213,
      "12": 0.212842030137082,
      "13": 0.033304338820495,
      "14": 3.1980668e-08,
      "15": 0.091839657078248,
      "16": 0.143544254409457
    },
    "objective_value": 1.069846697904224,
    "lower_bound": 1.069846727224619,
    "absolute_gap": -2.9320395000809185e-08,
    "relative_gap": -2.7406164130512163e-08
  },
  "performance": {
    "solution_time_seconds": 73.11051654815674,
    "solver_status": "ok",
    "termination_condition": "optimal",
    "solver": "gams",
    "subsolver": "gurobi",
    "is_relaxation": false,
    "root_relaxation_value": 0.0,
    "root_relaxation_gap_percent": 100.0,
    "relaxation_gap_percent": null,
    "absolute_gap": null
  }
}