{
  "model_parameters": {
    "n_dimensions": 3,
    "n_clusters": 5,
    "n_points": 14,
    "coord_range_lower": -1,
    "coord_range_upper": 1
  },
  "solution": {
    "status": "optimal",
    "center_coordinates": {
      "cluster_1": {
        "dim_1": -0.929060295644227,
        "dim_2": -0.241323714248984,
        "dim_3": -0.663874597296413
      },
      "cluster_2": {
        "dim_1": -0.421993698587983,
        "dim_2": 0.935358448900628,
        "dim_3": 0.210372386132124
      },
      "cluster_3": {
        "dim_1": -0.421993698587983,
        "dim_2": 0.680452522109247,
        "dim_3": 0.801912205898866
      },
      "cluster_4": {
        "dim_1": 0.230575459133027,
        "dim_2": -0.344700010539178,
        "dim_3": 0.326149151541142
      },
      "cluster_5": {
        "dim_1": 0.469135389682783,
        "dim_2": 0.00105607534432,
        "dim_3": -0.421073199869241
      }
    },
    "distances": {
      "1": 0.243463628376749,
      "2": 0.519440455627696,
      "3": 0.346137618495616,
      "4": 0.15282137873934,
      "5": 0.13221364258948,
      "6": 0.025772977722292,
      "7": 0.0,
      "8": 0.426500563145964,
      "9": 0.094453603378836,
      "10": 0.18846291172122,
      "11": 0.02189519375624,
      "12": 0.117822824795543,
      "13": 0.041692503426752,
      "14": 0.028386497544427
    },
    "objective_value": 2.3390637993201553,
    "lower_bound": 2.339063949715565,
    "upper_bound": 2.339063799320155,
    "absolute_gap": -1.503954099035809e-07,
    "relative_gap": -6.429726298071897e-08
  },
  "performance": {
    "solution_time_seconds": 49.74590992927551,
    "solver_status": "ok",
    "termination_condition": "optimal",
    "solver": "gams",
    "subsolver": "baron",
    "is_relaxation": false,
    "root_relaxation_value": 0.0,
    "root_relaxation_gap_percent": 100.0,
    "relaxation_gap_percent": null,
    "absolute_gap": null
  }
}