{
  "model_parameters": {
    "n_dimensions": 2,
    "n_clusters": 3,
    "n_points": 10,
    "coord_range_lower": -1,
    "coord_range_upper": 1
  },
  "solution": {
    "status": "optimal",
    "center_coordinates": {
      "cluster_1": {
        "dim_1": -0.402076209144835,
        "dim_2": 0.509675510685667
      },
      "cluster_2": {
        "dim_1": -0.227890864403404,
        "dim_2": -0.88874008540933
      },
      "cluster_3": {
        "dim_1": 0.910917211389664,
        "dim_2": -0.126557662280105
      }
    },
    "distances": {
      "1": 0.334933780899381,
      "2": 0.258409655557241,
      "3": 0.140623517260334,
      "4": 0.372817997863021,
      "5": 0.022160533696151,
      "6": 0.335165600257285,
      "7": 0.084411831801619,
      "8": 0.03406906614884,
      "9": 0.166839287927057,
      "10": 0.030629937572008
    },
    "objective_value": 1.7800612089829368,
    "lower_bound": 1.780061208982938,
    "upper_bound": 1.780061208982938,
    "absolute_gap": -1.1102230246251565e-15,
    "relative_gap": -6.236993531584779e-16
  },
  "performance": {
    "solution_time_seconds": 2.842890501022339,
    "solver_status": "ok",
    "termination_condition": "optimal",
    "solver": "gams",
    "subsolver": "baron",
    "is_relaxation": false,
    "root_relaxation_value": 0.0,
    "root_relaxation_gap_percent": 100.0,
    "relaxation_gap_percent": null,
    "absolute_gap": null
  }
}