{
  "model_parameters": {
    "n_dimensions": 4,
    "n_clusters": 3,
    "n_points": 12,
    "coord_range_lower": -1,
    "coord_range_upper": 1
  },
  "solution": {
    "status": "optimal",
    "center_coordinates": {
      "cluster_1": {
        "dim_1": -0.020192191864343,
        "dim_2": 0.732466052856196,
        "dim_3": 0.065318208535076,
        "dim_4": -0.38078085322305
      },
      "cluster_2": {
        "dim_1": 0.240851877617881,
        "dim_2": -0.853092172135781,
        "dim_3": 0.449181101236746,
        "dim_4": -0.367867634652582
      },
      "cluster_3": {
        "dim_1": 0.324121693205854,
        "dim_2": -0.08846807821606,
        "dim_3": -0.67069023823078,
        "dim_4": 0.496524931858922
      }
    },
    "distances": {
      "1": 0.074635332507638,
      "2": 0.54828024630252,
      "3": 0.381362770207815,
      "4": 0.150363703600426,
      "5": 1.566149327101852,
      "6": 0.561193184501865,
      "7": 0.692507087722625,
      "8": 0.935553367773724,
      "9": 0.169674511324265,
      "10": 0.771534927170136,
      "11": 0.424078553251531,
      "12": 0.625469535599027
    },
    "objective_value": 6.900802547063424,
    "lower_bound": 6.900802547063424,
    "upper_bound": 6.900802547063424,
    "absolute_gap": 0.0,
    "relative_gap": 0.0
  },
  "performance": {
    "solution_time_seconds": 144.67755007743835,
    "solver_status": "ok",
    "termination_condition": "optimal",
    "solver": "gams",
    "subsolver": "scip",
    "is_relaxation": false,
    "root_relaxation_value": 6.90080254706342,
    "root_relaxation_gap_percent": 6.435327004669056e-14,
    "relaxation_gap_percent": null,
    "absolute_gap": null
  }
}