{
  "model_parameters": {
    "n_dimensions": 2,
    "n_clusters": 5,
    "n_points": 17,
    "coord_range_lower": -1,
    "coord_range_upper": 1
  },
  "solution": {
    "status": "optimal",
    "center_coordinates": {
      "cluster_1": {
        "dim_1": -0.473885210715394,
        "dim_2": -0.461469237336086
      },
      "cluster_2": {
        "dim_1": -0.30319260463034,
        "dim_2": 0.767178909731066
      },
      "cluster_3": {
        "dim_1": -0.234430284553015,
        "dim_2": 0.128646199206906
      },
      "cluster_4": {
        "dim_1": 0.604068906514861,
        "dim_2": -0.634761456338162
      },
      "cluster_5": {
        "dim_1": 0.711769164994388,
        "dim_2": 0.346915970754308
      }
    },
    "distances": {
      "1": 0.215094618432688,
      "2": 0.06395801075782,
      "3": 0.045271002276837,
      "4": 0.100986609458177,
      "5": 0.126044141925448,
      "6": 0.086440926716678,
      "7": 0.009091210553664,
      "8": 0.009101418300442,
      "9": 0.15009227487407,
      "10": 0.073082586096021,
      "11": 0.092180488159706,
      "12": 0.038305826127914,
      "13": 0.028545292752848,
      "14": 0.022976222557599,
      "15": 0.073622220950539,
      "16": 0.142704395200885,
      "17": 0.022659774939994
    },
    "objective_value": 1.30015702008133,
    "lower_bound": 1.30015702008133,
    "absolute_gap": 0.0,
    "relative_gap": 0.0
  },
  "performance": {
    "solution_time_seconds": 637.1978528499603,
    "solver_status": "ok",
    "termination_condition": "optimal",
    "solver": "gams",
    "subsolver": "baron",
    "is_relaxation": false,
    "root_relaxation_value": 0.0,
    "root_relaxation_gap_percent": 100.0,
    "relaxation_gap_percent": null,
    "absolute_gap": null
  }
}