{
  "model_parameters": {
    "n_dimensions": 4,
    "n_clusters": 3,
    "n_points": 16,
    "coord_range_lower": -1,
    "coord_range_upper": 1
  },
  "solution": {
    "status": "optimal",
    "center_coordinates": {
      "cluster_1": {
        "dim_1": -0.536908236796467,
        "dim_2": 0.087678447296797,
        "dim_3": 0.270332398164055,
        "dim_4": 0.337262519094635
      },
      "cluster_2": {
        "dim_1": -0.063021979895182,
        "dim_2": 0.428846937295948,
        "dim_3": 0.63715704527199,
        "dim_4": -0.808895323580921
      },
      "cluster_3": {
        "dim_1": 0.356166369625714,
        "dim_2": -0.194584224822485,
        "dim_3": -0.558410167496614,
        "dim_4": 0.544850795646028
      }
    },
    "distances": {
      "1": 0.611824696746748,
      "2": 0.66095645621443,
      "3": 0.412141559942217,
      "4": 0.654605446119775,
      "5": 0.321407433128432,
      "6": 0.229306928260224,
      "7": 0.435457005454831,
      "8": 0.328479009157173,
      "9": 1.626147491732611,
      "10": 0.420034698804022,
      "11": 0.56279536737109,
      "12": 0.257767491821819,
      "13": 0.133206605947194,
      "14": 0.979530514456111,
      "15": 1.194352161838638,
      "16": 0.554320349494078
    },
    "objective_value": 9.382333216489393,
    "lower_bound": 9.382333216489393,
    "absolute_gap": 0.0,
    "relative_gap": 0.0
  },
  "performance": {
    "solution_time_seconds": 75.38549876213074,
    "solver_status": "ok",
    "termination_condition": "optimal",
    "solver": "gams",
    "subsolver": "baron",
    "is_relaxation": false,
    "root_relaxation_value": 0.0,
    "root_relaxation_gap_percent": 100.0,
    "relaxation_gap_percent": null,
    "absolute_gap": null
  }
}