{
  "model_parameters": {
    "n_dimensions": 5,
    "n_clusters": 4,
    "n_points": 16,
    "coord_range_lower": -1,
    "coord_range_upper": 1
  },
  "solution": {
    "status": "optimal",
    "center_coordinates": {
      "cluster_1": {
        "dim_1": -0.371205938498695,
        "dim_2": 0.182628043894775,
        "dim_3": 0.507379055797104,
        "dim_4": -0.689807016394359,
        "dim_5": -0.673631679456314
      },
      "cluster_2": {
        "dim_1": -0.230599959360295,
        "dim_2": -0.487034037976406,
        "dim_3": 0.269815116088743,
        "dim_4": 0.483571727306193,
        "dim_5": -0.357657748989245
      },
      "cluster_3": {
        "dim_1": -0.012616091275295,
        "dim_2": 0.176711780571975,
        "dim_3": 0.124604529617208,
        "dim_4": -0.697591406189669,
        "dim_5": 0.627879832521463
      },
      "cluster_4": {
        "dim_1": 0.483763924429424,
        "dim_2": 0.775002894447757,
        "dim_3": -0.22423902427634,
        "dim_4": 0.423955904729412,
        "dim_5": -0.498483417026161
      }
    },
    "distances": {
      "1": 0.667761052005167,
      "2": 1.211788613490191,
      "3": 0.641123169175459,
      "4": 1.284007254532591,
      "5": 0.646814136498248,
      "6": 0.813866953465501,
      "7": 0.845122651245666,
      "8": 0.800248069562651,
      "9": 0.423194066403189,
      "10": 0.373580189172939,
      "11": 0.431079544973495,
      "12": 1.076059612913864,
      "13": 0.422494120250221,
      "14": 0.404159976273305,
      "15": 0.653897270833731,
      "16": 0.382402552199361
    },
    "objective_value": 11.07759923299558,
    "lower_bound": 1.961266054004064,
    "absolute_gap": 9.116333178991516,
    "relative_gap": 4.648187919420659
  },
  "performance": {
    "solution_time_seconds": 1809.3507990837097,
    "solver_status": "ok",
    "termination_condition": "optimal",
    "solver": "gams",
    "subsolver": "baron",
    "is_relaxation": false,
    "root_relaxation_value": 0.0,
    "root_relaxation_gap_percent": 100.0,
    "relaxation_gap_percent": null,
    "absolute_gap": null
  }
}