{
  "model_parameters": {
    "n_dimensions": 5,
    "n_clusters": 3,
    "n_points": 11,
    "coord_range_lower": -1,
    "coord_range_upper": 1
  },
  "solution": {
    "status": "optimal",
    "center_coordinates": {
      "cluster_1": {
        "dim_1": -0.605799119248397,
        "dim_2": -0.599998267237138,
        "dim_3": -0.207212250871166,
        "dim_4": 0.276124800976811,
        "dim_5": -0.170756586666101
      },
      "cluster_2": {
        "dim_1": 0.108605418759637,
        "dim_2": 0.575515247233365,
        "dim_3": -0.139803917212386,
        "dim_4": 0.163054192971392,
        "dim_5": 0.139458830935579
      },
      "cluster_3": {
        "dim_1": 0.853130866932012,
        "dim_2": -0.696204451710675,
        "dim_3": 0.840850183215695,
        "dim_4": -0.242499661276601,
        "dim_5": 0.021286391228078
      }
    },
    "distances": {
      "1": 0.905583477213788,
      "2": 1.000605632408687,
      "3": 0.744428137098902,
      "4": 0.441271521217186,
      "5": 0.838495435762178,
      "6": 0.721106626665608,
      "7": 0.487152286642702,
      "8": 0.915196642737554,
      "9": 1.071017876098176,
      "10": 1.325820757628162,
      "11": 0.744428125262457
    },
    "objective_value": 9.1951065187354,
    "lower_bound": 7.110873095699834,
    "absolute_gap": 2.084233423035567,
    "relative_gap": 0.2931051356121047
  },
  "performance": {
    "solution_time_seconds": 1801.6459271907806,
    "solver_status": "ok",
    "termination_condition": "optimal",
    "solver": "gams",
    "subsolver": "scip",
    "is_relaxation": false,
    "root_relaxation_value": 7.11087309569983,
    "root_relaxation_gap_percent": 22.666767576741613,
    "relaxation_gap_percent": null,
    "absolute_gap": null
  }
}