{
  "model_parameters": {
    "n_dimensions": 4,
    "n_clusters": 5,
    "n_points": 11,
    "coord_range_lower": -1,
    "coord_range_upper": 1
  },
  "solution": {
    "status": "optimal",
    "center_coordinates": {
      "cluster_1": {
        "dim_1": -0.226240590065423,
        "dim_2": -0.181668565049166,
        "dim_3": -0.72282112693553,
        "dim_4": -0.87398458373678
      },
      "cluster_2": {
        "dim_1": -0.214511392481202,
        "dim_2": 0.156169151919826,
        "dim_3": -0.486074477231695,
        "dim_4": 0.41931883000196
      },
      "cluster_3": {
        "dim_1": 0.006906654003443,
        "dim_2": 0.941631263480317,
        "dim_3": 0.546597237050937,
        "dim_4": -0.804862278690873
      },
      "cluster_4": {
        "dim_1": 0.732500296839631,
        "dim_2": 0.572888279286158,
        "dim_3": -0.4132355466864,
        "dim_4": 0.524585665316669
      },
      "cluster_5": {
        "dim_1": 0.766692666706533,
        "dim_2": -0.545731489958569,
        "dim_3": -0.196948296289476,
        "dim_4": 0.698849432188924
      }
    },
    "distances": {
      "1": 0.262464700849069,
      "2": 0.480466852646077,
      "3": 0.393571561924408,
      "4": 0.246543617236514,
      "5": 1.105923e-09,
      "6": 0.408890504644893,
      "7": 0.408681153824828,
      "8": 0.616037880576582,
      "9": 0.177126645237483,
      "10": 0.262469790705375,
      "11": 0.17711513712554
    },
    "objective_value": 3.4333678458766923,
    "lower_bound": 3.433367330889086,
    "absolute_gap": 5.149876063370584e-07,
    "relative_gap": 1.4999490491560657e-07
  },
  "performance": {
    "solution_time_seconds": 254.78270483016968,
    "solver_status": "ok",
    "termination_condition": "optimal",
    "solver": "gams",
    "subsolver": "gurobi",
    "is_relaxation": false,
    "root_relaxation_value": 0.0,
    "root_relaxation_gap_percent": 100.0,
    "relaxation_gap_percent": null,
    "absolute_gap": null
  }
}