{
  "model_parameters": {
    "n_dimensions": 4,
    "n_clusters": 3,
    "n_points": 12,
    "coord_range_lower": -1,
    "coord_range_upper": 1
  },
  "solution": {
    "status": "optimal",
    "center_coordinates": {
      "cluster_1": {
        "dim_1": -0.019568761402057,
        "dim_2": 0.732762388311607,
        "dim_3": 0.064221596404429,
        "dim_4": -0.380725368464255
      },
      "cluster_2": {
        "dim_1": 0.240827281795259,
        "dim_2": -0.853399110325512,
        "dim_3": 0.449717405497118,
        "dim_4": -0.367718713278513
      },
      "cluster_3": {
        "dim_1": 0.324806735866244,
        "dim_2": -0.088260815258625,
        "dim_3": -0.670123100162916,
        "dim_4": 0.496323452246558
      }
    },
    "distances": {
      "1": 0.074848609963248,
      "2": 0.547755800289817,
      "3": 0.381671029032459,
      "4": 0.149887470705692,
      "5": 1.563304653674193,
      "6": 0.560574651171903,
      "7": 0.692660038444342,
      "8": 0.936814581910644,
      "9": 0.169490369433178,
      "10": 0.772754518066097,
      "11": 0.424089692600677,
      "12": 0.626944479901827
    },
    "objective_value": 6.900795895194077,
    "lower_bound": 6.895393209202744,
    "absolute_gap": 0.005402685991332312,
    "relative_gap": 0.0007835210882711907
  },
  "performance": {
    "solution_time_seconds": 1800.810403585434,
    "solver_status": "ok",
    "termination_condition": "optimal",
    "solver": "gams",
    "subsolver": "gurobi",
    "is_relaxation": false,
    "root_relaxation_value": 0.0,
    "root_relaxation_gap_percent": 100.0,
    "relaxation_gap_percent": null,
    "absolute_gap": null
  }
}