{
  "model_parameters": {
    "n_dimensions": 4,
    "n_clusters": 5,
    "n_points": 10,
    "coord_range_lower": -1,
    "coord_range_upper": 1
  },
  "solution": {
    "status": "optimal",
    "center_coordinates": {
      "cluster_1": {
        "dim_1": -0.629156505991924,
        "dim_2": -0.155123960281469,
        "dim_3": 0.683809834282569,
        "dim_4": 0.063853652238537
      },
      "cluster_2": {
        "dim_1": 0.091857893474206,
        "dim_2": 0.919231724109778,
        "dim_3": 0.972230571565176,
        "dim_4": 0.38314059376716
      },
      "cluster_3": {
        "dim_1": 0.091857893474206,
        "dim_2": 0.470779411947617,
        "dim_3": -0.587169075719806,
        "dim_4": 0.628449671599714
      },
      "cluster_4": {
        "dim_1": 0.400728210412279,
        "dim_2": 0.52040610248188,
        "dim_3": 0.554882629700772,
        "dim_4": -0.707463757714422
      },
      "cluster_5": {
        "dim_1": 0.766135160772467,
        "dim_2": -0.102050781100325,
        "dim_3": 0.793036029416581,
        "dim_4": 0.221427484565935
      }
    },
    "distances": {
      "1": 0.112533520152228,
      "2": 0.257271962573121,
      "3": 0.336813415914269,
      "4": 0.29551327260291,
      "5": 0.445559219213855,
      "6": 0.256824348762595,
      "7": 0.229355963190313,
      "8": 0.295932247429143,
      "9": 0.347549899713755,
      "10": 0.168685769631673
    },
    "objective_value": 2.746039619183862,
    "lower_bound": 0.000155035175174,
    "upper_bound": 2.74603961918386,
    "absolute_gap": 2.7458845840086883,
    "relative_gap": 17711.365055877875
  },
  "performance": {
    "solution_time_seconds": 300.97882413864136,
    "solver_status": "ok",
    "termination_condition": "optimal",
    "solver": "gams",
    "subsolver": "scip",
    "is_relaxation": false,
    "root_relaxation_value": 0.000155035175173885,
    "root_relaxation_gap_percent": 99.99435422657085,
    "relaxation_gap_percent": null,
    "absolute_gap": null
  }
}