{
  "model_parameters": {
    "n_dimensions": 4,
    "n_clusters": 3,
    "n_points": 13,
    "coord_range_lower": -1,
    "coord_range_upper": 1
  },
  "solution": {
    "status": "optimal",
    "center_coordinates": {
      "cluster_1": {
        "dim_1": -0.297367484449613,
        "dim_2": -0.5162974589252,
        "dim_3": -0.150472919053582,
        "dim_4": 0.596630924560564
      },
      "cluster_2": {
        "dim_1": 0.220156020424606,
        "dim_2": -0.124180202028139,
        "dim_3": -0.675059264110009,
        "dim_4": -0.569411793551959
      },
      "cluster_3": {
        "dim_1": 0.664443642807587,
        "dim_2": -0.295303181000614,
        "dim_3": 0.410237336408172,
        "dim_4": -0.216034791424125
      }
    },
    "distances": {
      "1": 0.855997757096057,
      "2": 0.369576958717361,
      "3": 1.071606770285336,
      "4": 0.476996994407583,
      "5": 0.686327022152656,
      "6": 0.231361520670484,
      "7": 0.328900705441249,
      "8": 0.666790520740553,
      "9": 0.521905830132259,
      "10": 0.176188056698034,
      "11": 0.812911311735978,
      "12": 0.251598639926362,
      "13": 0.289852391861968
    },
    "objective_value": 6.74001447986588,
    "lower_bound": 6.713640186286177,
    "absolute_gap": 0.026374293579702446,
    "relative_gap": 0.003928463970049617
  },
  "performance": {
    "solution_time_seconds": 1800.5077171325684,
    "solver_status": "ok",
    "termination_condition": "optimal",
    "solver": "gams",
    "subsolver": "gurobi",
    "is_relaxation": false,
    "root_relaxation_value": 0.0,
    "root_relaxation_gap_percent": 100.0,
    "relaxation_gap_percent": null,
    "absolute_gap": null
  }
}