{
  "model_parameters": {
    "n_dimensions": 4,
    "n_clusters": 3,
    "n_points": 12,
    "coord_range_lower": -1,
    "coord_range_upper": 1
  },
  "solution": {
    "status": "optimal",
    "center_coordinates": {
      "cluster_1": {
        "dim_1": -0.020143621505274,
        "dim_2": 0.732887220960091,
        "dim_3": 0.065347186003876,
        "dim_4": -0.380953684509801
      },
      "cluster_2": {
        "dim_1": 0.24084459876611,
        "dim_2": -0.852998419546636,
        "dim_3": 0.449211287614653,
        "dim_4": -0.368021749117087
      },
      "cluster_3": {
        "dim_1": 0.324056206997083,
        "dim_2": -0.088285623297291,
        "dim_3": -0.670725513255062,
        "dim_4": 0.496652448790914
      }
    },
    "distances": {
      "1": 0.074685305802831,
      "2": 0.548312364494949,
      "3": 0.381282953900505,
      "4": 0.150297893322764,
      "5": 1.565767025266932,
      "6": 0.560980669416633,
      "7": 0.692923737848,
      "8": 0.935780424987249,
      "9": 0.169664413923276,
      "10": 0.771458576457796,
      "11": 0.424142373988287,
      "12": 0.625513186250998
    },
    "objective_value": 6.90080892566022,
    "lower_bound": 6.900808804252088,
    "upper_bound": 6.90080892566022,
    "absolute_gap": 1.214081324363292e-07,
    "relative_gap": 1.7593319258681804e-08
  },
  "performance": {
    "solution_time_seconds": 3.3537888526916504,
    "solver_status": "ok",
    "termination_condition": "optimal",
    "solver": "gams",
    "subsolver": "baron",
    "is_relaxation": false,
    "root_relaxation_value": 0.0,
    "root_relaxation_gap_percent": 100.0,
    "relaxation_gap_percent": null,
    "absolute_gap": null
  }
}