{
  "model_parameters": {
    "n_dimensions": 5,
    "n_clusters": 4,
    "n_points": 15,
    "coord_range_lower": -1,
    "coord_range_upper": 1
  },
  "solution": {
    "status": "optimal",
    "center_coordinates": {
      "cluster_1": {
        "dim_1": -0.591837077704475,
        "dim_2": 0.711374620751412,
        "dim_3": 0.041504519929561,
        "dim_4": 0.011949520620865,
        "dim_5": 0.560219794824917
      },
      "cluster_2": {
        "dim_1": -0.55328828519217,
        "dim_2": -0.576948191497393,
        "dim_3": -0.712241502898428,
        "dim_4": 0.051587260650817,
        "dim_5": 0.223049019378348
      },
      "cluster_3": {
        "dim_1": 0.593705536053961,
        "dim_2": -0.360538488368982,
        "dim_3": -0.201517359746213,
        "dim_4": 0.088720225092495,
        "dim_5": 0.68914774136474
      },
      "cluster_4": {
        "dim_1": 0.593705536053961,
        "dim_2": 0.397457934019413,
        "dim_3": 0.482815778021591,
        "dim_4": 0.177160021585493,
        "dim_5": -0.361507195216913
      }
    },
    "distances": {
      "1": 0.583264050158811,
      "2": 0.836592287927763,
      "3": 0.712474303632152,
      "4": 0.946380820979892,
      "5": 0.424433418153882,
      "6": 1.048834279669344,
      "7": 0.462892619299789,
      "8": 0.787338859014652,
      "9": 0.378498697160901,
      "10": 0.095335057748171,
      "11": 1.885617037528727,
      "12": 0.253142822473497,
      "13": 0.608965547010956,
      "14": 0.35544930848774,
      "15": 0.940726993483516
    },
    "objective_value": 10.319946102729793,
    "lower_bound": 3.979692819772267,
    "absolute_gap": 6.3402532829575255,
    "relative_gap": 1.5931514240137605
  },
  "performance": {
    "solution_time_seconds": 1856.6565489768982,
    "solver_status": "ok",
    "termination_condition": "optimal",
    "solver": "gams",
    "subsolver": "baron",
    "is_relaxation": false,
    "root_relaxation_value": 0.0,
    "root_relaxation_gap_percent": 100.0,
    "relaxation_gap_percent": null,
    "absolute_gap": null
  }
}