{
  "model_parameters": {
    "n_dimensions": 3,
    "n_clusters": 5,
    "n_points": 17,
    "coord_range_lower": -1,
    "coord_range_upper": 1
  },
  "solution": {
    "status": "feasible",
    "center_coordinates": {
      "cluster_1": {
        "dim_1": -0.46746302363929,
        "dim_2": -0.786194111731664,
        "dim_3": -0.53944250405293
      },
      "cluster_2": {
        "dim_1": -0.467463023670115,
        "dim_2": 0.505906100603539,
        "dim_3": -0.58531558786917
      },
      "cluster_3": {
        "dim_1": 0.295903396006368,
        "dim_2": -0.922664959538179,
        "dim_3": 0.328064631022242
      },
      "cluster_4": {
        "dim_1": 0.295903396375707,
        "dim_2": -0.003382326406469,
        "dim_3": 0.692543941397209
      },
      "cluster_5": {
        "dim_1": 0.737943187796872,
        "dim_2": 0.423347182602697,
        "dim_3": -0.22088556020025
      }
    },
    "distances": {
      "1": 0.072651442678664,
      "2": 0.332957563858061,
      "3": 0.144734928350241,
      "4": 0.056972658781008,
      "5": 0.340674228770772,
      "6": 0.231464438110041,
      "7": 0.246302235248933,
      "8": 0.505606823466228,
      "9": 0.260572066733409,
      "10": 0.079193597926539,
      "11": 0.037300049377869,
      "12": 0.019145824527416,
      "13": 0.185147216531562,
      "14": 0.101062081503743,
      "15": 0.62562570858583,
      "16": 0.15907006469409,
      "17": 0.047217692412661
    },
    "objective_value": 3.445698621557067,
    "lower_bound": 1.16608853983152,
    "upper_bound": 3.445698621557067,
    "absolute_gap": 2.279610081725547,
    "relative_gap": 1.954920234491724
  },
  "performance": {
    "solution_time_seconds": 300.75538206100464,
    "solver_status": "ok",
    "termination_condition": "feasible",
    "solver": "gams",
    "subsolver": "gurobi",
    "is_relaxation": false,
    "root_relaxation_value": 0.0,
    "root_relaxation_gap_percent": 100.0,
    "relaxation_gap_percent": null,
    "absolute_gap": null
  }
}