{
  "model_parameters": {
    "n_dimensions": 4,
    "n_clusters": 5,
    "n_points": 13,
    "coord_range_lower": -1,
    "coord_range_upper": 1
  },
  "solution": {
    "status": "optimal",
    "center_coordinates": {
      "cluster_1": {
        "dim_1": -0.5203857421875,
        "dim_2": 0.4017333984375,
        "dim_3": 0.6895751953125,
        "dim_4": -0.1827392578125
      },
      "cluster_2": {
        "dim_1": -0.1475830078125,
        "dim_2": -0.5980224609375,
        "dim_3": 0.009050307148452,
        "dim_4": 0.0560302734375
      },
      "cluster_3": {
        "dim_1": -0.0925133228302,
        "dim_2": -0.94775390625,
        "dim_3": -0.6639404296875,
        "dim_4": -0.99267578125
      },
      "cluster_4": {
        "dim_1": -0.0925133228302,
        "dim_2": 0.393195688206473,
        "dim_3": -0.804315414152923,
        "dim_4": -0.565808195968769
      },
      "cluster_5": {
        "dim_1": 0.801766955866173,
        "dim_2": 0.150048319788201,
        "dim_3": -0.851944825576648,
        "dim_4": 0.440399635928798
      }
    },
    "distances": {
      "1": 0.99889654714146,
      "2": 0.231284936334695,
      "3": 0.51027591930125,
      "4": 0.651264109943843,
      "5": 0.141532743093238,
      "6": 0.438563006420343,
      "7": 0.375333307931034,
      "8": 0.108184251822436,
      "9": 0.438844803962035,
      "10": 0.263868488146483,
      "11": 0.21942672814858,
      "12": 0.425342783629986,
      "13": 0.305982751433064
    },
    "objective_value": 5.108800377308447,
    "lower_bound": 0.101534642071119,
    "upper_bound": 5.108800377308447,
    "absolute_gap": 5.007265735237328,
    "relative_gap": 49.3158357886369
  },
  "performance": {
    "solution_time_seconds": 301.13647389411926,
    "solver_status": "ok",
    "termination_condition": "optimal",
    "solver": "gams",
    "subsolver": "scip",
    "is_relaxation": false,
    "root_relaxation_value": 0.101534642071119,
    "root_relaxation_gap_percent": 98.01255413067025,
    "relaxation_gap_percent": null,
    "absolute_gap": null
  }
}