{
  "model_parameters": {
    "n_dimensions": 4,
    "n_clusters": 4,
    "n_points": 12,
    "coord_range_lower": -1,
    "coord_range_upper": 1
  },
  "solution": {
    "status": "optimal",
    "center_coordinates": {
      "cluster_1": {
        "dim_1": -0.169846247698606,
        "dim_2": -0.505351342469172,
        "dim_3": 0.628630143174681,
        "dim_4": -0.693867398109433
      },
      "cluster_2": {
        "dim_1": 0.136849554057033,
        "dim_2": -0.644085901023534,
        "dim_3": -0.642764945041169,
        "dim_4": 0.786644787809269
      },
      "cluster_3": {
        "dim_1": 0.498073180758075,
        "dim_2": 0.031131910831067,
        "dim_3": -0.40219553292442,
        "dim_4": -0.57425402888664
      },
      "cluster_4": {
        "dim_1": 0.641109132766929,
        "dim_2": 0.695972147687582,
        "dim_3": -0.342902536940353,
        "dim_4": 0.760893699403553
      }
    },
    "distances": {
      "1": 0.188582995474912,
      "2": 0.148986956149457,
      "3": 0.08373800136219,
      "4": 0.416890949403918,
      "5": 0.547266501967984,
      "6": 0.544245985211196,
      "7": 0.350119810773618,
      "8": 0.417029012989393,
      "9": 0.083257796974885,
      "10": 0.430000009643021,
      "11": 0.399805347538883,
      "12": 0.32737553853902
    },
    "objective_value": 3.937298906028477,
    "lower_bound": 3.937298906028475,
    "upper_bound": 3.937298906028476,
    "absolute_gap": 1.7763568394002505e-15,
    "relative_gap": 4.511612864038429e-16
  },
  "performance": {
    "solution_time_seconds": 134.65408205986023,
    "solver_status": "ok",
    "termination_condition": "optimal",
    "solver": "gams",
    "subsolver": "scip",
    "is_relaxation": false,
    "root_relaxation_value": 3.93729890602847,
    "root_relaxation_gap_percent": 1.6918548240144104e-13,
    "relaxation_gap_percent": null,
    "absolute_gap": null
  }
}