{
  "model_parameters": {
    "n_dimensions": 2,
    "n_clusters": 3,
    "n_points": 12,
    "coord_range_lower": -1,
    "coord_range_upper": 1
  },
  "solution": {
    "status": "optimal",
    "center_coordinates": {
      "cluster_1": {
        "dim_1": -0.63478641008319,
        "dim_2": -0.662301499174439
      },
      "cluster_2": {
        "dim_1": -0.126036694812765,
        "dim_2": 0.659708332044825
      },
      "cluster_3": {
        "dim_1": 0.590149552406455,
        "dim_2": -0.379784011498498
      }
    },
    "distances": {
      "1": 0.128110664950834,
      "2": 0.124535211839798,
      "3": 0.098810766724387,
      "4": 0.175482878760911,
      "5": 0.342963565275892,
      "6": 0.306957829328469,
      "7": 0.116003913530166,
      "8": 0.064056726335491,
      "9": 0.312055348660307,
      "10": 0.053899799598815,
      "11": 0.138613583988684,
      "12": 0.33766540427525
    },
    "objective_value": 2.199155693269004,
    "lower_bound": 2.199155046840905,
    "upper_bound": 2.199155693269003,
    "absolute_gap": 6.464280990492455e-07,
    "relative_gap": 2.939438490150306e-07
  },
  "performance": {
    "solution_time_seconds": 0.7996623516082764,
    "solver_status": "ok",
    "termination_condition": "optimal",
    "solver": "gams",
    "subsolver": "gurobi",
    "is_relaxation": false,
    "root_relaxation_value": 0.0,
    "root_relaxation_gap_percent": 100.0,
    "relaxation_gap_percent": null,
    "absolute_gap": null
  }
}