{
  "model_parameters": {
    "n_dimensions": 5,
    "n_clusters": 5,
    "n_points": 16,
    "coord_range_lower": -1,
    "coord_range_upper": 1
  },
  "solution": {
    "status": "optimal",
    "center_coordinates": {
      "cluster_1": {
        "dim_1": -0.894175596275849,
        "dim_2": 0.24182406501821,
        "dim_3": 0.686255340079335,
        "dim_4": 0.667420605245619,
        "dim_5": 0.664332803336885
      },
      "cluster_2": {
        "dim_1": -0.424199484377477,
        "dim_2": -0.390962535126418,
        "dim_3": -0.32410586592886,
        "dim_4": -0.240615397464817,
        "dim_5": -0.244605940215089
      },
      "cluster_3": {
        "dim_1": -0.099205358220744,
        "dim_2": 0.545256051342921,
        "dim_3": 0.499632453670104,
        "dim_4": 0.509687748159356,
        "dim_5": 0.386988100333849
      },
      "cluster_4": {
        "dim_1": 0.638494272745558,
        "dim_2": 0.577045002863125,
        "dim_3": 0.487697074252474,
        "dim_4": 0.124169847408822,
        "dim_5": -0.616848961292506
      },
      "cluster_5": {
        "dim_1": 0.638494272745558,
        "dim_2": 0.857127772172293,
        "dim_3": -0.081449744905054,
        "dim_4": -0.354599620757353,
        "dim_5": 0.833123555254896
      }
    },
    "distances": {
      "1": 0.312235547008428,
      "2": 0.162328778508525,
      "3": 0.260861239364234,
      "4": 0.4184569759898,
      "5": 1.012750465644527,
      "6": 0.446369904645771,
      "7": 0.327468481406747,
      "8": 0.529007513346366,
      "9": 0.312235543355732,
      "10": 0.526092396147198,
      "11": 0.168305283304592,
      "12": 1.352725045239422,
      "13": 0.837624051762225,
      "14": 0.357617697174484,
      "15": 0.405493195599983,
      "16": 0.720830426391395
    },
    "objective_value": 8.15040254488943,
    "lower_bound": 0.0,
    "upper_bound": 8.150402544889428,
    "absolute_gap": 8.15040254488943,
    "relative_gap": null
  },
  "performance": {
    "solution_time_seconds": 301.40665197372437,
    "solver_status": "ok",
    "termination_condition": "optimal",
    "solver": "gams",
    "subsolver": "baron",
    "is_relaxation": false,
    "root_relaxation_value": 0.0,
    "root_relaxation_gap_percent": 100.0,
    "relaxation_gap_percent": null,
    "absolute_gap": null
  }
}