{
  "model_parameters": {
    "n_dimensions": 2,
    "n_clusters": 3,
    "n_points": 14,
    "coord_range_lower": -1,
    "coord_range_upper": 1
  },
  "solution": {
    "status": "optimal",
    "center_coordinates": {
      "cluster_1": {
        "dim_1": -0.505326998677363,
        "dim_2": 0.451437126104373
      },
      "cluster_2": {
        "dim_1": -0.218779168695988,
        "dim_2": -0.324280848597798
      },
      "cluster_3": {
        "dim_1": 0.656565074466645,
        "dim_2": 0.390192239846534
      }
    },
    "distances": {
      "1": 0.237695741153512,
      "2": 0.202373033202245,
      "3": 0.000322831039696,
      "4": 0.13440846145065,
      "5": 0.353819109110097,
      "6": 0.053877688850778,
      "7": 0.085248603474509,
      "8": 0.007452346151144,
      "9": 0.304824770179656,
      "10": 0.031442058592299,
      "11": 0.203350405380031,
      "12": 0.172707431755224,
      "13": 0.055465858057497,
      "14": 0.068938841734991
    },
    "objective_value": 1.911927180132329,
    "lower_bound": 1.911926055806439,
    "absolute_gap": 1.1243258899451547e-06,
    "relative_gap": 5.880592957717294e-07
  },
  "performance": {
    "solution_time_seconds": 19.744200944900513,
    "solver_status": "ok",
    "termination_condition": "optimal",
    "solver": "gams",
    "subsolver": "gurobi",
    "is_relaxation": false,
    "root_relaxation_value": 0.0,
    "root_relaxation_gap_percent": 100.0,
    "relaxation_gap_percent": null,
    "absolute_gap": null
  }
}