{
  "model_parameters": {
    "n_dimensions": 4,
    "n_clusters": 4,
    "n_points": 16,
    "coord_range_lower": -1,
    "coord_range_upper": 1
  },
  "solution": {
    "status": "optimal",
    "center_coordinates": {
      "cluster_1": {
        "dim_1": -0.472865482175755,
        "dim_2": 0.681928881541358,
        "dim_3": 0.760714720415444,
        "dim_4": -0.891705101741427
      },
      "cluster_2": {
        "dim_1": 0.051505099503071,
        "dim_2": -0.494264568388973,
        "dim_3": 0.272685110882743,
        "dim_4": -0.159275129407004
      },
      "cluster_3": {
        "dim_1": 0.545780019626779,
        "dim_2": 0.145609621520511,
        "dim_3": -0.741270068982781,
        "dim_4": -0.281391838636503
      },
      "cluster_4": {
        "dim_1": 0.546868013954774,
        "dim_2": 0.352366780341023,
        "dim_3": 0.372302512376686,
        "dim_4": -0.287532881306207
      }
    },
    "distances": {
      "1": 0.197510042397797,
      "2": 0.365611945423657,
      "3": 0.089845925923741,
      "4": 0.530851920801198,
      "5": 0.081451395927778,
      "6": 0.340750577913152,
      "7": 0.265544693600235,
      "8": 0.500683578115272,
      "9": 0.71580912247253,
      "10": 0.60197377964688,
      "11": 0.547666793522441,
      "12": 0.331361624067837,
      "13": 0.432332685802964,
      "14": -9.989989e-09,
      "15": 0.4772588965249,
      "16": 0.775734519089875
    },
    "objective_value": 6.254387491240268,
    "lower_bound": 2.2530623588509,
    "absolute_gap": 4.001325132389368,
    "relative_gap": 1.7759495722213885
  },
  "performance": {
    "solution_time_seconds": 1804.3241469860077,
    "solver_status": "ok",
    "termination_condition": "optimal",
    "solver": "gams",
    "subsolver": "scip",
    "is_relaxation": false,
    "root_relaxation_value": 2.2530623588509,
    "root_relaxation_gap_percent": 63.97629085171841,
    "relaxation_gap_percent": null,
    "absolute_gap": null
  }
}