{
  "model_parameters": {
    "n_dimensions": 5,
    "n_clusters": 3,
    "n_points": 10,
    "coord_range_lower": -1,
    "coord_range_upper": 1
  },
  "solution": {
    "status": "optimal",
    "center_coordinates": {
      "cluster_1": {
        "dim_1": -0.796557185923266,
        "dim_2": -0.012259902084477,
        "dim_3": 0.562548412701864,
        "dim_4": -0.4047961991586,
        "dim_5": -0.042985333378204
      },
      "cluster_2": {
        "dim_1": -0.560014309248507,
        "dim_2": 0.494394677815125,
        "dim_3": 0.099745063403623,
        "dim_4": 0.486101575150249,
        "dim_5": 0.546605782170186
      },
      "cluster_3": {
        "dim_1": 0.091031142915284,
        "dim_2": -0.273560551043,
        "dim_3": -0.543030502712045,
        "dim_4": 0.374351334585697,
        "dim_5": -0.692943514349258
      }
    },
    "distances": {
      "1": 0.729947054642794,
      "2": 0.858743675212419,
      "3": 0.534905556683447,
      "4": 1.214972517052194,
      "5": 0.302572635100279,
      "6": 0.15605280394282,
      "7": 1.391876338001013,
      "8": 1.209266001648994,
      "9": 0.533834461129125,
      "10": 0.829846710150386
    },
    "objective_value": 7.762017753563471,
    "lower_bound": 7.76201775356347,
    "upper_bound": 7.76201775356347,
    "absolute_gap": 1.7763568394002505e-15,
    "relative_gap": 2.2885245767245787e-16
  },
  "performance": {
    "solution_time_seconds": 96.51308250427246,
    "solver_status": "ok",
    "termination_condition": "optimal",
    "solver": "gams",
    "subsolver": "baron",
    "is_relaxation": false,
    "root_relaxation_value": 0.0,
    "root_relaxation_gap_percent": 100.0,
    "relaxation_gap_percent": null,
    "absolute_gap": null
  }
}