{
  "model_parameters": {
    "n_dimensions": 2,
    "n_clusters": 3,
    "n_points": 14,
    "coord_range_lower": -1,
    "coord_range_upper": 1
  },
  "solution": {
    "status": "optimal",
    "center_coordinates": {
      "cluster_1": {
        "dim_1": -0.505348816248112,
        "dim_2": 0.450965139449227
      },
      "cluster_2": {
        "dim_1": -0.218747245003879,
        "dim_2": -0.324257530971765
      },
      "cluster_3": {
        "dim_1": 0.656164635429333,
        "dim_2": 0.390732188595116
      }
    },
    "distances": {
      "1": 0.237657771641406,
      "2": 0.202492068871823,
      "3": 0.000348142513061,
      "4": 0.134384492098744,
      "5": 0.353866601996074,
      "6": 0.053860097061492,
      "7": 0.085046980515921,
      "8": 0.007457979989591,
      "9": 0.305089593506624,
      "10": 0.031453489723569,
      "11": 0.2032079355482,
      "12": 0.172874575775263,
      "13": 0.055484597255315,
      "14": 0.06870972161937
    },
    "objective_value": 1.911934048116453,
    "lower_bound": 1.911934048116452,
    "absolute_gap": 1.1102230246251565e-15,
    "relative_gap": 5.806806075339766e-16
  },
  "performance": {
    "solution_time_seconds": 57.86371111869812,
    "solver_status": "ok",
    "termination_condition": "optimal",
    "solver": "gams",
    "subsolver": "baron",
    "is_relaxation": false,
    "root_relaxation_value": 0.0,
    "root_relaxation_gap_percent": 100.0,
    "relaxation_gap_percent": null,
    "absolute_gap": null
  }
}