{
  "model_parameters": {
    "n_dimensions": 4,
    "n_clusters": 5,
    "n_points": 14,
    "coord_range_lower": -1,
    "coord_range_upper": 1
  },
  "solution": {
    "status": "optimal",
    "center_coordinates": {
      "cluster_1": {
        "dim_1": -0.78525911895695,
        "dim_2": 0.272003173828125,
        "dim_3": -0.16299089294288,
        "dim_4": -0.338947496452955
      },
      "cluster_2": {
        "dim_1": -0.666317593369561,
        "dim_2": -0.719599360293968,
        "dim_3": -0.819519078903272,
        "dim_4": -0.277588956772249
      },
      "cluster_3": {
        "dim_1": 0.175203444058977,
        "dim_2": 0.009054208701208,
        "dim_3": 0.382635726313523,
        "dim_4": -0.664885875531569
      },
      "cluster_4": {
        "dim_1": 0.175203444058977,
        "dim_2": -0.631999036294552,
        "dim_3": 0.270673039171665,
        "dim_4": 0.672924720026586
      },
      "cluster_5": {
        "dim_1": 0.175203444058977,
        "dim_2": 0.760274547719619,
        "dim_3": 0.469790907978499,
        "dim_4": 0.146615957066994
      }
    },
    "distances": {
      "1": 0.139736521366215,
      "2": 0.092938697115515,
      "3": 0.14023860877656,
      "4": 0.522749396532564,
      "5": 0.697631417744703,
      "6": 0.06206416830368,
      "7": 0.379028257934571,
      "8": 0.249715035101571,
      "9": 0.252457319777931,
      "10": 0.324453179062043,
      "11": 0.062261203943941,
      "12": 0.133474274772593,
      "13": 0.120778667536282,
      "14": 0.543296589681676
    },
    "objective_value": 3.720823337649845,
    "lower_bound": 0.005768965810909,
    "upper_bound": 3.720823337649847,
    "absolute_gap": 3.7150543718389364,
    "relative_gap": 643.9723329290395
  },
  "performance": {
    "solution_time_seconds": 301.1418824195862,
    "solver_status": "ok",
    "termination_condition": "optimal",
    "solver": "gams",
    "subsolver": "scip",
    "is_relaxation": false,
    "root_relaxation_value": 0.0057689658109088,
    "root_relaxation_gap_percent": 99.84495458968625,
    "relaxation_gap_percent": null,
    "absolute_gap": null
  }
}