{
  "model_parameters": {
    "n_dimensions": 3,
    "n_clusters": 3,
    "n_points": 12,
    "coord_range_lower": -1,
    "coord_range_upper": 1
  },
  "solution": {
    "status": "optimal",
    "center_coordinates": {
      "cluster_1": {
        "dim_1": -0.444926586325085,
        "dim_2": 0.044320400137458,
        "dim_3": -0.644024904797478
      },
      "cluster_2": {
        "dim_1": -0.444926596317242,
        "dim_2": 0.67458623237268,
        "dim_3": 0.330209280347231
      },
      "cluster_3": {
        "dim_1": 0.545991974607215,
        "dim_2": 0.313335376621833,
        "dim_3": 0.184049649832154
      }
    },
    "distances": {
      "1": 0.33011771041776,
      "2": 0.270014234207535,
      "3": 0.387566041905529,
      "4": 0.179186518811412,
      "5": 0.553644229171235,
      "6": 0.278480690869446,
      "7": 0.139735357956019,
      "8": 0.082154404033732,
      "9": 0.693058547688729,
      "10": 0.629007628207396,
      "11": 0.100231835418012,
      "12": 0.087866160976605
    },
    "objective_value": 3.73106335966341,
    "lower_bound": 3.373897945807488,
    "absolute_gap": 0.35716541385592215,
    "relative_gap": 0.10586135668381647
  },
  "performance": {
    "solution_time_seconds": 1801.6964485645294,
    "solver_status": "ok",
    "termination_condition": "optimal",
    "solver": "gams",
    "subsolver": "scip",
    "is_relaxation": false,
    "root_relaxation_value": 3.37389794580749,
    "root_relaxation_gap_percent": 9.572751235404935,
    "relaxation_gap_percent": null,
    "absolute_gap": null
  }
}