{
  "model_parameters": {
    "n_dimensions": 2,
    "n_clusters": 5,
    "n_points": 14,
    "coord_range_lower": -1,
    "coord_range_upper": 1
  },
  "solution": {
    "status": "feasible",
    "center_coordinates": {
      "cluster_1": {
        "dim_1": -0.802322622152106,
        "dim_2": 0.411824046582017
      },
      "cluster_2": {
        "dim_1": -0.445585088488528,
        "dim_2": -0.59745013979057
      },
      "cluster_3": {
        "dim_1": -0.134555223684468,
        "dim_2": 0.571311389143498
      },
      "cluster_4": {
        "dim_1": 0.292978083587759,
        "dim_2": -0.797759955139018
      },
      "cluster_5": {
        "dim_1": 0.434457431760697,
        "dim_2": 0.237890626401256
      }
    },
    "distances": {
      "1": 0.079497303755502,
      "2": 0.080571364180008,
      "3": 0.080157635470187,
      "4": 0.106968872267767,
      "5": 0.089857881756772,
      "6": 0.089321777535115,
      "7": 0.050178314106777,
      "8": 0.179589757311873,
      "9": 0.040212488456928,
      "10": 0.018282227126431,
      "11": 0.155134126102352,
      "12": 0.057484681142338,
      "13": 0.031649444659286,
      "14": 0.053906455956496
    },
    "objective_value": 1.112812329827832,
    "lower_bound": 1.111251457962865,
    "upper_bound": 1.112812329827833,
    "absolute_gap": 0.0015608718649671172,
    "relative_gap": 0.0014046072594842683
  },
  "performance": {
    "solution_time_seconds": 300.67781686782837,
    "solver_status": "ok",
    "termination_condition": "feasible",
    "solver": "gams",
    "subsolver": "gurobi",
    "is_relaxation": false,
    "root_relaxation_value": 0.0,
    "root_relaxation_gap_percent": 100.0,
    "relaxation_gap_percent": null,
    "absolute_gap": null
  }
}