{
  "model_parameters": {
    "n_dimensions": 5,
    "n_clusters": 3,
    "n_points": 14,
    "coord_range_lower": -1,
    "coord_range_upper": 1
  },
  "solution": {
    "status": "optimal",
    "center_coordinates": {
      "cluster_1": {
        "dim_1": -0.556416081969327,
        "dim_2": -0.464617934835509,
        "dim_3": -0.366034245605509,
        "dim_4": -0.609479545735074,
        "dim_5": -0.332297413677922
      },
      "cluster_2": {
        "dim_1": -0.384699437672194,
        "dim_2": 0.616605187667592,
        "dim_3": -0.564846593311239,
        "dim_4": 0.699186506419491,
        "dim_5": -0.638157776444634
      },
      "cluster_3": {
        "dim_1": 0.062464658722659,
        "dim_2": 0.009347764607119,
        "dim_3": -0.005349034864667,
        "dim_4": 0.20913888429829,
        "dim_5": 0.113003566683591
      }
    },
    "distances": {
      "1": 0.433894973007073,
      "2": 0.323048111767906,
      "3": 0.826876081691502,
      "4": 1.46262438510117,
      "5": 1.521463680646773,
      "6": 0.126073513635845,
      "7": 0.950726093249876,
      "8": 0.31290678789833,
      "9": 0.340692114848512,
      "10": 0.596687130460946,
      "11": 0.209611331871338,
      "12": 0.784591250364663,
      "13": 0.830807966986117,
      "14": 0.251589232381279
    },
    "objective_value": 8.97159265391133,
    "lower_bound": 8.971589549937464,
    "upper_bound": 8.971592653911328,
    "absolute_gap": 3.1039738654925486e-06,
    "relative_gap": 3.459781400180289e-07
  },
  "performance": {
    "solution_time_seconds": 53.139880418777466,
    "solver_status": "ok",
    "termination_condition": "optimal",
    "solver": "gams",
    "subsolver": "gurobi",
    "is_relaxation": false,
    "root_relaxation_value": 0.0,
    "root_relaxation_gap_percent": 100.0,
    "relaxation_gap_percent": null,
    "absolute_gap": null
  }
}