{
  "model_parameters": {
    "n_dimensions": 3,
    "n_clusters": 4,
    "n_points": 11,
    "coord_range_lower": -1,
    "coord_range_upper": 1
  },
  "solution": {
    "status": "optimal",
    "center_coordinates": {
      "cluster_1": {
        "dim_1": -0.225775727686674,
        "dim_2": 0.752283231433089,
        "dim_3": -0.615403357663184
      },
      "cluster_2": {
        "dim_1": 0.229450050845327,
        "dim_2": -0.859571482954747,
        "dim_3": 0.479035304730423
      },
      "cluster_3": {
        "dim_1": 0.589309333378977,
        "dim_2": 0.078860856636561,
        "dim_3": -0.24489297923268
      },
      "cluster_4": {
        "dim_1": 0.653548233389055,
        "dim_2": 0.567746369536879,
        "dim_3": 0.585207675657753
      }
    },
    "distances": {
      "1": 0.137930049044768,
      "2": 0.191843393149725,
      "3": 0.058202152547433,
      "4": 0.515601566253341,
      "5": 0.069256988439389,
      "6": 0.058587789963646,
      "7": 0.167966881833352,
      "8": 0.152289236670921,
      "9": 0.514077877066601,
      "10": 0.148976373203969,
      "11": 0.121031759484028
    },
    "objective_value": 2.135764067657173,
    "lower_bound": 2.128735188781807,
    "absolute_gap": 0.007028878875366296,
    "relative_gap": 0.003301903831161194
  },
  "performance": {
    "solution_time_seconds": 1800.4510281085968,
    "solver_status": "ok",
    "termination_condition": "optimal",
    "solver": "gams",
    "subsolver": "gurobi",
    "is_relaxation": false,
    "root_relaxation_value": 0.0,
    "root_relaxation_gap_percent": 100.0,
    "relaxation_gap_percent": null,
    "absolute_gap": null
  }
}