{
  "model_parameters": {
    "n_dimensions": 4,
    "n_clusters": 5,
    "n_points": 15,
    "coord_range_lower": -1,
    "coord_range_upper": 1
  },
  "solution": {
    "status": "optimal",
    "center_coordinates": {
      "cluster_1": {
        "dim_1": -0.788321353081615,
        "dim_2": 0.873304500031056,
        "dim_3": -0.960137561737461,
        "dim_4": -0.552776680634388
      },
      "cluster_2": {
        "dim_1": -0.594020382365799,
        "dim_2": -0.046024032840381,
        "dim_3": 0.644414919329805,
        "dim_4": -0.073101453183567
      },
      "cluster_3": {
        "dim_1": -0.594020382365799,
        "dim_2": -0.34579467773438,
        "dim_3": -0.315054835442413,
        "dim_4": 0.689879708229639
      },
      "cluster_4": {
        "dim_1": 0.274088840861817,
        "dim_2": 0.490077476871461,
        "dim_3": 0.597734780097461,
        "dim_4": 0.410976855212607
      },
      "cluster_5": {
        "dim_1": 0.484745739737634,
        "dim_2": -0.038090855647206,
        "dim_3": -0.470212095591073,
        "dim_4": -0.289947509765625
      }
    },
    "distances": {
      "1": 0.280473162562536,
      "2": 0.0,
      "3": 0.308369756487504,
      "4": 0.252725674241984,
      "5": 0.114970278878917,
      "6": 0.249618402435023,
      "7": 0.337424648000292,
      "8": 0.348903017866447,
      "9": 1.130573886288706,
      "10": 0.570094782948323,
      "11": 0.782626657996878,
      "12": 0.221445275717522,
      "13": 0.575555008337814,
      "14": 0.692423024036014,
      "15": 0.137553728688605
    },
    "objective_value": 6.002757304486565,
    "lower_bound": 0.0,
    "upper_bound": 6.002757304486565,
    "absolute_gap": 6.002757304486565,
    "relative_gap": null
  },
  "performance": {
    "solution_time_seconds": 301.6671962738037,
    "solver_status": "ok",
    "termination_condition": "optimal",
    "solver": "gams",
    "subsolver": "scip",
    "is_relaxation": false,
    "root_relaxation_value": 0.0,
    "root_relaxation_gap_percent": 100.0,
    "relaxation_gap_percent": null,
    "absolute_gap": null
  }
}