{
  "model_parameters": {
    "n_dimensions": 3,
    "n_clusters": 5,
    "n_points": 13,
    "coord_range_lower": -1,
    "coord_range_upper": 1
  },
  "solution": {
    "status": "optimal",
    "center_coordinates": {
      "cluster_1": {
        "dim_1": -0.730501697269656,
        "dim_2": -0.445669603775607,
        "dim_3": -0.017726275543845
      },
      "cluster_2": {
        "dim_1": 0.300895929188629,
        "dim_2": 0.307539245115397,
        "dim_3": 0.18828689893323
      },
      "cluster_3": {
        "dim_1": 0.352231739842371,
        "dim_2": -0.759287315639753,
        "dim_3": 0.282254445126181
      },
      "cluster_4": {
        "dim_1": 0.500159218019929,
        "dim_2": 0.638975407639939,
        "dim_3": -0.86029673062613
      },
      "cluster_5": {
        "dim_1": 0.814677966055431,
        "dim_2": -0.972725948515233,
        "dim_3": -0.897638989827855
      }
    },
    "distances": {
      "1": 0.086445313335851,
      "2": 0.101113339227204,
      "3": 0.054196628662322,
      "4": 0.174911250819766,
      "5": 0.389102707455226,
      "6": 0.213359560576059,
      "7": 0.163618605132258,
      "8": 3.13796719e-07,
      "9": 0.110822340627333,
      "10": 0.110914070111466,
      "11": 0.248574677915747,
      "12": 0.245569531416856,
      "13": 0.214774126859319
    },
    "objective_value": 2.113402465936126,
    "lower_bound": 2.113395659227949,
    "absolute_gap": 6.806708177098386e-06,
    "relative_gap": 3.2207448460384203e-06
  },
  "performance": {
    "solution_time_seconds": 1803.0454802513123,
    "solver_status": "ok",
    "termination_condition": "optimal",
    "solver": "gams",
    "subsolver": "scip",
    "is_relaxation": false,
    "root_relaxation_value": 2.11339565922795,
    "root_relaxation_gap_percent": 0.00032207344722440766,
    "relaxation_gap_percent": null,
    "absolute_gap": null
  }
}