{
  "model_parameters": {
    "n_dimensions": 5,
    "n_clusters": 5,
    "n_points": 17,
    "coord_range_lower": -1,
    "coord_range_upper": 1
  },
  "solution": {
    "status": "optimal",
    "center_coordinates": {
      "cluster_1": {
        "dim_1": -0.650406494873344,
        "dim_2": 0.215618409093325,
        "dim_3": 0.202355720359782,
        "dim_4": 0.561233282093198,
        "dim_5": -0.701817538006885
      },
      "cluster_2": {
        "dim_1": -0.013873172780047,
        "dim_2": 0.460118028589849,
        "dim_3": 0.37230153000716,
        "dim_4": -0.409962689230667,
        "dim_5": 0.395727900273338
      },
      "cluster_3": {
        "dim_1": 0.176778627018413,
        "dim_2": -0.894022865792015,
        "dim_3": -0.164349925781128,
        "dim_4": -0.644161791356243,
        "dim_5": -0.513050603628727
      },
      "cluster_4": {
        "dim_1": 0.176778830972526,
        "dim_2": -0.209288366258934,
        "dim_3": -0.581034760401015,
        "dim_4": 0.547272242769911,
        "dim_5": 0.633079432206341
      },
      "cluster_5": {
        "dim_1": 0.554331891746972,
        "dim_2": -0.161938887673983,
        "dim_3": 0.733242102085477,
        "dim_4": 0.67110616266683,
        "dim_5": 0.321977117848771
      }
    },
    "distances": {
      "1": 0.533040487857434,
      "2": 0.349550789116897,
      "3": 0.427942187537903,
      "4": 0.63939365195839,
      "5": 0.366420060743713,
      "6": 0.795743787210593,
      "7": 0.743134342688556,
      "8": 0.288794308384685,
      "9": 0.605242121683327,
      "10": 1.308555340978749,
      "11": 1.435586850227663,
      "12": 0.156672174677741,
      "13": 1.094339698037528,
      "14": 1.210662296494107,
      "15": 0.814915019719772,
      "16": 1.271104137355914,
      "17": 0.169747774690406
    },
    "objective_value": 12.210845029363378,
    "lower_bound": 0.0,
    "upper_bound": 12.210845029363377,
    "absolute_gap": 12.210845029363378,
    "relative_gap": null
  },
  "performance": {
    "solution_time_seconds": 301.6261143684387,
    "solver_status": "ok",
    "termination_condition": "optimal",
    "solver": "gams",
    "subsolver": "baron",
    "is_relaxation": false,
    "root_relaxation_value": 0.0,
    "root_relaxation_gap_percent": 100.0,
    "relaxation_gap_percent": null,
    "absolute_gap": null
  }
}