{
  "model_parameters": {
    "n_dimensions": 5,
    "n_clusters": 4,
    "n_points": 11,
    "coord_range_lower": -1,
    "coord_range_upper": 1
  },
  "solution": {
    "status": "optimal",
    "center_coordinates": {
      "cluster_1": {
        "dim_1": -0.782811765696589,
        "dim_2": -0.530414290950898,
        "dim_3": -0.501081967973722,
        "dim_4": 0.43539843505935,
        "dim_5": -0.380912434268366
      },
      "cluster_2": {
        "dim_1": -0.733609186115156,
        "dim_2": 0.546119129977651,
        "dim_3": 0.372487079301828,
        "dim_4": -0.663954033676723,
        "dim_5": 0.15983177401397
      },
      "cluster_3": {
        "dim_1": -0.467131652769177,
        "dim_2": 0.037273844844806,
        "dim_3": 0.661582824840246,
        "dim_4": 0.463208094903808,
        "dim_5": -0.080889013068111
      },
      "cluster_4": {
        "dim_1": 0.527600639632751,
        "dim_2": 0.281005030574251,
        "dim_3": 0.604476808914327,
        "dim_4": -0.394736400466313,
        "dim_5": 0.065576877062292
      }
    },
    "distances": {
      "1": 0.218437675581645,
      "2": 0.415562145185032,
      "3": 0.586854493919118,
      "4": 0.953695827501856,
      "5": 0.218437691512791,
      "6": 0.500226614119183,
      "7": 0.440115953555778,
      "8": 0.277112124591479,
      "9": 0.440115984142095,
      "10": 0.310064480619869,
      "11": 0.486089149811984
    },
    "objective_value": 4.84671214054083,
    "lower_bound": 4.846712100832331,
    "upper_bound": 4.84671214054083,
    "absolute_gap": 3.970849871137716e-08,
    "relative_gap": 8.192873413000532e-09
  },
  "performance": {
    "solution_time_seconds": 8.569159269332886,
    "solver_status": "ok",
    "termination_condition": "optimal",
    "solver": "gams",
    "subsolver": "baron",
    "is_relaxation": false,
    "root_relaxation_value": 0.0,
    "root_relaxation_gap_percent": 100.0,
    "relaxation_gap_percent": null,
    "absolute_gap": null
  }
}