{
  "model_parameters": {
    "n_dimensions": 2,
    "n_clusters": 5,
    "n_points": 15,
    "coord_range_lower": -1,
    "coord_range_upper": 1
  },
  "solution": {
    "status": "optimal",
    "center_coordinates": {
      "cluster_1": {
        "dim_1": -0.629751165089864,
        "dim_2": -0.491001388441543
      },
      "cluster_2": {
        "dim_1": -0.214821074350508,
        "dim_2": 0.36693154047532
      },
      "cluster_3": {
        "dim_1": -0.214821084320751,
        "dim_2": -0.414315527609555
      },
      "cluster_4": {
        "dim_1": 0.168013803457542,
        "dim_2": -0.442525289435108
      },
      "cluster_5": {
        "dim_1": 0.735791768408777,
        "dim_2": -0.153025188565934
      }
    },
    "distances": {
      "1": 0.278988651719729,
      "2": 0.036088547354291,
      "3": 0.20095636172835,
      "4": 0.02823052962131,
      "5": 0.032049525255915,
      "6": 0.058868830838841,
      "7": 0.029774472377194,
      "8": 0.069038654768389,
      "9": 0.036010987844112,
      "10": 0.118959769228412,
      "11": 0.069038639611084,
      "12": 0.05168971313581,
      "13": 0.032030088240769,
      "14": 0.058868830837648,
      "15": 0.014882677410438
    },
    "objective_value": 1.115476279972292,
    "lower_bound": 0.088966635516129,
    "absolute_gap": 1.026509644456163,
    "relative_gap": 11.538141669638213
  },
  "performance": {
    "solution_time_seconds": 1801.6108038425446,
    "solver_status": "ok",
    "termination_condition": "optimal",
    "solver": "gams",
    "subsolver": "scip",
    "is_relaxation": false,
    "root_relaxation_value": 0.088966635516129,
    "root_relaxation_gap_percent": 92.02433641006344,
    "relaxation_gap_percent": null,
    "absolute_gap": null
  }
}