{
  "model_parameters": {
    "n_dimensions": 5,
    "n_clusters": 3,
    "n_points": 10,
    "coord_range_lower": -1,
    "coord_range_upper": 1
  },
  "solution": {
    "status": "optimal",
    "center_coordinates": {
      "cluster_1": {
        "dim_1": -0.796143145840393,
        "dim_2": -0.012133100726854,
        "dim_3": 0.562655015218907,
        "dim_4": -0.40474507925123,
        "dim_5": -0.042583999220513
      },
      "cluster_2": {
        "dim_1": -0.559882666735758,
        "dim_2": 0.49429765890455,
        "dim_3": 0.099855231128674,
        "dim_4": 0.486520254156344,
        "dim_5": 0.54668266451773
      },
      "cluster_3": {
        "dim_1": 0.090909306499917,
        "dim_2": -0.273660525765327,
        "dim_3": -0.54331682959775,
        "dim_4": 0.374521422314639,
        "dim_5": -0.693210944447571
      }
    },
    "distances": {
      "1": 0.729861251198082,
      "2": 0.85894310603096,
      "3": 0.535443974359268,
      "4": 1.214510926250255,
      "5": 0.302865968210272,
      "6": 0.155874559037985,
      "7": 1.391136797873749,
      "8": 1.209609988391828,
      "9": 0.533299011309938,
      "10": 0.830466182957196
    },
    "objective_value": 7.762011765619533,
    "lower_bound": 7.762011765619538,
    "upper_bound": 7.762011765619531,
    "absolute_gap": -4.440892098500626e-15,
    "relative_gap": -5.7213158554729e-16
  },
  "performance": {
    "solution_time_seconds": 97.8084499835968,
    "solver_status": "ok",
    "termination_condition": "optimal",
    "solver": "gams",
    "subsolver": "scip",
    "is_relaxation": false,
    "root_relaxation_value": 7.76201176561954,
    "root_relaxation_gap_percent": 9.154105368756646e-14,
    "relaxation_gap_percent": null,
    "absolute_gap": null
  }
}