{
  "model_parameters": {
    "n_dimensions": 2,
    "n_clusters": 3,
    "n_points": 15,
    "coord_range_lower": -1,
    "coord_range_upper": 1
  },
  "solution": {
    "status": "optimal",
    "center_coordinates": {
      "cluster_1": {
        "dim_1": -0.600379941393004,
        "dim_2": 0.434850383405355
      },
      "cluster_2": {
        "dim_1": 0.02327942641626,
        "dim_2": -0.689265748919674
      },
      "cluster_3": {
        "dim_1": 0.178813162235097,
        "dim_2": 0.714288968422343
      }
    },
    "distances": {
      "1": 0.070763785325214,
      "2": 0.065788041046761,
      "3": 0.084348210420273,
      "4": 0.207993028330504,
      "5": 0.141758711211439,
      "6": 0.138189940720728,
      "7": 0.101350986976689,
      "8": 0.002144819945932,
      "9": 0.273207030741313,
      "10": 0.029399925112074,
      "11": 0.302337293826868,
      "12": 0.115808791192578,
      "13": 0.053797360029037,
      "14": 0.037259516623991,
      "15": 0.005330864631094
    },
    "objective_value": 1.629478306134495,
    "lower_bound": 1.629476865711692,
    "upper_bound": 1.629478306134495,
    "absolute_gap": 1.440422803034025e-06,
    "relative_gap": 8.83978676435461e-07
  },
  "performance": {
    "solution_time_seconds": 6.811768054962158,
    "solver_status": "ok",
    "termination_condition": "optimal",
    "solver": "gams",
    "subsolver": "baron",
    "is_relaxation": false,
    "root_relaxation_value": 0.0,
    "root_relaxation_gap_percent": 100.0,
    "relaxation_gap_percent": null,
    "absolute_gap": null
  }
}