{
  "model_parameters": {
    "n_dimensions": 3,
    "n_clusters": 5,
    "n_points": 15,
    "coord_range_lower": -1,
    "coord_range_upper": 1
  },
  "solution": {
    "status": "feasible",
    "center_coordinates": {
      "cluster_1": {
        "dim_1": -0.69480266800537,
        "dim_2": -0.431775728533593,
        "dim_3": -0.722661284885799
      },
      "cluster_2": {
        "dim_1": -0.660404079995292,
        "dim_2": 0.37790389617895,
        "dim_3": 0.705044652849942
      },
      "cluster_3": {
        "dim_1": -0.343756544743402,
        "dim_2": -0.776109576601617,
        "dim_3": 0.547195543321731
      },
      "cluster_4": {
        "dim_1": 0.072716197745103,
        "dim_2": 0.511880780757167,
        "dim_3": -0.474424038315888
      },
      "cluster_5": {
        "dim_1": 0.561948172358849,
        "dim_2": -0.137540083170603,
        "dim_3": 0.105956625398865
      }
    },
    "distances": {
      "1": 0.312124483236855,
      "2": 0.100130962821666,
      "3": 0.119049745785331,
      "4": 0.429993843216768,
      "5": 0.080846674147012,
      "6": 0.201218548952253,
      "7": 0.343330201709792,
      "8": 0.260152369065371,
      "9": 0.054346600196676,
      "10": 0.08138437625306,
      "11": 0.260858872677184,
      "12": 0.452004549091158,
      "13": 0.217376823001432,
      "14": 0.023080675892615,
      "15": 0.118659168972361
    },
    "objective_value": 3.054557895019534,
    "lower_bound": 1.768837817568365,
    "upper_bound": 3.054557895019534,
    "absolute_gap": 1.285720077451169,
    "relative_gap": 0.7268727888341161
  },
  "performance": {
    "solution_time_seconds": 300.7846281528473,
    "solver_status": "ok",
    "termination_condition": "feasible",
    "solver": "gams",
    "subsolver": "gurobi",
    "is_relaxation": false,
    "root_relaxation_value": 0.0,
    "root_relaxation_gap_percent": 100.0,
    "relaxation_gap_percent": null,
    "absolute_gap": null
  }
}