{
  "model_parameters": {
    "n_dimensions": 4,
    "n_clusters": 4,
    "n_points": 17,
    "coord_range_lower": -1,
    "coord_range_upper": 1
  },
  "solution": {
    "status": "feasible",
    "center_coordinates": {
      "cluster_1": {
        "dim_1": -0.711925107244359,
        "dim_2": -0.530663017165844,
        "dim_3": -0.507413321913377,
        "dim_4": 0.274521724431447
      },
      "cluster_2": {
        "dim_1": -0.261049140582761,
        "dim_2": 0.501826505955038,
        "dim_3": -0.628962869899828,
        "dim_4": 0.232390099684912
      },
      "cluster_3": {
        "dim_1": -0.091135178786064,
        "dim_2": 0.676463169350934,
        "dim_3": 0.620477328745067,
        "dim_4": -0.270741922505221
      },
      "cluster_4": {
        "dim_1": 0.529913360331507,
        "dim_2": -0.546538289503175,
        "dim_3": 0.259781358674342,
        "dim_4": -0.087246540342653
      }
    },
    "distances": {
      "1": 0.131371511099614,
      "2": 0.672761875292178,
      "3": 0.399342342954234,
      "4": 0.883183387425223,
      "5": 1.077750298653526,
      "6": 0.393440308268138,
      "7": 0.740656115195419,
      "8": 0.023288090234882,
      "9": 0.466731355897646,
      "10": 0.502350006147482,
      "11": 0.235202107886964,
      "12": 0.271039295051212,
      "13": 0.300536198234775,
      "14": 0.310048324743688,
      "15": 0.437853908021738,
      "16": 0.634980773638786,
      "17": 0.918522843902997
    },
    "objective_value": 8.399058742648501,
    "lower_bound": 3.623835617416737,
    "upper_bound": 8.399058742648503,
    "absolute_gap": 4.775223125231764,
    "relative_gap": 1.3177261965971285
  },
  "performance": {
    "solution_time_seconds": 300.7127411365509,
    "solver_status": "ok",
    "termination_condition": "feasible",
    "solver": "gams",
    "subsolver": "gurobi",
    "is_relaxation": false,
    "root_relaxation_value": 0.0,
    "root_relaxation_gap_percent": 100.0,
    "relaxation_gap_percent": null,
    "absolute_gap": null
  }
}