{
  "model_parameters": {
    "n_dimensions": 5,
    "n_clusters": 3,
    "n_points": 10,
    "coord_range_lower": -1,
    "coord_range_upper": 1
  },
  "solution": {
    "status": "optimal",
    "center_coordinates": {
      "cluster_1": {
        "dim_1": -0.796640396118171,
        "dim_2": -0.0120849609375,
        "dim_3": 0.56242970029143,
        "dim_4": -0.404967193746318,
        "dim_5": -0.042649559243774
      },
      "cluster_2": {
        "dim_1": -0.188140869140625,
        "dim_2": -0.206391651968592,
        "dim_3": -0.486704405996385,
        "dim_4": 0.454243983769882,
        "dim_5": -0.539393595515768
      },
      "cluster_3": {
        "dim_1": -0.188140869140625,
        "dim_2": 0.7100830078125,
        "dim_3": 0.2801513671875,
        "dim_4": 0.3424072265625,
        "dim_5": 0.782714843749982
      }
    },
    "distances": {
      "1": 1.092294909405744,
      "2": 0.858809229011996,
      "3": 0.535481493097471,
      "4": 1.078583101834116,
      "5": 0.243291585099248,
      "6": 0.296398827990793,
      "7": 1.391233730491481,
      "8": 1.72691500839803,
      "9": 0.595958544500345,
      "10": 0.488835403368728
    },
    "objective_value": 8.307801833197953,
    "lower_bound": 5.209881415079375,
    "upper_bound": 8.307801833197951,
    "absolute_gap": 3.097920418118578,
    "relative_gap": 0.5946239791854034
  },
  "performance": {
    "solution_time_seconds": 300.97439908981323,
    "solver_status": "ok",
    "termination_condition": "optimal",
    "solver": "gams",
    "subsolver": "scip",
    "is_relaxation": false,
    "root_relaxation_value": 5.20988141507937,
    "root_relaxation_gap_percent": 37.28929120262957,
    "relaxation_gap_percent": null,
    "absolute_gap": null
  }
}