{
  "model_parameters": {
    "n_dimensions": 2,
    "n_clusters": 5,
    "n_points": 13,
    "coord_range_lower": -1,
    "coord_range_upper": 1
  },
  "solution": {
    "status": "optimal",
    "center_coordinates": {
      "cluster_1": {
        "dim_1": -0.802092538759571,
        "dim_2": 0.789431246836992
      },
      "cluster_2": {
        "dim_1": -0.672618045457976,
        "dim_2": -0.293932152342646
      },
      "cluster_3": {
        "dim_1": 0.029793524262962,
        "dim_2": -0.663421063645521
      },
      "cluster_4": {
        "dim_1": 0.601986585386405,
        "dim_2": -0.171130299568175
      },
      "cluster_5": {
        "dim_1": 0.767963619179812,
        "dim_2": 0.743209246159953
      }
    },
    "distances": {
      "1": 0.013948823925358,
      "2": 0.017963637513826,
      "3": 0.228499289051286,
      "4": 0.037750477346514,
      "5": 0.038041660872813,
      "6": 0.014151682000454,
      "7": 0.014111544669158,
      "8": 0.023874302420454,
      "9": 0.053950149693113,
      "10": 0.095814944609905,
      "11": 0.027131632328324,
      "12": 0.051441855436475,
      "13": 0.051764962433488
    },
    "objective_value": 0.668444962301168,
    "lower_bound": 0.668444962301168,
    "upper_bound": 0.668444962301169,
    "absolute_gap": 0.0,
    "relative_gap": 0.0
  },
  "performance": {
    "solution_time_seconds": 16.115996837615967,
    "solver_status": "ok",
    "termination_condition": "optimal",
    "solver": "gams",
    "subsolver": "scip",
    "is_relaxation": false,
    "root_relaxation_value": 0.668444962301168,
    "root_relaxation_gap_percent": 0.0,
    "relaxation_gap_percent": null,
    "absolute_gap": null
  }
}