{
  "model_parameters": {
    "n_dimensions": 4,
    "n_clusters": 4,
    "n_points": 11,
    "coord_range_lower": -1,
    "coord_range_upper": 1
  },
  "solution": {
    "status": "optimal",
    "center_coordinates": {
      "cluster_1": {
        "dim_1": -0.5380879064298,
        "dim_2": -0.08565316698827,
        "dim_3": -0.581194273172758,
        "dim_4": 0.091138901740114
      },
      "cluster_2": {
        "dim_1": 0.443557155595283,
        "dim_2": -0.83231481078071,
        "dim_3": -0.10738682214124,
        "dim_4": 0.774615692184429
      },
      "cluster_3": {
        "dim_1": 0.478077519111761,
        "dim_2": -0.818418627799605,
        "dim_3": 0.727577202330062,
        "dim_4": -0.691447784621035
      },
      "cluster_4": {
        "dim_1": 0.683632385914698,
        "dim_2": 0.229883314293748,
        "dim_3": 0.364732610444337,
        "dim_4": 0.190187069294434
      }
    },
    "distances": {
      "1": 0.158182672388769,
      "2": 0.165008933475439,
      "3": 0.309661395562841,
      "4": 0.278544367898077,
      "5": 0.164965137959172,
      "6": 0.410405457537121,
      "7": 0.22805900536372,
      "8": 0.927089837927187,
      "9": 0.523754313097233,
      "10": 0.228036779657885,
      "11": 6.822655e-08
    },
    "objective_value": 3.393707969093994,
    "lower_bound": 3.393707824929888,
    "upper_bound": 3.393707969093994,
    "absolute_gap": 1.441641059862775e-07,
    "relative_gap": 4.2479822490097786e-08
  },
  "performance": {
    "solution_time_seconds": 61.623717069625854,
    "solver_status": "ok",
    "termination_condition": "optimal",
    "solver": "gams",
    "subsolver": "gurobi",
    "is_relaxation": false,
    "root_relaxation_value": 0.0,
    "root_relaxation_gap_percent": 100.0,
    "relaxation_gap_percent": null,
    "absolute_gap": null
  }
}