{
  "model_parameters": {
    "n_dimensions": 5,
    "n_clusters": 5,
    "n_points": 16,
    "coord_range_lower": -1,
    "coord_range_upper": 1
  },
  "solution": {
    "status": "optimal",
    "center_coordinates": {
      "cluster_1": {
        "dim_1": -0.49372697661356,
        "dim_2": -0.294443467516167,
        "dim_3": 0.387025996735494,
        "dim_4": 0.532817201285152,
        "dim_5": 0.576210969951011
      },
      "cluster_2": {
        "dim_1": -0.4471435546875,
        "dim_2": -0.256988525390625,
        "dim_3": -0.374752058575373,
        "dim_4": -0.347112997936176,
        "dim_5": -0.4735107421875
      },
      "cluster_3": {
        "dim_1": -0.259427006540155,
        "dim_2": 0.654950098730131,
        "dim_3": 0.522049757093389,
        "dim_4": 0.489624250703449,
        "dim_5": 0.454384040742513
      },
      "cluster_4": {
        "dim_1": 0.638713895827719,
        "dim_2": 0.519878553729246,
        "dim_3": 0.852806177892096,
        "dim_4": 0.081178420017914,
        "dim_5": -0.77475426254105
      },
      "cluster_5": {
        "dim_1": 0.638713895827719,
        "dim_2": 0.801817104347762,
        "dim_3": -0.135410356865437,
        "dim_4": -0.166334230027913,
        "dim_5": 0.455128645060454
      }
    },
    "distances": {
      "1": 0.322428353617282,
      "2": 0.556529826718983,
      "3": 0.429988989052745,
      "4": 0.367344828103447,
      "5": 0.700491836717668,
      "6": 0.258052979976501,
      "7": 0.445014116020066,
      "8": 0.547039636022788,
      "9": 0.570291486550578,
      "10": 0.353497881115958,
      "11": 0.344762672908327,
      "12": 0.812985583470246,
      "13": 0.866749088035269,
      "14": 0.218585822662106,
      "15": 0.597796247794146,
      "16": 0.801694231137948
    },
    "objective_value": 8.193253579904058,
    "lower_bound": 0.0,
    "upper_bound": 8.193253579904058,
    "absolute_gap": 8.193253579904058,
    "relative_gap": null
  },
  "performance": {
    "solution_time_seconds": 300.9271414279938,
    "solver_status": "ok",
    "termination_condition": "optimal",
    "solver": "gams",
    "subsolver": "scip",
    "is_relaxation": false,
    "root_relaxation_value": 0.0,
    "root_relaxation_gap_percent": 100.0,
    "relaxation_gap_percent": null,
    "absolute_gap": null
  }
}