{
  "model_parameters": {
    "n_dimensions": 3,
    "n_clusters": 3,
    "n_points": 13,
    "coord_range_lower": -1,
    "coord_range_upper": 1
  },
  "solution": {
    "status": "optimal",
    "center_coordinates": {
      "cluster_1": {
        "dim_1": -0.224885213696249,
        "dim_2": -0.065502807372022,
        "dim_3": -0.749218530925335
      },
      "cluster_2": {
        "dim_1": -0.161461107438838,
        "dim_2": 0.278121422566255,
        "dim_3": 0.690154466229653
      },
      "cluster_3": {
        "dim_1": 0.846523722889014,
        "dim_2": -0.75587884014203,
        "dim_3": 0.605121872190712
      }
    },
    "distances": {
      "1": 0.416189209683066,
      "2": 0.260700699387526,
      "3": 0.849647869306951,
      "4": 0.437381817782021,
      "5": 0.055258992645411,
      "6": 0.506233102723667,
      "7": 0.617488731131803,
      "8": 1.265506748620404,
      "9": 0.039675760019828,
      "10": 0.098972718564605,
      "11": 0.072613643610413,
      "12": 0.617506573293032,
      "13": 0.489793570584018
    },
    "objective_value": 5.726969437352745,
    "lower_bound": 5.726967412704399,
    "upper_bound": 5.726969437352746,
    "absolute_gap": 2.0246483458663533e-06,
    "relative_gap": 3.5352887487625326e-07
  },
  "performance": {
    "solution_time_seconds": 3.0764849185943604,
    "solver_status": "ok",
    "termination_condition": "optimal",
    "solver": "gams",
    "subsolver": "gurobi",
    "is_relaxation": false,
    "root_relaxation_value": 0.0,
    "root_relaxation_gap_percent": 100.0,
    "relaxation_gap_percent": null,
    "absolute_gap": null
  }
}