{
  "model_parameters": {
    "n_dimensions": 2,
    "n_clusters": 5,
    "n_points": 15,
    "coord_range_lower": -1,
    "coord_range_upper": 1
  },
  "solution": {
    "status": "feasible",
    "center_coordinates": {
      "cluster_1": {
        "dim_1": -0.580352122370689,
        "dim_2": -0.475606716077492
      },
      "cluster_2": {
        "dim_1": -0.549548810088149,
        "dim_2": 0.346515431433284
      },
      "cluster_3": {
        "dim_1": -0.005106257977008,
        "dim_2": 0.376248369319014
      },
      "cluster_4": {
        "dim_1": 0.168037426991205,
        "dim_2": -0.441776279404912
      },
      "cluster_5": {
        "dim_1": 0.736387703724242,
        "dim_2": -0.154011470765431
      }
    },
    "distances": {
      "1": 0.041761734496544,
      "2": 0.000398315231103,
      "3": 0.058540289636461,
      "4": 0.042765830547958,
      "5": 0.031726478236709,
      "6": 0.059224272979368,
      "7": 0.041554451978012,
      "8": 0.068532236048469,
      "9": 0.052331080010387,
      "10": 0.123187929993979,
      "11": 0.069546140685125,
      "12": 0.052689732816396,
      "13": 0.033044068464863,
      "14": 0.058513428855474,
      "15": 0.005360149253454
    },
    "objective_value": 0.739176139234302,
    "lower_bound": 0.738389385600742,
    "upper_bound": 0.739176139234303,
    "absolute_gap": 0.0007867536335600667,
    "relative_gap": 0.0010654996522193724
  },
  "performance": {
    "solution_time_seconds": 300.638653755188,
    "solver_status": "ok",
    "termination_condition": "feasible",
    "solver": "gams",
    "subsolver": "gurobi",
    "is_relaxation": false,
    "root_relaxation_value": 0.0,
    "root_relaxation_gap_percent": 100.0,
    "relaxation_gap_percent": null,
    "absolute_gap": null
  }
}