{
  "model_parameters": {
    "n_dimensions": 4,
    "n_clusters": 5,
    "n_points": 11,
    "coord_range_lower": -1,
    "coord_range_upper": 1
  },
  "solution": {
    "status": "optimal",
    "center_coordinates": {
      "cluster_1": {
        "dim_1": -0.226551882464386,
        "dim_2": -0.1820068359375,
        "dim_3": -0.722611991075499,
        "dim_4": -0.873828341591376
      },
      "cluster_2": {
        "dim_1": -0.214259486671306,
        "dim_2": 0.156214998257083,
        "dim_3": -0.485917463180065,
        "dim_4": 0.419355992855671
      },
      "cluster_3": {
        "dim_1": 0.007073304344119,
        "dim_2": 0.941441559059504,
        "dim_3": 0.547301388205557,
        "dim_4": -0.8045250470611
      },
      "cluster_4": {
        "dim_1": 0.732763926525205,
        "dim_2": 0.572909019597996,
        "dim_3": -0.413021521284148,
        "dim_4": 0.524421887734552
      },
      "cluster_5": {
        "dim_1": 0.766386132455911,
        "dim_2": -0.545473762699167,
        "dim_3": -0.1971435546875,
        "dim_4": 0.698728517863855
      }
    },
    "distances": {
      "1": 0.262524135861785,
      "2": 0.480192660271619,
      "3": 0.393614673338456,
      "4": 0.246468924518015,
      "5": 0.0,
      "6": 0.40842136023202,
      "7": 0.409149307233789,
      "8": 0.616342358806817,
      "9": 0.176946118779929,
      "10": 0.262409473117125,
      "11": 0.177295040271875
    },
    "objective_value": 3.43336405243143,
    "lower_bound": 3.433364052431441,
    "upper_bound": 3.43336405243143,
    "absolute_gap": -1.1102230246251565e-14,
    "relative_gap": -3.2336303627310317e-15
  },
  "performance": {
    "solution_time_seconds": 126.51619338989258,
    "solver_status": "ok",
    "termination_condition": "optimal",
    "solver": "gams",
    "subsolver": "scip",
    "is_relaxation": false,
    "root_relaxation_value": 3.43336405243144,
    "root_relaxation_gap_percent": 2.9749399337125585e-13,
    "relaxation_gap_percent": null,
    "absolute_gap": null
  }
}