{
  "model_parameters": {
    "n_dimensions": 2,
    "n_clusters": 5,
    "n_points": 10,
    "coord_range_lower": -1,
    "coord_range_upper": 1
  },
  "solution": {
    "status": "optimal",
    "center_coordinates": {
      "cluster_1": {
        "dim_1": -0.884360805650387,
        "dim_2": 0.574005927233071
      },
      "cluster_2": {
        "dim_1": -0.754631534272703,
        "dim_2": -0.824031372087177
      },
      "cluster_3": {
        "dim_1": -0.15935016785849,
        "dim_2": -0.130006012803736
      },
      "cluster_4": {
        "dim_1": 0.049181485267453,
        "dim_2": 0.509848663243425
      },
      "cluster_5": {
        "dim_1": 0.86464775328708,
        "dim_2": 0.742280853291154
      }
    },
    "distances": {
      "1": 0.0065567156666,
      "2": 0.025417520576838,
      "3": 0.01328038045613,
      "4": 0.016318846043859,
      "5": 0.0,
      "6": 0.145220602320495,
      "7": 0.160482304569003,
      "8": 0.013280380409014,
      "9": 0.0,
      "10": 0.027535554329104
    },
    "objective_value": 0.408092304371043,
    "lower_bound": 0.408092392758913,
    "upper_bound": 0.408092304371044,
    "absolute_gap": -8.838787002307669e-08,
    "relative_gap": -2.1658788938830627e-07
  },
  "performance": {
    "solution_time_seconds": 2.9090890884399414,
    "solver_status": "ok",
    "termination_condition": "optimal",
    "solver": "gams",
    "subsolver": "baron",
    "is_relaxation": false,
    "root_relaxation_value": 0.0,
    "root_relaxation_gap_percent": 100.0,
    "relaxation_gap_percent": null,
    "absolute_gap": null
  }
}