{
  "model_parameters": {
    "n_dimensions": 3,
    "n_clusters": 3,
    "n_points": 16,
    "coord_range_lower": -1,
    "coord_range_upper": 1
  },
  "solution": {
    "status": "optimal",
    "center_coordinates": {
      "cluster_1": {
        "dim_1": -0.466790949034318,
        "dim_2": 0.124632026501769,
        "dim_3": 0.272349603335997
      },
      "cluster_2": {
        "dim_1": 0.433727684119956,
        "dim_2": 0.344467640696352,
        "dim_3": -0.539473519618287
      },
      "cluster_3": {
        "dim_1": 0.725607228257065,
        "dim_2": -0.856601108390456,
        "dim_3": 0.421820218072972
      }
    },
    "distances": {
      "1": 0.66605816429764,
      "2": 0.230605280316617,
      "3": 0.427250576968105,
      "4": 0.33397557964818,
      "5": 0.052311627563902,
      "6": 0.640292751374557,
      "7": 0.591820876015392,
      "8": 0.357267774883716,
      "9": 0.072561366086552,
      "10": 0.052196032532828,
      "11": 1.220559799978373,
      "12": 0.486140866400054,
      "13": 0.892264974508698,
      "14": 0.338458352551932,
      "15": 0.210300948188259,
      "16": 0.196066440280357
    },
    "objective_value": 6.768131411595162,
    "lower_bound": 6.768125902074443,
    "absolute_gap": 5.509520718760541e-06,
    "relative_gap": 8.140393365129131e-07
  },
  "performance": {
    "solution_time_seconds": 1803.7119266986847,
    "solver_status": "ok",
    "termination_condition": "optimal",
    "solver": "gams",
    "subsolver": "scip",
    "is_relaxation": false,
    "root_relaxation_value": 6.76812590207444,
    "root_relaxation_gap_percent": 8.140386742470996e-05,
    "relaxation_gap_percent": null,
    "absolute_gap": null
  }
}