{
  "model_parameters": {
    "n_dimensions": 5,
    "n_clusters": 3,
    "n_points": 10,
    "coord_range_lower": -1,
    "coord_range_upper": 1
  },
  "solution": {
    "status": "feasible",
    "center_coordinates": {
      "cluster_1": {
        "dim_1": -0.796557181084747,
        "dim_2": -0.012259900769596,
        "dim_3": 0.562548410987552,
        "dim_4": -0.404796197545765,
        "dim_5": -0.042985333168872
      },
      "cluster_2": {
        "dim_1": -0.560014310086137,
        "dim_2": 0.494394677103713,
        "dim_3": 0.09974506424,
        "dim_4": 0.486101573804959,
        "dim_5": 0.546605780225335
      },
      "cluster_3": {
        "dim_1": 0.091031143554059,
        "dim_2": -0.273560550364199,
        "dim_3": -0.543030502503864,
        "dim_4": 0.374351333363367,
        "dim_5": -0.692943512520504
      }
    },
    "distances": {
      "1": 0.729947053014122,
      "2": 0.858743671713666,
      "3": 0.534905559358797,
      "4": 1.214972519258916,
      "5": 0.302572634414745,
      "6": 0.156052805577677,
      "7": 1.391876338930757,
      "8": 1.209265998492942,
      "9": 0.533834463035732,
      "10": 0.829846709872396
    },
    "objective_value": 7.76201775366975,
    "lower_bound": 7.64187009898035,
    "upper_bound": 7.762017753669749,
    "absolute_gap": 0.12014765468939981,
    "relative_gap": 0.01572228435359442
  },
  "performance": {
    "solution_time_seconds": 300.7045187950134,
    "solver_status": "ok",
    "termination_condition": "feasible",
    "solver": "gams",
    "subsolver": "gurobi",
    "is_relaxation": false,
    "root_relaxation_value": 0.0,
    "root_relaxation_gap_percent": 100.0,
    "relaxation_gap_percent": null,
    "absolute_gap": null
  }
}