{
  "model_parameters": {
    "n_dimensions": 2,
    "n_clusters": 3,
    "n_points": 12,
    "coord_range_lower": -1,
    "coord_range_upper": 1
  },
  "solution": {
    "status": "optimal",
    "center_coordinates": {
      "cluster_1": {
        "dim_1": -0.635046181131847,
        "dim_2": -0.662634309654003
      },
      "cluster_2": {
        "dim_1": -0.126257093048201,
        "dim_2": 0.659727290210011
      },
      "cluster_3": {
        "dim_1": 0.590518551114108,
        "dim_2": -0.379817971785587
      }
    },
    "distances": {
      "1": 0.127861414927944,
      "2": 0.124280819163092,
      "3": 0.098948167154321,
      "4": 0.175781485699638,
      "5": 0.342926007115568,
      "6": 0.306950072083945,
      "7": 0.115964861110877,
      "8": 0.063844033251645,
      "9": 0.312290628537595,
      "10": 0.05370858484799,
      "11": 0.138512645058253,
      "12": 0.338082226784525
    },
    "objective_value": 2.199150945735393,
    "lower_bound": 2.199150945735394,
    "upper_bound": 2.199150945735395,
    "absolute_gap": -8.881784197001252e-16,
    "relative_gap": -4.0387333185222503e-16
  },
  "performance": {
    "solution_time_seconds": 4.948264122009277,
    "solver_status": "ok",
    "termination_condition": "optimal",
    "solver": "gams",
    "subsolver": "scip",
    "is_relaxation": false,
    "root_relaxation_value": 2.19915094573539,
    "root_relaxation_gap_percent": 1.4135566614827882e-13,
    "relaxation_gap_percent": null,
    "absolute_gap": null
  }
}