{
  "model_parameters": {
    "n_dimensions": 5,
    "n_clusters": 4,
    "n_points": 14,
    "coord_range_lower": -1,
    "coord_range_upper": 1
  },
  "solution": {
    "status": "optimal",
    "center_coordinates": {
      "cluster_1": {
        "dim_1": -0.180132293757371,
        "dim_2": 0.325938683767904,
        "dim_3": 0.688747798251766,
        "dim_4": 0.02947786140709,
        "dim_5": 0.364571523608555
      },
      "cluster_2": {
        "dim_1": -0.114470561832106,
        "dim_2": -0.400641459947001,
        "dim_3": -0.563097145064355,
        "dim_4": 0.61412656678996,
        "dim_5": -0.868001663577358
      },
      "cluster_3": {
        "dim_1": 0.644831769080463,
        "dim_2": -0.220133787782912,
        "dim_3": 0.351261706550136,
        "dim_4": 0.658130844533419,
        "dim_5": -0.289057275631116
      },
      "cluster_4": {
        "dim_1": 0.644831759091931,
        "dim_2": 0.293676294721419,
        "dim_3": -0.972359705627988,
        "dim_4": 0.281172509541801,
        "dim_5": 0.752569599110124
      }
    },
    "distances": {
      "1": 0.13817668849913,
      "2": 0.537997051636515,
      "3": 0.69568069064509,
      "4": 1.611884381568458,
      "5": 0.321878150251899,
      "6": 0.419513813985206,
      "7": 1.019292752767894,
      "8": 0.321878156356251,
      "9": 0.613415848400675,
      "10": 0.172067469605812,
      "11": 0.844170458647086,
      "12": 0.574240980078263,
      "13": 1.380995369301491,
      "14": 0.16112732330984
    },
    "objective_value": 8.81231913505361,
    "lower_bound": 4.670516152201965,
    "absolute_gap": 4.141802982851645,
    "relative_gap": 0.8867977002710818
  },
  "performance": {
    "solution_time_seconds": 1805.192326784134,
    "solver_status": "ok",
    "termination_condition": "optimal",
    "solver": "gams",
    "subsolver": "scip",
    "is_relaxation": false,
    "root_relaxation_value": 4.67051615220196,
    "root_relaxation_gap_percent": 47.00014740020481,
    "relaxation_gap_percent": null,
    "absolute_gap": null
  }
}