{
  "model_parameters": {
    "n_dimensions": 3,
    "n_clusters": 3,
    "n_points": 17,
    "coord_range_lower": -1,
    "coord_range_upper": 1
  },
  "solution": {
    "status": "optimal",
    "center_coordinates": {
      "cluster_1": {
        "dim_1": -0.742199740640172,
        "dim_2": -0.230040722898597,
        "dim_3": -0.696269687033772
      },
      "cluster_2": {
        "dim_1": -0.408394806176574,
        "dim_2": 0.102815590421546,
        "dim_3": 0.741290953786358
      },
      "cluster_3": {
        "dim_1": 0.361166805782121,
        "dim_2": 0.016754761158513,
        "dim_3": -0.178181132145643
      }
    },
    "distances": {
      "1": 0.364411191029941,
      "2": 0.2236709790011,
      "3": 0.401782274347371,
      "4": 0.105338339538488,
      "5": 0.163081656055207,
      "6": 0.057481492676701,
      "7": 0.555930650735837,
      "8": 0.528580713946914,
      "9": 0.631560294766723,
      "10": 0.622887596129353,
      "11": 0.687020954519729,
      "12": 0.428049731083839,
      "13": 0.335397290085891,
      "14": 0.74546049406742,
      "15": 0.265577169897858,
      "16": 0.834814189898971,
      "17": 0.274608339387203
    },
    "objective_value": 7.225653357168546,
    "lower_bound": 7.22564894574741,
    "upper_bound": 7.225653357168548,
    "absolute_gap": 4.411421135941396e-06,
    "relative_gap": 6.105224830411527e-07
  },
  "performance": {
    "solution_time_seconds": 173.6614511013031,
    "solver_status": "ok",
    "termination_condition": "optimal",
    "solver": "gams",
    "subsolver": "baron",
    "is_relaxation": false,
    "root_relaxation_value": 0.0,
    "root_relaxation_gap_percent": 100.0,
    "relaxation_gap_percent": null,
    "absolute_gap": null
  }
}