{
  "model_parameters": {
    "n_dimensions": 4,
    "n_clusters": 3,
    "n_points": 12,
    "coord_range_lower": -1,
    "coord_range_upper": 1
  },
  "solution": {
    "status": "optimal",
    "center_coordinates": {
      "cluster_1": {
        "dim_1": -0.019849011495685,
        "dim_2": 0.732821171318295,
        "dim_3": 0.065276187603514,
        "dim_4": -0.380776434766449
      },
      "cluster_2": {
        "dim_1": 0.241113671786011,
        "dim_2": -0.8532909315652,
        "dim_3": 0.449658518390774,
        "dim_4": -0.368310544851629
      },
      "cluster_3": {
        "dim_1": 0.324000318500555,
        "dim_2": -0.088608698590587,
        "dim_3": -0.670402670723867,
        "dim_4": 0.496707240829892
      }
    },
    "distances": {
      "1": 0.075007739096907,
      "2": 0.547826087426965,
      "3": 0.381446241251212,
      "4": 0.15029200915249,
      "5": 1.56537479619857,
      "6": 0.560966753099048,
      "7": 0.692918054751817,
      "8": 0.935402835985133,
      "9": 0.169695554705527,
      "10": 0.77135954539875,
      "11": 0.424506794098552,
      "12": 0.62600850250042
    },
    "objective_value": 6.900804913665391,
    "lower_bound": 6.900804913665421,
    "upper_bound": 6.900804913665393,
    "absolute_gap": -2.930988785010413e-14,
    "relative_gap": -4.2473143664824945e-15
  },
  "performance": {
    "solution_time_seconds": 30.039196252822876,
    "solver_status": "ok",
    "termination_condition": "optimal",
    "solver": "gams",
    "subsolver": "scip",
    "is_relaxation": false,
    "root_relaxation_value": 6.90080491366542,
    "root_relaxation_gap_percent": 4.118607870528497e-13,
    "relaxation_gap_percent": null,
    "absolute_gap": null
  }
}