{
  "model_parameters": {
    "n_dimensions": 2,
    "n_clusters": 5,
    "n_points": 10,
    "coord_range_lower": -1,
    "coord_range_upper": 1
  },
  "solution": {
    "status": "optimal",
    "center_coordinates": {
      "cluster_1": {
        "dim_1": -0.88432849429639,
        "dim_2": 0.574017706980535
      },
      "cluster_2": {
        "dim_1": -0.754656581908428,
        "dim_2": -0.82401806001029
      },
      "cluster_3": {
        "dim_1": -0.159350166385937,
        "dim_2": -0.130006000409673
      },
      "cluster_4": {
        "dim_1": 0.049181470546949,
        "dim_2": 0.509848639392573
      },
      "cluster_5": {
        "dim_1": 0.864647750968644,
        "dim_2": 0.742280844167895
      }
    },
    "distances": {
      "1": 0.006556711138025,
      "2": 0.025417516664017,
      "3": 0.013280378729929,
      "4": 0.016318846584255,
      "5": 0.0,
      "6": 0.145220600988013,
      "7": 0.160482310418615,
      "8": 0.013280382191389,
      "9": 0.0,
      "10": 0.027535557697628
    },
    "objective_value": 0.408092304411871,
    "lower_bound": 0.408092303936169,
    "upper_bound": 0.408092304411871,
    "absolute_gap": 4.757019778089955e-10,
    "relative_gap": 1.1656725040406581e-09
  },
  "performance": {
    "solution_time_seconds": 1.6263210773468018,
    "solver_status": "ok",
    "termination_condition": "optimal",
    "solver": "gams",
    "subsolver": "baron",
    "is_relaxation": false,
    "root_relaxation_value": 0.0,
    "root_relaxation_gap_percent": 100.0,
    "relaxation_gap_percent": null,
    "absolute_gap": null
  }
}