{
  "model_parameters": {
    "n_dimensions": 2,
    "n_clusters": 4,
    "n_points": 13,
    "coord_range_lower": -1,
    "coord_range_upper": 1
  },
  "solution": {
    "status": "optimal",
    "center_coordinates": {
      "cluster_1": {
        "dim_1": -0.827927247816691,
        "dim_2": 0.44564012627603
      },
      "cluster_2": {
        "dim_1": -0.088741503793715,
        "dim_2": 0.202567308673103
      },
      "cluster_3": {
        "dim_1": 0.770313210871377,
        "dim_2": -0.023162818302088
      },
      "cluster_4": {
        "dim_1": 0.91234240355129,
        "dim_2": -0.780119696296708
      }
    },
    "distances": {
      "1": 0.011723019438545,
      "2": 0.022387629214519,
      "3": 0.13338959928987,
      "4": 0.101069480956096,
      "5": 0.132723700991507,
      "6": 0.117017893734802,
      "7": 0.218649008364627,
      "8": 0.007002122433825,
      "9": 0.04421946802528,
      "10": 0.051204398428378,
      "11": 0.0,
      "12": 0.032344677565205,
      "13": 0.081799138846179
    },
    "objective_value": 0.953530137288833,
    "lower_bound": 0.953530137288833,
    "upper_bound": 0.953530137288833,
    "absolute_gap": 0.0,
    "relative_gap": 0.0
  },
  "performance": {
    "solution_time_seconds": 29.86556386947632,
    "solver_status": "ok",
    "termination_condition": "optimal",
    "solver": "gams",
    "subsolver": "scip",
    "is_relaxation": false,
    "root_relaxation_value": 0.953530137288833,
    "root_relaxation_gap_percent": 0.0,
    "relaxation_gap_percent": null,
    "absolute_gap": null
  }
}