{
  "model_parameters": {
    "n_dimensions": 3,
    "n_clusters": 4,
    "n_points": 13,
    "coord_range_lower": -1,
    "coord_range_upper": 1
  },
  "solution": {
    "status": "optimal",
    "center_coordinates": {
      "cluster_1": {
        "dim_1": -0.956391762708796,
        "dim_2": -0.586647905635077,
        "dim_3": 0.842755307613828
      },
      "cluster_2": {
        "dim_1": -0.228630199492551,
        "dim_2": 0.745668152698735,
        "dim_3": 0.391358699326417
      },
      "cluster_3": {
        "dim_1": 0.471151928198215,
        "dim_2": 0.058505823203346,
        "dim_3": -0.524105249716146
      },
      "cluster_4": {
        "dim_1": 0.670428909931686,
        "dim_2": -0.29954330816152,
        "dim_3": 0.411056097251383
      }
    },
    "distances": {
      "1": 0.074163901026221,
      "2": 0.0,
      "3": 0.418539072378991,
      "4": 0.03025435576736,
      "5": 0.220435136308884,
      "6": 0.099491409231879,
      "7": 0.577003884531739,
      "8": 0.019054663066007,
      "9": 0.157308250801789,
      "10": 0.133029151662571,
      "11": 0.386822476284584,
      "12": 0.220615132723835,
      "13": 0.109455112493044
    },
    "objective_value": 2.446172546276904,
    "lower_bound": 2.446172546276904,
    "absolute_gap": 0.0,
    "relative_gap": 0.0
  },
  "performance": {
    "solution_time_seconds": 45.07414436340332,
    "solver_status": "ok",
    "termination_condition": "optimal",
    "solver": "gams",
    "subsolver": "baron",
    "is_relaxation": false,
    "root_relaxation_value": 0.0,
    "root_relaxation_gap_percent": 100.0,
    "relaxation_gap_percent": null,
    "absolute_gap": null
  }
}