{
  "model_parameters": {
    "n_dimensions": 2,
    "n_clusters": 5,
    "n_points": 20,
    "coord_range_lower": -1,
    "coord_range_upper": 1
  },
  "solution": {
    "status": "optimal",
    "center_coordinates": {
      "cluster_1": {
        "dim_1": -0.500107610736815,
        "dim_2": -0.639035841500557
      },
      "cluster_2": {
        "dim_1": -0.302771314219168,
        "dim_2": 0.616167354332906
      },
      "cluster_3": {
        "dim_1": 0.217455913902727,
        "dim_2": -0.26540915228139
      },
      "cluster_4": {
        "dim_1": 0.527813368541218,
        "dim_2": -0.888360932130866
      },
      "cluster_5": {
        "dim_1": 0.902667948471641,
        "dim_2": -0.032551994636324
      }
    },
    "distances": {
      "1": 0.124117481456415,
      "2": 0.054433099712704,
      "3": 0.271325197935384,
      "4": 0.02856280204662,
      "5": 0.172656070145457,
      "6": 0.04087990447219,
      "7": 0.013516529283384,
      "8": 0.115910319839254,
      "9": 0.075508114403762,
      "10": 0.011070242400473,
      "11": 0.05166798781074,
      "12": 0.051767939571097,
      "13": 0.065752100964436,
      "14": 0.029245640064571,
      "15": 0.151653319060186,
      "16": 0.134208795108057,
      "17": 0.013693458745701,
      "18": 0.093651666868957,
      "19": 0.04830512033251,
      "20": 0.053353597029266
    },
    "objective_value": 1.601279387251164,
    "lower_bound": 1.601279387251175,
    "absolute_gap": -1.1102230246251565e-14,
    "relative_gap": -6.933349879255069e-15
  },
  "performance": {
    "solution_time_seconds": 1320.8022012710571,
    "solver_status": "ok",
    "termination_condition": "optimal",
    "solver": "gams",
    "subsolver": "scip",
    "is_relaxation": false,
    "root_relaxation_value": 1.60127938725118,
    "root_relaxation_gap_percent": 9.984023826127369e-13,
    "relaxation_gap_percent": null,
    "absolute_gap": null
  }
}