{
  "model_parameters": {
    "n_dimensions": 5,
    "n_clusters": 3,
    "n_points": 17,
    "coord_range_lower": -1,
    "coord_range_upper": 1
  },
  "solution": {
    "status": "optimal",
    "center_coordinates": {
      "cluster_1": {
        "dim_1": -0.450209248429625,
        "dim_2": -0.162733013183157,
        "dim_3": -0.393837763438986,
        "dim_4": -0.161304500221561,
        "dim_5": 0.597453364386957
      },
      "cluster_2": {
        "dim_1": -0.226903369409787,
        "dim_2": -0.204280639477455,
        "dim_3": -0.144429725479307,
        "dim_4": 0.404324044164507,
        "dim_5": -0.693893352591368
      },
      "cluster_3": {
        "dim_1": 0.30137475194845,
        "dim_2": -0.273190645653443,
        "dim_3": 0.3329622426479,
        "dim_4": 0.863498570310404,
        "dim_5": 0.533152442969858
      }
    },
    "distances": {
      "1": 1.018096791747128,
      "2": 0.730362505449265,
      "3": 1.287014739155062,
      "4": 0.932387599654863,
      "5": 2.001783627607025,
      "6": 0.708848800208331,
      "7": 1.002137201239849,
      "8": 0.208188390384614,
      "9": 0.797990725996811,
      "10": 1.480068023361639,
      "11": 1.468322960865033,
      "12": 0.500172291552775,
      "13": 0.676540216352926,
      "14": 0.354090012185273,
      "15": 0.765894947852769,
      "16": 1.790079254200123,
      "17": 0.786808016296187
    },
    "objective_value": 16.508786104109674,
    "lower_bound": 13.99466346506449,
    "absolute_gap": 2.514122639045185,
    "relative_gap": 0.17964866717383401
  },
  "performance": {
    "solution_time_seconds": 1800.6711406707764,
    "solver_status": "ok",
    "termination_condition": "optimal",
    "solver": "gams",
    "subsolver": "gurobi",
    "is_relaxation": false,
    "root_relaxation_value": 0.0,
    "root_relaxation_gap_percent": 100.0,
    "relaxation_gap_percent": null,
    "absolute_gap": null
  }
}