{
  "model_parameters": {
    "n_dimensions": 2,
    "n_clusters": 3,
    "n_points": 14,
    "coord_range_lower": -1,
    "coord_range_upper": 1
  },
  "solution": {
    "status": "optimal",
    "center_coordinates": {
      "cluster_1": {
        "dim_1": -0.505488179326574,
        "dim_2": 0.45042556875297
      },
      "cluster_2": {
        "dim_1": -0.21820537522115,
        "dim_2": -0.324285637954211
      },
      "cluster_3": {
        "dim_1": 0.656022498203809,
        "dim_2": 0.390532142459436
      }
    },
    "distances": {
      "1": 0.237222742221727,
      "2": 0.202272491316005,
      "3": 0.000346660600762,
      "4": 0.134244723734409,
      "5": 0.354361758423599,
      "6": 0.053639120684768,
      "7": 0.084858140467224,
      "8": 0.00755129106949,
      "9": 0.305284987208435,
      "10": 0.031494266781683,
      "11": 0.203428278424636,
      "12": 0.173152114347917,
      "13": 0.055647812400249,
      "14": 0.068421178035004
    },
    "objective_value": 1.911925565715908,
    "lower_bound": 1.911924911155941,
    "upper_bound": 1.911925565715907,
    "absolute_gap": 6.545599668950075e-07,
    "relative_gap": 3.423565240850717e-07
  },
  "performance": {
    "solution_time_seconds": 11.662420988082886,
    "solver_status": "ok",
    "termination_condition": "optimal",
    "solver": "gams",
    "subsolver": "gurobi",
    "is_relaxation": false,
    "root_relaxation_value": 0.0,
    "root_relaxation_gap_percent": 100.0,
    "relaxation_gap_percent": null,
    "absolute_gap": null
  }
}