{
  "model_parameters": {
    "n_dimensions": 5,
    "n_clusters": 3,
    "n_points": 10,
    "coord_range_lower": -1,
    "coord_range_upper": 1
  },
  "solution": {
    "status": "optimal",
    "center_coordinates": {
      "cluster_1": {
        "dim_1": -0.796797062478143,
        "dim_2": -0.012159828096628,
        "dim_3": 0.562534099572982,
        "dim_4": -0.404650598764438,
        "dim_5": -0.042867105241374
      },
      "cluster_2": {
        "dim_1": -0.560400422948344,
        "dim_2": 0.494341317860478,
        "dim_3": 0.099714650420409,
        "dim_4": 0.486282568075508,
        "dim_5": 0.546324402713375
      },
      "cluster_3": {
        "dim_1": 0.091055813717572,
        "dim_2": -0.273196240222784,
        "dim_3": -0.542749300191248,
        "dim_4": 0.374050856403809,
        "dim_5": -0.692774729960287
      }
    },
    "distances": {
      "1": 0.729254944562072,
      "2": 0.858721296139975,
      "3": 0.534910470285994,
      "4": 1.215587279948772,
      "5": 0.30212263747096,
      "6": 0.156330411683574,
      "7": 1.391892557040602,
      "8": 1.208822262772151,
      "9": 0.533940071846281,
      "10": 0.830432069228755
    },
    "objective_value": 7.762014000979136,
    "lower_bound": 7.762014000979134,
    "upper_bound": 7.762014000979135,
    "absolute_gap": 1.7763568394002505e-15,
    "relative_gap": 2.2885256831231856e-16
  },
  "performance": {
    "solution_time_seconds": 43.6767156124115,
    "solver_status": "ok",
    "termination_condition": "optimal",
    "solver": "gams",
    "subsolver": "scip",
    "is_relaxation": false,
    "root_relaxation_value": 7.76201400097913,
    "root_relaxation_gap_percent": 6.865577049369556e-14,
    "relaxation_gap_percent": null,
    "absolute_gap": null
  }
}