{
  "model_parameters": {
    "n_dimensions": 3,
    "n_clusters": 3,
    "n_points": 11,
    "coord_range_lower": -1,
    "coord_range_upper": 1
  },
  "solution": {
    "status": "optimal",
    "center_coordinates": {
      "cluster_1": {
        "dim_1": -0.419258914433167,
        "dim_2": -0.225382132258541,
        "dim_3": 0.569476233189622
      },
      "cluster_2": {
        "dim_1": -0.322043312915583,
        "dim_2": 0.813254547225309,
        "dim_3": 0.558456663435682
      },
      "cluster_3": {
        "dim_1": 0.154963281980435,
        "dim_2": -0.27404307705566,
        "dim_3": -0.362373348834304
      }
    },
    "distances": {
      "1": 0.339871640321945,
      "2": 0.083587745168813,
      "3": 0.201723734173953,
      "4": 0.166087254986003,
      "5": 0.542623166384823,
      "6": 0.153543600146503,
      "7": 0.725034446130652,
      "8": 0.564328859885644,
      "9": 0.229912562382953,
      "10": 0.270897024588683,
      "11": 0.104078448619487
    },
    "objective_value": 3.381688482789459,
    "lower_bound": 3.381685148200495,
    "absolute_gap": 3.334588964065688e-06,
    "relative_gap": 9.860731611398334e-07
  },
  "performance": {
    "solution_time_seconds": 87.84543251991272,
    "solver_status": "ok",
    "termination_condition": "optimal",
    "solver": "gams",
    "subsolver": "gurobi",
    "is_relaxation": false,
    "root_relaxation_value": 0.0,
    "root_relaxation_gap_percent": 100.0,
    "relaxation_gap_percent": null,
    "absolute_gap": null
  }
}