{
  "model_parameters": {
    "n_dimensions": 3,
    "n_clusters": 5,
    "n_points": 14,
    "coord_range_lower": -1,
    "coord_range_upper": 1
  },
  "solution": {
    "status": "optimal",
    "center_coordinates": {
      "cluster_1": {
        "dim_1": -0.929054287122515,
        "dim_2": -0.241330905077802,
        "dim_3": -0.663890343531621
      },
      "cluster_2": {
        "dim_1": -0.421993753576567,
        "dim_2": 0.765416050931802,
        "dim_3": 0.604725128361036
      },
      "cluster_3": {
        "dim_1": -0.120394296309294,
        "dim_2": -0.264726384886809,
        "dim_3": 0.309437611558934
      },
      "cluster_4": {
        "dim_1": 0.469123680141927,
        "dim_2": 0.001054538334143,
        "dim_3": -0.421065449335979
      },
      "cluster_5": {
        "dim_1": 0.933088160396391,
        "dim_2": -0.504638020657652,
        "dim_3": 0.35955481809563
      }
    },
    "distances": {
      "1": 0.297660503859793,
      "2": 3.79723022e-07,
      "3": 0.346139159225174,
      "4": 0.15282448915038,
      "5": 0.149491622103702,
      "6": 0.055847561133944,
      "7": 1.9755697e-08,
      "8": 0.149502373723166,
      "9": 0.094457622019717,
      "10": 0.188454255227814,
      "11": 0.083656935336189,
      "12": 0.191649715740733,
      "13": 0.068000501495727,
      "14": 0.335413799756564
    },
    "objective_value": 2.113098938251622,
    "lower_bound": 2.113098462644509,
    "upper_bound": 2.113098938251622,
    "absolute_gap": 4.7560711324834415e-07,
    "relative_gap": 2.2507569886408866e-07
  },
  "performance": {
    "solution_time_seconds": 46.5548312664032,
    "solver_status": "ok",
    "termination_condition": "optimal",
    "solver": "gams",
    "subsolver": "gurobi",
    "is_relaxation": false,
    "root_relaxation_value": 0.0,
    "root_relaxation_gap_percent": 100.0,
    "relaxation_gap_percent": null,
    "absolute_gap": null
  }
}