{
  "model_parameters": {
    "n_dimensions": 4,
    "n_clusters": 4,
    "n_points": 17,
    "coord_range_lower": -1,
    "coord_range_upper": 1
  },
  "solution": {
    "status": "feasible",
    "center_coordinates": {
      "cluster_1": {
        "dim_1": -0.711896633426568,
        "dim_2": -0.53068730696419,
        "dim_3": -0.507407205436447,
        "dim_4": 0.274534508303877
      },
      "cluster_2": {
        "dim_1": -0.261044469026155,
        "dim_2": 0.501830047472323,
        "dim_3": -0.628960617651823,
        "dim_4": 0.23239305055113
      },
      "cluster_3": {
        "dim_1": 0.145907654571477,
        "dim_2": 0.476168961820022,
        "dim_3": 0.554160573217295,
        "dim_4": -0.422455667559475
      },
      "cluster_4": {
        "dim_1": 0.448186692679051,
        "dim_2": -0.651980509003208,
        "dim_3": 0.235898793508215,
        "dim_4": 0.110779628770542
      }
    },
    "distances": {
      "1": 0.162534828285921,
      "2": 0.672761291359566,
      "3": 0.399379157900425,
      "4": 0.594217956508407,
      "5": 0.766618074140569,
      "6": 0.395056507758197,
      "7": 1.401609098514298,
      "8": 0.023289761203851,
      "9": 0.493300410712809,
      "10": 0.502352479400172,
      "11": 0.256515706786317,
      "12": 0.27101783184355,
      "13": 0.300537143849691,
      "14": 0.310052929781913,
      "15": 0.43783855275109,
      "16": 0.634971662591109,
      "17": 1.113341956810368
    },
    "objective_value": 8.735395350198253,
    "lower_bound": 4.790503554427605,
    "upper_bound": 8.735395350198253,
    "absolute_gap": 3.9448917957706477,
    "relative_gap": 0.8234816551017056
  },
  "performance": {
    "solution_time_seconds": 300.71606850624084,
    "solver_status": "ok",
    "termination_condition": "feasible",
    "solver": "gams",
    "subsolver": "gurobi",
    "is_relaxation": false,
    "root_relaxation_value": 0.0,
    "root_relaxation_gap_percent": 100.0,
    "relaxation_gap_percent": null,
    "absolute_gap": null
  }
}