{
  "model_parameters": {
    "n_dimensions": 2,
    "n_clusters": 5,
    "n_points": 12,
    "coord_range_lower": -1,
    "coord_range_upper": 1
  },
  "solution": {
    "status": "optimal",
    "center_coordinates": {
      "cluster_1": {
        "dim_1": -0.705975845306402,
        "dim_2": -0.464497711954543
      },
      "cluster_2": {
        "dim_1": -0.45446900236905,
        "dim_2": 0.655916899584447
      },
      "cluster_3": {
        "dim_1": 0.184146370532382,
        "dim_2": 0.448592910353709
      },
      "cluster_4": {
        "dim_1": 0.332949893584459,
        "dim_2": -0.760711964286878
      },
      "cluster_5": {
        "dim_1": 0.941882874732566,
        "dim_2": -0.00281098251021
      }
    },
    "distances": {
      "1": 0.168126465210662,
      "2": 0.094166173775976,
      "3": 0.050857779960141,
      "4": 0.060535757009103,
      "5": 0.054484892344033,
      "6": 0.148296739628902,
      "7": 0.077114249829207,
      "8": 0.054484582049637,
      "9": 0.0,
      "10": 0.027632614281987,
      "11": 0.10276324976544,
      "12": 0.060535985405525
    },
    "objective_value": 0.898998489260613,
    "lower_bound": 0.898998489260613,
    "absolute_gap": 0.0,
    "relative_gap": 0.0
  },
  "performance": {
    "solution_time_seconds": 20.777816772460938,
    "solver_status": "ok",
    "termination_condition": "optimal",
    "solver": "gams",
    "subsolver": "baron",
    "is_relaxation": false,
    "root_relaxation_value": 0.0,
    "root_relaxation_gap_percent": 100.0,
    "relaxation_gap_percent": null,
    "absolute_gap": null
  }
}