{
  "model_parameters": {
    "n_dimensions": 5,
    "n_clusters": 5,
    "n_points": 17,
    "coord_range_lower": -1,
    "coord_range_upper": 1
  },
  "solution": {
    "status": "feasible",
    "center_coordinates": {
      "cluster_1": {
        "dim_1": -0.474394473139798,
        "dim_2": 0.250675310738984,
        "dim_3": -0.43061716866507,
        "dim_4": 0.919693567533265,
        "dim_5": -0.86142373563009
      },
      "cluster_2": {
        "dim_1": -0.291548369588728,
        "dim_2": 0.422916840852588,
        "dim_3": 0.342579440323309,
        "dim_4": -0.791900932301568,
        "dim_5": 0.40698601543983
      },
      "cluster_3": {
        "dim_1": -0.291548368585967,
        "dim_2": 0.285780250622737,
        "dim_3": 0.808422310188809,
        "dim_4": 0.229511642910169,
        "dim_5": -0.324300032736179
      },
      "cluster_4": {
        "dim_1": 0.358193487730931,
        "dim_2": -0.130907409016598,
        "dim_3": 0.061683146885426,
        "dim_4": 0.584245965624933,
        "dim_5": 0.640512409629671
      },
      "cluster_5": {
        "dim_1": 0.35819348773093,
        "dim_2": -0.894047256522142,
        "dim_3": -0.164335423328913,
        "dim_4": -0.644155787501801,
        "dim_5": -0.513044305989514
      }
    },
    "distances": {
      "1": 0.67541840567732,
      "2": 0.269569736260436,
      "3": 0.20788275806604,
      "4": 0.450656528297964,
      "5": 1.373443925463254,
      "6": 0.427087886894956,
      "7": 0.716504118362609,
      "8": 0.327707304796663,
      "9": 0.984636512471825,
      "10": 0.836590260312057,
      "11": 0.450656882221164,
      "12": 0.492570927428758,
      "13": 1.084793428145183,
      "14": 1.43327795259866,
      "15": 0.243932977182729,
      "16": 0.797277416587319,
      "17": 0.236241242287626
    },
    "objective_value": 11.008248263054563,
    "lower_bound": 2.647676707747497,
    "upper_bound": 11.008248263054563,
    "absolute_gap": 8.360571555307066,
    "relative_gap": 3.1577010632917477
  },
  "performance": {
    "solution_time_seconds": 301.0010943412781,
    "solver_status": "ok",
    "termination_condition": "feasible",
    "solver": "gams",
    "subsolver": "gurobi",
    "is_relaxation": false,
    "root_relaxation_value": 0.0,
    "root_relaxation_gap_percent": 100.0,
    "relaxation_gap_percent": null,
    "absolute_gap": null
  }
}