{
  "model_parameters": {
    "n_dimensions": 5,
    "n_clusters": 5,
    "n_points": 13,
    "coord_range_lower": -1,
    "coord_range_upper": 1
  },
  "solution": {
    "status": "optimal",
    "center_coordinates": {
      "cluster_1": {
        "dim_1": -0.41113590010402,
        "dim_2": 0.70059676276675,
        "dim_3": 0.815180985692788,
        "dim_4": 0.351792284436702,
        "dim_5": 0.446473478072567
      },
      "cluster_2": {
        "dim_1": -0.354247431213944,
        "dim_2": 0.700223889373658,
        "dim_3": -0.411611481743294,
        "dim_4": 0.310874726858732,
        "dim_5": 0.526511475321682
      },
      "cluster_3": {
        "dim_1": -0.212365388323138,
        "dim_2": -0.495429119565214,
        "dim_3": -0.206053681972708,
        "dim_4": 0.204412423900669,
        "dim_5": -0.656994118086864
      },
      "cluster_4": {
        "dim_1": -0.033732299516623,
        "dim_2": -0.495261736602329,
        "dim_3": 0.386921148708453,
        "dim_4": -0.688621354493605,
        "dim_5": 0.292646522568825
      },
      "cluster_5": {
        "dim_1": 0.561335512447518,
        "dim_2": -0.321363360268941,
        "dim_3": -0.306528627221603,
        "dim_4": 0.411989452215381,
        "dim_5": 0.119891326893928
      }
    },
    "distances": {
      "1": 0.423563405299778,
      "2": 0.299105068054399,
      "3": 0.211990369590026,
      "4": 0.285891475651094,
      "5": 0.603169705966583,
      "6": 0.519111805627263,
      "7": 0.382517265324612,
      "8": 0.163292963012581,
      "9": 0.190701876511562,
      "10": 0.285912775049716,
      "11": 0.212117803411942,
      "12": 0.632859019166343,
      "13": 0.718818157729361
    },
    "objective_value": 4.92905169039526,
    "lower_bound": 3.336536027661765,
    "absolute_gap": 1.5925156627334953,
    "relative_gap": 0.4772961087578982
  },
  "performance": {
    "solution_time_seconds": 1801.2582259178162,
    "solver_status": "ok",
    "termination_condition": "optimal",
    "solver": "gams",
    "subsolver": "gurobi",
    "is_relaxation": false,
    "root_relaxation_value": 0.0,
    "root_relaxation_gap_percent": 100.0,
    "relaxation_gap_percent": null,
    "absolute_gap": null
  }
}