{
  "model_parameters": {
    "n_dimensions": 2,
    "n_clusters": 3,
    "n_points": 12,
    "coord_range_lower": -1,
    "coord_range_upper": 1
  },
  "solution": {
    "status": "optimal",
    "center_coordinates": {
      "cluster_1": {
        "dim_1": -0.634967358818241,
        "dim_2": -0.662664489020062
      },
      "cluster_2": {
        "dim_1": -0.126542826225531,
        "dim_2": 0.659585110927605
      },
      "cluster_3": {
        "dim_1": 0.59026945084137,
        "dim_2": -0.379508383197858
      }
    },
    "distances": {
      "1": 0.127907682886231,
      "2": 0.124517466792258,
      "3": 0.09913078176233,
      "4": 0.175493194245874,
      "5": 0.343286256132065,
      "6": 0.306638749064125,
      "7": 0.11580942218116,
      "8": 0.063859737447163,
      "9": 0.312197663248266,
      "10": 0.053710335751393,
      "11": 0.138488658405188,
      "12": 0.338106216522012
    },
    "objective_value": 2.199146164438065,
    "lower_bound": 2.199144118054489,
    "absolute_gap": 2.0463835763706584e-06,
    "relative_gap": 9.305363662027876e-07
  },
  "performance": {
    "solution_time_seconds": 9.970242977142334,
    "solver_status": "ok",
    "termination_condition": "optimal",
    "solver": "gams",
    "subsolver": "gurobi",
    "is_relaxation": false,
    "root_relaxation_value": 0.0,
    "root_relaxation_gap_percent": 100.0,
    "relaxation_gap_percent": null,
    "absolute_gap": null
  }
}