{
  "model_parameters": {
    "n_dimensions": 3,
    "n_clusters": 4,
    "n_points": 13,
    "coord_range_lower": -1,
    "coord_range_upper": 1
  },
  "solution": {
    "status": "optimal",
    "center_coordinates": {
      "cluster_1": {
        "dim_1": -0.955740910571617,
        "dim_2": -0.587065417371071,
        "dim_3": 0.842097162922927
      },
      "cluster_2": {
        "dim_1": -0.228089989092351,
        "dim_2": 0.74647107779213,
        "dim_3": 0.39143556854669
      },
      "cluster_3": {
        "dim_1": 0.471107831107215,
        "dim_2": 0.058555284379243,
        "dim_3": -0.524490867950164
      },
      "cluster_4": {
        "dim_1": 0.669951295004393,
        "dim_2": -0.29940098352689,
        "dim_3": 0.410570474335903
      }
    },
    "distances": {
      "1": 0.074179017899332,
      "2": 0.0,
      "3": 0.418813932937014,
      "4": 0.030240179161927,
      "5": 0.220484148221356,
      "6": 0.099600424854804,
      "7": 0.576444013110232,
      "8": 0.019184341250702,
      "9": 0.15702304184539,
      "10": 0.133237602918276,
      "11": 0.387222855412746,
      "12": 0.220611832607536,
      "13": 0.109126110333563
    },
    "objective_value": 2.446167500552878,
    "lower_bound": 2.446165055927499,
    "absolute_gap": 2.4446253785725958e-06,
    "relative_gap": 9.993705750349215e-07
  },
  "performance": {
    "solution_time_seconds": 1010.4030675888062,
    "solver_status": "ok",
    "termination_condition": "optimal",
    "solver": "gams",
    "subsolver": "gurobi",
    "is_relaxation": false,
    "root_relaxation_value": 0.0,
    "root_relaxation_gap_percent": 100.0,
    "relaxation_gap_percent": null,
    "absolute_gap": null
  }
}