{
  "model_parameters": {
    "n_dimensions": 3,
    "n_clusters": 5,
    "n_points": 11,
    "coord_range_lower": -1,
    "coord_range_upper": 1
  },
  "solution": {
    "status": "optimal",
    "center_coordinates": {
      "cluster_1": {
        "dim_1": -0.859432915138466,
        "dim_2": 0.964023140309157,
        "dim_3": 0.918059919745474
      },
      "cluster_2": {
        "dim_1": -0.38060876124745,
        "dim_2": 0.539745886966495,
        "dim_3": -0.787994384765632
      },
      "cluster_3": {
        "dim_1": -0.067919419575494,
        "dim_2": -0.457289800092935,
        "dim_3": -0.753579996756305
      },
      "cluster_4": {
        "dim_1": 0.676154524692819,
        "dim_2": -0.554720816690031,
        "dim_3": 0.025725581762565
      },
      "cluster_5": {
        "dim_1": 0.679426017518339,
        "dim_2": 0.585498738697703,
        "dim_3": -0.118780411074181
      }
    },
    "distances": {
      "1": 0.333016113347415,
      "2": 0.04770256525204,
      "3": 0.325769891259097,
      "4": 0.022213698331506,
      "5": 0.350760217814712,
      "6": 0.085765502631626,
      "7": 0.0,
      "8": 0.251117260601491,
      "9": 0.251252480375144,
      "10": 0.345331516061611,
      "11": 0.085482829648782
    },
    "objective_value": 2.098412075323424,
    "lower_bound": 2.098412075323422,
    "upper_bound": 2.098412075323423,
    "absolute_gap": 2.220446049250313e-15,
    "relative_gap": 1.0581553906222553e-15
  },
  "performance": {
    "solution_time_seconds": 105.54828786849976,
    "solver_status": "ok",
    "termination_condition": "optimal",
    "solver": "gams",
    "subsolver": "scip",
    "is_relaxation": false,
    "root_relaxation_value": 2.09841207532342,
    "root_relaxation_gap_percent": 1.9046797031200577e-13,
    "relaxation_gap_percent": null,
    "absolute_gap": null
  }
}