{
  "model_parameters": {
    "n_dimensions": 3,
    "n_clusters": 4,
    "n_points": 14,
    "coord_range_lower": -1,
    "coord_range_upper": 1
  },
  "solution": {
    "status": "optimal",
    "center_coordinates": {
      "cluster_1": {
        "dim_1": -0.742231317405071,
        "dim_2": -0.925806815179279,
        "dim_3": -0.933320431863947
      },
      "cluster_2": {
        "dim_1": -0.2801513671875,
        "dim_2": 0.3951416015625,
        "dim_3": 0.76611328125
      },
      "cluster_3": {
        "dim_1": -0.2801513671875,
        "dim_2": 0.3328857421875,
        "dim_3": -0.12877207622364
      },
      "cluster_4": {
        "dim_1": 0.384713172912594,
        "dim_2": -0.484235880296181,
        "dim_3": 0.124626159667968
      }
    },
    "distances": {
      "1": 0.05326507960427,
      "2": 0.193437302696822,
      "3": 0.019366935758233,
      "4": 0.212444160017732,
      "5": 0.344038831808213,
      "6": 0.758096954528967,
      "7": 0.278853704428118,
      "8": 0.125005577063817,
      "9": 0.081102847105781,
      "10": 0.624838250647185,
      "11": 0.303536053076295,
      "12": 0.367735214132399,
      "13": 0.272915280569291,
      "14": 0.0
    },
    "objective_value": 3.634636191437123,
    "lower_bound": 0.306402796906719,
    "upper_bound": 3.634636191437123,
    "absolute_gap": 3.328233394530404,
    "relative_gap": 10.862281376444642
  },
  "performance": {
    "solution_time_seconds": 300.9434311389923,
    "solver_status": "ok",
    "termination_condition": "optimal",
    "solver": "gams",
    "subsolver": "scip",
    "is_relaxation": false,
    "root_relaxation_value": 0.306402796906719,
    "root_relaxation_gap_percent": 91.56991839709909,
    "relaxation_gap_percent": null,
    "absolute_gap": null
  }
}