{
  "model_parameters": {
    "n_dimensions": 5,
    "n_clusters": 5,
    "n_points": 15,
    "coord_range_lower": -1,
    "coord_range_upper": 1
  },
  "solution": {
    "status": "optimal",
    "center_coordinates": {
      "cluster_1": {
        "dim_1": -0.465328216552753,
        "dim_2": 0.548153986768068,
        "dim_3": -0.423466206141857,
        "dim_4": 0.66729354858401,
        "dim_5": -0.258350372314453
      },
      "cluster_2": {
        "dim_1": -0.465328216552753,
        "dim_2": 0.255120005188416,
        "dim_3": 0.848583221435547,
        "dim_4": -0.038241200887461,
        "dim_5": -0.1241455078125
      },
      "cluster_3": {
        "dim_1": -0.465328216552753,
        "dim_2": -0.264822332188447,
        "dim_3": 0.5767822265625,
        "dim_4": -0.2061767578125,
        "dim_5": 0.4346923828125
      },
      "cluster_4": {
        "dim_1": -0.188819794286101,
        "dim_2": -0.4530029296875,
        "dim_3": -0.4251708984375,
        "dim_4": -0.4083251953125,
        "dim_5": -0.1497802734375
      },
      "cluster_5": {
        "dim_1": -0.188819794286101,
        "dim_2": -0.944449591719368,
        "dim_3": 0.963243396025142,
        "dim_4": -0.1461181640625,
        "dim_5": 0.809288874809169
      }
    },
    "distances": {
      "1": 0.456922972403662,
      "2": 0.391983000283441,
      "3": 0.221877227684355,
      "4": 0.58501664641048,
      "5": 0.283583505178789,
      "6": 0.202015198772997,
      "7": 0.008501577329542,
      "8": 1.038447522999459,
      "9": 0.633111167734937,
      "10": 0.84727516781042,
      "11": 0.710463903992297,
      "12": 0.284143190450656,
      "13": 0.285904623177181,
      "14": 0.654571544289039,
      "15": 0.530721918742564
    },
    "objective_value": 7.134539167259819,
    "lower_bound": 0.0,
    "upper_bound": 7.13453916725982,
    "absolute_gap": 7.134539167259819,
    "relative_gap": null
  },
  "performance": {
    "solution_time_seconds": 301.1570143699646,
    "solver_status": "ok",
    "termination_condition": "optimal",
    "solver": "gams",
    "subsolver": "scip",
    "is_relaxation": false,
    "root_relaxation_value": 0.0,
    "root_relaxation_gap_percent": 100.0,
    "relaxation_gap_percent": null,
    "absolute_gap": null
  }
}