{
  "model_parameters": {
    "n_dimensions": 5,
    "n_clusters": 3,
    "n_points": 15,
    "coord_range_lower": -1,
    "coord_range_upper": 1
  },
  "solution": {
    "status": "optimal",
    "center_coordinates": {
      "cluster_1": {
        "dim_1": 0.117788411593428,
        "dim_2": -0.038569752191879,
        "dim_3": -0.62506981679332,
        "dim_4": -0.17788251236348,
        "dim_5": -0.658270919353739
      },
      "cluster_2": {
        "dim_1": 0.316681028870583,
        "dim_2": 0.07914303752591,
        "dim_3": 0.599653456323894,
        "dim_4": -0.753837466965685,
        "dim_5": -0.170953676505936
      },
      "cluster_3": {
        "dim_1": 0.433985278748045,
        "dim_2": 0.031835740872497,
        "dim_3": -0.029421304828575,
        "dim_4": 0.396553171394962,
        "dim_5": 0.668626274710483
      }
    },
    "distances": {
      "1": 1.154989356012859,
      "2": 0.373460130042238,
      "3": 0.332008198288189,
      "4": 0.29371431392983,
      "5": 1.104709560321664,
      "6": 0.952222761065876,
      "7": 1.075324594677982,
      "8": 1.280688203604145,
      "9": 1.532897823510746,
      "10": 0.780550177110864,
      "11": 0.279866455688339,
      "12": 1.119532685563107,
      "13": 0.482464471141642,
      "14": 1.219748914420062,
      "15": 0.662649582359823
    },
    "objective_value": 12.644827227737366,
    "lower_bound": 12.64482675258356,
    "upper_bound": 12.644827227737368,
    "absolute_gap": 4.7515380607876523e-07,
    "relative_gap": 3.757693287349176e-08
  },
  "performance": {
    "solution_time_seconds": 50.34315609931946,
    "solver_status": "ok",
    "termination_condition": "optimal",
    "solver": "gams",
    "subsolver": "baron",
    "is_relaxation": false,
    "root_relaxation_value": 10.1815,
    "root_relaxation_gap_percent": 19.480908543644436,
    "relaxation_gap_percent": null,
    "absolute_gap": null
  }
}