{
  "model_parameters": {
    "n_dimensions": 2,
    "n_clusters": 3,
    "n_points": 10,
    "coord_range_lower": -1,
    "coord_range_upper": 1
  },
  "solution": {
    "status": "optimal",
    "center_coordinates": {
      "cluster_1": {
        "dim_1": -0.787004723644932,
        "dim_2": 0.220631411243844
      },
      "cluster_2": {
        "dim_1": 0.229340006681493,
        "dim_2": -0.494521911633387
      },
      "cluster_3": {
        "dim_1": 0.351982609820151,
        "dim_2": 0.247278066368973
      }
    },
    "distances": {
      "1": 0.357083646235904,
      "2": 0.107222117481291,
      "3": 0.086134226626859,
      "4": 0.196610315219559,
      "5": 0.068059782191717,
      "6": 0.03389231011096,
      "7": 0.016826044009052,
      "8": 0.077668642972521,
      "9": 0.17833521260045,
      "10": 0.14929883061607
    },
    "objective_value": 1.2711311280643829,
    "lower_bound": 1.271110976274714,
    "absolute_gap": 2.0151789668965137e-05,
    "relative_gap": 1.585368236534676e-05
  },
  "performance": {
    "solution_time_seconds": 1801.5370194911957,
    "solver_status": "ok",
    "termination_condition": "optimal",
    "solver": "gams",
    "subsolver": "scip",
    "is_relaxation": false,
    "root_relaxation_value": 1.27111097627471,
    "root_relaxation_gap_percent": 0.0015853431033231095,
    "relaxation_gap_percent": null,
    "absolute_gap": null
  }
}