{
  "model_parameters": {
    "n_dimensions": 5,
    "n_clusters": 3,
    "n_points": 10,
    "coord_range_lower": -1,
    "coord_range_upper": 1
  },
  "solution": {
    "status": "optimal",
    "center_coordinates": {
      "cluster_1": {
        "dim_1": -0.796557185557423,
        "dim_2": -0.01225990081914,
        "dim_3": 0.562548413069871,
        "dim_4": -0.404796198660664,
        "dim_5": -0.04298533357693
      },
      "cluster_2": {
        "dim_1": -0.560014311354059,
        "dim_2": 0.494394677724947,
        "dim_3": 0.09974506441493,
        "dim_4": 0.486101574550665,
        "dim_5": 0.546605781053822
      },
      "cluster_3": {
        "dim_1": 0.091031143383527,
        "dim_2": -0.273560550642353,
        "dim_3": -0.543030502885055,
        "dim_4": 0.374351334234114,
        "dim_5": -0.692943514099172
      }
    },
    "distances": {
      "1": 0.729947038558465,
      "2": 0.858743657828476,
      "3": 0.534905536382127,
      "4": 1.214972490878515,
      "5": 0.302572625030929,
      "6": 0.156052788227686,
      "7": 1.391876314461285,
      "8": 1.209265981017379,
      "9": 0.533834436748498,
      "10": 0.829846696613925
    },
    "objective_value": 7.762017565747285,
    "lower_bound": 7.761959386061253,
    "absolute_gap": 5.817968603150092e-05,
    "relative_gap": 7.495489622888088e-06
  },
  "performance": {
    "solution_time_seconds": 1800.891851902008,
    "solver_status": "ok",
    "termination_condition": "optimal",
    "solver": "gams",
    "subsolver": "scip",
    "is_relaxation": false,
    "root_relaxation_value": 7.76195938606125,
    "root_relaxation_gap_percent": 0.0007495433441402218,
    "relaxation_gap_percent": null,
    "absolute_gap": null
  }
}