{
  "model_parameters": {
    "n_dimensions": 5,
    "n_clusters": 3,
    "n_points": 13,
    "coord_range_lower": -1,
    "coord_range_upper": 1
  },
  "solution": {
    "status": "optimal",
    "center_coordinates": {
      "cluster_1": {
        "dim_1": -0.455172104837641,
        "dim_2": 0.452137858083792,
        "dim_3": -0.212051899931063,
        "dim_4": -0.537193349442801,
        "dim_5": -0.360166996231888
      },
      "cluster_2": {
        "dim_1": -0.405930829439776,
        "dim_2": -0.431724038529651,
        "dim_3": -0.304688962520279,
        "dim_4": 0.377177927485068,
        "dim_5": -0.056110152197724
      },
      "cluster_3": {
        "dim_1": 0.230127815913239,
        "dim_2": 0.467426911135355,
        "dim_3": -0.161827830155711,
        "dim_4": 0.660027462677005,
        "dim_5": -0.262881278313452
      }
    },
    "distances": {
      "1": 1.168985282123437,
      "2": 1.029850680183585,
      "3": 0.872552755220974,
      "4": 0.702392465974125,
      "5": 0.980321114646295,
      "6": 0.449368967928789,
      "7": 0.372918797692811,
      "8": 0.220961675654164,
      "9": 0.753867982138109,
      "10": 0.570879632052696,
      "11": 0.363545972593634,
      "12": 0.308573019137922,
      "13": 0.367616992702726
    },
    "objective_value": 8.161835338049267,
    "lower_bound": 7.503233008876479,
    "upper_bound": 8.161835338049265,
    "absolute_gap": 0.6586023291727878,
    "relative_gap": 0.08777580656147127
  },
  "performance": {
    "solution_time_seconds": 301.6324427127838,
    "solver_status": "ok",
    "termination_condition": "optimal",
    "solver": "gams",
    "subsolver": "baron",
    "is_relaxation": false,
    "root_relaxation_value": 0.0,
    "root_relaxation_gap_percent": 100.0,
    "relaxation_gap_percent": null,
    "absolute_gap": null
  }
}