{
  "model_parameters": {
    "n_dimensions": 2,
    "n_clusters": 5,
    "n_points": 14,
    "coord_range_lower": -1,
    "coord_range_upper": 1
  },
  "solution": {
    "status": "optimal",
    "center_coordinates": {
      "cluster_1": {
        "dim_1": -0.802721440272381,
        "dim_2": 0.411333076445818
      },
      "cluster_2": {
        "dim_1": -0.444781252582276,
        "dim_2": -0.597905402802882
      },
      "cluster_3": {
        "dim_1": -0.134982974310338,
        "dim_2": 0.571426656366439
      },
      "cluster_4": {
        "dim_1": 0.292578314066029,
        "dim_2": -0.797959143699325
      },
      "cluster_5": {
        "dim_1": 0.433409194106218,
        "dim_2": 0.237837165103666
      }
    },
    "distances": {
      "1": 0.07949601308804,
      "2": 0.080644027597085,
      "3": 0.080158135437284,
      "4": 0.107076683415917,
      "5": 0.089381197022929,
      "6": 0.089799313009875,
      "7": 0.050021450147979,
      "8": 0.179893543362961,
      "9": 0.040067349012481,
      "10": 0.018173742875916,
      "11": 0.15525490272941,
      "12": 0.057291457745729,
      "13": 0.031434040583411,
      "14": 0.054120244979416
    },
    "objective_value": 1.112812101008433,
    "lower_bound": 1.112809811517327,
    "absolute_gap": 2.289491106033381e-06,
    "relative_gap": 2.0573965850567383e-06
  },
  "performance": {
    "solution_time_seconds": 1801.7668006420135,
    "solver_status": "ok",
    "termination_condition": "optimal",
    "solver": "gams",
    "subsolver": "scip",
    "is_relaxation": false,
    "root_relaxation_value": 1.11280981151733,
    "root_relaxation_gap_percent": 0.00020573923495907878,
    "relaxation_gap_percent": null,
    "absolute_gap": null
  }
}