{
  "model_parameters": {
    "n_dimensions": 4,
    "n_clusters": 5,
    "n_points": 14,
    "coord_range_lower": -1,
    "coord_range_upper": 1
  },
  "solution": {
    "status": "optimal",
    "center_coordinates": {
      "cluster_1": {
        "dim_1": -0.784271350249509,
        "dim_2": 0.272285519093397,
        "dim_3": -0.163028264887256,
        "dim_4": -0.337998778522411
      },
      "cluster_2": {
        "dim_1": -0.666858984003854,
        "dim_2": -0.719823714428366,
        "dim_3": -0.819305964157436,
        "dim_4": -0.278381475711763
      },
      "cluster_3": {
        "dim_1": -0.072352711532445,
        "dim_2": 0.721866734129791,
        "dim_3": 0.353530564921863,
        "dim_4": 0.392609009107979
      },
      "cluster_4": {
        "dim_1": 0.220425347546446,
        "dim_2": -0.63241515359156,
        "dim_3": 0.272113138093083,
        "dim_4": 0.672346419234778
      },
      "cluster_5": {
        "dim_1": 0.338082013615492,
        "dim_2": 0.225967095087786,
        "dim_3": 0.491025041008691,
        "dim_4": -0.646588815540839
      }
    },
    "distances": {
      "1": 0.214651794287255,
      "2": 0.123112405448121,
      "3": 0.284719753083775,
      "4": 0.226252679463982,
      "5": 0.533929483598424,
      "6": 0.062477864776325,
      "7": 0.350242477493249,
      "8": 0.061581965907291,
      "9": 0.252507009363183,
      "10": 0.349259333723867,
      "11": 0.061848426443667,
      "12": 0.133622805977768,
      "13": 0.120583073551064,
      "14": 0.456016611769136
    },
    "objective_value": 3.230805684887107,
    "lower_bound": 2.469878196877963,
    "absolute_gap": 0.7609274880091443,
    "relative_gap": 0.30808300140913464
  },
  "performance": {
    "solution_time_seconds": 1800.5140302181244,
    "solver_status": "ok",
    "termination_condition": "optimal",
    "solver": "gams",
    "subsolver": "gurobi",
    "is_relaxation": false,
    "root_relaxation_value": 0.0,
    "root_relaxation_gap_percent": 100.0,
    "relaxation_gap_percent": null,
    "absolute_gap": null
  }
}