{
  "model_parameters": {
    "n_dimensions": 2,
    "n_clusters": 4,
    "n_points": 11,
    "coord_range_lower": -1,
    "coord_range_upper": 1
  },
  "solution": {
    "status": "optimal",
    "center_coordinates": {
      "cluster_1": {
        "dim_1": -0.761192175217258,
        "dim_2": -0.751001858889624
      },
      "cluster_2": {
        "dim_1": -0.754668595035726,
        "dim_2": 0.545438113380606
      },
      "cluster_3": {
        "dim_1": 0.596070641131408,
        "dim_2": 0.70301396601634
      },
      "cluster_4": {
        "dim_1": 0.617405292599447,
        "dim_2": 0.026986904328435
      }
    },
    "distances": {
      "1": 0.0289662792618,
      "2": 0.047724011255109,
      "3": 0.023431277113752,
      "4": 0.043668638268527,
      "5": 0.152406285556233,
      "6": 0.037134885559589,
      "7": 0.001907503233046,
      "8": 0.044099069944072,
      "9": 0.043786765970228,
      "10": 0.047849717844294,
      "11": 0.249879573183768
    },
    "objective_value": 0.720854007190418,
    "lower_bound": 0.720854007190419,
    "upper_bound": 0.720854007190419,
    "absolute_gap": -9.992007221626409e-16,
    "relative_gap": -1.3861346572201193e-15
  },
  "performance": {
    "solution_time_seconds": 3.6445579528808594,
    "solver_status": "ok",
    "termination_condition": "optimal",
    "solver": "gams",
    "subsolver": "scip",
    "is_relaxation": false,
    "root_relaxation_value": 0.720854007190419,
    "root_relaxation_gap_percent": 1.3861346572201213e-13,
    "relaxation_gap_percent": null,
    "absolute_gap": null
  }
}