{
  "model_parameters": {
    "n_dimensions": 2,
    "n_clusters": 4,
    "n_points": 10,
    "coord_range_lower": -1,
    "coord_range_upper": 1
  },
  "solution": {
    "status": "optimal",
    "center_coordinates": {
      "cluster_1": {
        "dim_1": -0.703718827899922,
        "dim_2": -0.404243224797255
      },
      "cluster_2": {
        "dim_1": -0.078052329321258,
        "dim_2": 0.277852158628063
      },
      "cluster_3": {
        "dim_1": 0.579208341091803,
        "dim_2": 0.638302231200456
      },
      "cluster_4": {
        "dim_1": 0.72312581403763,
        "dim_2": -0.197549144723802
      }
    },
    "distances": {
      "1": 0.101165815516205,
      "2": 0.123369571458453,
      "3": 0.093998601440165,
      "4": 0.052623028330451,
      "5": 0.00630977809785,
      "6": 0.01495910012171,
      "7": 0.006171588167875,
      "8": 0.077857332155919,
      "9": 0.029698230390119,
      "10": 0.093582168966212
    },
    "objective_value": 0.599735214644959,
    "lower_bound": 0.599733475162967,
    "absolute_gap": 1.7394819920024673e-06,
    "relative_gap": 2.900425045525087e-06
  },
  "performance": {
    "solution_time_seconds": 1802.2671973705292,
    "solver_status": "ok",
    "termination_condition": "optimal",
    "solver": "gams",
    "subsolver": "scip",
    "is_relaxation": false,
    "root_relaxation_value": 0.599733475162967,
    "root_relaxation_gap_percent": 0.0002900416633084042,
    "relaxation_gap_percent": null,
    "absolute_gap": null
  }
}