{
  "model_parameters": {
    "n_dimensions": 4,
    "n_clusters": 4,
    "n_points": 14,
    "coord_range_lower": -1,
    "coord_range_upper": 1
  },
  "solution": {
    "status": "optimal",
    "center_coordinates": {
      "cluster_1": {
        "dim_1": -0.78845696117021,
        "dim_2": 0.828534029998099,
        "dim_3": -0.907951387899415,
        "dim_4": -0.542698738347598
      },
      "cluster_2": {
        "dim_1": -0.545563125155867,
        "dim_2": -0.184299591167016,
        "dim_3": 0.521394926083523,
        "dim_4": 0.844921164238957
      },
      "cluster_3": {
        "dim_1": 0.169998986108919,
        "dim_2": 0.31787691012375,
        "dim_3": 0.824933156344638,
        "dim_4": -0.370546566255404
      },
      "cluster_4": {
        "dim_1": 0.826385359935657,
        "dim_2": -0.166253000784188,
        "dim_3": -0.207689188653197,
        "dim_4": 0.014115895659321
      }
    },
    "distances": {
      "1": 0.42828431974923,
      "2": 0.209026098950623,
      "3": 0.200594313889654,
      "4": 0.597428039289988,
      "5": 0.455887582817964,
      "6": 0.893376552189455,
      "7": 1.144090132966124,
      "8": 0.333484123960665,
      "9": 0.658932302470642,
      "10": 0.364373275717894,
      "11": 0.401181575259779,
      "12": 0.441303959759408,
      "13": 0.209026098425032,
      "14": 0.98423404579298
    },
    "objective_value": 7.321222421239438,
    "lower_bound": 7.321222421239438,
    "absolute_gap": 0.0,
    "relative_gap": 0.0
  },
  "performance": {
    "solution_time_seconds": 1300.6334011554718,
    "solver_status": "ok",
    "termination_condition": "optimal",
    "solver": "gams",
    "subsolver": "baron",
    "is_relaxation": false,
    "root_relaxation_value": 0.0516633,
    "root_relaxation_gap_percent": 99.29433505735162,
    "relaxation_gap_percent": null,
    "absolute_gap": null
  }
}