{
  "model_parameters": {
    "n_dimensions": 3,
    "n_clusters": 3,
    "n_points": 16,
    "coord_range_lower": -1,
    "coord_range_upper": 1
  },
  "solution": {
    "status": "optimal",
    "center_coordinates": {
      "cluster_1": {
        "dim_1": -0.466903684281465,
        "dim_2": 0.124392363914648,
        "dim_3": 0.272239082431342
      },
      "cluster_2": {
        "dim_1": 0.433541344496637,
        "dim_2": 0.344050362233833,
        "dim_3": -0.539694893838554
      },
      "cluster_3": {
        "dim_1": 0.725266271221785,
        "dim_2": -0.856337940803813,
        "dim_3": 0.421617770680673
      }
    },
    "distances": {
      "1": 0.665923059307866,
      "2": 0.230847991107856,
      "3": 0.427216311004184,
      "4": 0.333699244881277,
      "5": 0.052254602767972,
      "6": 0.640647507314574,
      "7": 0.591119537696234,
      "8": 0.35784603971293,
      "9": 0.07265457379933,
      "10": 0.052254602802635,
      "11": 1.21992842887109,
      "12": 0.486005872140099,
      "13": 0.892794622990726,
      "14": 0.33835426643059,
      "15": 0.210212242191407,
      "16": 0.196385259927806
    },
    "objective_value": 6.768144162946576,
    "lower_bound": 6.768144316471496,
    "upper_bound": 6.768144162946576,
    "absolute_gap": -1.535249198880706e-07,
    "relative_gap": -2.2683458376388357e-08
  },
  "performance": {
    "solution_time_seconds": 44.403823375701904,
    "solver_status": "ok",
    "termination_condition": "optimal",
    "solver": "gams",
    "subsolver": "baron",
    "is_relaxation": false,
    "root_relaxation_value": 4.71089,
    "root_relaxation_gap_percent": 30.3961339093423,
    "relaxation_gap_percent": null,
    "absolute_gap": null
  }
}