{
  "model_parameters": {
    "n_dimensions": 2,
    "n_clusters": 5,
    "n_points": 11,
    "coord_range_lower": -1,
    "coord_range_upper": 1
  },
  "solution": {
    "status": "optimal",
    "center_coordinates": {
      "cluster_1": {
        "dim_1": -0.741085387864481,
        "dim_2": 0.093930563234414
      },
      "cluster_2": {
        "dim_1": -0.135257558780952,
        "dim_2": 0.651404112904906
      },
      "cluster_3": {
        "dim_1": -0.125469229345991,
        "dim_2": 0.081906599173146
      },
      "cluster_4": {
        "dim_1": 0.52310221670296,
        "dim_2": 0.939649183643567
      },
      "cluster_5": {
        "dim_1": 0.646559334641978,
        "dim_2": -0.265427679410635
      }
    },
    "distances": {
      "1": 0.023029524876343,
      "2": 0.064147360583643,
      "3": 0.022743132626474,
      "4": 0.0,
      "5": 0.067844650454309,
      "6": 0.02976203378322,
      "7": 0.0,
      "8": 0.033738940799828,
      "9": 0.036488584017484,
      "10": 0.065474918448894,
      "11": 0.076027831719983
    },
    "objective_value": 0.41925697731017797,
    "lower_bound": 0.419256977310178,
    "upper_bound": 0.419256977310178,
    "absolute_gap": -5.551115123125783e-17,
    "relative_gap": -1.3240364319611342e-16
  },
  "performance": {
    "solution_time_seconds": 25.452293872833252,
    "solver_status": "ok",
    "termination_condition": "optimal",
    "solver": "gams",
    "subsolver": "scip",
    "is_relaxation": false,
    "root_relaxation_value": 0.419256977310178,
    "root_relaxation_gap_percent": 1.3240364319611342e-14,
    "relaxation_gap_percent": null,
    "absolute_gap": null
  }
}