{
  "model_parameters": {
    "n_dimensions": 4,
    "n_clusters": 4,
    "n_points": 17,
    "coord_range_lower": -1,
    "coord_range_upper": 1
  },
  "solution": {
    "status": "optimal",
    "center_coordinates": {
      "cluster_1": {
        "dim_1": -0.711900904518423,
        "dim_2": -0.530690215445945,
        "dim_3": -0.507425468453419,
        "dim_4": 0.27453064142187
      },
      "cluster_2": {
        "dim_1": -0.261050001778707,
        "dim_2": 0.501834252946164,
        "dim_3": -0.628964304411274,
        "dim_4": 0.232394396580483
      },
      "cluster_3": {
        "dim_1": -0.091123121415078,
        "dim_2": 0.676434895359744,
        "dim_3": 0.620477954694432,
        "dim_4": -0.270720943824115
      },
      "cluster_4": {
        "dim_1": 0.529906721648957,
        "dim_2": -0.54653081089301,
        "dim_3": 0.259778053097873,
        "dim_4": -0.087253030095654
      }
    },
    "distances": {
      "1": 0.131378173831491,
      "2": 0.672765293358709,
      "3": 0.399384818113548,
      "4": 0.88320156512838,
      "5": 1.077780330974828,
      "6": 0.393430693235487,
      "7": 0.740660364567838,
      "8": 0.023288616699747,
      "9": 0.466727725222782,
      "10": 0.502345837605192,
      "11": 0.235167820922957,
      "12": 0.271018504109197,
      "13": 0.30053813995028,
      "14": 0.31005654868511,
      "15": 0.437832219146801,
      "16": 0.634970831505247,
      "17": 0.918511248410369
    },
    "objective_value": 8.399058731467964,
    "lower_bound": 4.369064471129175,
    "absolute_gap": 4.029994260338789,
    "relative_gap": 0.9223929486435906
  },
  "performance": {
    "solution_time_seconds": 1823.4666504859924,
    "solver_status": "ok",
    "termination_condition": "optimal",
    "solver": "gams",
    "subsolver": "baron",
    "is_relaxation": false,
    "root_relaxation_value": 0.0,
    "root_relaxation_gap_percent": 100.0,
    "relaxation_gap_percent": null,
    "absolute_gap": null
  }
}