{
  "model_parameters": {
    "n_dimensions": 5,
    "n_clusters": 5,
    "n_points": 11,
    "coord_range_lower": -1,
    "coord_range_upper": 1
  },
  "solution": {
    "status": "optimal",
    "center_coordinates": {
      "cluster_1": {
        "dim_1": -0.535352542109984,
        "dim_2": 0.825611062173225,
        "dim_3": 0.615299817552989,
        "dim_4": 0.047593099992591,
        "dim_5": 0.189279580306941
      },
      "cluster_2": {
        "dim_1": -0.25967231142044,
        "dim_2": 0.050883018077949,
        "dim_3": -0.510605217604447,
        "dim_4": 0.787898866707166,
        "dim_5": 0.598942775876518
      },
      "cluster_3": {
        "dim_1": 0.064534644662631,
        "dim_2": -0.603733085776702,
        "dim_3": -0.14412591556713,
        "dim_4": -0.160243884139799,
        "dim_5": 0.155555758392208
      },
      "cluster_4": {
        "dim_1": 0.21901453823508,
        "dim_2": 0.607596435300106,
        "dim_3": -0.869700270510328,
        "dim_4": 0.258582903324204,
        "dim_5": -0.833812630066538
      },
      "cluster_5": {
        "dim_1": 0.700255660456962,
        "dim_2": 0.740611774439573,
        "dim_3": -0.447868293405497,
        "dim_4": -0.810552216674846,
        "dim_5": 0.974474193545147
      }
    },
    "distances": {
      "1": 1.042403432728195,
      "2": 0.200704967052748,
      "3": 0.760566428908136,
      "4": 0.825566936975328,
      "5": 0.279488363237088,
      "6": 0.279488361450672,
      "7": 0.0,
      "8": 0.656265752503867,
      "9": 0.566915567999971,
      "10": 0.100468585849659,
      "11": 0.200704965581733
    },
    "objective_value": 4.912573362287397,
    "lower_bound": 1.196339572529691,
    "upper_bound": 4.912573362287399,
    "absolute_gap": 3.7162337897577054,
    "relative_gap": 3.106336925643639
  },
  "performance": {
    "solution_time_seconds": 301.5152060985565,
    "solver_status": "ok",
    "termination_condition": "optimal",
    "solver": "gams",
    "subsolver": "baron",
    "is_relaxation": false,
    "root_relaxation_value": 0.0,
    "root_relaxation_gap_percent": 100.0,
    "relaxation_gap_percent": null,
    "absolute_gap": null
  }
}