{
  "model_parameters": {
    "n_dimensions": 3,
    "n_clusters": 4,
    "n_points": 17,
    "coord_range_lower": -1,
    "coord_range_upper": 1
  },
  "solution": {
    "status": "optimal",
    "center_coordinates": {
      "cluster_1": {
        "dim_1": -0.253356750220573,
        "dim_2": -0.667300536837924,
        "dim_3": -0.466631632011075
      },
      "cluster_2": {
        "dim_1": -0.253356710405437,
        "dim_2": -0.087348922034871,
        "dim_3": 0.905071450177316
      },
      "cluster_3": {
        "dim_1": 0.682640275110722,
        "dim_2": -0.441366653413387,
        "dim_3": 0.49367285498452
      },
      "cluster_4": {
        "dim_1": 0.688059087420839,
        "dim_2": 0.549796794892907,
        "dim_3": -0.473479323526534
      }
    },
    "distances": {
      "1": 0.231859490080901,
      "2": 0.20352486850751,
      "3": 0.628485844288469,
      "4": 0.461542776902066,
      "5": 0.37725358550587,
      "6": 0.892902724646801,
      "7": 0.193143684289974,
      "8": 0.324298090526215,
      "9": 0.317733464694237,
      "10": 0.134837952934948,
      "11": 0.311505718641103,
      "12": 0.635276015152034,
      "13": 0.62288185251911,
      "14": 0.331624343414651,
      "15": 0.093474654454896,
      "16": 0.280224419302732,
      "17": 0.546398108706484
    },
    "objective_value": 6.586967594568001,
    "lower_bound": 4.146426450233215,
    "upper_bound": 6.586967594567999,
    "absolute_gap": 2.4405411443347855,
    "relative_gap": 0.5885890353119655
  },
  "performance": {
    "solution_time_seconds": 301.6010344028473,
    "solver_status": "ok",
    "termination_condition": "optimal",
    "solver": "gams",
    "subsolver": "baron",
    "is_relaxation": false,
    "root_relaxation_value": 0.692665,
    "root_relaxation_gap_percent": 89.48431140649285,
    "relaxation_gap_percent": null,
    "absolute_gap": null
  }
}