{
  "model_parameters": {
    "n_dimensions": 3,
    "n_clusters": 4,
    "n_points": 10,
    "coord_range_lower": -1,
    "coord_range_upper": 1
  },
  "solution": {
    "status": "optimal",
    "center_coordinates": {
      "cluster_1": {
        "dim_1": -0.600223698740309,
        "dim_2": -0.489973569769728,
        "dim_3": -0.373502539208981
      },
      "cluster_2": {
        "dim_1": -0.557465755769852,
        "dim_2": 0.559337638276206,
        "dim_3": -0.277177324481151
      },
      "cluster_3": {
        "dim_1": 0.406994682991493,
        "dim_2": 0.23311191073663,
        "dim_3": 0.330190902217363
      },
      "cluster_4": {
        "dim_1": 0.542310853147643,
        "dim_2": 0.439599090350338,
        "dim_3": -0.970094099184193
      }
    },
    "distances": {
      "1": 0.156173985865177,
      "2": 0.333765997367172,
      "3": 0.011771319772908,
      "4": 0.181448552631476,
      "5": 0.206300430826566,
      "6": 0.019996019576698,
      "7": 0.047701711266065,
      "8": 0.206300455834718,
      "9": 0.145634050032188,
      "10": 0.0
    },
    "objective_value": 1.309092523172968,
    "lower_bound": 1.309092523172968,
    "upper_bound": 1.309092523172968,
    "absolute_gap": 0.0,
    "relative_gap": 0.0
  },
  "performance": {
    "solution_time_seconds": 84.87689137458801,
    "solver_status": "ok",
    "termination_condition": "optimal",
    "solver": "gams",
    "subsolver": "baron",
    "is_relaxation": false,
    "root_relaxation_value": 0.0,
    "root_relaxation_gap_percent": 100.0,
    "relaxation_gap_percent": null,
    "absolute_gap": null
  }
}