{
  "model_parameters": {
    "n_dimensions": 5,
    "n_clusters": 4,
    "n_points": 12,
    "coord_range_lower": -1,
    "coord_range_upper": 1
  },
  "solution": {
    "status": "optimal",
    "center_coordinates": {
      "cluster_1": {
        "dim_1": -0.473693329243961,
        "dim_2": -0.709376159166202,
        "dim_3": -0.200414657592774,
        "dim_4": -0.156823837801398,
        "dim_5": 0.563217271736144
      },
      "cluster_2": {
        "dim_1": -0.473693329243961,
        "dim_2": -0.80126953125,
        "dim_3": 0.717769417434143,
        "dim_4": -0.3753662109375,
        "dim_5": -0.628326416015625
      },
      "cluster_3": {
        "dim_1": 0.303418391671868,
        "dim_2": 0.163284301757812,
        "dim_3": -0.596625790324684,
        "dim_4": -0.0860595703125,
        "dim_5": -0.546838760375977
      },
      "cluster_4": {
        "dim_1": 0.765826106283275,
        "dim_2": -0.127718864543987,
        "dim_3": 0.955529219413732,
        "dim_4": 0.13330078125,
        "dim_5": 0.15185546875
      }
    },
    "distances": {
      "1": 0.502270316799626,
      "2": 0.409367528778505,
      "3": 0.499284095214574,
      "4": 0.752639475532353,
      "5": 0.312712756552864,
      "6": 1.361015526930693,
      "7": 0.950488849943263,
      "8": 0.481161765781019,
      "9": 0.647737593199738,
      "10": 0.977318758300891,
      "11": 0.97841687336328,
      "12": 0.345837109442636
    },
    "objective_value": 8.218250649839442,
    "lower_bound": 2.20538657914595,
    "upper_bound": 8.21825064983944,
    "absolute_gap": 6.012864070693492,
    "relative_gap": 2.726444482591352
  },
  "performance": {
    "solution_time_seconds": 301.2712516784668,
    "solver_status": "ok",
    "termination_condition": "optimal",
    "solver": "gams",
    "subsolver": "scip",
    "is_relaxation": false,
    "root_relaxation_value": 2.20538657914595,
    "root_relaxation_gap_percent": 73.16476859720706,
    "relaxation_gap_percent": null,
    "absolute_gap": null
  }
}