{
  "model_parameters": {
    "n_dimensions": 2,
    "n_clusters": 5,
    "n_points": 10,
    "coord_range_lower": -1,
    "coord_range_upper": 1
  },
  "solution": {
    "status": "optimal",
    "center_coordinates": {
      "cluster_1": {
        "dim_1": -0.884360239311654,
        "dim_2": 0.574011892556556
      },
      "cluster_2": {
        "dim_1": -0.75461616834989,
        "dim_2": -0.824008971267368
      },
      "cluster_3": {
        "dim_1": -0.159350167016397,
        "dim_2": -0.13000600326981
      },
      "cluster_4": {
        "dim_1": 0.049181467488188,
        "dim_2": 0.509848645604147
      },
      "cluster_5": {
        "dim_1": 0.864647752881079,
        "dim_2": 0.742280851997653
      }
    },
    "distances": {
      "1": 0.006556711758859,
      "2": 0.025417517595509,
      "3": 0.013280380215707,
      "4": 0.016318846386223,
      "5": 0.0,
      "6": 0.145220605575667,
      "7": 0.160482305064948,
      "8": 0.013280380652816,
      "9": 0.0,
      "10": 0.027535556967562
    },
    "objective_value": 0.408092304217291,
    "lower_bound": 0.40809230421729,
    "absolute_gap": 9.992007221626409e-16,
    "relative_gap": 2.4484674467926586e-15
  },
  "performance": {
    "solution_time_seconds": 6.2883384227752686,
    "solver_status": "ok",
    "termination_condition": "optimal",
    "solver": "gams",
    "subsolver": "baron",
    "is_relaxation": false,
    "root_relaxation_value": 0.0,
    "root_relaxation_gap_percent": 100.0,
    "relaxation_gap_percent": null,
    "absolute_gap": null
  }
}