{
  "model_parameters": {
    "n_dimensions": 2,
    "n_clusters": 5,
    "n_points": 17,
    "coord_range_lower": -1,
    "coord_range_upper": 1
  },
  "solution": {
    "status": "optimal",
    "center_coordinates": {
      "cluster_1": {
        "dim_1": -0.473723000365933,
        "dim_2": -0.461368896035984
      },
      "cluster_2": {
        "dim_1": -0.303401619598111,
        "dim_2": 0.767465487207876
      },
      "cluster_3": {
        "dim_1": -0.234548687875406,
        "dim_2": 0.128440241746325
      },
      "cluster_4": {
        "dim_1": 0.604149267228683,
        "dim_2": -0.634677198056625
      },
      "cluster_5": {
        "dim_1": 0.711992533288194,
        "dim_2": 0.346803919852131
      }
    },
    "distances": {
      "1": 0.215288111977458,
      "2": 0.06406258928044,
      "3": 0.045228990475305,
      "4": 0.101049821415089,
      "5": 0.126092010723196,
      "6": 0.0863740874315,
      "7": 0.009114500215246,
      "8": 0.009078384180556,
      "9": 0.15020649767604,
      "10": 0.073058484513787,
      "11": 0.092058734655867,
      "12": 0.038250214905939,
      "13": 0.028511045961718,
      "14": 0.022971138302611,
      "15": 0.073492411321981,
      "16": 0.142733013343419,
      "17": 0.022589643144464
    },
    "objective_value": 1.300159679524616,
    "lower_bound": 1.300159376281719,
    "upper_bound": 1.300159679524617,
    "absolute_gap": 3.032428970151102e-07,
    "relative_gap": 2.332351729695971e-07
  },
  "performance": {
    "solution_time_seconds": 165.7086796760559,
    "solver_status": "ok",
    "termination_condition": "optimal",
    "solver": "gams",
    "subsolver": "gurobi",
    "is_relaxation": false,
    "root_relaxation_value": 0.0,
    "root_relaxation_gap_percent": 100.0,
    "relaxation_gap_percent": null,
    "absolute_gap": null
  }
}