{
  "model_parameters": {
    "n_dimensions": 2,
    "n_clusters": 4,
    "n_points": 12,
    "coord_range_lower": -1,
    "coord_range_upper": 1
  },
  "solution": {
    "status": "optimal",
    "center_coordinates": {
      "cluster_1": {
        "dim_1": -0.665447550604463,
        "dim_2": 0.281368960272946
      },
      "cluster_2": {
        "dim_1": -0.379771409228755,
        "dim_2": -0.685589573256822
      },
      "cluster_3": {
        "dim_1": 0.524316671750889,
        "dim_2": -0.016696576902577
      },
      "cluster_4": {
        "dim_1": 0.56886455639776,
        "dim_2": -0.73083684651106
      }
    },
    "distances": {
      "1": 0.034064528979572,
      "2": 0.116941494450872,
      "3": 0.064857684747991,
      "4": 0.103385081966658,
      "5": 0.077094072057192,
      "6": 0.117423573877984,
      "7": 0.064857684747993,
      "8": 0.014976713710639,
      "9": 0.187339954870071,
      "10": 0.121557245637584,
      "11": 0.034064528979565,
      "12": 0.011902599754384
    },
    "objective_value": 0.9484651637805049,
    "lower_bound": 0.948465163780503,
    "absolute_gap": 1.887379141862766e-15,
    "relative_gap": 1.9899298508126857e-15
  },
  "performance": {
    "solution_time_seconds": 123.3489282131195,
    "solver_status": "ok",
    "termination_condition": "optimal",
    "solver": "gams",
    "subsolver": "baron",
    "is_relaxation": false,
    "root_relaxation_value": 0.0,
    "root_relaxation_gap_percent": 100.0,
    "relaxation_gap_percent": null,
    "absolute_gap": null
  }
}