{
  "model_parameters": {
    "n_dimensions": 5,
    "n_clusters": 5,
    "n_points": 12,
    "coord_range_lower": -1,
    "coord_range_upper": 1
  },
  "solution": {
    "status": "optimal",
    "center_coordinates": {
      "cluster_1": {
        "dim_1": -0.432669579177566,
        "dim_2": 0.60445708619914,
        "dim_3": 0.464483981838379,
        "dim_4": 0.504211205850371,
        "dim_5": 0.469195373450364
      },
      "cluster_2": {
        "dim_1": -0.184560792620025,
        "dim_2": 0.510532767841472,
        "dim_3": -0.816669885614737,
        "dim_4": 0.20848270025381,
        "dim_5": 0.565841902524607
      },
      "cluster_3": {
        "dim_1": -0.074674706263548,
        "dim_2": -0.136771361607247,
        "dim_3": 0.196228166955628,
        "dim_4": 0.585679902038373,
        "dim_5": -0.755339516073074
      },
      "cluster_4": {
        "dim_1": 0.181549174174531,
        "dim_2": -0.64985367149643,
        "dim_3": 0.856181697296543,
        "dim_4": -0.512284459328894,
        "dim_5": 0.22829221087538
      },
      "cluster_5": {
        "dim_1": 0.579505648284078,
        "dim_2": 0.647765545614516,
        "dim_3": 0.623764495590603,
        "dim_4": -0.769189429704902,
        "dim_5": 0.683227345197427
      }
    },
    "distances": {
      "1": 0.533599793754867,
      "2": 0.603752793596973,
      "3": 0.439238224709964,
      "4": 0.143927619262833,
      "5": 0.533599788704349,
      "6": 0.695046530404586,
      "7": 0.510804549445362,
      "8": 0.331504593362318,
      "9": 0.0,
      "10": 0.302350003519168,
      "11": 0.106686131000981,
      "12": 0.302350021474923
    },
    "objective_value": 4.502860049236324,
    "lower_bound": 3.184172042289553,
    "absolute_gap": 1.3186880069467715,
    "relative_gap": 0.4141384289017812
  },
  "performance": {
    "solution_time_seconds": 1877.8450543880463,
    "solver_status": "ok",
    "termination_condition": "optimal",
    "solver": "gams",
    "subsolver": "baron",
    "is_relaxation": false,
    "root_relaxation_value": 0.0,
    "root_relaxation_gap_percent": 100.0,
    "relaxation_gap_percent": null,
    "absolute_gap": null
  }
}