{
  "model_parameters": {
    "n_dimensions": 5,
    "n_clusters": 3,
    "n_points": 13,
    "coord_range_lower": -1,
    "coord_range_upper": 1
  },
  "solution": {
    "status": "optimal",
    "center_coordinates": {
      "cluster_1": {
        "dim_1": -0.420703211609549,
        "dim_2": -0.4317240382682,
        "dim_3": -0.304688962581088,
        "dim_4": 0.377177927380109,
        "dim_5": -0.056110152123983
      },
      "cluster_2": {
        "dim_1": -0.420703211609549,
        "dim_2": 0.452137857765385,
        "dim_3": -0.212051900721854,
        "dim_4": -0.537193349440536,
        "dim_5": -0.360166996043687
      },
      "cluster_3": {
        "dim_1": 0.230127816759963,
        "dim_2": 0.467426911185382,
        "dim_3": -0.161827830340539,
        "dim_4": 0.660027463544209,
        "dim_5": -0.262881279301689
      }
    },
    "distances": {
      "1": 1.172623374695355,
      "2": 1.014217615130638,
      "3": 0.872873559989729,
      "4": 0.70538350618212,
      "5": 0.986942455232213,
      "6": 0.449368966560497,
      "7": 0.366772849032514,
      "8": 0.220961675579233,
      "9": 0.754120450784862,
      "10": 0.584991334749179,
      "11": 0.363545974036766,
      "12": 0.30105209619854,
      "13": 0.374073356482534
    },
    "objective_value": 8.16692721465418,
    "lower_bound": 8.16692721465418,
    "upper_bound": 8.16692721465418,
    "absolute_gap": 0.0,
    "relative_gap": 0.0
  },
  "performance": {
    "solution_time_seconds": 76.63376474380493,
    "solver_status": "ok",
    "termination_condition": "optimal",
    "solver": "gams",
    "subsolver": "baron",
    "is_relaxation": false,
    "root_relaxation_value": 0.0,
    "root_relaxation_gap_percent": 100.0,
    "relaxation_gap_percent": null,
    "absolute_gap": null
  }
}