{
  "model_parameters": {
    "n_dimensions": 5,
    "n_clusters": 3,
    "n_points": 13,
    "coord_range_lower": -1,
    "coord_range_upper": 1
  },
  "solution": {
    "status": "optimal",
    "center_coordinates": {
      "cluster_1": {
        "dim_1": -0.455071905729031,
        "dim_2": 0.451841470155722,
        "dim_3": -0.212252623610675,
        "dim_4": -0.5372215133756,
        "dim_5": -0.36004638671875
      },
      "cluster_2": {
        "dim_1": -0.405922930145908,
        "dim_2": -0.431710650902899,
        "dim_3": -0.304531156795994,
        "dim_4": 0.3775307090666,
        "dim_5": -0.055917884528412
      },
      "cluster_3": {
        "dim_1": 0.229835737705278,
        "dim_2": 0.467651036745746,
        "dim_3": -0.161983749129535,
        "dim_4": 0.660038859993056,
        "dim_5": -0.263039501776441
      }
    },
    "distances": {
      "1": 1.169112224916844,
      "2": 1.029226983090543,
      "3": 0.873160126076784,
      "4": 0.702307386175598,
      "5": 0.980141956664704,
      "6": 0.448990524727318,
      "7": 0.37332419319956,
      "8": 0.221170493452647,
      "9": 0.753344211725794,
      "10": 0.570968393268415,
      "11": 0.363714569346689,
      "12": 0.308420495410941,
      "13": 0.367947999635951
    },
    "objective_value": 8.161829557691789,
    "lower_bound": 5.855873830177526,
    "upper_bound": 8.161829557691789,
    "absolute_gap": 2.305955727514263,
    "relative_gap": 0.3937850770675426
  },
  "performance": {
    "solution_time_seconds": 301.45156264305115,
    "solver_status": "ok",
    "termination_condition": "optimal",
    "solver": "gams",
    "subsolver": "scip",
    "is_relaxation": false,
    "root_relaxation_value": 5.85587383017753,
    "root_relaxation_gap_percent": 28.252926763719334,
    "relaxation_gap_percent": null,
    "absolute_gap": null
  }
}