{
  "model_parameters": {
    "n_dimensions": 2,
    "n_clusters": 3,
    "n_points": 10,
    "coord_range_lower": -1,
    "coord_range_upper": 1
  },
  "solution": {
    "status": "optimal",
    "center_coordinates": {
      "cluster_1": {
        "dim_1": -0.402017720995354,
        "dim_2": 0.509454443815426
      },
      "cluster_2": {
        "dim_1": -0.228130902557681,
        "dim_2": -0.88881169006122
      },
      "cluster_3": {
        "dim_1": 0.911083746912936,
        "dim_2": -0.126444333351676
      }
    },
    "distances": {
      "1": 0.335044174167483,
      "2": 0.258454822188421,
      "3": 0.140811643062021,
      "4": 0.372524929504406,
      "5": 0.022092146808331,
      "6": 0.335055678153282,
      "7": 0.084480831566816,
      "8": 0.034024903435629,
      "9": 0.167013299064658,
      "10": 0.030563122728592
    },
    "objective_value": 1.780065550679639,
    "lower_bound": 1.780064812376573,
    "absolute_gap": 7.383030660168544e-07,
    "relative_gap": 4.1476190129905573e-07
  },
  "performance": {
    "solution_time_seconds": 0.5435974597930908,
    "solver_status": "ok",
    "termination_condition": "optimal",
    "solver": "gams",
    "subsolver": "gurobi",
    "is_relaxation": false,
    "root_relaxation_value": 0.0,
    "root_relaxation_gap_percent": 100.0,
    "relaxation_gap_percent": null,
    "absolute_gap": null
  }
}