{
  "model_parameters": {
    "n_dimensions": 3,
    "n_clusters": 4,
    "n_points": 16,
    "coord_range_lower": -1,
    "coord_range_upper": 1
  },
  "solution": {
    "status": "optimal",
    "center_coordinates": {
      "cluster_1": {
        "dim_1": -0.815554401437248,
        "dim_2": 0.481001341175828,
        "dim_3": 0.212636596510454
      },
      "cluster_2": {
        "dim_1": -0.352858480687645,
        "dim_2": -0.57117872449116,
        "dim_3": -0.114445304292013
      },
      "cluster_3": {
        "dim_1": 0.448056605027148,
        "dim_2": 0.543978904825888,
        "dim_3": 0.714987782829739
      },
      "cluster_4": {
        "dim_1": 0.761752229747843,
        "dim_2": 0.803555658043272,
        "dim_3": -0.757972266616314
      }
    },
    "distances": {
      "1": 0.218117683369601,
      "2": 0.317355313821385,
      "3": 0.26895034795453,
      "4": 0.11432682085367,
      "5": 0.294141572993182,
      "6": 0.468801597844469,
      "7": 0.096418432667417,
      "8": 0.187299765114526,
      "9": 0.19444642691611,
      "10": 0.325904128560284,
      "11": 0.060894026470444,
      "12": 0.138694367563424,
      "13": 0.039880138513356,
      "14": 0.044951852349247,
      "15": 0.080095015155319,
      "16": 0.092282046071901
    },
    "objective_value": 2.942559536218865,
    "lower_bound": 2.942556900076964,
    "absolute_gap": 2.636141901213307e-06,
    "relative_gap": 8.958677744326227e-07
  },
  "performance": {
    "solution_time_seconds": 1801.4906868934631,
    "solver_status": "ok",
    "termination_condition": "optimal",
    "solver": "gams",
    "subsolver": "scip",
    "is_relaxation": false,
    "root_relaxation_value": 2.94255690007696,
    "root_relaxation_gap_percent": 8.958669732125467e-05,
    "relaxation_gap_percent": null,
    "absolute_gap": null
  }
}