{
  "model_parameters": {
    "n_dimensions": 5,
    "n_clusters": 4,
    "n_points": 12,
    "coord_range_lower": -1,
    "coord_range_upper": 1
  },
  "solution": {
    "status": "optimal",
    "center_coordinates": {
      "cluster_1": {
        "dim_1": -0.780758538634628,
        "dim_2": -0.801287689077902,
        "dim_3": 0.717770668879614,
        "dim_4": -0.375352015604388,
        "dim_5": -0.628474866911628
      },
      "cluster_2": {
        "dim_1": -0.111500160475041,
        "dim_2": -0.55656191933547,
        "dim_3": -0.747866134706971,
        "dim_4": 0.2567737508328,
        "dim_5": 0.429651241774705
      },
      "cluster_3": {
        "dim_1": 0.132227242031237,
        "dim_2": -0.830632442818412,
        "dim_3": 0.516288128847124,
        "dim_4": -0.107383492559105,
        "dim_5": 0.531454922702555
      },
      "cluster_4": {
        "dim_1": 0.350614051368699,
        "dim_2": 0.430341503159183,
        "dim_3": -0.145817393741035,
        "dim_4": -0.288324321645201,
        "dim_5": -0.628052304638125
      }
    },
    "distances": {
      "1": 0.313203141516592,
      "2": 0.210451951748349,
      "3": 0.156056048810665,
      "4": 0.422637048666486,
      "5": 0.313203141516591,
      "6": 1.007263912095117,
      "7": 1.005602979302285,
      "8": 0.827272510047198,
      "9": 0.45401825424334,
      "10": 1.575888642416612,
      "11": 0.804331488053165,
      "12": 0.610821927165664
    },
    "objective_value": 7.700751045582064,
    "lower_bound": 7.700751045582063,
    "absolute_gap": 8.881784197001252e-16,
    "relative_gap": 1.1533659696863918e-16
  },
  "performance": {
    "solution_time_seconds": 1066.6507675647736,
    "solver_status": "ok",
    "termination_condition": "optimal",
    "solver": "gams",
    "subsolver": "baron",
    "is_relaxation": false,
    "root_relaxation_value": 0.492669,
    "root_relaxation_gap_percent": 93.60232531757217,
    "relaxation_gap_percent": null,
    "absolute_gap": null
  }
}