{
  "model_parameters": {
    "n_dimensions": 5,
    "n_clusters": 4,
    "n_points": 12,
    "coord_range_lower": -1,
    "coord_range_upper": 1
  },
  "solution": {
    "status": "optimal",
    "center_coordinates": {
      "cluster_1": {
        "dim_1": -0.781173572337213,
        "dim_2": -0.801553660744794,
        "dim_3": 0.717625717979309,
        "dim_4": -0.375427030905724,
        "dim_5": -0.628730544865447
      },
      "cluster_2": {
        "dim_1": -0.111527398231031,
        "dim_2": -0.556856674178061,
        "dim_3": -0.748046875000047,
        "dim_4": 0.256458417174596,
        "dim_5": 0.429398926302444
      },
      "cluster_3": {
        "dim_1": 0.132030883719497,
        "dim_2": -0.83097594350782,
        "dim_3": 0.51643483967796,
        "dim_4": -0.107751034078727,
        "dim_5": 0.531509487633348
      },
      "cluster_4": {
        "dim_1": 0.350512444942452,
        "dim_2": 0.429951399351429,
        "dim_3": -0.145977458424418,
        "dim_4": -0.288504118254762,
        "dim_5": -0.628236050665696
      }
    },
    "distances": {
      "1": 0.313063143046794,
      "2": 0.210500461047331,
      "3": 0.156297439041588,
      "4": 0.422222510025992,
      "5": 0.313342285486451,
      "6": 1.007401188887773,
      "7": 1.005924270100241,
      "8": 0.826560787254781,
      "9": 0.453599841694702,
      "10": 1.57669172172519,
      "11": 0.804700142231608,
      "12": 0.610441768786569
    },
    "objective_value": 7.70074555932902,
    "lower_bound": 4.357992042401675,
    "upper_bound": 7.700745559329021,
    "absolute_gap": 3.3427535169273446,
    "relative_gap": 0.7670398395415986
  },
  "performance": {
    "solution_time_seconds": 301.18829131126404,
    "solver_status": "ok",
    "termination_condition": "optimal",
    "solver": "gams",
    "subsolver": "scip",
    "is_relaxation": false,
    "root_relaxation_value": 4.35799204240168,
    "root_relaxation_gap_percent": 43.40818030116294,
    "relaxation_gap_percent": null,
    "absolute_gap": null
  }
}