{
  "model_parameters": {
    "n_dimensions": 5,
    "n_clusters": 3,
    "n_points": 17,
    "coord_range_lower": -1,
    "coord_range_upper": 1
  },
  "solution": {
    "status": "optimal",
    "center_coordinates": {
      "cluster_1": {
        "dim_1": -0.482143039865765,
        "dim_2": -0.120562597599886,
        "dim_3": -0.402208604586925,
        "dim_4": -0.09648932128771,
        "dim_5": 0.485666705682223
      },
      "cluster_2": {
        "dim_1": -0.137966193951729,
        "dim_2": -0.270925583198255,
        "dim_3": -0.083257847892057,
        "dim_4": 0.42649514874366,
        "dim_5": -0.795765254634397
      },
      "cluster_3": {
        "dim_1": 0.301364819963116,
        "dim_2": -0.272804342902544,
        "dim_3": 0.33275194787657,
        "dim_4": 0.863571029647431,
        "dim_5": 0.532542317408878
      }
    },
    "distances": {
      "1": 1.264428089486412,
      "2": 0.730399522200642,
      "3": 1.062766780778743,
      "4": 1.14845883282559,
      "5": 2.000762875363225,
      "6": 0.685585950462134,
      "7": 1.026332486436964,
      "8": 0.184820248915927,
      "9": 0.751692067791666,
      "10": 1.464806560733083,
      "11": 1.469094507708782,
      "12": 0.506992107114629,
      "13": 0.707167527244575,
      "14": 0.354010191375942,
      "15": 0.600063720017223,
      "16": 1.777982140218823,
      "17": 0.78710166146812
    },
    "objective_value": 16.52246527014248,
    "lower_bound": 7.043024083234097,
    "absolute_gap": 9.479441186908382,
    "relative_gap": 1.3459333767541943
  },
  "performance": {
    "solution_time_seconds": 1893.7323060035706,
    "solver_status": "ok",
    "termination_condition": "optimal",
    "solver": "gams",
    "subsolver": "baron",
    "is_relaxation": false,
    "root_relaxation_value": 1.78543,
    "root_relaxation_gap_percent": 89.19392493306417,
    "relaxation_gap_percent": null,
    "absolute_gap": null
  }
}