{
  "model_parameters": {
    "n_dimensions": 4,
    "n_clusters": 5,
    "n_points": 12,
    "coord_range_lower": -1,
    "coord_range_upper": 1
  },
  "solution": {
    "status": "optimal",
    "center_coordinates": {
      "cluster_1": {
        "dim_1": -0.662451626905896,
        "dim_2": -0.445025590014674,
        "dim_3": -0.004488905719817,
        "dim_4": -0.374836125017053
      },
      "cluster_2": {
        "dim_1": -0.402732437928953,
        "dim_2": 0.427009184208343,
        "dim_3": 0.431120681686768,
        "dim_4": 0.446289857610775
      },
      "cluster_3": {
        "dim_1": -0.025875680212033,
        "dim_2": 0.279094317694594,
        "dim_3": -0.53207026743356,
        "dim_4": 0.303937937171202
      },
      "cluster_4": {
        "dim_1": 0.624870565667181,
        "dim_2": -0.449263302697339,
        "dim_3": 0.361314578000767,
        "dim_4": 0.955971031477555
      },
      "cluster_5": {
        "dim_1": 0.657544193035653,
        "dim_2": -0.857342289932689,
        "dim_3": -0.094566246522143,
        "dim_4": -0.747271589178803
      }
    },
    "distances": {
      "1": 0.135188286112497,
      "2": 0.310748354854624,
      "3": 0.287344421348343,
      "4": 0.246411850149028,
      "5": 0.367311004156018,
      "6": 0.367612248296603,
      "7": 3.910089517e-06,
      "8": 0.287566681232044,
      "9": 0.135846149561512,
      "10": 0.493772481750457,
      "11": 0.320897341195746,
      "12": 0.526181328079087
    },
    "objective_value": 3.4788840568254757,
    "lower_bound": 3.186088682171812,
    "absolute_gap": 0.29279537465366356,
    "relative_gap": 0.09189806181229024
  },
  "performance": {
    "solution_time_seconds": 1800.6163742542267,
    "solver_status": "ok",
    "termination_condition": "optimal",
    "solver": "gams",
    "subsolver": "gurobi",
    "is_relaxation": false,
    "root_relaxation_value": 0.0,
    "root_relaxation_gap_percent": 100.0,
    "relaxation_gap_percent": null,
    "absolute_gap": null
  }
}