{
  "model_parameters": {
    "n_dimensions": 5,
    "n_clusters": 4,
    "n_points": 15,
    "coord_range_lower": -1,
    "coord_range_upper": 1
  },
  "solution": {
    "status": "optimal",
    "center_coordinates": {
      "cluster_1": {
        "dim_1": -0.581559183985066,
        "dim_2": -0.576401601367532,
        "dim_3": -0.711670992242733,
        "dim_4": 0.05133762920963,
        "dim_5": 0.223519039913714
      },
      "cluster_2": {
        "dim_1": -0.581559183985069,
        "dim_2": 0.711494180942135,
        "dim_3": 0.041337490468505,
        "dim_4": 0.011941461092194,
        "dim_5": 0.560433852206982
      },
      "cluster_3": {
        "dim_1": 0.452533201031426,
        "dim_2": 0.397269614436926,
        "dim_3": 0.482953912939166,
        "dim_4": 0.176915342588668,
        "dim_5": -0.361191215081626
      },
      "cluster_4": {
        "dim_1": 0.770253075052666,
        "dim_2": -0.359792482222541,
        "dim_3": -0.201302895600621,
        "dim_4": 0.088631127979476,
        "dim_5": 0.688789018069167
      }
    },
    "distances": {
      "1": 0.522852810816029,
      "2": 0.7536910719718,
      "3": 0.755716379904398,
      "4": 0.971900858009415,
      "5": 0.443592662195464,
      "6": 1.024470501959186,
      "7": 0.46124240033798,
      "8": 0.817934005474712,
      "9": 0.380408817428234,
      "10": 0.095392325978483,
      "11": 1.799718842302529,
      "12": 0.280447257181312,
      "13": 0.610948968073165,
      "14": 0.336707096987469,
      "15": 0.843656501197868
    },
    "objective_value": 10.098680499818045,
    "lower_bound": 6.648512309704097,
    "absolute_gap": 3.4501681901139474,
    "relative_gap": 0.5189383773988233
  },
  "performance": {
    "solution_time_seconds": 1800.6780803203583,
    "solver_status": "ok",
    "termination_condition": "optimal",
    "solver": "gams",
    "subsolver": "gurobi",
    "is_relaxation": false,
    "root_relaxation_value": 0.0,
    "root_relaxation_gap_percent": 100.0,
    "relaxation_gap_percent": null,
    "absolute_gap": null
  }
}