{
  "model_parameters": {
    "n_dimensions": 2,
    "n_clusters": 4,
    "n_points": 11,
    "coord_range_lower": -1,
    "coord_range_upper": 1
  },
  "solution": {
    "status": "optimal",
    "center_coordinates": {
      "cluster_1": {
        "dim_1": -0.760985546984693,
        "dim_2": -0.750535142153795
      },
      "cluster_2": {
        "dim_1": -0.754293770302703,
        "dim_2": 0.545353455532514
      },
      "cluster_3": {
        "dim_1": 0.596434189831183,
        "dim_2": 0.703041151255147
      },
      "cluster_4": {
        "dim_1": 0.617747802147791,
        "dim_2": 0.026827993775122
      }
    },
    "distances": {
      "1": 0.028878147287698,
      "2": 0.047795508121987,
      "3": 0.023524744775733,
      "4": 0.043789575493591,
      "5": 0.152476974761292,
      "6": 0.037213474712479,
      "7": 0.001918089486589,
      "8": 0.043944799172627,
      "9": 0.043941420194702,
      "10": 0.047779433204489,
      "11": 0.249595163262825
    },
    "objective_value": 0.720857330474012,
    "lower_bound": 0.720857330474012,
    "absolute_gap": 0.0,
    "relative_gap": 0.0
  },
  "performance": {
    "solution_time_seconds": 4.528754234313965,
    "solver_status": "ok",
    "termination_condition": "optimal",
    "solver": "gams",
    "subsolver": "baron",
    "is_relaxation": false,
    "root_relaxation_value": 0.0,
    "root_relaxation_gap_percent": 100.0,
    "relaxation_gap_percent": null,
    "absolute_gap": null
  }
}