{
  "model_parameters": {
    "n_dimensions": 3,
    "n_clusters": 3,
    "n_points": 10,
    "coord_range_lower": -1,
    "coord_range_upper": 1
  },
  "solution": {
    "status": "optimal",
    "center_coordinates": {
      "cluster_1": {
        "dim_1": 0.039101919534286,
        "dim_2": 0.245595594885064,
        "dim_3": 0.488363045306851
      },
      "cluster_2": {
        "dim_1": 0.422504796287293,
        "dim_2": -0.558903186487365,
        "dim_3": -0.521458532848952
      },
      "cluster_3": {
        "dim_1": 0.763944350350565,
        "dim_2": 0.902513504447454,
        "dim_3": -0.692518818071332
      }
    },
    "distances": {
      "1": 0.949510123401052,
      "2": 0.385409500864158,
      "3": 0.079294371274964,
      "4": 0.161223544437397,
      "5": 0.317087571002967,
      "6": 0.569385017279969,
      "7": 0.298629412936624,
      "8": 0.0,
      "9": 0.079718643340949,
      "10": 0.190045079872961
    },
    "objective_value": 3.030303264411041,
    "lower_bound": 3.03030326441104,
    "absolute_gap": 8.881784197001252e-16,
    "relative_gap": 2.9309885585750066e-16
  },
  "performance": {
    "solution_time_seconds": 42.59423613548279,
    "solver_status": "ok",
    "termination_condition": "optimal",
    "solver": "gams",
    "subsolver": "baron",
    "is_relaxation": false,
    "root_relaxation_value": 0.0,
    "root_relaxation_gap_percent": 100.0,
    "relaxation_gap_percent": null,
    "absolute_gap": null
  }
}