{
  "model_parameters": {
    "n_dimensions": 3,
    "n_clusters": 5,
    "n_points": 20,
    "coord_range_lower": -1,
    "coord_range_upper": 1
  },
  "solution": {
    "status": "optimal",
    "center_coordinates": {
      "cluster_1": {
        "dim_1": -0.770910846559671,
        "dim_2": -0.148538559563272,
        "dim_3": -0.566153759240058
      },
      "cluster_2": {
        "dim_1": -0.736213487980971,
        "dim_2": 0.480780003102622,
        "dim_3": 0.933079112501712
      },
      "cluster_3": {
        "dim_1": 0.618670069744502,
        "dim_2": 0.186975404664948,
        "dim_3": 0.545554725181622
      },
      "cluster_4": {
        "dim_1": 0.618670069744502,
        "dim_2": -0.528912102079544,
        "dim_3": -0.512239506543676
      },
      "cluster_5": {
        "dim_1": 0.636681558724729,
        "dim_2": 0.579741397542287,
        "dim_3": -0.572402747284389
      }
    },
    "distances": {
      "1": 0.213728836548918,
      "2": 0.225663025083934,
      "3": 0.216802546723643,
      "4": 0.105635567594413,
      "5": 0.211204940328963,
      "6": 0.050284406878584,
      "7": 0.503954694817235,
      "8": 0.150052032890379,
      "9": 0.271401970781989,
      "10": 0.566862481437982,
      "11": 0.084206693236121,
      "12": 0.274806479922303,
      "13": 0.192818094456874,
      "14": 0.468754545159775,
      "15": 0.459702012298217,
      "16": 0.10457177184382,
      "17": 0.047061484221845,
      "18": 0.558998666192108,
      "19": 0.909440449069618,
      "20": 0.475646796393835
    },
    "objective_value": 6.091597495880556,
    "lower_bound": 0.531936778812162,
    "absolute_gap": 5.559660717068394,
    "relative_gap": 10.451732120278201
  },
  "performance": {
    "solution_time_seconds": 1807.2718241214752,
    "solver_status": "ok",
    "termination_condition": "optimal",
    "solver": "gams",
    "subsolver": "baron",
    "is_relaxation": false,
    "root_relaxation_value": 0.0,
    "root_relaxation_gap_percent": 100.0,
    "relaxation_gap_percent": null,
    "absolute_gap": null
  }
}