{
  "model_parameters": {
    "n_dimensions": 4,
    "n_clusters": 4,
    "n_points": 12,
    "coord_range_lower": -1,
    "coord_range_upper": 1
  },
  "solution": {
    "status": "optimal",
    "center_coordinates": {
      "cluster_1": {
        "dim_1": -0.170092125136053,
        "dim_2": -0.504947993966377,
        "dim_3": 0.628858507223234,
        "dim_4": -0.693693123752289
      },
      "cluster_2": {
        "dim_1": 0.136693653418315,
        "dim_2": -0.644977957671912,
        "dim_3": -0.642328459049559,
        "dim_4": 0.78670701434449
      },
      "cluster_3": {
        "dim_1": 0.497468274121978,
        "dim_2": 0.031260623794734,
        "dim_3": -0.402016183581855,
        "dim_4": -0.574135401146951
      },
      "cluster_4": {
        "dim_1": 0.640931052215635,
        "dim_2": 0.696150602169639,
        "dim_3": -0.342813107367689,
        "dim_4": 0.761154678865712
      }
    },
    "distances": {
      "1": 0.189016661067021,
      "2": 0.148592729096274,
      "3": 0.083364951874623,
      "4": 0.416763011750809,
      "5": 0.547265565161219,
      "6": 0.543771571177698,
      "7": 0.350516422563391,
      "8": 0.417155695688521,
      "9": 0.083398074183683,
      "10": 0.429667369391343,
      "11": 0.400510537319437,
      "12": 0.327275257814256
    },
    "objective_value": 3.937297847088275,
    "lower_bound": 3.784797948238583,
    "absolute_gap": 0.15249989884969217,
    "relative_gap": 0.04029274506467763
  },
  "performance": {
    "solution_time_seconds": 1800.8023386001587,
    "solver_status": "ok",
    "termination_condition": "optimal",
    "solver": "gams",
    "subsolver": "gurobi",
    "is_relaxation": false,
    "root_relaxation_value": 0.0,
    "root_relaxation_gap_percent": 100.0,
    "relaxation_gap_percent": null,
    "absolute_gap": null
  }
}