{
  "model_parameters": {
    "n_dimensions": 2,
    "n_clusters": 5,
    "n_points": 10,
    "coord_range_lower": -1,
    "coord_range_upper": 1
  },
  "solution": {
    "status": "optimal",
    "center_coordinates": {
      "cluster_1": {
        "dim_1": -0.884387764873642,
        "dim_2": 0.57400836507207
      },
      "cluster_2": {
        "dim_1": -0.754660396301808,
        "dim_2": -0.824019346130405
      },
      "cluster_3": {
        "dim_1": -0.15935383894735,
        "dim_2": -0.130006874651677
      },
      "cluster_4": {
        "dim_1": 0.049169276051852,
        "dim_2": 0.509862673555012
      },
      "cluster_5": {
        "dim_1": 0.864648711154892,
        "dim_2": 0.742278794831736
      }
    },
    "distances": {
      "1": 0.006557859594778,
      "2": 0.025418134086506,
      "3": 0.013279860409682,
      "4": 0.016317900313147,
      "5": 2.480967e-09,
      "6": 0.14523437058982,
      "7": 0.16046745284696,
      "8": 0.013280906986624,
      "9": 3.77344e-09,
      "10": 0.027535891763212
    },
    "objective_value": 0.408092382845136,
    "lower_bound": 0.408092580594581,
    "absolute_gap": -1.9774944498562874e-07,
    "relative_gap": -4.845700568667841e-07
  },
  "performance": {
    "solution_time_seconds": 4.681865692138672,
    "solver_status": "ok",
    "termination_condition": "optimal",
    "solver": "gams",
    "subsolver": "gurobi",
    "is_relaxation": false,
    "root_relaxation_value": 0.0,
    "root_relaxation_gap_percent": 100.0,
    "relaxation_gap_percent": null,
    "absolute_gap": null
  }
}