{
  "model_parameters": {
    "n_dimensions": 3,
    "n_clusters": 3,
    "n_points": 13,
    "coord_range_lower": -1,
    "coord_range_upper": 1
  },
  "solution": {
    "status": "optimal",
    "center_coordinates": {
      "cluster_1": {
        "dim_1": -0.174093205398049,
        "dim_2": 0.278119199048037,
        "dim_3": 0.690166456977537
      },
      "cluster_2": {
        "dim_1": -0.174093215348835,
        "dim_2": -0.065503350678227,
        "dim_3": -0.749228621882508
      },
      "cluster_3": {
        "dim_1": 0.846517569036134,
        "dim_2": -0.755879704540554,
        "dim_3": 0.605114257797737
      }
    },
    "distances": {
      "1": 0.425241455768372,
      "2": 0.268072119663935,
      "3": 0.833756003946759,
      "4": 0.432156526197122,
      "5": 0.057167604214529,
      "6": 0.503812260268405,
      "7": 0.584213543164814,
      "8": 1.254616858438296,
      "9": 0.039678616547207,
      "10": 0.098969660326698,
      "11": 0.072612343374735,
      "12": 0.655942955390206,
      "13": 0.507179342937299
    },
    "objective_value": 5.733419290238377,
    "lower_bound": 5.499194871715159,
    "absolute_gap": 0.23422441852321807,
    "relative_gap": 0.04259249289890416
  },
  "performance": {
    "solution_time_seconds": 1800.9778871536255,
    "solver_status": "ok",
    "termination_condition": "optimal",
    "solver": "gams",
    "subsolver": "scip",
    "is_relaxation": false,
    "root_relaxation_value": 5.49919487171516,
    "root_relaxation_gap_percent": 4.085248377386313,
    "relaxation_gap_percent": null,
    "absolute_gap": null
  }
}