{
  "model_parameters": {
    "n_dimensions": 5,
    "n_clusters": 3,
    "n_points": 13,
    "coord_range_lower": -1,
    "coord_range_upper": 1
  },
  "solution": {
    "status": "optimal",
    "center_coordinates": {
      "cluster_1": {
        "dim_1": -0.455823049566138,
        "dim_2": 0.452599143892481,
        "dim_3": -0.212023632603234,
        "dim_4": -0.53708940240738,
        "dim_5": -0.358870185757248
      },
      "cluster_2": {
        "dim_1": -0.406110334200069,
        "dim_2": -0.431848440382888,
        "dim_3": -0.304699421912163,
        "dim_4": 0.377277202172122,
        "dim_5": -0.056258014153682
      },
      "cluster_3": {
        "dim_1": 0.230763731149604,
        "dim_2": 0.466611612110501,
        "dim_3": -0.161175211754591,
        "dim_4": 0.660193598105314,
        "dim_5": -0.262973178671967
      }
    },
    "distances": {
      "1": 1.168749809310886,
      "2": 1.029647590755626,
      "3": 0.872597588516995,
      "4": 0.701038571927987,
      "5": 0.980679717841231,
      "6": 0.449777512310631,
      "7": 0.372708312554611,
      "8": 0.220815915865142,
      "9": 0.75518403239634,
      "10": 0.571044900135041,
      "11": 0.363287781171399,
      "12": 0.308474496522105,
      "13": 0.367841248101981
    },
    "objective_value": 8.161847477409975,
    "lower_bound": 7.895014024524233,
    "absolute_gap": 0.26683345288574145,
    "relative_gap": 0.03379771740200566
  },
  "performance": {
    "solution_time_seconds": 1800.7149415016174,
    "solver_status": "ok",
    "termination_condition": "optimal",
    "solver": "gams",
    "subsolver": "gurobi",
    "is_relaxation": false,
    "root_relaxation_value": 0.0,
    "root_relaxation_gap_percent": 100.0,
    "relaxation_gap_percent": null,
    "absolute_gap": null
  }
}