{
  "model_parameters": {
    "n_dimensions": 3,
    "n_clusters": 3,
    "n_points": 12,
    "coord_range_lower": -1,
    "coord_range_upper": 1
  },
  "solution": {
    "status": "optimal",
    "center_coordinates": {
      "cluster_1": {
        "dim_1": -0.761543659660291,
        "dim_2": 0.674606539636902,
        "dim_3": 0.33023201000319
      },
      "cluster_2": {
        "dim_1": -0.399698904312031,
        "dim_2": 0.044320383497729,
        "dim_3": -0.644024995796259
      },
      "cluster_3": {
        "dim_1": 0.545991923294907,
        "dim_2": 0.313335320568104,
        "dim_3": 0.184049593760685
      }
    },
    "distances": {
      "1": 0.330117641341424,
      "2": 0.229654061225709,
      "3": 0.387566008538579,
      "4": 0.166528216835693,
      "5": 0.521511523012271,
      "6": 0.309129716846802,
      "7": 0.170436492724475,
      "8": 0.082154383687008,
      "9": 0.693058699756838,
      "10": 0.610664828813274,
      "11": 3.113094e-08,
      "12": 0.115691185160607
    },
    "objective_value": 3.61651278907362,
    "lower_bound": 3.61651278907362,
    "absolute_gap": 0.0,
    "relative_gap": 0.0
  },
  "performance": {
    "solution_time_seconds": 3.9919941425323486,
    "solver_status": "ok",
    "termination_condition": "optimal",
    "solver": "gams",
    "subsolver": "baron",
    "is_relaxation": false,
    "root_relaxation_value": 0.0,
    "root_relaxation_gap_percent": 100.0,
    "relaxation_gap_percent": null,
    "absolute_gap": null
  }
}