{
  "model_parameters": {
    "n_dimensions": 2,
    "n_clusters": 3,
    "n_points": 13,
    "coord_range_lower": -1,
    "coord_range_upper": 1
  },
  "solution": {
    "status": "optimal",
    "center_coordinates": {
      "cluster_1": {
        "dim_1": -0.684300695229138,
        "dim_2": 0.245653360940982
      },
      "cluster_2": {
        "dim_1": 0.414613158579889,
        "dim_2": -0.26659008876261
      },
      "cluster_3": {
        "dim_1": 0.824140242821992,
        "dim_2": 0.787521151738239
      }
    },
    "distances": {
      "1": 0.103358926831654,
      "2": 0.044973593485934,
      "3": 0.056231443291535,
      "4": 0.109526738221816,
      "5": 0.035150554427218,
      "6": 0.05928114954785,
      "7": 0.079815518691155,
      "8": 0.363656663094307,
      "9": 0.302559599370308,
      "10": 0.015584635457869,
      "11": 0.058108821778796,
      "12": 0.128414086278846,
      "13": 0.10655348822763
    },
    "objective_value": 1.463215218704918,
    "lower_bound": 1.463215218704934,
    "upper_bound": 1.463215218704919,
    "absolute_gap": -1.5987211554602254e-14,
    "relative_gap": -1.0926083429307311e-14
  },
  "performance": {
    "solution_time_seconds": 3.457003593444824,
    "solver_status": "ok",
    "termination_condition": "optimal",
    "solver": "gams",
    "subsolver": "scip",
    "is_relaxation": false,
    "root_relaxation_value": 1.46321521870493,
    "root_relaxation_gap_percent": 8.194562571980572e-13,
    "relaxation_gap_percent": null,
    "absolute_gap": null
  }
}