{
  "model_parameters": {
    "n_dimensions": 2,
    "n_clusters": 3,
    "n_points": 10,
    "coord_range_lower": -1,
    "coord_range_upper": 1
  },
  "solution": {
    "status": "optimal",
    "center_coordinates": {
      "cluster_1": {
        "dim_1": -0.787004723644932,
        "dim_2": 0.220631411243844
      },
      "cluster_2": {
        "dim_1": 0.229340006681493,
        "dim_2": -0.494521911633387
      },
      "cluster_3": {
        "dim_1": 0.351982609820151,
        "dim_2": 0.247278066368973
      }
    },
    "distances": {
      "1": 0.357084280773959,
      "2": 0.107222753975349,
      "3": 0.086134861163094,
      "4": 0.196610949761269,
      "5": 0.068060416726112,
      "6": 0.033892944645356,
      "7": 0.016826678550761,
      "8": 0.077669277510576,
      "9": 0.17833584714034,
      "10": 0.149299465152306
    },
    "objective_value": 1.271137475399122,
    "lower_bound": 1.271137475399121,
    "absolute_gap": 1.1102230246251565e-15,
    "relative_gap": 8.73409089191207e-16
  },
  "performance": {
    "solution_time_seconds": 5.91911244392395,
    "solver_status": "ok",
    "termination_condition": "optimal",
    "solver": "gams",
    "subsolver": "baron",
    "is_relaxation": false,
    "root_relaxation_value": 0.0,
    "root_relaxation_gap_percent": 100.0,
    "relaxation_gap_percent": null,
    "absolute_gap": null
  }
}