{
  "model_parameters": {
    "n_dimensions": 4,
    "n_clusters": 5,
    "n_points": 10,
    "coord_range_lower": -1,
    "coord_range_upper": 1
  },
  "solution": {
    "status": "optimal",
    "center_coordinates": {
      "cluster_1": {
        "dim_1": -0.629222089726258,
        "dim_2": -0.154959164755268,
        "dim_3": 0.683845536742796,
        "dim_4": 0.0640242081531
      },
      "cluster_2": {
        "dim_1": -0.113244896120986,
        "dim_2": 0.471116005885064,
        "dim_3": -0.587528952563294,
        "dim_4": 0.628326727591912
      },
      "cluster_3": {
        "dim_1": 0.410659003652352,
        "dim_2": 0.565790956318081,
        "dim_3": 0.351776212052674,
        "dim_4": -0.908714447037928
      },
      "cluster_4": {
        "dim_1": 0.50966752237103,
        "dim_2": 0.530939342088913,
        "dim_3": 0.908628043074785,
        "dim_4": -0.034074670549518
      },
      "cluster_5": {
        "dim_1": 0.886674721305848,
        "dim_2": -0.447438635082246,
        "dim_3": 0.794349410842704,
        "dim_4": 0.623536835331582
      }
    },
    "distances": {
      "1": 0.195134317196313,
      "2": 0.257048672814895,
      "3": 0.102871376887955,
      "4": 0.0,
      "5": 0.195134337691846,
      "6": 0.257048682602666,
      "7": 0.246386172136305,
      "8": 0.136221980430916,
      "9": 0.246386162390531,
      "10": 0.328745713255306
    },
    "objective_value": 1.964977415406733,
    "lower_bound": 1.964977416223425,
    "upper_bound": 1.964977415406733,
    "absolute_gap": -8.166920473229311e-10,
    "relative_gap": -4.1562413928021974e-10
  },
  "performance": {
    "solution_time_seconds": 76.17725682258606,
    "solver_status": "ok",
    "termination_condition": "optimal",
    "solver": "gams",
    "subsolver": "baron",
    "is_relaxation": false,
    "root_relaxation_value": 0.0135663,
    "root_relaxation_gap_percent": 99.30959511831378,
    "relaxation_gap_percent": null,
    "absolute_gap": null
  }
}