{
  "model_parameters": {
    "n_dimensions": 5,
    "n_clusters": 5,
    "n_points": 10,
    "coord_range_lower": -1,
    "coord_range_upper": 1
  },
  "solution": {
    "status": "optimal",
    "center_coordinates": {
      "cluster_1": {
        "dim_1": -0.969864487106349,
        "dim_2": -0.89171377341093,
        "dim_3": 0.047853115215478,
        "dim_4": -0.029739389738238,
        "dim_5": -0.330524990846159
      },
      "cluster_2": {
        "dim_1": -0.705682394720385,
        "dim_2": 0.664605524116333,
        "dim_3": -0.195992254621502,
        "dim_4": -0.133546931826377,
        "dim_5": -0.11056505178883
      },
      "cluster_3": {
        "dim_1": 0.275862822488125,
        "dim_2": -0.684049092458613,
        "dim_3": 0.881442320818339,
        "dim_4": 0.099373258894641,
        "dim_5": 0.587141623114479
      },
      "cluster_4": {
        "dim_1": 0.443816672022949,
        "dim_2": 0.208819125634627,
        "dim_3": -0.282131132277494,
        "dim_4": 0.440711614299712,
        "dim_5": -0.634433693776597
      },
      "cluster_5": {
        "dim_1": 0.930915430435738,
        "dim_2": 0.861788981634285,
        "dim_3": 0.047017306029732,
        "dim_4": -0.076565699669317,
        "dim_5": -0.439407200319663
      }
    },
    "distances": {
      "1": 0.439135738922875,
      "2": -9.994453e-09,
      "3": 0.574962105728569,
      "4": 0.435906398455896,
      "5": 0.199955888691226,
      "6": 0.221104981313432,
      "7": 0.279440018001347,
      "8": 0.178252998815017,
      "9": -9.991396e-09,
      "10": 0.178253001911963
    },
    "objective_value": 2.507011111854476,
    "lower_bound": 2.506994242368537,
    "absolute_gap": 1.686948593881965e-05,
    "relative_gap": 6.728968760168288e-06
  },
  "performance": {
    "solution_time_seconds": 1801.1672899723053,
    "solver_status": "ok",
    "termination_condition": "optimal",
    "solver": "gams",
    "subsolver": "scip",
    "is_relaxation": false,
    "root_relaxation_value": 2.50699424236854,
    "root_relaxation_gap_percent": 0.000672892348021242,
    "relaxation_gap_percent": null,
    "absolute_gap": null
  }
}