{
  "model_parameters": {
    "n_dimensions": 4,
    "n_clusters": 3,
    "n_points": 10,
    "coord_range_lower": -1,
    "coord_range_upper": 1
  },
  "solution": {
    "status": "optimal",
    "center_coordinates": {
      "cluster_1": {
        "dim_1": -0.459630902517157,
        "dim_2": 0.151126301514431,
        "dim_3": 0.785414493655556,
        "dim_4": -0.538661345316768
      },
      "cluster_2": {
        "dim_1": 0.038502153849798,
        "dim_2": -0.525035843831442,
        "dim_3": 0.436364867093069,
        "dim_4": 0.385655463450927
      },
      "cluster_3": {
        "dim_1": 0.359181740018834,
        "dim_2": 0.936359103748498,
        "dim_3": 0.091533609467331,
        "dim_4": -0.607885504362709
      }
    },
    "distances": {
      "1": 0.007358077191261,
      "2": 0.915138769742891,
      "3": 0.579142156191317,
      "4": 0.291314976392772,
      "5": 0.045241027523164,
      "6": 9.797678e-09,
      "7": 0.656733458562677,
      "8": 0.399819285262755,
      "9": 0.371164728516025,
      "10": 0.577091578605228
    },
    "objective_value": 3.8430040677857678,
    "lower_bound": 3.84300333325775,
    "absolute_gap": 7.345280179649194e-07,
    "relative_gap": 1.911338487813002e-07
  },
  "performance": {
    "solution_time_seconds": 3.1731679439544678,
    "solver_status": "ok",
    "termination_condition": "optimal",
    "solver": "gams",
    "subsolver": "gurobi",
    "is_relaxation": false,
    "root_relaxation_value": 0.0,
    "root_relaxation_gap_percent": 100.0,
    "relaxation_gap_percent": null,
    "absolute_gap": null
  }
}