{
  "model_parameters": {
    "n_dimensions": 2,
    "n_clusters": 5,
    "n_points": 17,
    "coord_range_lower": -1,
    "coord_range_upper": 1
  },
  "solution": {
    "status": "optimal",
    "center_coordinates": {
      "cluster_1": {
        "dim_1": -0.341498306103649,
        "dim_2": 0.767449805325618
      },
      "cluster_2": {
        "dim_1": -0.341498306103649,
        "dim_2": 0.1285400390625
      },
      "cluster_3": {
        "dim_1": -0.341498306103649,
        "dim_2": -0.461492137521915
      },
      "cluster_4": {
        "dim_1": 0.664301480443115,
        "dim_2": 0.34686029960707
      },
      "cluster_5": {
        "dim_1": 0.664301480443115,
        "dim_2": -0.634797792457729
      }
    },
    "distances": {
      "1": 0.195479088846928,
      "2": 0.122142549503484,
      "3": 0.063092877800085,
      "4": 0.11251487072498,
      "5": 0.125314879095313,
      "6": 0.071251376143575,
      "7": 0.00650729260363,
      "8": 0.01457870179849,
      "9": 0.119640418816441,
      "10": 0.046276919980242,
      "11": 0.107424685099113,
      "12": 0.056890304962121,
      "13": 0.003944054298449,
      "14": 0.058330429440935,
      "15": 0.101225476987711,
      "16": 0.187644268042837,
      "17": 0.023390393331588
    },
    "objective_value": 1.415648587475922,
    "lower_bound": 3.577587532e-06,
    "upper_bound": 1.415648587475921,
    "absolute_gap": 1.41564500988839,
    "relative_gap": 395698.217646961
  },
  "performance": {
    "solution_time_seconds": 300.8855674266815,
    "solver_status": "ok",
    "termination_condition": "optimal",
    "solver": "gams",
    "subsolver": "scip",
    "is_relaxation": false,
    "root_relaxation_value": 3.57758753222654e-06,
    "root_relaxation_gap_percent": 99.99974728279575,
    "relaxation_gap_percent": null,
    "absolute_gap": null
  }
}