{
  "model_parameters": {
    "n_dimensions": 3,
    "n_clusters": 5,
    "n_points": 13,
    "coord_range_lower": -1,
    "coord_range_upper": 1
  },
  "solution": {
    "status": "optimal",
    "center_coordinates": {
      "cluster_1": {
        "dim_1": -0.73049176805079,
        "dim_2": -0.445725710110107,
        "dim_3": -0.017799837607468
      },
      "cluster_2": {
        "dim_1": 0.299897697980177,
        "dim_2": 0.307202432899787,
        "dim_3": 0.188044746952716
      },
      "cluster_3": {
        "dim_1": 0.352297395069678,
        "dim_2": -0.759154709086571,
        "dim_3": 0.282395828933551
      },
      "cluster_4": {
        "dim_1": 0.500054366213492,
        "dim_2": 0.638637394517433,
        "dim_3": -0.860477921572405
      },
      "cluster_5": {
        "dim_1": 0.816222336501921,
        "dim_2": -0.972633118548175,
        "dim_3": -0.898675866034074
      }
    },
    "distances": {
      "1": 0.08645010814738,
      "2": 0.101109028424518,
      "3": 0.053797734190681,
      "4": 0.174861877637764,
      "5": 0.390343160748525,
      "6": 0.21342253390188,
      "7": 0.162776757910703,
      "8": 0.0,
      "9": 0.110719348752361,
      "10": 0.111016660974876,
      "11": 0.248432217164963,
      "12": 0.245555869387448,
      "13": 0.214911569783958
    },
    "objective_value": 2.113396867025057,
    "lower_bound": 2.106389915162956,
    "absolute_gap": 0.007006951862100763,
    "relative_gap": 0.0033265217477831907
  },
  "performance": {
    "solution_time_seconds": 1800.459899187088,
    "solver_status": "ok",
    "termination_condition": "optimal",
    "solver": "gams",
    "subsolver": "gurobi",
    "is_relaxation": false,
    "root_relaxation_value": 0.0,
    "root_relaxation_gap_percent": 100.0,
    "relaxation_gap_percent": null,
    "absolute_gap": null
  }
}