{
  "model_parameters": {
    "n_dimensions": 2,
    "n_clusters": 4,
    "n_points": 15,
    "coord_range_lower": -1,
    "coord_range_upper": 1
  },
  "solution": {
    "status": "optimal",
    "center_coordinates": {
      "cluster_1": {
        "dim_1": -0.590987075803789,
        "dim_2": -0.779527994108206
      },
      "cluster_2": {
        "dim_1": -0.519088538757633,
        "dim_2": 0.255070954433475
      },
      "cluster_3": {
        "dim_1": 0.462688344254655,
        "dim_2": 0.634416727571237
      },
      "cluster_4": {
        "dim_1": 0.756631170264366,
        "dim_2": -0.292812697585469
      }
    },
    "distances": {
      "1": 0.173150592050765,
      "2": 0.13560678324264,
      "3": 0.053456750444713,
      "4": 0.264450800477717,
      "5": 0.020688532224262,
      "6": 0.183276854586824,
      "7": 0.223482558037131,
      "8": 0.1266730106584,
      "9": 0.41510633548474,
      "10": 0.14607255992769,
      "11": 0.044871453581384,
      "12": 0.144894952471153,
      "13": 0.05431518434649,
      "14": 0.121071080700356,
      "15": 0.01761549221004
    },
    "objective_value": 2.124732940444305,
    "lower_bound": 2.124732940444305,
    "upper_bound": 2.124732940444305,
    "absolute_gap": 0.0,
    "relative_gap": 0.0
  },
  "performance": {
    "solution_time_seconds": 190.66920924186707,
    "solver_status": "ok",
    "termination_condition": "optimal",
    "solver": "gams",
    "subsolver": "baron",
    "is_relaxation": false,
    "root_relaxation_value": 0.0,
    "root_relaxation_gap_percent": 100.0,
    "relaxation_gap_percent": null,
    "absolute_gap": null
  }
}