{
  "model_parameters": {
    "n_dimensions": 5,
    "n_clusters": 5,
    "n_points": 16,
    "coord_range_lower": -1,
    "coord_range_upper": 1
  },
  "solution": {
    "status": "optimal",
    "center_coordinates": {
      "cluster_1": {
        "dim_1": -0.6419720157249,
        "dim_2": -0.601363271927045,
        "dim_3": 0.270779038200424,
        "dim_4": 0.43802065749066,
        "dim_5": 0.56816724244582
      },
      "cluster_2": {
        "dim_1": -0.335802890987977,
        "dim_2": 0.588228867195676,
        "dim_3": 0.541859049132811,
        "dim_4": 0.536245013454335,
        "dim_5": 0.482028692123632
      },
      "cluster_3": {
        "dim_1": -0.335802890987977,
        "dim_2": -0.25713953373736,
        "dim_3": -0.375085538766082,
        "dim_4": -0.346687791156945,
        "dim_5": -0.473222409183623
      },
      "cluster_4": {
        "dim_1": 0.443737841091987,
        "dim_2": 0.857127772331666,
        "dim_3": -0.081449744936795,
        "dim_4": -0.354599620833541,
        "dim_5": 0.833123554873187
      },
      "cluster_5": {
        "dim_1": 0.768331893824316,
        "dim_2": 0.577045003163689,
        "dim_3": 0.487697074252837,
        "dim_4": 0.124169847398792,
        "dim_5": -0.616848961231765
      }
    },
    "distances": {
      "1": 0.428966610074824,
      "2": 0.144101673975337,
      "3": 0.453806908230924,
      "4": 0.494505952676142,
      "5": 0.765424046786599,
      "6": 0.406980317472053,
      "7": 0.364062151923647,
      "8": 0.555624545107312,
      "9": 0.465392739160162,
      "10": 0.441017137300788,
      "11": 0.248969171620098,
      "12": 0.428966609969613,
      "13": 0.844731168715408,
      "14": 0.396414063019194,
      "15": 0.248969171782391,
      "16": 0.670850224247937
    },
    "objective_value": 7.358782492062429,
    "lower_bound": 0.151819557382054,
    "absolute_gap": 7.206962934680375,
    "relative_gap": 47.470583230222765
  },
  "performance": {
    "solution_time_seconds": 1808.5393886566162,
    "solver_status": "ok",
    "termination_condition": "optimal",
    "solver": "gams",
    "subsolver": "baron",
    "is_relaxation": false,
    "root_relaxation_value": 0.0,
    "root_relaxation_gap_percent": 100.0,
    "relaxation_gap_percent": null,
    "absolute_gap": null
  }
}