{
  "model_parameters": {
    "n_dimensions": 4,
    "n_clusters": 4,
    "n_points": 15,
    "coord_range_lower": -1,
    "coord_range_upper": 1
  },
  "solution": {
    "status": "optimal",
    "center_coordinates": {
      "cluster_1": {
        "dim_1": -0.794355898328016,
        "dim_2": -0.201320552712802,
        "dim_3": -0.923712122499365,
        "dim_4": 0.1419403988706
      },
      "cluster_2": {
        "dim_1": -0.557942164772574,
        "dim_2": -0.516331120463978,
        "dim_3": 0.728394896825672,
        "dim_4": -0.507724987549732
      },
      "cluster_3": {
        "dim_1": 0.230158461890059,
        "dim_2": 0.317356109619141,
        "dim_3": -0.508057353990173,
        "dim_4": -0.518013318020681
      },
      "cluster_4": {
        "dim_1": 0.626045414125627,
        "dim_2": 0.305077044049426,
        "dim_3": 0.481149313181532,
        "dim_4": -0.03609147459277
      }
    },
    "distances": {
      "1": 0.790220694889649,
      "2": 0.666300399952643,
      "3": 0.573684766560346,
      "4": 0.276027129693406,
      "5": 0.445419583800036,
      "6": 0.688308169466668,
      "7": 0.525771925366416,
      "8": 0.134111602772483,
      "9": 0.230433803981604,
      "10": 0.275741696798249,
      "11": 0.133884733158044,
      "12": 0.494806998769617,
      "13": 0.277105142494599,
      "14": 0.800306811836572,
      "15": 0.411476342447037
    },
    "objective_value": 6.723599801987369,
    "lower_bound": 3.421525293785256,
    "upper_bound": 6.72359980198737,
    "absolute_gap": 3.302074508202113,
    "relative_gap": 0.9650884400006893
  },
  "performance": {
    "solution_time_seconds": 301.5727655887604,
    "solver_status": "ok",
    "termination_condition": "optimal",
    "solver": "gams",
    "subsolver": "scip",
    "is_relaxation": false,
    "root_relaxation_value": 3.42152529378526,
    "root_relaxation_gap_percent": 49.111705120017376,
    "relaxation_gap_percent": null,
    "absolute_gap": null
  }
}