{
  "model_parameters": {
    "n_dimensions": 5,
    "n_clusters": 3,
    "n_points": 17,
    "coord_range_lower": -1,
    "coord_range_upper": 1
  },
  "solution": {
    "status": "optimal",
    "center_coordinates": {
      "cluster_1": {
        "dim_1": -0.450201125936224,
        "dim_2": -0.162433704637408,
        "dim_3": -0.393615173003234,
        "dim_4": -0.161394282439366,
        "dim_5": 0.597843200115272
      },
      "cluster_2": {
        "dim_1": -0.227270915686919,
        "dim_2": -0.203993978598297,
        "dim_3": -0.145009739007647,
        "dim_4": 0.404236031514578,
        "dim_5": -0.694369755599746
      },
      "cluster_3": {
        "dim_1": 0.301364819962601,
        "dim_2": -0.272804342942048,
        "dim_3": 0.332751947966002,
        "dim_4": 0.863571029660771,
        "dim_5": 0.532542317368244
      }
    },
    "distances": {
      "1": 1.017005639176819,
      "2": 0.730399498411916,
      "3": 1.28806859242638,
      "4": 0.93184225319672,
      "5": 2.000762847929491,
      "6": 0.708357893453127,
      "7": 1.001210961593075,
      "8": 0.208218776011617,
      "9": 0.798503190836174,
      "10": 1.480851155235197,
      "11": 1.469094472073833,
      "12": 0.499580241965578,
      "13": 0.67612460345219,
      "14": 0.354010177200178,
      "15": 0.76648611185159,
      "16": 1.791167636535936,
      "17": 0.787101643869331
    },
    "objective_value": 16.508785695219153,
    "lower_bound": 10.002343371141297,
    "absolute_gap": 6.506442324077856,
    "relative_gap": 0.6504917980370686
  },
  "performance": {
    "solution_time_seconds": 1801.5995905399323,
    "solver_status": "ok",
    "termination_condition": "optimal",
    "solver": "gams",
    "subsolver": "scip",
    "is_relaxation": false,
    "root_relaxation_value": 10.0023433711413,
    "root_relaxation_gap_percent": 39.41199821839155,
    "relaxation_gap_percent": null,
    "absolute_gap": null
  }
}