{
  "model_parameters": {
    "n_dimensions": 5,
    "n_clusters": 3,
    "n_points": 14,
    "coord_range_lower": -1,
    "coord_range_upper": 1
  },
  "solution": {
    "status": "optimal",
    "center_coordinates": {
      "cluster_1": {
        "dim_1": -0.555993596622667,
        "dim_2": -0.464432001113892,
        "dim_3": -0.366386953340834,
        "dim_4": -0.609965743877643,
        "dim_5": -0.332464003115183
      },
      "cluster_2": {
        "dim_1": -0.384889158489519,
        "dim_2": 0.616606292724611,
        "dim_3": -0.565108761278582,
        "dim_4": 0.699514947029185,
        "dim_5": -0.638318371314652
      },
      "cluster_3": {
        "dim_1": 0.062644958496094,
        "dim_2": 0.009378369176589,
        "dim_3": -0.005470091487191,
        "dim_4": 0.209515674186257,
        "dim_5": 0.112765431404114
      }
    },
    "distances": {
      "1": 0.433749186162874,
      "2": 0.323282850456501,
      "3": 0.826201780514506,
      "4": 1.461735416195281,
      "5": 1.521492822844441,
      "6": 0.126171548702515,
      "7": 0.951025476152503,
      "8": 0.313325999035527,
      "9": 0.340859441749758,
      "10": 0.596163808239477,
      "11": 0.209677798642234,
      "12": 0.784500271140539,
      "13": 0.831905548940294,
      "14": 0.251489335053562
    },
    "objective_value": 8.971581283830012,
    "lower_bound": 6.365437061454172,
    "upper_bound": 8.971581283830012,
    "absolute_gap": 2.60614422237584,
    "relative_gap": 0.40942109665294074
  },
  "performance": {
    "solution_time_seconds": 301.13575434684753,
    "solver_status": "ok",
    "termination_condition": "optimal",
    "solver": "gams",
    "subsolver": "scip",
    "is_relaxation": false,
    "root_relaxation_value": 6.36543706145417,
    "root_relaxation_gap_percent": 29.048883802379894,
    "relaxation_gap_percent": null,
    "absolute_gap": null
  }
}