{
  "model_parameters": {
    "n_dimensions": 3,
    "n_clusters": 5,
    "n_points": 13,
    "coord_range_lower": -1,
    "coord_range_upper": 1
  },
  "solution": {
    "status": "optimal",
    "center_coordinates": {
      "cluster_1": {
        "dim_1": -0.843804588399958,
        "dim_2": -0.533596567019437,
        "dim_3": 0.062868313488154
      },
      "cluster_2": {
        "dim_1": 0.285588671170877,
        "dim_2": 0.639027546060535,
        "dim_3": -0.860269418445571
      },
      "cluster_3": {
        "dim_1": 0.285588671170877,
        "dim_2": -0.758848197291992,
        "dim_3": 0.281930331473428
      },
      "cluster_4": {
        "dim_1": 0.285588671170877,
        "dim_2": 0.185436102279437,
        "dim_3": 0.076135846142541
      },
      "cluster_5": {
        "dim_1": 0.815565442275322,
        "dim_2": -0.97275324411541,
        "dim_3": -0.897754357968387
      }
    },
    "distances": {
      "1": 0.088364080844403,
      "2": 0.037676330899439,
      "3": 0.095066276846941,
      "4": 0.228070784251929,
      "5": 0.434250013289046,
      "6": 0.142447332922579,
      "7": 0.160306514407989,
      "8": 0.0,
      "9": 0.016351860270165,
      "10": 0.297520792478959,
      "11": 0.307344398578797,
      "12": 0.701608218382173,
      "13": 0.167491544012
    },
    "objective_value": 2.67649814718442,
    "lower_bound": 2.67649814718442,
    "absolute_gap": 0.0,
    "relative_gap": 0.0
  },
  "performance": {
    "solution_time_seconds": 81.27839303016663,
    "solver_status": "ok",
    "termination_condition": "optimal",
    "solver": "gams",
    "subsolver": "baron",
    "is_relaxation": false,
    "root_relaxation_value": 0.0,
    "root_relaxation_gap_percent": 100.0,
    "relaxation_gap_percent": null,
    "absolute_gap": null
  }
}