{
  "model_parameters": {
    "n_dimensions": 2,
    "n_clusters": 5,
    "n_points": 11,
    "coord_range_lower": -1,
    "coord_range_upper": 1
  },
  "solution": {
    "status": "optimal",
    "center_coordinates": {
      "cluster_1": {
        "dim_1": -0.741278008563598,
        "dim_2": 0.094507112354849
      },
      "cluster_2": {
        "dim_1": -0.135977228464723,
        "dim_2": 0.652011913110438
      },
      "cluster_3": {
        "dim_1": -0.125873730423952,
        "dim_2": 0.082068891747115
      },
      "cluster_4": {
        "dim_1": 0.522067469042637,
        "dim_2": 0.937794194260627
      },
      "cluster_5": {
        "dim_1": 0.645104745633949,
        "dim_2": -0.264098269167467
      }
    },
    "distances": {
      "1": 0.022979966051565,
      "2": 0.063929922977535,
      "3": 0.022791667240319,
      "4": 0.0,
      "5": 0.067976902532955,
      "6": 0.030057718841533,
      "7": 0.0,
      "8": 0.034026324558055,
      "9": 0.036140966278802,
      "10": 0.065240645707988,
      "11": 0.076111535081021
    },
    "objective_value": 0.419255649269773,
    "lower_bound": 0.419255230761615,
    "upper_bound": 0.419255649269772,
    "absolute_gap": 4.18508157962183e-07,
    "relative_gap": 9.982180954592387e-07
  },
  "performance": {
    "solution_time_seconds": 47.808942556381226,
    "solver_status": "ok",
    "termination_condition": "optimal",
    "solver": "gams",
    "subsolver": "gurobi",
    "is_relaxation": false,
    "root_relaxation_value": 0.0,
    "root_relaxation_gap_percent": 100.0,
    "relaxation_gap_percent": null,
    "absolute_gap": null
  }
}