{
  "model_parameters": {
    "n_dimensions": 2,
    "n_clusters": 4,
    "n_points": 14,
    "coord_range_lower": -1,
    "coord_range_upper": 1
  },
  "solution": {
    "status": "optimal",
    "center_coordinates": {
      "cluster_1": {
        "dim_1": -0.31279702193902,
        "dim_2": -0.703015912802117
      },
      "cluster_2": {
        "dim_1": -0.31279702193902,
        "dim_2": 0.263225753145637
      },
      "cluster_3": {
        "dim_1": 0.608418860368505,
        "dim_2": -0.240791485153621
      },
      "cluster_4": {
        "dim_1": 0.691351766592021,
        "dim_2": 0.773874910274193
      }
    },
    "distances": {
      "1": 0.119811914496636,
      "2": 0.011164294631461,
      "3": 0.172919016713405,
      "4": 0.058077635897277,
      "5": 0.00663347363771,
      "6": 0.092521576604756,
      "7": 0.050471439932061,
      "8": 0.078194824423276,
      "9": 0.050471439932061,
      "10": 0.266077016146602,
      "11": 0.197138664410092,
      "12": 0.002057008443382,
      "13": 0.054870410660379,
      "14": 0.04204089220697
    },
    "objective_value": 1.202449608136068,
    "lower_bound": 1.20244960813607,
    "upper_bound": 1.20244960813607,
    "absolute_gap": -1.9984014443252818e-15,
    "relative_gap": -1.6619419481728013e-15
  },
  "performance": {
    "solution_time_seconds": 127.647296667099,
    "solver_status": "ok",
    "termination_condition": "optimal",
    "solver": "gams",
    "subsolver": "baron",
    "is_relaxation": false,
    "root_relaxation_value": 0.0,
    "root_relaxation_gap_percent": 100.0,
    "relaxation_gap_percent": null,
    "absolute_gap": null
  }
}