{
  "model_parameters": {
    "n_dimensions": 3,
    "n_clusters": 4,
    "n_points": 10,
    "coord_range_lower": -1,
    "coord_range_upper": 1
  },
  "solution": {
    "status": "optimal",
    "center_coordinates": {
      "cluster_1": {
        "dim_1": -0.60022369799497,
        "dim_2": -0.489973569442096,
        "dim_3": -0.3735025410704
      },
      "cluster_2": {
        "dim_1": -0.55746575561171,
        "dim_2": 0.559337636967534,
        "dim_3": -0.277177324406433
      },
      "cluster_3": {
        "dim_1": 0.406994671200886,
        "dim_2": 0.23311190254562,
        "dim_3": 0.33019090092629
      },
      "cluster_4": {
        "dim_1": 0.542311291117011,
        "dim_2": 0.439590387741772,
        "dim_3": -0.970106324099791
      }
    },
    "distances": {
      "1": 0.15617397571613,
      "2": 0.333765984106541,
      "3": 0.011771309796879,
      "4": 0.181448540975275,
      "5": 0.206300433458996,
      "6": 0.019996009557416,
      "7": 0.047701700603688,
      "8": 0.206300433286156,
      "9": 0.145634041539051,
      "10": -9.965431e-09
    },
    "objective_value": 1.309092419074701,
    "lower_bound": 1.309055987457,
    "absolute_gap": 3.6431617701060404e-05,
    "relative_gap": 2.7830450378087526e-05
  },
  "performance": {
    "solution_time_seconds": 1801.631917476654,
    "solver_status": "ok",
    "termination_condition": "optimal",
    "solver": "gams",
    "subsolver": "scip",
    "is_relaxation": false,
    "root_relaxation_value": 1.309055987457,
    "root_relaxation_gap_percent": 0.002782967586567431,
    "relaxation_gap_percent": null,
    "absolute_gap": null
  }
}