{
  "model_parameters": {
    "n_dimensions": 4,
    "n_clusters": 3,
    "n_points": 15,
    "coord_range_lower": -1,
    "coord_range_upper": 1
  },
  "solution": {
    "status": "optimal",
    "center_coordinates": {
      "cluster_1": {
        "dim_1": -0.189466144366493,
        "dim_2": 0.515333368697282,
        "dim_3": -0.524447003247338,
        "dim_4": 0.343687864189143
      },
      "cluster_2": {
        "dim_1": 0.021449334888418,
        "dim_2": -0.444826640959607,
        "dim_3": 0.235840498451993,
        "dim_4": 0.082279215408385
      },
      "cluster_3": {
        "dim_1": 0.021449324897707,
        "dim_2": 0.471234324794749,
        "dim_3": 0.02152618081705,
        "dim_4": -0.33616479482442
      }
    },
    "distances": {
      "1": 0.580151561494052,
      "2": 0.543122562956109,
      "3": 0.437862708216233,
      "4": 0.918033472313673,
      "5": 0.971328001495508,
      "6": 1.575810422958373,
      "7": 0.629119567969453,
      "8": 1.460405358691037,
      "9": 0.289039781581484,
      "10": 0.306950285326171,
      "11": 0.854421264272673,
      "12": 0.665724300272503,
      "13": 1.052386508036678,
      "14": 1.229840614705627,
      "15": 0.682985886819609
    },
    "objective_value": 12.197182297109183,
    "lower_bound": 5.667198081105317,
    "absolute_gap": 6.529984216003866,
    "relative_gap": 1.1522420996321119
  },
  "performance": {
    "solution_time_seconds": 1802.6666984558105,
    "solver_status": "ok",
    "termination_condition": "optimal",
    "solver": "gams",
    "subsolver": "scip",
    "is_relaxation": false,
    "root_relaxation_value": 5.66719808110532,
    "root_relaxation_gap_percent": 53.5368256121868,
    "relaxation_gap_percent": null,
    "absolute_gap": null
  }
}