{
  "model_parameters": {
    "n_dimensions": 5,
    "n_clusters": 5,
    "n_points": 10,
    "coord_range_lower": -1,
    "coord_range_upper": 1
  },
  "solution": {
    "status": "optimal",
    "center_coordinates": {
      "cluster_1": {
        "dim_1": -0.771834919504013,
        "dim_2": 0.66430326606511,
        "dim_3": -0.1959228515625,
        "dim_4": -0.133745512051097,
        "dim_5": -0.11066181742372
      },
      "cluster_2": {
        "dim_1": -0.771834919504013,
        "dim_2": -0.891623009477661,
        "dim_3": 0.0479736328125,
        "dim_4": -0.0296630859375,
        "dim_5": -0.3306884765625
      },
      "cluster_3": {
        "dim_1": 0.275997539965374,
        "dim_2": -0.6837158203125,
        "dim_3": 0.880692218482851,
        "dim_4": 0.099104610974166,
        "dim_5": 0.587001424659813
      },
      "cluster_4": {
        "dim_1": 0.443678751747819,
        "dim_2": 0.208747386932376,
        "dim_3": -0.28235135738029,
        "dim_4": 0.440867175041955,
        "dim_5": -0.634201954310503
      },
      "cluster_5": {
        "dim_1": 0.930627874637655,
        "dim_2": 0.86179113591445,
        "dim_3": 0.047261822049508,
        "dim_4": -0.076867430325246,
        "dim_5": -0.4390869140625
      }
    },
    "distances": {
      "1": 0.437326926374616,
      "2": 0.039215336398416,
      "3": 0.575057798874512,
      "4": 0.436443788097142,
      "5": 0.199908604838054,
      "6": 0.221055153381695,
      "7": 0.293838508788444,
      "8": 0.178225800646479,
      "9": 0.0,
      "10": 0.178279411452771
    },
    "objective_value": 2.559351328852129,
    "lower_bound": 0.0,
    "upper_bound": 2.559351328852128,
    "absolute_gap": 2.559351328852129,
    "relative_gap": null
  },
  "performance": {
    "solution_time_seconds": 300.8955407142639,
    "solver_status": "ok",
    "termination_condition": "optimal",
    "solver": "gams",
    "subsolver": "scip",
    "is_relaxation": false,
    "root_relaxation_value": 0.0,
    "root_relaxation_gap_percent": 100.0,
    "relaxation_gap_percent": null,
    "absolute_gap": null
  }
}