{
  "model_parameters": {
    "n_dimensions": 4,
    "n_clusters": 3,
    "n_points": 15,
    "coord_range_lower": -1,
    "coord_range_upper": 1
  },
  "solution": {
    "status": "optimal",
    "center_coordinates": {
      "cluster_1": {
        "dim_1": -0.673057154102155,
        "dim_2": 0.627901849163898,
        "dim_3": -0.465768056100386,
        "dim_4": -0.004687412465548
      },
      "cluster_2": {
        "dim_1": 0.020537429328723,
        "dim_2": -0.430487114171089,
        "dim_3": 0.155842215665436,
        "dim_4": 0.282035008994225
      },
      "cluster_3": {
        "dim_1": 0.680034812726576,
        "dim_2": 0.297989673045683,
        "dim_3": 0.204668217080437,
        "dim_4": -0.370292554140493
      }
    },
    "distances": {
      "1": 0.258182947617561,
      "2": 0.647679732111302,
      "3": 0.598231533190396,
      "4": 0.365621756583289,
      "5": 1.267544577347282,
      "6": 0.343495351617928,
      "7": 0.692795243113256,
      "8": 0.705166270398555,
      "9": 0.480051713311731,
      "10": 0.388375285317034,
      "11": 0.492828942359682,
      "12": 0.543313840263607,
      "13": 0.299135795042853,
      "14": 0.635590300182848,
      "15": 0.522410358307215
    },
    "objective_value": 8.240423646764539,
    "lower_bound": 5.426968805762485,
    "absolute_gap": 2.813454841002054,
    "relative_gap": 0.5184210452830796
  },
  "performance": {
    "solution_time_seconds": 1802.2619247436523,
    "solver_status": "ok",
    "termination_condition": "optimal",
    "solver": "gams",
    "subsolver": "scip",
    "is_relaxation": false,
    "root_relaxation_value": 5.42696880576248,
    "root_relaxation_gap_percent": 34.14211406602515,
    "relaxation_gap_percent": null,
    "absolute_gap": null
  }
}