{
  "model_parameters": {
    "n_dimensions": 3,
    "n_clusters": 4,
    "n_points": 14,
    "coord_range_lower": -1,
    "coord_range_upper": 1
  },
  "solution": {
    "status": "optimal",
    "center_coordinates": {
      "cluster_1": {
        "dim_1": -0.742138758088787,
        "dim_2": -0.926689344977083,
        "dim_3": -0.933542265189473
      },
      "cluster_2": {
        "dim_1": -0.476245188206847,
        "dim_2": 0.507546156109237,
        "dim_3": 0.400803050189634
      },
      "cluster_3": {
        "dim_1": -0.008572547290475,
        "dim_2": 0.218413450532188,
        "dim_3": -0.324250715948053
      },
      "cluster_4": {
        "dim_1": 0.240630978211911,
        "dim_2": -0.469241528569951,
        "dim_3": 0.509927907346873
      }
    },
    "distances": {
      "1": 0.113975852241895,
      "2": 0.205481631573955,
      "3": 0.179970202501413,
      "4": 0.351476263030014,
      "5": 0.475982763260543,
      "6": 0.612977929337475,
      "7": 0.233428578452776,
      "8": 0.0939974095748,
      "9": 0.068218442586937,
      "10": 0.379937330259515,
      "11": 0.066340695727471,
      "12": 0.382543716947153,
      "13": 0.268012655605072,
      "14": 0.0
    },
    "objective_value": 3.432343471099019,
    "lower_bound": 3.010264894335958,
    "upper_bound": 3.432343471099019,
    "absolute_gap": 0.4220785767630608,
    "relative_gap": 0.14021310136434628
  },
  "performance": {
    "solution_time_seconds": 301.6042392253876,
    "solver_status": "ok",
    "termination_condition": "optimal",
    "solver": "gams",
    "subsolver": "baron",
    "is_relaxation": false,
    "root_relaxation_value": 0.0,
    "root_relaxation_gap_percent": 100.0,
    "relaxation_gap_percent": null,
    "absolute_gap": null
  }
}