{
  "model_parameters": {
    "n_dimensions": 5,
    "n_clusters": 5,
    "n_points": 14,
    "coord_range_lower": -1,
    "coord_range_upper": 1
  },
  "solution": {
    "status": "optimal",
    "center_coordinates": {
      "cluster_1": {
        "dim_1": -0.561261158814656,
        "dim_2": 0.646713506849074,
        "dim_3": 0.598294236163986,
        "dim_4": -0.379994040391286,
        "dim_5": -0.28080968667388
      },
      "cluster_2": {
        "dim_1": -0.270913224419962,
        "dim_2": -0.604444129641937,
        "dim_3": -0.288663466132661,
        "dim_4": -0.207101229337926,
        "dim_5": -0.163441624899519
      },
      "cluster_3": {
        "dim_1": 0.332521183683223,
        "dim_2": -0.143713739897051,
        "dim_3": -0.536337801637294,
        "dim_4": 0.410117945721927,
        "dim_5": 0.753827951123608
      },
      "cluster_4": {
        "dim_1": 0.564769500766226,
        "dim_2": 0.554240719169117,
        "dim_3": 0.505835460607325,
        "dim_4": 0.307722555287275,
        "dim_5": 0.119406681655075
      },
      "cluster_5": {
        "dim_1": 0.619351205330632,
        "dim_2": 0.85374300949051,
        "dim_3": -0.52951405255254,
        "dim_4": -0.925581462256484,
        "dim_5": 0.66443261693691
      }
    },
    "distances": {
      "1": 0.431663773002119,
      "2": 0.50434365833945,
      "3": 0.748873055966868,
      "4": 0.256209891983287,
      "5": 0.256209891983287,
      "6": 0.919397853476665,
      "7": 0.238303708251121,
      "8": 0.286994868242067,
      "9": 0.400668741905886,
      "10": 0.286994868242068,
      "11": 0.705751505498079,
      "12": 0.238303708251119,
      "13": 0.210437816440781,
      "14": 0.456414002240249
    },
    "objective_value": 5.940567343823046,
    "lower_bound": 0.627793855008657,
    "absolute_gap": 5.312773488814389,
    "relative_gap": 8.462608301161419
  },
  "performance": {
    "solution_time_seconds": 1863.2525379657745,
    "solver_status": "ok",
    "termination_condition": "optimal",
    "solver": "gams",
    "subsolver": "baron",
    "is_relaxation": false,
    "root_relaxation_value": 0.0,
    "root_relaxation_gap_percent": 100.0,
    "relaxation_gap_percent": null,
    "absolute_gap": null
  }
}