{
  "model_parameters": {
    "n_dimensions": 4,
    "n_clusters": 5,
    "n_points": 16,
    "coord_range_lower": -1,
    "coord_range_upper": 1
  },
  "solution": {
    "status": "feasible",
    "center_coordinates": {
      "cluster_1": {
        "dim_1": -0.666634211857631,
        "dim_2": 0.786222892246632,
        "dim_3": 0.58596899022386,
        "dim_4": 0.474577972781137
      },
      "cluster_2": {
        "dim_1": -0.666634210905344,
        "dim_2": -0.231328902683714,
        "dim_3": -0.374003246245216,
        "dim_4": -0.312165316359199
      },
      "cluster_3": {
        "dim_1": -0.323154583944484,
        "dim_2": -0.332499521621587,
        "dim_3": 0.623480812728734,
        "dim_4": 0.152473129239974
      },
      "cluster_4": {
        "dim_1": 0.520008622696385,
        "dim_2": -0.491145817936282,
        "dim_3": -0.246593821421404,
        "dim_4": -0.689039491975473
      },
      "cluster_5": {
        "dim_1": 0.520008624042615,
        "dim_2": 0.519548220569747,
        "dim_3": 0.375926760711895,
        "dim_4": -0.416435106449422
      }
    },
    "distances": {
      "1": 1.024448614818065,
      "2": 0.373918742318042,
      "3": 0.126361479600538,
      "4": 0.412556222678431,
      "5": 0.269819448221937,
      "6": 0.559449938142028,
      "7": 0.196378716813429,
      "8": 0.173843660513942,
      "9": 0.495738254986265,
      "10": 0.524508030066512,
      "11": 0.412798754881972,
      "12": 0.621798208213726,
      "13": 0.192409278616115,
      "14": 0.206119504983785,
      "15": 0.337293544154093,
      "16": 0.612243817349719
    },
    "objective_value": 6.539686216358599,
    "lower_bound": 1.181194081939855,
    "upper_bound": 6.539686216358599,
    "absolute_gap": 5.358492134418745,
    "relative_gap": 4.536504386830811
  },
  "performance": {
    "solution_time_seconds": 300.6321346759796,
    "solver_status": "ok",
    "termination_condition": "feasible",
    "solver": "gams",
    "subsolver": "gurobi",
    "is_relaxation": false,
    "root_relaxation_value": 0.0,
    "root_relaxation_gap_percent": 100.0,
    "relaxation_gap_percent": null,
    "absolute_gap": null
  }
}