{
  "model_parameters": {
    "n_dimensions": 2,
    "n_clusters": 5,
    "n_points": 14,
    "coord_range_lower": -1,
    "coord_range_upper": 1
  },
  "solution": {
    "status": "optimal",
    "center_coordinates": {
      "cluster_1": {
        "dim_1": -0.802510075879538,
        "dim_2": 0.411291968902007
      },
      "cluster_2": {
        "dim_1": -0.445078083135023,
        "dim_2": -0.598414903300037
      },
      "cluster_3": {
        "dim_1": -0.134834144484042,
        "dim_2": 0.570944482707882
      },
      "cluster_4": {
        "dim_1": 0.292720169639493,
        "dim_2": -0.797934131574834
      },
      "cluster_5": {
        "dim_1": 0.43406007579239,
        "dim_2": 0.237663458917019
      }
    },
    "distances": {
      "1": 0.079829634053755,
      "2": 0.080368848209368,
      "3": 0.079825378947102,
      "4": 0.106940328215981,
      "5": 0.089592678707041,
      "6": 0.089588844647634,
      "7": 0.050082381620132,
      "8": 0.179779967340517,
      "9": 0.040122883482237,
      "10": 0.018231759648064,
      "11": 0.155498074940425,
      "12": 0.057325284187893,
      "13": 0.031488743256578,
      "14": 0.054147494140931
    },
    "objective_value": 1.112822301397658,
    "lower_bound": 1.112822301397657,
    "absolute_gap": 8.881784197001252e-16,
    "relative_gap": 7.981313985032572e-16
  },
  "performance": {
    "solution_time_seconds": 11.499787330627441,
    "solver_status": "ok",
    "termination_condition": "optimal",
    "solver": "gams",
    "subsolver": "baron",
    "is_relaxation": false,
    "root_relaxation_value": 0.0,
    "root_relaxation_gap_percent": 100.0,
    "relaxation_gap_percent": null,
    "absolute_gap": null
  }
}