{
  "model_parameters": {
    "n_dimensions": 4,
    "n_clusters": 4,
    "n_points": 15,
    "coord_range_lower": -1,
    "coord_range_upper": 1
  },
  "solution": {
    "status": "optimal",
    "center_coordinates": {
      "cluster_1": {
        "dim_1": -0.557790458027608,
        "dim_2": -0.516690661525854,
        "dim_3": 0.728241136830596,
        "dim_4": -0.507434187985659
      },
      "cluster_2": {
        "dim_1": -0.26387552707333,
        "dim_2": 0.298468991155483,
        "dim_3": -0.533917755379432,
        "dim_4": -0.283548646318788
      },
      "cluster_3": {
        "dim_1": 0.580084321057669,
        "dim_2": 0.431082323509502,
        "dim_3": 0.585879354233718,
        "dim_4": -0.055823691323305
      },
      "cluster_4": {
        "dim_1": 0.580084311092929,
        "dim_2": -0.211457217990796,
        "dim_3": -0.586660554143772,
        "dim_4": -0.27562900831592
      }
    },
    "distances": {
      "1": 0.861071860551173,
      "2": 0.436072700487916,
      "3": 0.457529227498386,
      "4": 0.628463276581511,
      "5": 0.513003487509191,
      "6": 0.444322533948814,
      "7": 1.373829018111611,
      "8": 0.133998488106968,
      "9": 0.14721039658235,
      "10": 1.65154185972724,
      "11": 0.133998482224437,
      "12": 0.388340217671782,
      "13": 0.388027392827228,
      "14": 0.192534019103422,
      "15": 0.409460952558512
    },
    "objective_value": 8.159403913490541,
    "lower_bound": 1.362396838921256,
    "absolute_gap": 6.797007074569285,
    "relative_gap": 4.989006785975183
  },
  "performance": {
    "solution_time_seconds": 1801.6811895370483,
    "solver_status": "ok",
    "termination_condition": "optimal",
    "solver": "gams",
    "subsolver": "scip",
    "is_relaxation": false,
    "root_relaxation_value": 1.36239683892126,
    "root_relaxation_gap_percent": 83.30274057558654,
    "relaxation_gap_percent": null,
    "absolute_gap": null
  }
}