{
  "model_parameters": {
    "n_dimensions": 5,
    "n_clusters": 5,
    "n_points": 15,
    "coord_range_lower": -1,
    "coord_range_upper": 1
  },
  "solution": {
    "status": "optimal",
    "center_coordinates": {
      "cluster_1": {
        "dim_1": -0.553332963077149,
        "dim_2": -0.722392492908212,
        "dim_3": 0.588766885976736,
        "dim_4": -0.067676713459757,
        "dim_5": 0.726348515980149
      },
      "cluster_2": {
        "dim_1": -0.553332963077149,
        "dim_2": -0.105514017919718,
        "dim_3": 0.949834631027462,
        "dim_4": -0.56112727957753,
        "dim_5": 0.177511254370398
      },
      "cluster_3": {
        "dim_1": -0.458758140118839,
        "dim_2": 0.547930590671955,
        "dim_3": -0.423281227713143,
        "dim_4": 0.667069396197244,
        "dim_5": -0.258142548000464
      },
      "cluster_4": {
        "dim_1": -0.181545603752236,
        "dim_2": -0.452714120859048,
        "dim_3": -0.425275686242052,
        "dim_4": -0.408157183878072,
        "dim_5": -0.149898099181538
      },
      "cluster_5": {
        "dim_1": -0.181545603752236,
        "dim_2": 0.473717479333386,
        "dim_3": 0.792577261096195,
        "dim_4": 0.292632322935995,
        "dim_5": -0.2502060730845
      }
    },
    "distances": {
      "1": 0.459597824097552,
      "2": 0.392671945599491,
      "3": 0.224986886828635,
      "4": 0.375556782918505,
      "5": 0.02756666112,
      "6": 0.199785221853264,
      "7": 0.276871509523154,
      "8": 1.028245696758069,
      "9": 0.640762276774324,
      "10": 0.111095289320526,
      "11": 0.70743025027519,
      "12": 0.202787114589201,
      "13": 0.281446745881809,
      "14": 0.386669027460852,
      "15": 0.535167000781112
    },
    "objective_value": 5.850640233781684,
    "lower_bound": 0.0,
    "upper_bound": 5.850640233781683,
    "absolute_gap": 5.850640233781684,
    "relative_gap": null
  },
  "performance": {
    "solution_time_seconds": 301.46865010261536,
    "solver_status": "ok",
    "termination_condition": "optimal",
    "solver": "gams",
    "subsolver": "baron",
    "is_relaxation": false,
    "root_relaxation_value": 0.0,
    "root_relaxation_gap_percent": 100.0,
    "relaxation_gap_percent": null,
    "absolute_gap": null
  }
}