{
  "model_parameters": {
    "n_dimensions": 2,
    "n_clusters": 4,
    "n_points": 12,
    "coord_range_lower": -1,
    "coord_range_upper": 1
  },
  "solution": {
    "status": "optimal",
    "center_coordinates": {
      "cluster_1": {
        "dim_1": -0.665645027961497,
        "dim_2": 0.280984789328044
      },
      "cluster_2": {
        "dim_1": -0.37962382966456,
        "dim_2": -0.685709646561991
      },
      "cluster_3": {
        "dim_1": 0.524545497790174,
        "dim_2": -0.016896483967856
      },
      "cluster_4": {
        "dim_1": 0.568653868285269,
        "dim_2": -0.730836846511095
      }
    },
    "distances": {
      "1": 0.034053106107303,
      "2": 0.116847504869137,
      "3": 0.064760542796066,
      "4": 0.103222441092547,
      "5": 0.077215171778431,
      "6": 0.1171301745981,
      "7": 0.064953583092278,
      "8": 0.014947804365295,
      "9": 0.187596291684226,
      "10": 0.121806958824069,
      "11": 0.034076041620329,
      "12": 0.011850244811983
    },
    "objective_value": 0.948459865639764,
    "lower_bound": 0.948458979659514,
    "absolute_gap": 8.859802500538194e-07,
    "relative_gap": 9.341260603298587e-07
  },
  "performance": {
    "solution_time_seconds": 95.4026141166687,
    "solver_status": "ok",
    "termination_condition": "optimal",
    "solver": "gams",
    "subsolver": "gurobi",
    "is_relaxation": false,
    "root_relaxation_value": 0.0,
    "root_relaxation_gap_percent": 100.0,
    "relaxation_gap_percent": null,
    "absolute_gap": null
  }
}