{
  "model_parameters": {
    "n_dimensions": 3,
    "n_clusters": 3,
    "n_points": 16,
    "coord_range_lower": -1,
    "coord_range_upper": 1
  },
  "solution": {
    "status": "optimal",
    "center_coordinates": {
      "cluster_1": {
        "dim_1": -0.467141448261143,
        "dim_2": 0.123917768272512,
        "dim_3": 0.271383800894583
      },
      "cluster_2": {
        "dim_1": 0.433418642468831,
        "dim_2": 0.343858181285524,
        "dim_3": -0.54031202757648
      },
      "cluster_3": {
        "dim_1": 0.725266271276837,
        "dim_2": -0.855847411412148,
        "dim_3": 0.421793778579226
      }
    },
    "distances": {
      "1": 0.66468343965034,
      "2": 0.231429257364357,
      "3": 0.427876572328101,
      "4": 0.33282224620192,
      "5": 0.052062840430884,
      "6": 0.641510009762866,
      "7": 0.590584681509938,
      "8": 0.35822341796508,
      "9": 0.072764080203729,
      "10": 0.052446348430272,
      "11": 1.218031265040268,
      "12": 0.486303553824913,
      "13": 0.894290961821141,
      "14": 0.33781161575989,
      "15": 0.21041986656417,
      "16": 0.196874171854527
    },
    "objective_value": 6.768134328712396,
    "lower_bound": 6.76812759704582,
    "absolute_gap": 6.731666576165196e-06,
    "relative_gap": 9.946128348855985e-07
  },
  "performance": {
    "solution_time_seconds": 166.8672878742218,
    "solver_status": "ok",
    "termination_condition": "optimal",
    "solver": "gams",
    "subsolver": "gurobi",
    "is_relaxation": false,
    "root_relaxation_value": 0.0,
    "root_relaxation_gap_percent": 100.0,
    "relaxation_gap_percent": null,
    "absolute_gap": null
  }
}