{
  "model_parameters": {
    "n_dimensions": 4,
    "n_clusters": 4,
    "n_points": 17,
    "coord_range_lower": -1,
    "coord_range_upper": 1
  },
  "solution": {
    "status": "optimal",
    "center_coordinates": {
      "cluster_1": {
        "dim_1": -0.711899369726017,
        "dim_2": -0.530689307249954,
        "dim_3": -0.507419311051777,
        "dim_4": 0.274531295621673
      },
      "cluster_2": {
        "dim_1": -0.261048623703268,
        "dim_2": 0.501836713244338,
        "dim_3": -0.628970056941996,
        "dim_4": 0.232397975143443
      },
      "cluster_3": {
        "dim_1": -0.091171086339955,
        "dim_2": 0.67642281789925,
        "dim_3": 0.620472729436008,
        "dim_4": -0.270728888073579
      },
      "cluster_4": {
        "dim_1": 0.530041867891027,
        "dim_2": -0.546571912851129,
        "dim_3": 0.259778467590214,
        "dim_4": -0.087255140023696
      }
    },
    "distances": {
      "1": 0.131330724224184,
      "2": 0.672769437777449,
      "3": 0.399382577200189,
      "4": 0.883171649369493,
      "5": 1.077841805040695,
      "6": 0.39357352681911,
      "7": 0.740603879810528,
      "8": 0.023289619866004,
      "9": 0.466719622125646,
      "10": 0.50234327617643,
      "11": 0.235163033758172,
      "12": 0.271017933620223,
      "13": 0.300543257075574,
      "14": 0.310057528302707,
      "15": 0.43783515925961,
      "16": 0.634962227158206,
      "17": 0.918454182842656
    },
    "objective_value": 8.399059440426877,
    "lower_bound": 8.399056009191233,
    "absolute_gap": 3.431235644058006e-06,
    "relative_gap": 4.0852634394902777e-07
  },
  "performance": {
    "solution_time_seconds": 1279.3842635154724,
    "solver_status": "ok",
    "termination_condition": "optimal",
    "solver": "gams",
    "subsolver": "gurobi",
    "is_relaxation": false,
    "root_relaxation_value": 0.0,
    "root_relaxation_gap_percent": 100.0,
    "relaxation_gap_percent": null,
    "absolute_gap": null
  }
}