{
  "model_parameters": {
    "n_dimensions": 2,
    "n_clusters": 3,
    "n_points": 15,
    "coord_range_lower": -1,
    "coord_range_upper": 1
  },
  "solution": {
    "status": "optimal",
    "center_coordinates": {
      "cluster_1": {
        "dim_1": -0.600579118361447,
        "dim_2": 0.434674176159239
      },
      "cluster_2": {
        "dim_1": 0.023281964943543,
        "dim_2": -0.68912313822542
      },
      "cluster_3": {
        "dim_1": 0.179014739602956,
        "dim_2": 0.714741229572067
      }
    },
    "distances": {
      "1": 0.070501013796657,
      "2": 0.06574826699374,
      "3": 0.084500514983965,
      "4": 0.20831152551203,
      "5": 0.141629494484478,
      "6": 0.13809652081412,
      "7": 0.101281200341113,
      "8": 0.002133568212881,
      "9": 0.273176204936588,
      "10": 0.029418962061388,
      "11": 0.302193695657964,
      "12": 0.115942120870898,
      "13": 0.053823538527076,
      "14": 0.037311561629555,
      "15": 0.005402026581469
    },
    "objective_value": 1.629470215403922,
    "lower_bound": 1.62946794667432,
    "absolute_gap": 2.268729601961894e-06,
    "relative_gap": 1.392313120728936e-06
  },
  "performance": {
    "solution_time_seconds": 1801.6629257202148,
    "solver_status": "ok",
    "termination_condition": "optimal",
    "solver": "gams",
    "subsolver": "scip",
    "is_relaxation": false,
    "root_relaxation_value": 1.62946794667432,
    "root_relaxation_gap_percent": 0.0001392311182195809,
    "relaxation_gap_percent": null,
    "absolute_gap": null
  }
}