{
  "model_parameters": {
    "n_dimensions": 4,
    "n_clusters": 4,
    "n_points": 12,
    "coord_range_lower": -1,
    "coord_range_upper": 1
  },
  "solution": {
    "status": "optimal",
    "center_coordinates": {
      "cluster_1": {
        "dim_1": -0.17047119140625,
        "dim_2": -0.504627543654538,
        "dim_3": 0.628614433264314,
        "dim_4": -0.693638397031771
      },
      "cluster_2": {
        "dim_1": 0.137362450223016,
        "dim_2": -0.644496947026337,
        "dim_3": -0.642916470766068,
        "dim_4": 0.787192941513878
      },
      "cluster_3": {
        "dim_1": 0.498129035128797,
        "dim_2": 0.0311279296875,
        "dim_3": -0.401970562564567,
        "dim_4": -0.574031471986166
      },
      "cluster_4": {
        "dim_1": 0.640771679701021,
        "dim_2": 0.696006774902344,
        "dim_3": -0.3426513671875,
        "dim_4": 0.761516130158475
      }
    },
    "distances": {
      "1": 0.189130658674845,
      "2": 0.148974111625346,
      "3": 0.083643166081598,
      "4": 0.416654358196731,
      "5": 0.547269859195437,
      "6": 0.543250185299019,
      "7": 0.350129570938277,
      "8": 0.417265117722095,
      "9": 0.083589048150894,
      "10": 0.430694035460067,
      "11": 0.399206056379796,
      "12": 0.327493034589321
    },
    "objective_value": 3.937299202313426,
    "lower_bound": 3.937299202313437,
    "upper_bound": 3.937299202313426,
    "absolute_gap": -1.1102230246251565e-14,
    "relative_gap": -2.8197578278349364e-15
  },
  "performance": {
    "solution_time_seconds": 60.06316876411438,
    "solver_status": "ok",
    "termination_condition": "optimal",
    "solver": "gams",
    "subsolver": "scip",
    "is_relaxation": false,
    "root_relaxation_value": 3.93729920231344,
    "root_relaxation_gap_percent": 3.6092900196287287e-13,
    "relaxation_gap_percent": null,
    "absolute_gap": null
  }
}