{
  "model_parameters": {
    "n_dimensions": 5,
    "n_clusters": 3,
    "n_points": 12,
    "coord_range_lower": -1,
    "coord_range_upper": 1
  },
  "solution": {
    "status": "optimal",
    "center_coordinates": {
      "cluster_1": {
        "dim_1": -0.92906804749304,
        "dim_2": -0.527415787792938,
        "dim_3": -0.647478402470755,
        "dim_4": -0.844953965838556,
        "dim_5": -0.800170898535817
      },
      "cluster_2": {
        "dim_1": 0.103074171661191,
        "dim_2": 0.331965079085665,
        "dim_3": 0.641758708877987,
        "dim_4": -0.571741104125968,
        "dim_5": -0.108881235122679
      },
      "cluster_3": {
        "dim_1": 0.553018569946244,
        "dim_2": -0.142749886742665,
        "dim_3": -0.074698943096833,
        "dim_4": 0.553286075591949,
        "dim_5": -0.1563720703125
      }
    },
    "distances": {
      "1": 0.337088130472404,
      "2": 1.019560421798135,
      "3": 1.334311432044147,
      "4": 0.352855182761129,
      "5": 1.791276962006353,
      "6": 1.039437547550212,
      "7": 1.070500519151929,
      "8": 0.657149717729281,
      "9": 1.882928195568393,
      "10": 0.980471984038515,
      "11": 0.500276941919372,
      "12": 0.0
    },
    "objective_value": 10.96585703503987,
    "lower_bound": 2.174556546921552,
    "upper_bound": 10.96585703503976,
    "absolute_gap": 8.791300488118317,
    "relative_gap": 4.042801508456458
  },
  "performance": {
    "solution_time_seconds": 300.9294378757477,
    "solver_status": "ok",
    "termination_condition": "optimal",
    "solver": "gams",
    "subsolver": "scip",
    "is_relaxation": false,
    "root_relaxation_value": 2.17455654692155,
    "root_relaxation_gap_percent": 80.16975289780764,
    "relaxation_gap_percent": null,
    "absolute_gap": null
  }
}