{
  "model_parameters": {
    "n_dimensions": 3,
    "n_clusters": 4,
    "n_points": 13,
    "coord_range_lower": -1,
    "coord_range_upper": 1
  },
  "solution": {
    "status": "optimal",
    "center_coordinates": {
      "cluster_1": {
        "dim_1": -0.956417112500715,
        "dim_2": -0.586636371023382,
        "dim_3": 0.842750244779561
      },
      "cluster_2": {
        "dim_1": -0.228633009133417,
        "dim_2": 0.745614119789624,
        "dim_3": 0.391774478778554
      },
      "cluster_3": {
        "dim_1": 0.471206391453333,
        "dim_2": 0.058524980901709,
        "dim_3": -0.524084122497114
      },
      "cluster_4": {
        "dim_1": 0.670428909931686,
        "dim_2": -0.299547141628737,
        "dim_3": 0.410780600650434
      }
    },
    "distances": {
      "1": 0.074191191000888,
      "2": 0.0,
      "3": 0.41849012356502,
      "4": 0.030123369268603,
      "5": 0.220264218467562,
      "6": 0.099507458761946,
      "7": 0.576888614627738,
      "8": 0.0191464863105,
      "9": 0.157338627406761,
      "10": 0.1333020892218,
      "11": 0.387093498813468,
      "12": 0.220610351195209,
      "13": 0.109221528437038
    },
    "objective_value": 2.446177557076533,
    "lower_bound": 2.446175565524227,
    "upper_bound": 2.446177557076533,
    "absolute_gap": 1.9915523057356666e-06,
    "relative_gap": 8.141493741512651e-07
  },
  "performance": {
    "solution_time_seconds": 29.702371835708618,
    "solver_status": "ok",
    "termination_condition": "optimal",
    "solver": "gams",
    "subsolver": "baron",
    "is_relaxation": false,
    "root_relaxation_value": 0.0,
    "root_relaxation_gap_percent": 100.0,
    "relaxation_gap_percent": null,
    "absolute_gap": null
  }
}