{
  "model_parameters": {
    "n_dimensions": 5,
    "n_clusters": 5,
    "n_points": 14,
    "coord_range_lower": -1,
    "coord_range_upper": 1
  },
  "solution": {
    "status": "feasible",
    "center_coordinates": {
      "cluster_1": {
        "dim_1": -0.46447851268239,
        "dim_2": -0.60399878269685,
        "dim_3": -0.288499398770454,
        "dim_4": -0.20710122909758,
        "dim_5": -0.163693425589762
      },
      "cluster_2": {
        "dim_1": -0.464478512682391,
        "dim_2": 0.64675639577743,
        "dim_3": 0.598004314169215,
        "dim_4": -0.379994039898304,
        "dim_5": -0.280809686499659
      },
      "cluster_3": {
        "dim_1": 0.520352848489045,
        "dim_2": 0.554118813451099,
        "dim_3": 0.505680289214628,
        "dim_4": 0.30751631858266,
        "dim_5": 0.119863997831535
      },
      "cluster_4": {
        "dim_1": 0.520352848489043,
        "dim_2": 0.853743009490522,
        "dim_3": -0.528973110258015,
        "dim_4": -0.925953312030264,
        "dim_5": 0.664432615676313
      },
      "cluster_5": {
        "dim_1": 0.520352848489043,
        "dim_2": -0.144041034722368,
        "dim_3": -0.536337801637286,
        "dim_4": 0.410259843184096,
        "dim_5": 0.753827951123655
      }
    },
    "distances": {
      "1": 0.434214436384777,
      "2": 0.462188812843272,
      "3": 0.80514727268613,
      "4": 0.249989440290714,
      "5": 0.337365417210251,
      "6": 0.875710180719217,
      "7": 0.364252571843546,
      "8": 0.325795367052486,
      "9": 0.409875598733716,
      "10": 0.267795001082065,
      "11": 0.772787672978733,
      "12": 0.182916567779684,
      "13": 0.18461275842675,
      "14": 0.478372269091961
    },
    "objective_value": 6.151023367123302,
    "lower_bound": 1.365683654712461,
    "upper_bound": 6.1510233671233,
    "absolute_gap": 4.785339712410841,
    "relative_gap": 3.503988420670067
  },
  "performance": {
    "solution_time_seconds": 300.6169033050537,
    "solver_status": "ok",
    "termination_condition": "feasible",
    "solver": "gams",
    "subsolver": "gurobi",
    "is_relaxation": false,
    "root_relaxation_value": 0.0,
    "root_relaxation_gap_percent": 100.0,
    "relaxation_gap_percent": null,
    "absolute_gap": null
  }
}