{
  "model_parameters": {
    "n_dimensions": 5,
    "n_clusters": 5,
    "n_points": 10,
    "coord_range_lower": -1,
    "coord_range_upper": 1
  },
  "solution": {
    "status": "optimal",
    "center_coordinates": {
      "cluster_1": {
        "dim_1": -0.969859479887376,
        "dim_2": -0.891707463874654,
        "dim_3": 0.04785298736905,
        "dim_4": -0.029739310308498,
        "dim_5": -0.330524131326118
      },
      "cluster_2": {
        "dim_1": -0.705682395938919,
        "dim_2": 0.66460552584686,
        "dim_3": -0.195992253492973,
        "dim_4": -0.133546931626071,
        "dim_5": -0.110565054367509
      },
      "cluster_3": {
        "dim_1": 0.275866349777577,
        "dim_2": -0.684058797217624,
        "dim_3": 0.881450548522197,
        "dim_4": 0.099374739710807,
        "dim_5": 0.587150199265296
      },
      "cluster_4": {
        "dim_1": 0.443816671963005,
        "dim_2": 0.208819126180971,
        "dim_3": -0.282131132763151,
        "dim_4": 0.440711614702176,
        "dim_5": -0.634433692658096
      },
      "cluster_5": {
        "dim_1": 0.930915431496781,
        "dim_2": 0.861788983063398,
        "dim_3": 0.04701730624044,
        "dim_4": -0.076565699679213,
        "dim_5": -0.439407200107006
      }
    },
    "distances": {
      "1": 0.43913575480662,
      "2": 0.0,
      "3": 0.574962116276298,
      "4": 0.435906409995345,
      "5": 0.199955905051537,
      "6": 0.221104992119225,
      "7": 0.279440032284941,
      "8": 0.178253019975386,
      "9": 0.0,
      "10": 0.178253020500896
    },
    "objective_value": 2.507011251010248,
    "lower_bound": 2.50701126205978,
    "upper_bound": 2.507011251010248,
    "absolute_gap": -1.1049531956075498e-08,
    "relative_gap": -4.407452061861548e-09
  },
  "performance": {
    "solution_time_seconds": 109.38685631752014,
    "solver_status": "ok",
    "termination_condition": "optimal",
    "solver": "gams",
    "subsolver": "baron",
    "is_relaxation": false,
    "root_relaxation_value": 0.0,
    "root_relaxation_gap_percent": 100.0,
    "relaxation_gap_percent": null,
    "absolute_gap": null
  }
}