{
  "model_parameters": {
    "n_dimensions": 3,
    "n_clusters": 5,
    "n_points": 13,
    "coord_range_lower": -1,
    "coord_range_upper": 1
  },
  "solution": {
    "status": "feasible",
    "center_coordinates": {
      "cluster_1": {
        "dim_1": -0.730190123586274,
        "dim_2": -0.445141033658913,
        "dim_3": -0.017738756208576
      },
      "cluster_2": {
        "dim_1": 0.300635602288162,
        "dim_2": 0.307172948195575,
        "dim_3": 0.188034449383814
      },
      "cluster_3": {
        "dim_1": 0.352431778747778,
        "dim_2": -0.758848196110359,
        "dim_3": 0.281930331745202
      },
      "cluster_4": {
        "dim_1": 0.500221317404227,
        "dim_2": 0.63902754502381,
        "dim_3": -0.860269415224784
      },
      "cluster_5": {
        "dim_1": 0.81549165712032,
        "dim_2": -0.97206305777248,
        "dim_3": -0.898108435536592
      }
    },
    "distances": {
      "1": 0.08613598797133,
      "2": 0.101443096766865,
      "3": 0.054132828160655,
      "4": 0.174979671941876,
      "5": 0.389422655579484,
      "6": 0.213462062411467,
      "7": 0.16336461843777,
      "8": 0.0,
      "9": 0.110869154284162,
      "10": 0.110869153135691,
      "11": 0.248573705175491,
      "12": 0.245071142853865,
      "13": 0.215086328002574
    },
    "objective_value": 2.11341040472123,
    "lower_bound": 2.057550977232192,
    "upper_bound": 2.113410404721231,
    "absolute_gap": 0.05585942748903783,
    "relative_gap": 0.027148502324924006
  },
  "performance": {
    "solution_time_seconds": 300.53573846817017,
    "solver_status": "ok",
    "termination_condition": "feasible",
    "solver": "gams",
    "subsolver": "gurobi",
    "is_relaxation": false,
    "root_relaxation_value": 0.0,
    "root_relaxation_gap_percent": 100.0,
    "relaxation_gap_percent": null,
    "absolute_gap": null
  }
}