{
  "model_parameters": {
    "n_dimensions": 4,
    "n_clusters": 4,
    "n_points": 13,
    "coord_range_lower": -1,
    "coord_range_upper": 1
  },
  "solution": {
    "status": "optimal",
    "center_coordinates": {
      "cluster_1": {
        "dim_1": -0.426111274055864,
        "dim_2": -0.230624616051328,
        "dim_3": -0.509414311454309,
        "dim_4": -0.289751539566977
      },
      "cluster_2": {
        "dim_1": -0.426111274055864,
        "dim_2": -0.140135262822249,
        "dim_3": 0.598583219194286,
        "dim_4": 0.568617275740394
      },
      "cluster_3": {
        "dim_1": 0.58872276952629,
        "dim_2": 0.803775639248005,
        "dim_3": 0.61649073162676,
        "dim_4": 0.50124736532348
      },
      "cluster_4": {
        "dim_1": 0.766078004843603,
        "dim_2": 0.578765734218817,
        "dim_3": 0.096946258023576,
        "dim_4": -0.827434823883523
      }
    },
    "distances": {
      "1": 0.257483133172195,
      "2": 0.029459551084089,
      "3": 0.70283985014166,
      "4": 1.02300737781708,
      "5": 0.25607831146752,
      "6": 1.100971932039613,
      "7": 0.763302739602754,
      "8": 0.439445891071117,
      "9": 0.761674657857924,
      "10": 0.275975197998069,
      "11": 0.763302669382498,
      "12": 0.029459572572654,
      "13": 0.686754639656519
    },
    "objective_value": 7.089755523863692,
    "lower_bound": 7.089755523850318,
    "upper_bound": 7.089755523863691,
    "absolute_gap": 1.3374190643844486e-11,
    "relative_gap": 1.886410694819164e-12
  },
  "performance": {
    "solution_time_seconds": 58.16832709312439,
    "solver_status": "ok",
    "termination_condition": "optimal",
    "solver": "gams",
    "subsolver": "baron",
    "is_relaxation": false,
    "root_relaxation_value": 1.38797,
    "root_relaxation_gap_percent": 80.4228792469899,
    "relaxation_gap_percent": null,
    "absolute_gap": null
  }
}