{
  "model_parameters": {
    "n_dimensions": 4,
    "n_clusters": 3,
    "n_points": 17,
    "coord_range_lower": -1,
    "coord_range_upper": 1
  },
  "solution": {
    "status": "optimal",
    "center_coordinates": {
      "cluster_1": {
        "dim_1": -0.356011624508359,
        "dim_2": 0.004062367769625,
        "dim_3": -0.558606941199706,
        "dim_4": 0.439986746384558
      },
      "cluster_2": {
        "dim_1": -0.055255052904052,
        "dim_2": 0.38860754893302,
        "dim_3": 0.841822912166556,
        "dim_4": 0.084327494091996
      },
      "cluster_3": {
        "dim_1": 0.321644420447437,
        "dim_2": 0.160762941790888,
        "dim_3": -0.128804344934641,
        "dim_4": -0.194305460375171
      }
    },
    "distances": {
      "1": 0.591911447837815,
      "2": 0.801462701692323,
      "3": 1.003818248190656,
      "4": 0.669285484239191,
      "5": 0.508197284766194,
      "6": 0.190060264972699,
      "7": 0.102775775308243,
      "8": 0.091484927282554,
      "9": 0.672660880841535,
      "10": 0.61336299049084,
      "11": 0.141630646686917,
      "12": 0.66803964728142,
      "13": 0.421500248477376,
      "14": 0.635034578921105,
      "15": 0.570178400212191,
      "16": 0.309272173705789,
      "17": 0.269644318354399
    },
    "objective_value": 8.260320019261247,
    "lower_bound": 8.260319823352996,
    "upper_bound": 8.260320019261247,
    "absolute_gap": 1.9590825139914614e-07,
    "relative_gap": 2.3716787677553127e-08
  },
  "performance": {
    "solution_time_seconds": 22.724901914596558,
    "solver_status": "ok",
    "termination_condition": "optimal",
    "solver": "gams",
    "subsolver": "baron",
    "is_relaxation": false,
    "root_relaxation_value": 0.0,
    "root_relaxation_gap_percent": 100.0,
    "relaxation_gap_percent": null,
    "absolute_gap": null
  }
}