{
  "model_parameters": {
    "n_dimensions": 5,
    "n_clusters": 4,
    "n_points": 12,
    "coord_range_lower": -1,
    "coord_range_upper": 1
  },
  "solution": {
    "status": "optimal",
    "center_coordinates": {
      "cluster_1": {
        "dim_1": -0.7809120279515,
        "dim_2": -0.801263514769453,
        "dim_3": 0.71763928320783,
        "dim_4": -0.37534851631955,
        "dim_5": -0.628460239642289
      },
      "cluster_2": {
        "dim_1": -0.111537427297428,
        "dim_2": -0.556577475237865,
        "dim_3": -0.74793362666293,
        "dim_4": 0.256786959558065,
        "dim_5": 0.429685987000576
      },
      "cluster_3": {
        "dim_1": 0.132228294844391,
        "dim_2": -0.830630795001712,
        "dim_3": 0.516288860733742,
        "dim_4": -0.107383131038866,
        "dim_5": 0.531453801539386
      },
      "cluster_4": {
        "dim_1": 0.350619784194123,
        "dim_2": 0.430341555341575,
        "dim_3": -0.145819831655918,
        "dim_4": -0.288323112879072,
        "dim_5": -0.628048718721328
      }
    },
    "distances": {
      "1": 0.3131568136409,
      "2": 0.210452377454617,
      "3": 0.156036881239899,
      "4": 0.422645774028445,
      "5": 0.313249663740699,
      "6": 1.007329914599644,
      "7": 1.005590992577966,
      "8": 0.827278698596265,
      "9": 0.454019562414028,
      "10": 1.575885824273423,
      "11": 0.804329947046148,
      "12": 0.610775330666565
    },
    "objective_value": 7.700751780278599,
    "lower_bound": 7.700751052741314,
    "upper_bound": 7.700751780278599,
    "absolute_gap": 7.275372855275464e-07,
    "relative_gap": 9.447614661800521e-08
  },
  "performance": {
    "solution_time_seconds": 161.75855493545532,
    "solver_status": "ok",
    "termination_condition": "optimal",
    "solver": "gams",
    "subsolver": "gurobi",
    "is_relaxation": false,
    "root_relaxation_value": 0.0,
    "root_relaxation_gap_percent": 100.0,
    "relaxation_gap_percent": null,
    "absolute_gap": null
  }
}