{
  "model_parameters": {
    "n_dimensions": 5,
    "n_clusters": 3,
    "n_points": 12,
    "coord_range_lower": -1,
    "coord_range_upper": 1
  },
  "solution": {
    "status": "optimal",
    "center_coordinates": {
      "cluster_1": {
        "dim_1": -0.103042232869431,
        "dim_2": 0.159968634167247,
        "dim_3": 0.383906519417575,
        "dim_4": -0.626786344334868,
        "dim_5": -0.24708461929338
      },
      "cluster_2": {
        "dim_1": 0.465244731665123,
        "dim_2": 0.413146942266175,
        "dim_3": -0.1729736328125,
        "dim_4": 0.673286776544194,
        "dim_5": -0.75439453125
      },
      "cluster_3": {
        "dim_1": 0.619104040149048,
        "dim_2": -0.560346415442537,
        "dim_3": -0.00148197066214,
        "dim_4": 0.463426520568528,
        "dim_5": 0.291818166775272
      }
    },
    "distances": {
      "1": 0.580864986353861,
      "2": 0.327668774409605,
      "3": 1.294743499436203,
      "4": 0.733008482311414,
      "5": 0.953476518757128,
      "6": 0.658795230172484,
      "7": 0.738142152182592,
      "8": 0.340989653029156,
      "9": 0.8104416397982,
      "10": 0.66564326556279,
      "11": 0.835439685663279,
      "12": 2.571016310174502
    },
    "objective_value": 10.510230197851214,
    "lower_bound": 10.510230197851177,
    "upper_bound": 10.510230197851211,
    "absolute_gap": 3.730349362740526e-14,
    "relative_gap": 3.5492556228722737e-15
  },
  "performance": {
    "solution_time_seconds": 57.362064599990845,
    "solver_status": "ok",
    "termination_condition": "optimal",
    "solver": "gams",
    "subsolver": "scip",
    "is_relaxation": false,
    "root_relaxation_value": 10.5102301978512,
    "root_relaxation_gap_percent": 1.352097380141814e-13,
    "relaxation_gap_percent": null,
    "absolute_gap": null
  }
}