{
  "model_parameters": {
    "n_dimensions": 3,
    "n_clusters": 3,
    "n_points": 17,
    "coord_range_lower": -1,
    "coord_range_upper": 1
  },
  "solution": {
    "status": "optimal",
    "center_coordinates": {
      "cluster_1": {
        "dim_1": -0.74219367464094,
        "dim_2": -0.230031723321754,
        "dim_3": -0.696216805577208
      },
      "cluster_2": {
        "dim_1": -0.40814600120948,
        "dim_2": 0.102843351927351,
        "dim_3": 0.741360180897024
      },
      "cluster_3": {
        "dim_1": 0.361150924867191,
        "dim_2": 0.016763255574856,
        "dim_3": -0.17818354192628
      }
    },
    "distances": {
      "1": 0.364431246921754,
      "2": 0.223656902219265,
      "3": 0.401791540456842,
      "4": 0.105178444525679,
      "5": 0.163095257181245,
      "6": 0.057477383420929,
      "7": 0.55591306949632,
      "8": 0.528568106147558,
      "9": 0.631525364032207,
      "10": 0.622900395025987,
      "11": 0.687025741611712,
      "12": 0.428045103547162,
      "13": 0.335397821115062,
      "14": 0.745567626840649,
      "15": 0.265590442762434,
      "16": 0.834882062577,
      "17": 0.274608550670999
    },
    "objective_value": 7.225655058552804,
    "lower_bound": 7.225653703054475,
    "upper_bound": 7.225655058552804,
    "absolute_gap": 1.3554983286923061e-06,
    "relative_gap": 1.8759525219417878e-07
  },
  "performance": {
    "solution_time_seconds": 55.541114807128906,
    "solver_status": "ok",
    "termination_condition": "optimal",
    "solver": "gams",
    "subsolver": "gurobi",
    "is_relaxation": false,
    "root_relaxation_value": 0.0,
    "root_relaxation_gap_percent": 100.0,
    "relaxation_gap_percent": null,
    "absolute_gap": null
  }
}