{
  "model_parameters": {
    "n_dimensions": 2,
    "n_clusters": 4,
    "n_points": 12,
    "coord_range_lower": -1,
    "coord_range_upper": 1
  },
  "solution": {
    "status": "optimal",
    "center_coordinates": {
      "cluster_1": {
        "dim_1": -0.665373157518965,
        "dim_2": 0.281714290896566
      },
      "cluster_2": {
        "dim_1": -0.379360438693022,
        "dim_2": -0.685709646562068
      },
      "cluster_3": {
        "dim_1": 0.523983985140408,
        "dim_2": -0.016439827605379
      },
      "cluster_4": {
        "dim_1": 0.568184988047078,
        "dim_2": -0.730246023012277
      }
    },
    "distances": {
      "1": 0.033811625877611,
      "2": 0.117085666061379,
      "3": 0.064663382823633,
      "4": 0.103464780171,
      "5": 0.076915900692384,
      "6": 0.11766350210467,
      "7": 0.065048634771883,
      "8": 0.015009670471321,
      "9": 0.187194350096834,
      "10": 0.121323554917561,
      "11": 0.034317018945055,
      "12": 0.011959787364071
    },
    "objective_value": 0.948457874297402,
    "lower_bound": 0.948457142934787,
    "upper_bound": 0.948457874297402,
    "absolute_gap": 7.313626150251551e-07,
    "relative_gap": 7.711077094765908e-07
  },
  "performance": {
    "solution_time_seconds": 45.87622261047363,
    "solver_status": "ok",
    "termination_condition": "optimal",
    "solver": "gams",
    "subsolver": "gurobi",
    "is_relaxation": false,
    "root_relaxation_value": 0.0,
    "root_relaxation_gap_percent": 100.0,
    "relaxation_gap_percent": null,
    "absolute_gap": null
  }
}