{
  "model_parameters": {
    "n_dimensions": 5,
    "n_clusters": 5,
    "n_points": 10,
    "coord_range_lower": -1,
    "coord_range_upper": 1
  },
  "solution": {
    "status": "optimal",
    "center_coordinates": {
      "cluster_1": {
        "dim_1": -0.603307201015624,
        "dim_2": -0.24081848330331,
        "dim_3": 0.759428546920219,
        "dim_4": 0.311363839280536,
        "dim_5": -0.598046080610944
      },
      "cluster_2": {
        "dim_1": -0.570769724084104,
        "dim_2": -0.102473852138729,
        "dim_3": 0.696411302214661,
        "dim_4": 0.926471750832382,
        "dim_5": 0.426294288078046
      },
      "cluster_3": {
        "dim_1": -0.187071126365648,
        "dim_2": -0.198439684209152,
        "dim_3": -0.268951306844101,
        "dim_4": -0.442981991148803,
        "dim_5": -0.729785419393514
      },
      "cluster_4": {
        "dim_1": -0.186315490134324,
        "dim_2": 0.694246505240973,
        "dim_3": -0.760018798193494,
        "dim_4": -0.134547376010257,
        "dim_5": 0.711767360202518
      },
      "cluster_5": {
        "dim_1": -0.131536502673957,
        "dim_2": -0.309320640026769,
        "dim_3": -0.453609713388815,
        "dim_4": 0.582666338375624,
        "dim_5": 0.585277281140597
      }
    },
    "distances": {
      "1": 0.126323198926348,
      "2": 0.461099206386951,
      "3": 0.203445084252054,
      "4": 0.288164767815218,
      "5": -9.98999e-09,
      "6": 0.618352765340498,
      "7": 0.198339249233933,
      "8": 0.288164768406929,
      "9": 0.198339245839552,
      "10": 0.203445065266186
    },
    "objective_value": 2.585673341477679,
    "lower_bound": 2.585658171392625,
    "absolute_gap": 1.5170085053917148e-05,
    "relative_gap": 5.867011046454993e-06
  },
  "performance": {
    "solution_time_seconds": 1802.8321146965027,
    "solver_status": "ok",
    "termination_condition": "optimal",
    "solver": "gams",
    "subsolver": "scip",
    "is_relaxation": false,
    "root_relaxation_value": 2.58565817139262,
    "root_relaxation_gap_percent": 0.0005866976626727574,
    "relaxation_gap_percent": null,
    "absolute_gap": null
  }
}