{
  "model_parameters": {
    "n_dimensions": 5,
    "n_clusters": 3,
    "n_points": 15,
    "coord_range_lower": -1,
    "coord_range_upper": 1
  },
  "solution": {
    "status": "optimal",
    "center_coordinates": {
      "cluster_1": {
        "dim_1": 0.309186023592869,
        "dim_2": -0.390613768832234,
        "dim_3": 0.053931078627828,
        "dim_4": 0.49950933614336,
        "dim_5": 0.654041207711287
      },
      "cluster_2": {
        "dim_1": 0.309186023592869,
        "dim_2": 0.629816735332041,
        "dim_3": -0.19100791484277,
        "dim_4": 0.068497268936344,
        "dim_5": 0.365876817905842
      },
      "cluster_3": {
        "dim_1": 0.400022042985254,
        "dim_2": -0.148093380204549,
        "dim_3": 0.194685321057214,
        "dim_4": -0.64332205207713,
        "dim_5": -0.481840027603071
      }
    },
    "distances": {
      "1": 2.703766252492091,
      "2": 0.621520156069385,
      "3": 0.646998502619752,
      "4": 0.303059503300069,
      "5": 0.683623550349262,
      "6": 1.560974769393278,
      "7": 1.163061466714453,
      "8": 1.068632055515334,
      "9": 1.362974486620169,
      "10": 0.123628771735461,
      "11": 0.643995651580822,
      "12": 0.820207388421858,
      "13": 0.37034526456298,
      "14": 0.714126276329579,
      "15": 0.774076246927632
    },
    "objective_value": 13.560990342632126,
    "lower_bound": 13.560990342632126,
    "upper_bound": 13.560990342632126,
    "absolute_gap": 0.0,
    "relative_gap": 0.0
  },
  "performance": {
    "solution_time_seconds": 32.6588990688324,
    "solver_status": "ok",
    "termination_condition": "optimal",
    "solver": "gams",
    "subsolver": "baron",
    "is_relaxation": false,
    "root_relaxation_value": 3.43601,
    "root_relaxation_gap_percent": 74.66254371409657,
    "relaxation_gap_percent": null,
    "absolute_gap": null
  }
}