{
  "model_parameters": {
    "n_dimensions": 2,
    "n_clusters": 3,
    "n_points": 16,
    "coord_range_lower": -1,
    "coord_range_upper": 1
  },
  "solution": {
    "status": "optimal",
    "center_coordinates": {
      "cluster_1": {
        "dim_1": -0.591466901853712,
        "dim_2": -0.567486896815486
      },
      "cluster_2": {
        "dim_1": -0.363222573909642,
        "dim_2": 0.333329998572045
      },
      "cluster_3": {
        "dim_1": 0.687511783107938,
        "dim_2": 0.482236737691595
      }
    },
    "distances": {
      "1": 0.109239881911436,
      "2": 0.34826932860276,
      "3": 0.047109022360768,
      "4": 0.141863384977098,
      "5": 0.02431050078016,
      "6": 0.773148162128626,
      "7": 0.227422116575509,
      "8": 0.101398450527694,
      "9": 0.135480089335557,
      "10": 0.0968097709694,
      "11": 0.038941249430117,
      "12": 0.169333630306678,
      "13": 0.078600692717818,
      "14": 0.159791037908942,
      "15": 0.214530801237998,
      "16": 0.171839367432021
    },
    "objective_value": 2.838087487202582,
    "lower_bound": 2.838085898471741,
    "upper_bound": 2.83808748720258,
    "absolute_gap": 1.588730841106667e-06,
    "relative_gap": 5.597895546298195e-07
  },
  "performance": {
    "solution_time_seconds": 6.128530263900757,
    "solver_status": "ok",
    "termination_condition": "optimal",
    "solver": "gams",
    "subsolver": "gurobi",
    "is_relaxation": false,
    "root_relaxation_value": 0.0,
    "root_relaxation_gap_percent": 100.0,
    "relaxation_gap_percent": null,
    "absolute_gap": null
  }
}