{
  "model_parameters": {
    "n_dimensions": 3,
    "n_clusters": 5,
    "n_points": 14,
    "coord_range_lower": -1,
    "coord_range_upper": 1
  },
  "solution": {
    "status": "feasible",
    "center_coordinates": {
      "cluster_1": {
        "dim_1": -0.929058081334972,
        "dim_2": -0.241328767507138,
        "dim_3": -0.663883581812338
      },
      "cluster_2": {
        "dim_1": -0.421993698515439,
        "dim_2": 0.765421163399711,
        "dim_3": 0.604732264986867
      },
      "cluster_3": {
        "dim_1": -0.120403296779422,
        "dim_2": -0.264731005257065,
        "dim_3": 0.309446317899786
      },
      "cluster_4": {
        "dim_1": 0.469135388850702,
        "dim_2": 0.001056074597707,
        "dim_3": -0.421073199604224
      },
      "cluster_5": {
        "dim_1": 0.932501215085783,
        "dim_2": -0.504634350991392,
        "dim_3": 0.359552132777818
      }
    },
    "distances": {
      "1": 0.297655724694817,
      "2": 1.001129e-09,
      "3": 0.346137618788898,
      "4": 0.152821380058052,
      "5": 0.149496988686741,
      "6": 0.055848209531928,
      "7": 1.001541e-09,
      "8": 0.149496990234856,
      "9": 0.094453604972542,
      "10": 0.188462912515519,
      "11": 0.083659152530567,
      "12": 0.191644875377938,
      "13": 0.068001668315109,
      "14": 0.335419337086208
    },
    "objective_value": 2.113098464795845,
    "lower_bound": 1.831612500590526,
    "upper_bound": 2.113098464795846,
    "absolute_gap": 0.2814859642053189,
    "relative_gap": 0.15368205016867142
  },
  "performance": {
    "solution_time_seconds": 300.5294964313507,
    "solver_status": "ok",
    "termination_condition": "feasible",
    "solver": "gams",
    "subsolver": "gurobi",
    "is_relaxation": false,
    "root_relaxation_value": 0.0,
    "root_relaxation_gap_percent": 100.0,
    "relaxation_gap_percent": null,
    "absolute_gap": null
  }
}