{
  "model_parameters": {
    "n_dimensions": 5,
    "n_clusters": 4,
    "n_points": 13,
    "coord_range_lower": -1,
    "coord_range_upper": 1
  },
  "solution": {
    "status": "optimal",
    "center_coordinates": {
      "cluster_1": {
        "dim_1": -0.500099721107678,
        "dim_2": -0.329764081982396,
        "dim_3": -0.074605499908958,
        "dim_4": -0.695674203298765,
        "dim_5": -0.083964299556385
      },
      "cluster_2": {
        "dim_1": -0.325776669158471,
        "dim_2": 0.726991391945615,
        "dim_3": 0.327453946524781,
        "dim_4": 0.130428142729467,
        "dim_5": 0.801419869367763
      },
      "cluster_3": {
        "dim_1": 0.516583555436286,
        "dim_2": -0.374007585365658,
        "dim_3": 0.576817380117295,
        "dim_4": -0.086528466115444,
        "dim_5": 0.209710042253602
      },
      "cluster_4": {
        "dim_1": 0.516583555436286,
        "dim_2": 0.452325371601916,
        "dim_3": -0.025699593057245,
        "dim_4": 0.390186942162869,
        "dim_5": -0.60530467480222
      }
    },
    "distances": {
      "1": 0.102477309695767,
      "2": 0.434160220594071,
      "3": 0.183013526562298,
      "4": 0.488743259733015,
      "5": 0.602871368756558,
      "6": 0.672583343478573,
      "7": 0.427990609123729,
      "8": 0.99581203638412,
      "9": 0.888331719535037,
      "10": 0.968301975732217,
      "11": 0.651990462987706,
      "12": 0.06944929812388,
      "13": 0.195308036695881
    },
    "objective_value": 6.681033167402852,
    "lower_bound": 6.681033167402853,
    "absolute_gap": -8.881784197001252e-16,
    "relative_gap": -1.3294027996053052e-16
  },
  "performance": {
    "solution_time_seconds": 91.57986044883728,
    "solver_status": "ok",
    "termination_condition": "optimal",
    "solver": "gams",
    "subsolver": "baron",
    "is_relaxation": false,
    "root_relaxation_value": 0.0107239,
    "root_relaxation_gap_percent": 99.8394874006565,
    "relaxation_gap_percent": null,
    "absolute_gap": null
  }
}