{
  "model_parameters": {
    "n_dimensions": 3,
    "n_clusters": 3,
    "n_points": 11,
    "coord_range_lower": -1,
    "coord_range_upper": 1
  },
  "solution": {
    "status": "optimal",
    "center_coordinates": {
      "cluster_1": {
        "dim_1": -0.419681248309242,
        "dim_2": -0.225218426548503,
        "dim_3": 0.570253972206207
      },
      "cluster_2": {
        "dim_1": -0.322191657621583,
        "dim_2": 0.81299258391771,
        "dim_3": 0.558248233537297
      },
      "cluster_3": {
        "dim_1": 0.155631198152661,
        "dim_2": -0.274298526403947,
        "dim_3": -0.361825035808063
      }
    },
    "distances": {
      "1": 0.339802791832207,
      "2": 0.083561582615588,
      "3": 0.202086633183164,
      "4": 0.165769260600981,
      "5": 0.542901315529107,
      "6": 0.153845996631931,
      "7": 0.72356478314707,
      "8": 0.565246909573411,
      "9": 0.230188293725322,
      "10": 0.270555044069161,
      "11": 0.104177597668046
    },
    "objective_value": 3.381700208575988,
    "lower_bound": 3.381700208575989,
    "upper_bound": 3.381700208575989,
    "absolute_gap": -8.881784197001252e-16,
    "relative_gap": -2.626425658453418e-16
  },
  "performance": {
    "solution_time_seconds": 38.536991596221924,
    "solver_status": "ok",
    "termination_condition": "optimal",
    "solver": "gams",
    "subsolver": "baron",
    "is_relaxation": false,
    "root_relaxation_value": 0.0,
    "root_relaxation_gap_percent": 100.0,
    "relaxation_gap_percent": null,
    "absolute_gap": null
  }
}