{
  "model_parameters": {
    "n_dimensions": 3,
    "n_clusters": 3,
    "n_points": 20,
    "coord_range_lower": -1,
    "coord_range_upper": 1
  },
  "solution": {
    "status": "optimal",
    "center_coordinates": {
      "cluster_1": {
        "dim_1": -0.450675485326459,
        "dim_2": -0.380211707882223,
        "dim_3": 0.263547996761608
      },
      "cluster_2": {
        "dim_1": 0.055303949634648,
        "dim_2": 0.687987846945178,
        "dim_3": -0.42754967796318
      },
      "cluster_3": {
        "dim_1": 0.568002296007818,
        "dim_2": 0.278673713608523,
        "dim_3": 0.444631329725518
      }
    },
    "distances": {
      "1": 0.835968108289844,
      "2": 0.218161831297688,
      "3": 0.604460952689346,
      "4": 0.681836724958308,
      "5": 0.525720498335785,
      "6": 0.063771458796391,
      "7": 0.124229714246902,
      "8": 0.832685288433471,
      "9": 0.134785566727511,
      "10": 0.462452391979583,
      "11": 0.635655590580223,
      "12": 0.11888475693247,
      "13": 0.064802144803255,
      "14": 0.274774815236305,
      "15": 0.532111312297263,
      "16": 1.602128753150809,
      "17": 0.150243435698114,
      "18": 0.788775834327371,
      "19": 0.648630586809687,
      "20": 0.410635372995718
    },
    "objective_value": 9.710715138586044,
    "lower_bound": 9.710715138586043,
    "absolute_gap": 1.7763568394002505e-15,
    "relative_gap": 1.8292749957640115e-16
  },
  "performance": {
    "solution_time_seconds": 45.15390586853027,
    "solver_status": "ok",
    "termination_condition": "optimal",
    "solver": "gams",
    "subsolver": "baron",
    "is_relaxation": false,
    "root_relaxation_value": 0.0,
    "root_relaxation_gap_percent": 100.0,
    "relaxation_gap_percent": null,
    "absolute_gap": null
  }
}