{
  "model_parameters": {
    "n_dimensions": 5,
    "n_clusters": 3,
    "n_points": 10,
    "coord_range_lower": -1,
    "coord_range_upper": 1
  },
  "solution": {
    "status": "feasible",
    "center_coordinates": {
      "cluster_1": {
        "dim_1": -0.796370112906041,
        "dim_2": -0.011862196987666,
        "dim_3": 0.562554474168772,
        "dim_4": -0.40529836941111,
        "dim_5": -0.043359696751214
      },
      "cluster_2": {
        "dim_1": -0.560649992265136,
        "dim_2": 0.494474842194249,
        "dim_3": 0.100005088755268,
        "dim_4": 0.486395233538731,
        "dim_5": 0.547785686510522
      },
      "cluster_3": {
        "dim_1": 0.091062144369221,
        "dim_2": -0.273877257817073,
        "dim_3": -0.543397951124871,
        "dim_4": 0.374170479745584,
        "dim_5": -0.692625489624009
      }
    },
    "distances": {
      "1": 0.730732838926721,
      "2": 0.857840144230646,
      "3": 0.535119074896839,
      "4": 1.21447154560649,
      "5": 0.303059190200104,
      "6": 0.156285376239067,
      "7": 1.392558182750416,
      "8": 1.209038825231774,
      "9": 0.532510127524714,
      "10": 0.830386059026092
    },
    "objective_value": 7.762001364632863,
    "lower_bound": 7.580299249284111,
    "upper_bound": 7.762001364632862,
    "absolute_gap": 0.18170211534875236,
    "relative_gap": 0.023970309004082185
  },
  "performance": {
    "solution_time_seconds": 300.6809983253479,
    "solver_status": "ok",
    "termination_condition": "feasible",
    "solver": "gams",
    "subsolver": "gurobi",
    "is_relaxation": false,
    "root_relaxation_value": 0.0,
    "root_relaxation_gap_percent": 100.0,
    "relaxation_gap_percent": null,
    "absolute_gap": null
  }
}