{
  "model_parameters": {
    "n_dimensions": 5,
    "n_clusters": 3,
    "n_points": 10,
    "coord_range_lower": -1,
    "coord_range_upper": 1
  },
  "solution": {
    "status": "optimal",
    "center_coordinates": {
      "cluster_1": {
        "dim_1": -0.609186025128788,
        "dim_2": -0.945612233183602,
        "dim_3": -0.352947866412393,
        "dim_4": -0.209700867397356,
        "dim_5": 0.06845898364839
      },
      "cluster_2": {
        "dim_1": 0.209731283003259,
        "dim_2": 0.165686013723805,
        "dim_3": -0.475580222178579,
        "dim_4": 0.296055826725025,
        "dim_5": 0.500497309686676
      },
      "cluster_3": {
        "dim_1": 0.220376178190491,
        "dim_2": -0.16508249270042,
        "dim_3": 0.013027197471243,
        "dim_4": 0.103979102416535,
        "dim_5": -0.599781370357939
      }
    },
    "distances": {
      "1": 0.730500004267702,
      "2": 0.718355177721851,
      "3": 0.822517822421983,
      "4": 0.360270085677937,
      "5": 0.370427490122441,
      "6": 0.263250202905209,
      "7": 1.057064875748928,
      "8": 0.360270078862164,
      "9": 0.612038903102169,
      "10": 1.207434131437632
    },
    "objective_value": 6.502128772268016,
    "lower_bound": 6.502107475610401,
    "absolute_gap": 2.129665761430033e-05,
    "relative_gap": 3.275346907781012e-06
  },
  "performance": {
    "solution_time_seconds": 1802.3400027751923,
    "solver_status": "ok",
    "termination_condition": "optimal",
    "solver": "gams",
    "subsolver": "scip",
    "is_relaxation": false,
    "root_relaxation_value": 6.5021074756104,
    "root_relaxation_gap_percent": 0.00032753361801919796,
    "relaxation_gap_percent": null,
    "absolute_gap": null
  }
}