{
  "model_parameters": {
    "n_dimensions": 2,
    "n_clusters": 5,
    "n_points": 13,
    "coord_range_lower": -1,
    "coord_range_upper": 1
  },
  "solution": {
    "status": "optimal",
    "center_coordinates": {
      "cluster_1": {
        "dim_1": -0.802179554151556,
        "dim_2": 0.78925748451842
      },
      "cluster_2": {
        "dim_1": -0.672760344300673,
        "dim_2": -0.294271022750791
      },
      "cluster_3": {
        "dim_1": 0.029688785404834,
        "dim_2": -0.663783700622558
      },
      "cluster_4": {
        "dim_1": 0.601824778473398,
        "dim_2": -0.170992354967197
      },
      "cluster_5": {
        "dim_1": 0.768408133722842,
        "dim_2": 0.743542018636815
      }
    },
    "distances": {
      "1": 0.013903567570896,
      "2": 0.017841340414321,
      "3": 0.228662632332251,
      "4": 0.037867149969273,
      "5": 0.037925340443237,
      "6": 0.01413157007068,
      "7": 0.014132138980896,
      "8": 0.024042099308617,
      "9": 0.05386078043968,
      "10": 0.095791418110834,
      "11": 0.027082221432991,
      "12": 0.051608723269772,
      "13": 0.05159978145739
    },
    "objective_value": 0.668448763800838,
    "lower_bound": 0.668448700704266,
    "absolute_gap": 6.309657196723606e-08,
    "relative_gap": 9.439254186710005e-08
  },
  "performance": {
    "solution_time_seconds": 10.161904335021973,
    "solver_status": "ok",
    "termination_condition": "optimal",
    "solver": "gams",
    "subsolver": "gurobi",
    "is_relaxation": false,
    "root_relaxation_value": 0.0,
    "root_relaxation_gap_percent": 100.0,
    "relaxation_gap_percent": null,
    "absolute_gap": null
  }
}