{
  "model_parameters": {
    "n_dimensions": 5,
    "n_clusters": 4,
    "n_points": 12,
    "coord_range_lower": -1,
    "coord_range_upper": 1
  },
  "solution": {
    "status": "optimal",
    "center_coordinates": {
      "cluster_1": {
        "dim_1": -0.780758538294227,
        "dim_2": -0.801287682286178,
        "dim_3": 0.717770661345458,
        "dim_4": -0.375352026097039,
        "dim_5": -0.628474859067454
      },
      "cluster_2": {
        "dim_1": -0.111500158845291,
        "dim_2": -0.556561925089393,
        "dim_3": -0.747866139861349,
        "dim_4": 0.256773749677572,
        "dim_5": 0.429651236253941
      },
      "cluster_3": {
        "dim_1": 0.132227246708462,
        "dim_2": -0.830632436407157,
        "dim_3": 0.516288135497765,
        "dim_4": -0.107383486330631,
        "dim_5": 0.53145492151328
      },
      "cluster_4": {
        "dim_1": 0.350614046764867,
        "dim_2": 0.430341503263299,
        "dim_3": -0.145817391418861,
        "dim_4": -0.288324322303685,
        "dim_5": -0.628052304897172
      }
    },
    "distances": {
      "1": 0.313203129563833,
      "2": 0.210451954093591,
      "3": 0.156056054489207,
      "4": 0.422637043385381,
      "5": 0.313203153470058,
      "6": 1.007263906346796,
      "7": 1.005602987783487,
      "8": 0.827272507023783,
      "9": 0.454018267900073,
      "10": 1.575888642239931,
      "11": 0.804331472051191,
      "12": 0.610821927235443
    },
    "objective_value": 7.700751045582774,
    "lower_bound": 4.00921805117799,
    "upper_bound": 7.700751045582773,
    "absolute_gap": 3.6915329944047848,
    "relative_gap": 0.9207613423071708
  },
  "performance": {
    "solution_time_seconds": 301.62021350860596,
    "solver_status": "ok",
    "termination_condition": "optimal",
    "solver": "gams",
    "subsolver": "baron",
    "is_relaxation": false,
    "root_relaxation_value": 0.972968,
    "root_relaxation_gap_percent": 87.3652843178445,
    "relaxation_gap_percent": null,
    "absolute_gap": null
  }
}