{
  "model_parameters": {
    "n_dimensions": 4,
    "n_clusters": 3,
    "n_points": 10,
    "coord_range_lower": -1,
    "coord_range_upper": 1
  },
  "solution": {
    "status": "optimal",
    "center_coordinates": {
      "cluster_1": {
        "dim_1": -0.459581110095144,
        "dim_2": 0.151087056234464,
        "dim_3": 0.785471500364725,
        "dim_4": -0.538662106211053
      },
      "cluster_2": {
        "dim_1": 0.038468974557103,
        "dim_2": -0.525035923541761,
        "dim_3": 0.436329003254742,
        "dim_4": 0.385663535061956
      },
      "cluster_3": {
        "dim_1": 0.359171786495913,
        "dim_2": 0.936356202095516,
        "dim_3": 0.091511015040644,
        "dim_4": -0.60788543882774
      }
    },
    "distances": {
      "1": 0.007353175536028,
      "2": 0.915051183677784,
      "3": 0.579191838524656,
      "4": 0.291296770840624,
      "5": 0.045213743015826,
      "6": 0.0,
      "7": 0.656781602065123,
      "8": 0.399878031155944,
      "9": 0.371157682481323,
      "10": 0.577079266215262
    },
    "objective_value": 3.84300329351257,
    "lower_bound": 3.843003296106402,
    "upper_bound": 3.84300329351257,
    "absolute_gap": -2.5938318160001472e-09,
    "relative_gap": -6.749491520416149e-10
  },
  "performance": {
    "solution_time_seconds": 3.31127667427063,
    "solver_status": "ok",
    "termination_condition": "optimal",
    "solver": "gams",
    "subsolver": "baron",
    "is_relaxation": false,
    "root_relaxation_value": 0.0,
    "root_relaxation_gap_percent": 100.0,
    "relaxation_gap_percent": null,
    "absolute_gap": null
  }
}