{
  "model_parameters": {
    "n_dimensions": 3,
    "n_clusters": 4,
    "n_points": 13,
    "coord_range_lower": -1,
    "coord_range_upper": 1
  },
  "solution": {
    "status": "optimal",
    "center_coordinates": {
      "cluster_1": {
        "dim_1": -0.956982328351842,
        "dim_2": -0.58713934281727,
        "dim_3": 0.842671793945193
      },
      "cluster_2": {
        "dim_1": -0.22909857524758,
        "dim_2": 0.746018942226245,
        "dim_3": 0.391846525240011
      },
      "cluster_3": {
        "dim_1": 0.470914532772494,
        "dim_2": 0.058734887834751,
        "dim_3": -0.52426074156055
      },
      "cluster_4": {
        "dim_1": 0.67051194172001,
        "dim_2": -0.299373156924788,
        "dim_3": 0.411047628116489
      }
    },
    "distances": {
      "1": 0.074046851118406,
      "2": 0.0,
      "3": 0.418503298289548,
      "4": 0.030206131751751,
      "5": 0.22042658245975,
      "6": 0.099373491578785,
      "7": 0.577260266085834,
      "8": 0.019220080546562,
      "9": 0.157196697250796,
      "10": 0.133193702876933,
      "11": 0.386692578305506,
      "12": 0.220882539443027,
      "13": 0.109172741282497
    },
    "objective_value": 2.4461749609893952,
    "lower_bound": 2.446174960989396,
    "upper_bound": 2.446174960989396,
    "absolute_gap": -8.881784197001252e-16,
    "relative_gap": -3.6308867266832245e-16
  },
  "performance": {
    "solution_time_seconds": 48.6617910861969,
    "solver_status": "ok",
    "termination_condition": "optimal",
    "solver": "gams",
    "subsolver": "scip",
    "is_relaxation": false,
    "root_relaxation_value": 2.4461749609894,
    "root_relaxation_gap_percent": 1.996987699675774e-13,
    "relaxation_gap_percent": null,
    "absolute_gap": null
  }
}