{
  "model_parameters": {
    "n_dimensions": 2,
    "n_clusters": 5,
    "n_points": 17,
    "coord_range_lower": -1,
    "coord_range_upper": 1
  },
  "solution": {
    "status": "optimal",
    "center_coordinates": {
      "cluster_1": {
        "dim_1": -0.474160446684781,
        "dim_2": -0.461044097476291
      },
      "cluster_2": {
        "dim_1": -0.303518985476784,
        "dim_2": 0.767404757881992
      },
      "cluster_3": {
        "dim_1": -0.234241299008265,
        "dim_2": 0.128144453699508
      },
      "cluster_4": {
        "dim_1": 0.604436229811613,
        "dim_2": -0.634166927588929
      },
      "cluster_5": {
        "dim_1": 0.711904761904762,
        "dim_2": 0.346614848132788
      }
    },
    "distances": {
      "1": 0.215399748947949,
      "2": 0.064003801508986,
      "3": 0.045088853900519,
      "4": 0.10140463528241,
      "5": 0.126377555864493,
      "6": 0.086030027641235,
      "7": 0.009091107237029,
      "8": 0.009099201457561,
      "9": 0.150079103625746,
      "10": 0.073011654838527,
      "11": 0.091979869587612,
      "12": 0.038315191569243,
      "13": 0.028621928894842,
      "14": 0.022823047188449,
      "15": 0.073520478755158,
      "16": 0.14276766483148,
      "17": 0.022535842983997
    },
    "objective_value": 1.300149714115236,
    "lower_bound": 1.30014843559847,
    "absolute_gap": 1.2785167660123165e-06,
    "relative_gap": 9.833621538942233e-07
  },
  "performance": {
    "solution_time_seconds": 1081.0878858566284,
    "solver_status": "ok",
    "termination_condition": "optimal",
    "solver": "gams",
    "subsolver": "gurobi",
    "is_relaxation": false,
    "root_relaxation_value": 0.0,
    "root_relaxation_gap_percent": 100.0,
    "relaxation_gap_percent": null,
    "absolute_gap": null
  }
}