{
  "model_parameters": {
    "n_dimensions": 5,
    "n_clusters": 3,
    "n_points": 17,
    "coord_range_lower": -1,
    "coord_range_upper": 1
  },
  "solution": {
    "status": "optimal",
    "center_coordinates": {
      "cluster_1": {
        "dim_1": -0.301008614606673,
        "dim_2": -0.293261980669293,
        "dim_3": -0.249466394756248,
        "dim_4": 0.220820791740882,
        "dim_5": -0.619890553304735
      },
      "cluster_2": {
        "dim_1": -0.301008614606673,
        "dim_2": 0.140681624412537,
        "dim_3": 0.027378144278121,
        "dim_4": 0.207774949478679,
        "dim_5": 0.704590399604568
      },
      "cluster_3": {
        "dim_1": 0.552893945223397,
        "dim_2": -0.832000692580124,
        "dim_3": -0.004304846952009,
        "dim_4": 0.924188248729017,
        "dim_5": 0.496794497784644
      }
    },
    "distances": {
      "1": 1.075491023663995,
      "2": 0.074151205360243,
      "3": 1.49156822974343,
      "4": 1.639401140944385,
      "5": 2.269439578133,
      "6": 0.311105356982114,
      "7": 0.997766023608488,
      "8": 0.284637454024732,
      "9": 1.2475599665715,
      "10": 1.545393250167515,
      "11": 0.467012021584458,
      "12": 0.351998851185016,
      "13": 0.552677545644832,
      "14": 0.526835510699672,
      "15": 0.947879929596974,
      "16": 2.112548341096815,
      "17": 0.736546885554711
    },
    "objective_value": 16.63201231456188,
    "lower_bound": 5.036377586076721,
    "upper_bound": 16.632012314561884,
    "absolute_gap": 11.595634728485159,
    "relative_gap": 2.302375969693333
  },
  "performance": {
    "solution_time_seconds": 301.2632591724396,
    "solver_status": "ok",
    "termination_condition": "optimal",
    "solver": "gams",
    "subsolver": "scip",
    "is_relaxation": false,
    "root_relaxation_value": 5.03637758607672,
    "root_relaxation_gap_percent": 69.71877190310155,
    "relaxation_gap_percent": null,
    "absolute_gap": null
  }
}