{
  "model_parameters": {
    "n_dimensions": 5,
    "n_clusters": 3,
    "n_points": 14,
    "coord_range_lower": -1,
    "coord_range_upper": 1
  },
  "solution": {
    "status": "optimal",
    "center_coordinates": {
      "cluster_1": {
        "dim_1": -0.556397235140888,
        "dim_2": -0.464611910746353,
        "dim_3": -0.366038281238182,
        "dim_4": -0.609481339398004,
        "dim_5": -0.33229341229418
      },
      "cluster_2": {
        "dim_1": -0.384712410221304,
        "dim_2": 0.616619215448821,
        "dim_3": -0.56487246476302,
        "dim_4": 0.699220032719403,
        "dim_5": -0.638158014912168
      },
      "cluster_3": {
        "dim_1": 0.062583868401214,
        "dim_2": 0.009382590362197,
        "dim_3": -0.005371886309643,
        "dim_4": 0.209302619684042,
        "dim_5": 0.113064105277576
      }
    },
    "distances": {
      "1": 0.43386082993082,
      "2": 0.323259550875662,
      "3": 0.826851215459824,
      "4": 1.462320850652388,
      "5": 1.521409405409151,
      "6": 0.126077402806303,
      "7": 0.950698830581138,
      "8": 0.313089989460781,
      "9": 0.340691036515902,
      "10": 0.596682993181976,
      "11": 0.209623757650609,
      "12": 0.784613207619365,
      "13": 0.830832627456418,
      "14": 0.251577094773929
    },
    "objective_value": 8.971588792374266,
    "lower_bound": 8.971567577058394,
    "absolute_gap": 2.1215315872069596e-05,
    "relative_gap": 2.364727868329304e-06
  },
  "performance": {
    "solution_time_seconds": 1801.1722342967987,
    "solver_status": "ok",
    "termination_condition": "optimal",
    "solver": "gams",
    "subsolver": "scip",
    "is_relaxation": false,
    "root_relaxation_value": 8.97156757705839,
    "root_relaxation_gap_percent": 0.00023647222768006325,
    "relaxation_gap_percent": null,
    "absolute_gap": null
  }
}