{
  "model_parameters": {
    "n_dimensions": 2,
    "n_clusters": 3,
    "n_points": 14,
    "coord_range_lower": -1,
    "coord_range_upper": 1
  },
  "solution": {
    "status": "optimal",
    "center_coordinates": {
      "cluster_1": {
        "dim_1": -0.505373920485023,
        "dim_2": 0.450970848036851
      },
      "cluster_2": {
        "dim_1": -0.218718785212144,
        "dim_2": -0.324206127128953
      },
      "cluster_3": {
        "dim_1": 0.656196255591474,
        "dim_2": 0.390755452736181
      }
    },
    "distances": {
      "1": 0.237607806770856,
      "2": 0.202526897655144,
      "3": 0.000348075726634,
      "4": 0.134341638285149,
      "5": 0.353930415610983,
      "6": 0.05383782081214,
      "7": 0.085059054407728,
      "8": 0.00746218289967,
      "9": 0.305062990673069,
      "10": 0.031473762367773,
      "11": 0.203173784569224,
      "12": 0.172892123705891,
      "13": 0.055511501164099,
      "14": 0.068706992340538
    },
    "objective_value": 1.911935046988898,
    "lower_bound": 1.911935064554394,
    "upper_bound": 1.911935046988899,
    "absolute_gap": -1.7565495946669785e-08,
    "relative_gap": -9.187286886630584e-09
  },
  "performance": {
    "solution_time_seconds": 1.2647597789764404,
    "solver_status": "ok",
    "termination_condition": "optimal",
    "solver": "gams",
    "subsolver": "baron",
    "is_relaxation": false,
    "root_relaxation_value": 0.0,
    "root_relaxation_gap_percent": 100.0,
    "relaxation_gap_percent": null,
    "absolute_gap": null
  }
}