{
  "model_parameters": {
    "n_dimensions": 4,
    "n_clusters": 3,
    "n_points": 12,
    "coord_range_lower": -1,
    "coord_range_upper": 1
  },
  "solution": {
    "status": "feasible",
    "center_coordinates": {
      "cluster_1": {
        "dim_1": -0.020624195321135,
        "dim_2": 0.733462806222873,
        "dim_3": 0.065990084594364,
        "dim_4": -0.380717784619727
      },
      "cluster_2": {
        "dim_1": 0.240468311374573,
        "dim_2": -0.85279768461053,
        "dim_3": 0.449311462188987,
        "dim_4": -0.36736255532219
      },
      "cluster_3": {
        "dim_1": 0.324542230827462,
        "dim_2": -0.08823528314345,
        "dim_3": -0.670285602100615,
        "dim_4": 0.496028308201894
      }
    },
    "distances": {
      "1": 0.074511662427128,
      "2": 0.548174895189194,
      "3": 0.381589871068254,
      "4": 0.15018930641048,
      "5": 1.567538164256413,
      "6": 0.560795908440557,
      "7": 0.692629084503638,
      "8": 0.936430518805824,
      "9": 0.169775082406221,
      "10": 0.770981595382304,
      "11": 0.423672825670241,
      "12": 0.624509689676287
    },
    "objective_value": 6.900798604236541,
    "lower_bound": 6.888843735717224,
    "upper_bound": 6.900798604236539,
    "absolute_gap": 0.011954868519317152,
    "relative_gap": 0.0017353955145380411
  },
  "performance": {
    "solution_time_seconds": 300.5375077724457,
    "solver_status": "ok",
    "termination_condition": "feasible",
    "solver": "gams",
    "subsolver": "gurobi",
    "is_relaxation": false,
    "root_relaxation_value": 0.0,
    "root_relaxation_gap_percent": 100.0,
    "relaxation_gap_percent": null,
    "absolute_gap": null
  }
}