{
  "model_parameters": {
    "n_dimensions": 3,
    "n_clusters": 5,
    "n_points": 12,
    "coord_range_lower": -1,
    "coord_range_upper": 1
  },
  "solution": {
    "status": "optimal",
    "center_coordinates": {
      "cluster_1": {
        "dim_1": -0.942214052821611,
        "dim_2": -0.061426356484099,
        "dim_3": 0.280953839330468
      },
      "cluster_2": {
        "dim_1": 0.396197536680503,
        "dim_2": 0.226509887428995,
        "dim_3": 0.52036386299694
      },
      "cluster_3": {
        "dim_1": 0.459761756129555,
        "dim_2": -0.527621214262131,
        "dim_3": -0.461257416468689
      },
      "cluster_4": {
        "dim_1": 0.6637426158205,
        "dim_2": 0.64600279012825,
        "dim_3": -0.067333101288188
      },
      "cluster_5": {
        "dim_1": 0.998116667672149,
        "dim_2": 0.779362565445732,
        "dim_3": -0.758691904667917
      }
    },
    "distances": {
      "1": 0.0,
      "2": 0.0,
      "3": 0.060895753411087,
      "4": 0.233152724305186,
      "5": 0.223842289158185,
      "6": 0.121459432602908,
      "7": 0.121459432605231,
      "8": 0.060587675284213,
      "9": 0.257940051074221,
      "10": 0.02749836286746,
      "11": 0.230642729601549,
      "12": 0.20141456974031
    },
    "objective_value": 1.53889302065035,
    "lower_bound": 1.295689396684138,
    "absolute_gap": 0.24320362396621187,
    "relative_gap": 0.18770210251670355
  },
  "performance": {
    "solution_time_seconds": 2000.2473318576813,
    "solver_status": "ok",
    "termination_condition": "optimal",
    "solver": "gams",
    "subsolver": "baron",
    "is_relaxation": false,
    "root_relaxation_value": 0.0,
    "root_relaxation_gap_percent": 100.0,
    "relaxation_gap_percent": null,
    "absolute_gap": null
  }
}