{
  "model_parameters": {
    "n_dimensions": 3,
    "n_clusters": 5,
    "n_points": 16,
    "coord_range_lower": -1,
    "coord_range_upper": 1
  },
  "solution": {
    "status": "feasible",
    "center_coordinates": {
      "cluster_1": {
        "dim_1": -0.610119744099825,
        "dim_2": 0.599367753466811,
        "dim_3": 0.236085487128056
      },
      "cluster_2": {
        "dim_1": -0.3882716202249,
        "dim_2": -0.810040017682469,
        "dim_3": -0.195629736078012
      },
      "cluster_3": {
        "dim_1": -0.331252369823011,
        "dim_2": 0.256040960829085,
        "dim_3": -0.639186018937649
      },
      "cluster_4": {
        "dim_1": 0.633243820947462,
        "dim_2": 0.416732020727268,
        "dim_3": 0.859835108070492
      },
      "cluster_5": {
        "dim_1": 0.633243823460017,
        "dim_2": 0.204603534420042,
        "dim_3": -0.049242497279951
      }
    },
    "distances": {
      "1": 0.130116797101684,
      "2": 0.097601272497179,
      "3": 0.141715570681517,
      "4": 0.137798388565283,
      "5": 0.247961214704595,
      "6": 0.122288143862497,
      "7": 0.291245701416768,
      "8": 0.365505820119391,
      "9": 0.090872632090548,
      "10": 0.171230801922917,
      "11": 0.054083868318251,
      "12": 0.229009385642756,
      "13": 0.128015760143446,
      "14": 0.323258459959425,
      "15": 0.32272833925932,
      "16": 0.059055714752049
    },
    "objective_value": 2.912487871037626,
    "lower_bound": 0.95737332804436,
    "upper_bound": 2.912487871037624,
    "absolute_gap": 1.955114542993266,
    "relative_gap": 2.0421652512369506
  },
  "performance": {
    "solution_time_seconds": 300.587415933609,
    "solver_status": "ok",
    "termination_condition": "feasible",
    "solver": "gams",
    "subsolver": "gurobi",
    "is_relaxation": false,
    "root_relaxation_value": 0.0,
    "root_relaxation_gap_percent": 100.0,
    "relaxation_gap_percent": null,
    "absolute_gap": null
  }
}