{
  "model_parameters": {
    "n_dimensions": 5,
    "n_clusters": 5,
    "n_points": 14,
    "coord_range_lower": -1,
    "coord_range_upper": 1
  },
  "solution": {
    "status": "feasible",
    "center_coordinates": {
      "cluster_1": {
        "dim_1": -0.576345273247773,
        "dim_2": 0.920317844571304,
        "dim_3": 0.907073786541523,
        "dim_4": -0.27687698024552,
        "dim_5": -0.223990965941498
      },
      "cluster_2": {
        "dim_1": -0.416558900836087,
        "dim_2": 0.061141725090998,
        "dim_3": 0.214020829485932,
        "dim_4": -0.453977045748685,
        "dim_5": -0.375305389168432
      },
      "cluster_3": {
        "dim_1": 0.093516993083012,
        "dim_2": -0.311082134297928,
        "dim_3": -0.57092064438817,
        "dim_4": 0.26722224861427,
        "dim_5": 0.543802766886953
      },
      "cluster_4": {
        "dim_1": 0.564789123733303,
        "dim_2": 0.554238980534748,
        "dim_3": 0.505837096115026,
        "dim_4": 0.307720553713293,
        "dim_5": 0.119404705901235
      },
      "cluster_5": {
        "dim_1": 0.619286003127027,
        "dim_2": 0.853785453888446,
        "dim_3": -0.52952894785324,
        "dim_4": -0.925767218376698,
        "dim_5": 0.664439318950209
      }
    },
    "distances": {
      "1": 0.431667865991205,
      "2": 0.420909036703717,
      "3": 0.684641411532946,
      "4": 0.60346938684736,
      "5": 0.488782463834175,
      "6": 0.85969390351422,
      "7": 0.48314834802304,
      "8": 0.287018941810035,
      "9": 0.400664478970729,
      "10": 0.28697087632399,
      "11": 0.42086349414069,
      "12": 0.295180896173203,
      "13": 0.210448622197027,
      "14": 0.456403368024571
    },
    "objective_value": 6.329863094086908,
    "lower_bound": 2.505123824767947,
    "upper_bound": 6.329863094086907,
    "absolute_gap": 3.8247392693189606,
    "relative_gap": 1.5267665540138524
  },
  "performance": {
    "solution_time_seconds": 300.87109637260437,
    "solver_status": "ok",
    "termination_condition": "feasible",
    "solver": "gams",
    "subsolver": "gurobi",
    "is_relaxation": false,
    "root_relaxation_value": 0.0,
    "root_relaxation_gap_percent": 100.0,
    "relaxation_gap_percent": null,
    "absolute_gap": null
  }
}