{
  "model_parameters": {
    "n_dimensions": 5,
    "n_clusters": 5,
    "n_points": 14,
    "coord_range_lower": -1,
    "coord_range_upper": 1
  },
  "solution": {
    "status": "optimal",
    "center_coordinates": {
      "cluster_1": {
        "dim_1": -0.573903764122525,
        "dim_2": 0.893870439611591,
        "dim_3": 0.390635298972373,
        "dim_4": -0.140179734810594,
        "dim_5": -0.711250856819746
      },
      "cluster_2": {
        "dim_1": -0.418330901778615,
        "dim_2": 0.079094447852377,
        "dim_3": 0.558688301836604,
        "dim_4": -0.545253329781607,
        "dim_5": -0.050564012179869
      },
      "cluster_3": {
        "dim_1": 0.09368896484375,
        "dim_2": -0.31089534436466,
        "dim_3": -0.570665261968842,
        "dim_4": 0.267035195237612,
        "dim_5": 0.543838252787831
      },
      "cluster_4": {
        "dim_1": 0.582755243314779,
        "dim_2": 0.765199930510514,
        "dim_3": -0.284172990050785,
        "dim_4": -0.697166660931028,
        "dim_5": 0.498159895077319
      },
      "cluster_5": {
        "dim_1": 0.582755243314779,
        "dim_2": 0.5426699174026,
        "dim_3": 0.605556736116724,
        "dim_4": 0.490145853078388,
        "dim_5": 0.10411971066672
      }
    },
    "distances": {
      "1": 0.417608150301234,
      "2": 0.78419742419074,
      "3": 0.227802238625026,
      "4": 0.6037167874042,
      "5": 0.908827716206739,
      "6": 0.465663387143391,
      "7": 0.483100512746996,
      "8": 0.586736142324832,
      "9": 0.595510144835626,
      "10": 0.285634936934533,
      "11": 0.465077444543668,
      "12": 0.294980368284735,
      "13": 0.229994483613642,
      "14": 0.323828847651371
    },
    "objective_value": 6.672678584806733,
    "lower_bound": 0.0,
    "upper_bound": 6.672678584806732,
    "absolute_gap": 6.672678584806733,
    "relative_gap": null
  },
  "performance": {
    "solution_time_seconds": 301.26651310920715,
    "solver_status": "ok",
    "termination_condition": "optimal",
    "solver": "gams",
    "subsolver": "scip",
    "is_relaxation": false,
    "root_relaxation_value": 0.0,
    "root_relaxation_gap_percent": 100.0,
    "relaxation_gap_percent": null,
    "absolute_gap": null
  }
}