{
  "model_parameters": {
    "n_dimensions": 3,
    "n_clusters": 3,
    "n_points": 17,
    "coord_range_lower": -1,
    "coord_range_upper": 1
  },
  "solution": {
    "status": "optimal",
    "center_coordinates": {
      "cluster_1": {
        "dim_1": -0.742193674738401,
        "dim_2": -0.230031723351959,
        "dim_3": -0.696216805668631
      },
      "cluster_2": {
        "dim_1": -0.408146001209279,
        "dim_2": 0.102843351927298,
        "dim_3": 0.741360180896667
      },
      "cluster_3": {
        "dim_1": 0.361150924864664,
        "dim_2": 0.016763255574739,
        "dim_3": -0.178183541925033
      }
    },
    "distances": {
      "1": 0.364431246921761,
      "2": 0.223656902219279,
      "3": 0.401791540456838,
      "4": 0.105178444525694,
      "5": 0.16309525718123,
      "6": 0.057477383420922,
      "7": 0.555913069496317,
      "8": 0.528568106147554,
      "9": 0.631525364032208,
      "10": 0.62290039502601,
      "11": 0.687025741611713,
      "12": 0.428045103547161,
      "13": 0.335397821115057,
      "14": 0.745567626840657,
      "15": 0.26559044276244,
      "16": 0.834882062576886,
      "17": 0.27460855067099
    },
    "objective_value": 7.225655058552717,
    "lower_bound": 7.225648686643352,
    "absolute_gap": 6.371909365476824e-06,
    "relative_gap": 8.818459963678183e-07
  },
  "performance": {
    "solution_time_seconds": 18.476914882659912,
    "solver_status": "ok",
    "termination_condition": "optimal",
    "solver": "gams",
    "subsolver": "gurobi",
    "is_relaxation": false,
    "root_relaxation_value": 0.0,
    "root_relaxation_gap_percent": 100.0,
    "relaxation_gap_percent": null,
    "absolute_gap": null
  }
}