{
  "model_parameters": {
    "n_dimensions": 5,
    "n_clusters": 5,
    "n_points": 13,
    "coord_range_lower": -1,
    "coord_range_upper": 1
  },
  "solution": {
    "status": "optimal",
    "center_coordinates": {
      "cluster_1": {
        "dim_1": -0.411509864792761,
        "dim_2": 0.700346815667475,
        "dim_3": 0.815343318588031,
        "dim_4": 0.351810300120737,
        "dim_5": 0.446586354454531
      },
      "cluster_2": {
        "dim_1": -0.283655366546779,
        "dim_2": -0.495575308799744,
        "dim_3": -0.206445310430963,
        "dim_4": 0.204736685661195,
        "dim_5": -0.656906742585192
      },
      "cluster_3": {
        "dim_1": -0.283655366546779,
        "dim_2": 0.700089803902704,
        "dim_3": -0.411430358886719,
        "dim_4": 0.311228599976363,
        "dim_5": 0.526328891429699
      },
      "cluster_4": {
        "dim_1": -0.033445128635667,
        "dim_2": -0.495272116604803,
        "dim_3": 0.386926097518701,
        "dim_4": -0.688751220703125,
        "dim_5": 0.292716026306152
      },
      "cluster_5": {
        "dim_1": 0.561339857196069,
        "dim_2": -0.321346930028236,
        "dim_3": -0.306471347808838,
        "dim_4": 0.41162109375,
        "dim_5": 0.119747602896662
      }
    },
    "distances": {
      "1": 0.463880971620048,
      "2": 0.267416121637426,
      "3": 0.212411738256128,
      "4": 0.286098539682248,
      "5": 0.652163125382868,
      "6": 0.525491515763095,
      "7": 0.382707270509231,
      "8": 0.163141920071731,
      "9": 0.190660730404094,
      "10": 0.285704498681976,
      "11": 0.211692580443105,
      "12": 0.657162678020996,
      "13": 0.660778191908409
    },
    "objective_value": 4.959309882381355,
    "lower_bound": 1.479951261544382,
    "upper_bound": 4.959309882381358,
    "absolute_gap": 3.479358620836973,
    "relative_gap": 2.3509954085961846
  },
  "performance": {
    "solution_time_seconds": 301.72273421287537,
    "solver_status": "ok",
    "termination_condition": "optimal",
    "solver": "gams",
    "subsolver": "scip",
    "is_relaxation": false,
    "root_relaxation_value": 1.47995126154438,
    "root_relaxation_gap_percent": 70.15812085463514,
    "relaxation_gap_percent": null,
    "absolute_gap": null
  }
}