{
  "model_parameters": {
    "n_dimensions": 2,
    "n_clusters": 5,
    "n_points": 13,
    "coord_range_lower": -1,
    "coord_range_upper": 1
  },
  "solution": {
    "status": "optimal",
    "center_coordinates": {
      "cluster_1": {
        "dim_1": -0.802178381616757,
        "dim_2": 0.789253461235133
      },
      "cluster_2": {
        "dim_1": -0.672746816588202,
        "dim_2": -0.29426724202155
      },
      "cluster_3": {
        "dim_1": 0.029702911671326,
        "dim_2": -0.663858446510489
      },
      "cluster_4": {
        "dim_1": 0.601827158276243,
        "dim_2": -0.170993091457476
      },
      "cluster_5": {
        "dim_1": 0.768399333230288,
        "dim_2": 0.743541848146381
      }
    },
    "distances": {
      "1": 0.013905281586739,
      "2": 0.017842134987577,
      "3": 0.228661434864585,
      "4": 0.037896228638368,
      "5": 0.037896228638368,
      "6": 0.014131849439116,
      "7": 0.014131849439116,
      "8": 0.024039563845209,
      "9": 0.053861549373245,
      "10": 0.095791065586503,
      "11": 0.027082978901246,
      "12": 0.051604246279489,
      "13": 0.051604246279489
    },
    "objective_value": 0.66844865785905,
    "lower_bound": 0.668448602254573,
    "upper_bound": 0.668448657859048,
    "absolute_gap": 5.560447702279703e-08,
    "relative_gap": 8.318437174563876e-08
  },
  "performance": {
    "solution_time_seconds": 2.5258216857910156,
    "solver_status": "ok",
    "termination_condition": "optimal",
    "solver": "gams",
    "subsolver": "baron",
    "is_relaxation": false,
    "root_relaxation_value": 0.0,
    "root_relaxation_gap_percent": 100.0,
    "relaxation_gap_percent": null,
    "absolute_gap": null
  }
}