{
  "model_parameters": {
    "n_dimensions": 2,
    "n_clusters": 3,
    "n_points": 10,
    "coord_range_lower": -1,
    "coord_range_upper": 1
  },
  "solution": {
    "status": "optimal",
    "center_coordinates": {
      "cluster_1": {
        "dim_1": -0.401604289564221,
        "dim_2": 0.509311578200319
      },
      "cluster_2": {
        "dim_1": -0.227967220329892,
        "dim_2": -0.888861825398994
      },
      "cluster_3": {
        "dim_1": 0.911099177707052,
        "dim_2": -0.126616369737074
      }
    },
    "distances": {
      "1": 0.334843334006249,
      "2": 0.25886435641785,
      "3": 0.140701231602004,
      "4": 0.372724183196388,
      "5": 0.022141829691069,
      "6": 0.335254449715487,
      "7": 0.084372039463347,
      "8": 0.033863387991777,
      "9": 0.166872964659272,
      "10": 0.030423022539626
    },
    "objective_value": 1.780060799283069,
    "lower_bound": 1.780060799283073,
    "upper_bound": 1.780060799283071,
    "absolute_gap": -3.9968028886505635e-15,
    "relative_gap": -2.245318188154187e-15
  },
  "performance": {
    "solution_time_seconds": 1.801440715789795,
    "solver_status": "ok",
    "termination_condition": "optimal",
    "solver": "gams",
    "subsolver": "scip",
    "is_relaxation": false,
    "root_relaxation_value": 1.78006079928307,
    "root_relaxation_gap_percent": 4.9895959736759826e-14,
    "relaxation_gap_percent": null,
    "absolute_gap": null
  }
}