{
  "model_parameters": {
    "n_dimensions": 2,
    "n_clusters": 5,
    "n_points": 13,
    "coord_range_lower": -1,
    "coord_range_upper": 1
  },
  "solution": {
    "status": "optimal",
    "center_coordinates": {
      "cluster_1": {
        "dim_1": -0.802534364236756,
        "dim_2": 0.788953957419759
      },
      "cluster_2": {
        "dim_1": -0.672477018408833,
        "dim_2": -0.294217533105437
      },
      "cluster_3": {
        "dim_1": 0.029866027440602,
        "dim_2": -0.663461175774644
      },
      "cluster_4": {
        "dim_1": 0.60226308560733,
        "dim_2": -0.171483152799131
      },
      "cluster_5": {
        "dim_1": 0.768046242437091,
        "dim_2": 0.743345242835234
      }
    },
    "distances": {
      "1": 0.01394938131296,
      "2": 0.017921615983897,
      "3": 0.228111105699921,
      "4": 0.037774965786712,
      "5": 0.038016431595795,
      "6": 0.014047079907389,
      "7": 0.014215201315812,
      "8": 0.023914203730846,
      "9": 0.054152367153815,
      "10": 0.095918071779336,
      "11": 0.027213299324839,
      "12": 0.051524890965017,
      "13": 0.051682940358341
    },
    "objective_value": 0.66844155491468,
    "lower_bound": 0.668410938771555,
    "absolute_gap": 3.0616143125050677e-05,
    "relative_gap": 4.580437175567298e-05
  },
  "performance": {
    "solution_time_seconds": 1800.6970031261444,
    "solver_status": "ok",
    "termination_condition": "optimal",
    "solver": "gams",
    "subsolver": "scip",
    "is_relaxation": false,
    "root_relaxation_value": 0.668410938771555,
    "root_relaxation_gap_percent": 0.004580227381129607,
    "relaxation_gap_percent": null,
    "absolute_gap": null
  }
}