{
  "model_parameters": {
    "n_dimensions": 4,
    "n_clusters": 4,
    "n_points": 16,
    "coord_range_lower": -1,
    "coord_range_upper": 1
  },
  "solution": {
    "status": "optimal",
    "center_coordinates": {
      "cluster_1": {
        "dim_1": 0.349125003115719,
        "dim_2": 0.413988159398003,
        "dim_3": -0.67952363846691,
        "dim_4": -0.229545223806603
      },
      "cluster_2": {
        "dim_1": 0.349125003115719,
        "dim_2": -0.525336398468991,
        "dim_3": -0.895635154945368,
        "dim_4": -0.411009004150182
      },
      "cluster_3": {
        "dim_1": 0.349125003115719,
        "dim_2": -0.283928241515369,
        "dim_3": 0.371317140307299,
        "dim_4": -0.0985346286932
      },
      "cluster_4": {
        "dim_1": 0.38789635701866,
        "dim_2": 0.383494731284543,
        "dim_3": 0.371020303464302,
        "dim_4": -0.546566930196266
      }
    },
    "distances": {
      "1": 0.150245565599453,
      "2": 0.645734172213646,
      "3": 0.398186941438691,
      "4": 0.957180669394052,
      "5": 0.225447478659059,
      "6": 0.452587856713327,
      "7": 0.222723137348061,
      "8": 0.492250032970841,
      "9": 0.803797372660651,
      "10": 0.441771938805503,
      "11": 0.221701962288334,
      "12": 0.572486712657921,
      "13": 0.446959448631529,
      "14": 1.100956031431829,
      "15": 0.252471625601284,
      "16": 0.068633900721014
    },
    "objective_value": 7.453134847135195,
    "lower_bound": 7.453134847135194,
    "absolute_gap": 8.881784197001252e-16,
    "relative_gap": 1.1916843555319808e-16
  },
  "performance": {
    "solution_time_seconds": 38.3966338634491,
    "solver_status": "ok",
    "termination_condition": "optimal",
    "solver": "gams",
    "subsolver": "baron",
    "is_relaxation": false,
    "root_relaxation_value": 0.0,
    "root_relaxation_gap_percent": 100.0,
    "relaxation_gap_percent": null,
    "absolute_gap": null
  }
}