{
  "model_parameters": {
    "n_dimensions": 4,
    "n_clusters": 4,
    "n_points": 17,
    "coord_range_lower": -1,
    "coord_range_upper": 1
  },
  "solution": {
    "status": "optimal",
    "center_coordinates": {
      "cluster_1": {
        "dim_1": -0.711883113341551,
        "dim_2": -0.5302922365561,
        "dim_3": -0.507410064629482,
        "dim_4": 0.274822149476793
      },
      "cluster_2": {
        "dim_1": -0.204413646715124,
        "dim_2": 0.676376381043086,
        "dim_3": 0.620761711761372,
        "dim_4": -0.270577350882585
      },
      "cluster_3": {
        "dim_1": -0.204413646715124,
        "dim_2": 0.501532116724869,
        "dim_3": -0.628971545336746,
        "dim_4": 0.232603070079247
      },
      "cluster_4": {
        "dim_1": 0.529956920426212,
        "dim_2": -0.546396034335575,
        "dim_3": 0.25965352945145,
        "dim_4": -0.087062108025367
      }
    },
    "distances": {
      "1": 0.131497421609445,
      "2": 0.641773847814249,
      "3": 0.399203217824014,
      "4": 0.883129493664105,
      "5": 1.247923993066578,
      "6": 0.393518462002996,
      "7": 0.592695972583275,
      "8": 0.042922673759961,
      "9": 0.466412108690809,
      "10": 0.561215528294874,
      "11": 0.251491630874431,
      "12": 0.271500082971844,
      "13": 0.334528201662954,
      "14": 0.301296821101131,
      "15": 0.437530835106951,
      "16": 0.581472046424743,
      "17": 0.918689909112794
    },
    "objective_value": 8.456802246565154,
    "lower_bound": 0.31851052226517,
    "upper_bound": 8.456802246565154,
    "absolute_gap": 8.138291724299984,
    "relative_gap": 25.551092210148713
  },
  "performance": {
    "solution_time_seconds": 300.94861578941345,
    "solver_status": "ok",
    "termination_condition": "optimal",
    "solver": "gams",
    "subsolver": "scip",
    "is_relaxation": false,
    "root_relaxation_value": 0.31851052226517,
    "root_relaxation_gap_percent": 96.23367659573053,
    "relaxation_gap_percent": null,
    "absolute_gap": null
  }
}