{
  "model_parameters": {
    "n_dimensions": 4,
    "n_clusters": 5,
    "n_points": 15,
    "coord_range_lower": -1,
    "coord_range_upper": 1
  },
  "solution": {
    "status": "feasible",
    "center_coordinates": {
      "cluster_1": {
        "dim_1": -0.728332386743091,
        "dim_2": -0.345979824057457,
        "dim_3": -0.314777220977968,
        "dim_4": 0.68961046461964
      },
      "cluster_2": {
        "dim_1": -0.589987530265873,
        "dim_2": 0.413415929527719,
        "dim_3": 0.450515688112044,
        "dim_4": -0.040896635697576
      },
      "cluster_3": {
        "dim_1": -0.589987530265873,
        "dim_2": 0.872646128981254,
        "dim_3": -0.960555884424493,
        "dim_4": -0.552338312157808
      },
      "cluster_4": {
        "dim_1": 0.321638359437182,
        "dim_2": 0.030639420588407,
        "dim_3": 0.791179090543125,
        "dim_4": 0.378846225932877
      },
      "cluster_5": {
        "dim_1": 0.484708667219777,
        "dim_2": -0.038191195262199,
        "dim_3": -0.469819829450927,
        "dim_4": -0.290054545646331
      }
    },
    "distances": {
      "1": 0.280106436657578,
      "2": 0.039400173783098,
      "3": 0.282553258803813,
      "4": 0.252958697547937,
      "5": 0.187891787774247,
      "6": 0.089448078531573,
      "7": 0.39034003353268,
      "8": 0.304451384228859,
      "9": 1.01424123909662,
      "10": 0.519819801429792,
      "11": 0.728497094836988,
      "12": 0.221580237157524,
      "13": 0.526954931242963,
      "14": 0.820166351228337,
      "15": 0.159534872826141
    },
    "objective_value": 5.81794437867815,
    "lower_bound": 2.029041912527318,
    "upper_bound": 5.81794437867815,
    "absolute_gap": 3.788902466150832,
    "relative_gap": 1.8673357325731534
  },
  "performance": {
    "solution_time_seconds": 300.74538826942444,
    "solver_status": "ok",
    "termination_condition": "feasible",
    "solver": "gams",
    "subsolver": "gurobi",
    "is_relaxation": false,
    "root_relaxation_value": 0.0,
    "root_relaxation_gap_percent": 100.0,
    "relaxation_gap_percent": null,
    "absolute_gap": null
  }
}