{
  "model_parameters": {
    "n_dimensions": 3,
    "n_clusters": 3,
    "n_points": 15,
    "coord_range_lower": -1,
    "coord_range_upper": 1
  },
  "solution": {
    "status": "feasible",
    "center_coordinates": {
      "cluster_1": {
        "dim_1": -0.009090533195621,
        "dim_2": 0.517401644418797,
        "dim_3": -0.42743158434706
      },
      "cluster_2": {
        "dim_1": 0.366457646459951,
        "dim_2": -0.011934208024209,
        "dim_3": 0.625320466545782
      },
      "cluster_3": {
        "dim_1": 0.417491328838507,
        "dim_2": -0.554756719169928,
        "dim_3": -0.063772019206246
      }
    },
    "distances": {
      "1": 0.050295971009278,
      "2": 0.248193350752492,
      "3": 0.148974044769849,
      "4": 0.336589506169817,
      "5": 0.084415766204884,
      "6": 0.251222489094367,
      "7": 0.13034872031586,
      "8": 0.764746346026497,
      "9": 0.311039716870078,
      "10": 0.218760871645311,
      "11": 0.884584789093584,
      "12": 0.2132623725406,
      "13": 0.457457706847246,
      "14": 0.116306539578769,
      "15": 0.82583074680446
    },
    "objective_value": 5.042028937723092,
    "lower_bound": 5.040189615411988,
    "upper_bound": 5.042028937723093,
    "absolute_gap": 0.0018393223111043966,
    "relative_gap": 0.00036493117351777435
  },
  "performance": {
    "solution_time_seconds": 300.6314651966095,
    "solver_status": "ok",
    "termination_condition": "feasible",
    "solver": "gams",
    "subsolver": "gurobi",
    "is_relaxation": false,
    "root_relaxation_value": 0.0,
    "root_relaxation_gap_percent": 100.0,
    "relaxation_gap_percent": null,
    "absolute_gap": null
  }
}