{
  "model_parameters": {
    "n_dimensions": 5,
    "n_clusters": 5,
    "n_points": 12,
    "coord_range_lower": -1,
    "coord_range_upper": 1
  },
  "solution": {
    "status": "optimal",
    "center_coordinates": {
      "cluster_1": {
        "dim_1": -0.405107871349579,
        "dim_2": 0.582897784079235,
        "dim_3": 0.395370246939145,
        "dim_4": 0.493206867516802,
        "dim_5": 0.121684450523398
      },
      "cluster_2": {
        "dim_1": -0.184560789700847,
        "dim_2": 0.510532763218914,
        "dim_3": -0.816669882809796,
        "dim_4": 0.208482702792235,
        "dim_5": 0.565841896663317
      },
      "cluster_3": {
        "dim_1": 0.179854006680716,
        "dim_2": -0.649853670949782,
        "dim_3": 0.856181700551453,
        "dim_4": -0.512284453046511,
        "dim_5": 0.228292207769064
      },
      "cluster_4": {
        "dim_1": 0.179854006680716,
        "dim_2": -0.791762610044471,
        "dim_3": 0.204427296706594,
        "dim_4": 0.711165998156641,
        "dim_5": -0.589830689745903
      },
      "cluster_5": {
        "dim_1": 0.579919431907717,
        "dim_2": 0.647309398378187,
        "dim_3": 0.623386790606861,
        "dim_4": -0.768721168737804,
        "dim_5": 0.683209536039556
      }
    },
    "distances": {
      "1": 4.5977272038e-05,
      "2": 0.604754076556849,
      "3": 0.438365712259402,
      "4": 0.335300108837629,
      "5": 1.141974901548702,
      "6": 0.694468826298904,
      "7": 0.866721899114834,
      "8": 0.164873054634679,
      "9": 0.0,
      "10": 0.302350012497083,
      "11": 0.107146558917182,
      "12": 0.302350012497083
    },
    "objective_value": 4.958351140434385,
    "lower_bound": 4.958351140434385,
    "absolute_gap": 0.0,
    "relative_gap": 0.0
  },
  "performance": {
    "solution_time_seconds": 117.93295979499817,
    "solver_status": "ok",
    "termination_condition": "optimal",
    "solver": "gams",
    "subsolver": "baron",
    "is_relaxation": false,
    "root_relaxation_value": 0.0,
    "root_relaxation_gap_percent": 100.0,
    "relaxation_gap_percent": null,
    "absolute_gap": null
  }
}