{
  "model_parameters": {
    "n_dimensions": 5,
    "n_clusters": 4,
    "n_points": 16,
    "coord_range_lower": -1,
    "coord_range_upper": 1
  },
  "solution": {
    "status": "optimal",
    "center_coordinates": {
      "cluster_1": {
        "dim_1": -0.39552282976233,
        "dim_2": 0.248205565603245,
        "dim_3": -0.08029826957159,
        "dim_4": 0.187058719420719,
        "dim_5": -0.743463743632787
      },
      "cluster_2": {
        "dim_1": 0.099553492444894,
        "dim_2": 0.587650328253654,
        "dim_3": 0.192954543536557,
        "dim_4": -0.521955600451736,
        "dim_5": 0.648099579762278
      },
      "cluster_3": {
        "dim_1": 0.099553486127816,
        "dim_2": -0.709427699353556,
        "dim_3": 0.301830152895423,
        "dim_4": 0.072114670856702,
        "dim_5": -0.079405111213135
      },
      "cluster_4": {
        "dim_1": 0.099553476237291,
        "dim_2": 0.09510275487971,
        "dim_3": 0.748779257821369,
        "dim_4": -0.761373336861423,
        "dim_5": -0.558706945943152
      }
    },
    "distances": {
      "1": 0.419819966152073,
      "2": 0.773153531309049,
      "3": 0.275592735528443,
      "4": 0.584441339251138,
      "5": 1.054214313971608,
      "6": 1.056443288105532,
      "7": 0.31587648814389,
      "8": 1.284594825075225,
      "9": 0.914964416987096,
      "10": 1.419740646425198,
      "11": 0.932310612503834,
      "12": 0.891072494616414,
      "13": 0.908113288663861,
      "14": 0.897854998029067,
      "15": 0.791953445677612,
      "16": 0.423854134229975
    },
    "objective_value": 12.944000524670015,
    "lower_bound": 2.04335219960921,
    "absolute_gap": 10.900648325060805,
    "relative_gap": 5.334688913220906
  },
  "performance": {
    "solution_time_seconds": 1803.1256368160248,
    "solver_status": "ok",
    "termination_condition": "optimal",
    "solver": "gams",
    "subsolver": "scip",
    "is_relaxation": false,
    "root_relaxation_value": 2.04335219960921,
    "root_relaxation_gap_percent": 84.21390515463301,
    "relaxation_gap_percent": null,
    "absolute_gap": null
  }
}