{
  "model_parameters": {
    "n_dimensions": 2,
    "n_clusters": 5,
    "n_points": 12,
    "coord_range_lower": -1,
    "coord_range_upper": 1
  },
  "solution": {
    "status": "optimal",
    "center_coordinates": {
      "cluster_1": {
        "dim_1": -0.73481737080305,
        "dim_2": -0.725036682742826
      },
      "cluster_2": {
        "dim_1": -0.677134745001437,
        "dim_2": -0.203959262693282
      },
      "cluster_3": {
        "dim_1": -0.281963197060592,
        "dim_2": 0.658201052453306
      },
      "cluster_4": {
        "dim_1": 0.332950139619111,
        "dim_2": -0.760711954658504
      },
      "cluster_5": {
        "dim_1": 0.623607907094257,
        "dim_2": 0.115800460431925
      }
    },
    "distances": {
      "1": 0.062433930608751,
      "2": 0.062433930608751,
      "3": 0.050857841814739,
      "4": 0.119054105903639,
      "5": 0.040626159680122,
      "6": 0.043993402126613,
      "7": 0.043993402126613,
      "8": 0.127870367698022,
      "9": 0.115425658579358,
      "10": 0.027632693372429,
      "11": 0.102763108831034,
      "12": 0.115425658579357
    },
    "objective_value": 0.912510259929428,
    "lower_bound": 0.912510259929429,
    "upper_bound": 0.912510259929429,
    "absolute_gap": -9.992007221626409e-16,
    "relative_gap": -1.0950021781014453e-15
  },
  "performance": {
    "solution_time_seconds": 247.48072361946106,
    "solver_status": "ok",
    "termination_condition": "optimal",
    "solver": "gams",
    "subsolver": "baron",
    "is_relaxation": false,
    "root_relaxation_value": 0.0,
    "root_relaxation_gap_percent": 100.0,
    "relaxation_gap_percent": null,
    "absolute_gap": null
  }
}