{
  "model_parameters": {
    "n_dimensions": 5,
    "n_clusters": 5,
    "n_points": 14,
    "coord_range_lower": -1,
    "coord_range_upper": 1
  },
  "solution": {
    "status": "optimal",
    "center_coordinates": {
      "cluster_1": {
        "dim_1": -0.561070374989768,
        "dim_2": 0.647031079828547,
        "dim_3": 0.598028323066666,
        "dim_4": -0.380385611217772,
        "dim_5": -0.281190980829495
      },
      "cluster_2": {
        "dim_1": -0.270913224398863,
        "dim_2": -0.604444129619806,
        "dim_3": -0.288410344252229,
        "dim_4": -0.207101229314575,
        "dim_5": -0.163781934841063
      },
      "cluster_3": {
        "dim_1": 0.520622119906097,
        "dim_2": 0.554067120925109,
        "dim_3": 0.505686200786778,
        "dim_4": 0.307804870665509,
        "dim_5": 0.120137119201507
      },
      "cluster_4": {
        "dim_1": 0.520622119906103,
        "dim_2": 0.853743009490509,
        "dim_3": -0.529514052552538,
        "dim_4": -0.925278663357875,
        "dim_5": 0.665210304799562
      },
      "cluster_5": {
        "dim_1": 0.520622119906096,
        "dim_2": -0.143951103860324,
        "dim_3": -0.536337801637278,
        "dim_4": 0.409599707782903,
        "dim_5": 0.753827951730855
      }
    },
    "distances": {
      "1": 0.433735852406581,
      "2": 0.504472015195725,
      "3": 0.749551248581427,
      "4": 0.256583492924428,
      "5": 0.255836653520079,
      "6": 0.918479049587268,
      "7": 0.364722113218776,
      "8": 0.325421124619885,
      "9": 0.410103919008786,
      "10": 0.268062893482001,
      "11": 0.705863822403191,
      "12": 0.182649333550308,
      "13": 0.184840925387485,
      "14": 0.478299393209084
    },
    "objective_value": 6.038621837095024,
    "lower_bound": 2.819382154684878,
    "absolute_gap": 3.2192396824101466,
    "relative_gap": 1.1418245224617167
  },
  "performance": {
    "solution_time_seconds": 1800.8573973178864,
    "solver_status": "ok",
    "termination_condition": "optimal",
    "solver": "gams",
    "subsolver": "gurobi",
    "is_relaxation": false,
    "root_relaxation_value": 0.0,
    "root_relaxation_gap_percent": 100.0,
    "relaxation_gap_percent": null,
    "absolute_gap": null
  }
}