{
  "model_parameters": {
    "n_dimensions": 2,
    "n_clusters": 3,
    "n_points": 20,
    "coord_range_lower": -1,
    "coord_range_upper": 1
  },
  "solution": {
    "status": "optimal",
    "center_coordinates": {
      "cluster_1": {
        "dim_1": -0.270676434917447,
        "dim_2": -0.555061187125751
      },
      "cluster_2": {
        "dim_1": -0.15219691417117,
        "dim_2": 0.663251363104184
      },
      "cluster_3": {
        "dim_1": 0.394834246849939,
        "dim_2": -0.025180553426474
      }
    },
    "distances": {
      "1": 0.20931817144924,
      "2": 0.141486350940134,
      "3": 0.011096588603364,
      "4": 0.265385513919831,
      "5": 0.10858108337173,
      "6": 0.39265394718497,
      "7": 0.420708327360995,
      "8": 0.157139140739814,
      "9": 0.001157180341135,
      "10": 0.017286746461826,
      "11": 0.001813475679895,
      "12": 0.075308400495174,
      "13": 0.062181883176863,
      "14": 0.188856207464256,
      "15": 0.008040327435755,
      "16": 0.480739451880502,
      "17": 0.090583117952385,
      "18": 0.011338511676086,
      "19": 0.011662396218251,
      "20": 0.064544614875158
    },
    "objective_value": 2.719881437227364,
    "lower_bound": 2.719881437227365,
    "absolute_gap": -8.881784197001252e-16,
    "relative_gap": -3.2655041780259745e-16
  },
  "performance": {
    "solution_time_seconds": 108.15464067459106,
    "solver_status": "ok",
    "termination_condition": "optimal",
    "solver": "gams",
    "subsolver": "scip",
    "is_relaxation": false,
    "root_relaxation_value": 2.71988143722736,
    "root_relaxation_gap_percent": 1.4694768801116891e-13,
    "relaxation_gap_percent": null,
    "absolute_gap": null
  }
}