{
  "model_parameters": {
    "n_dimensions": 5,
    "n_clusters": 4,
    "n_points": 11,
    "coord_range_lower": -1,
    "coord_range_upper": 1
  },
  "solution": {
    "status": "optimal",
    "center_coordinates": {
      "cluster_1": {
        "dim_1": -0.78271484375,
        "dim_2": -0.5306396484375,
        "dim_3": -0.5013427734375,
        "dim_4": 0.434996279617809,
        "dim_5": -0.3812255859375
      },
      "cluster_2": {
        "dim_1": -0.73348042405557,
        "dim_2": 0.5460205078125,
        "dim_3": 0.3724365234375,
        "dim_4": -0.6639404296875,
        "dim_5": 0.1600341796875
      },
      "cluster_3": {
        "dim_1": -0.4669189453125,
        "dim_2": 0.0369873046875,
        "dim_3": 0.66176614321409,
        "dim_4": 0.4632568359375,
        "dim_5": -0.080556559932155
      },
      "cluster_4": {
        "dim_1": 0.527272877181248,
        "dim_2": 0.28083550966647,
        "dim_3": 0.604226231574967,
        "dim_4": -0.395069003289312,
        "dim_5": 0.065553188323975
      }
    },
    "distances": {
      "1": 0.218330013242674,
      "2": 0.415512051224916,
      "3": 0.586219628549539,
      "4": 0.954146316896022,
      "5": 0.218544125813799,
      "6": 0.499885273251105,
      "7": 0.440345337625924,
      "8": 0.27739021723856,
      "9": 0.439885626215492,
      "10": 0.31047003721798,
      "11": 0.485978721903334
    },
    "objective_value": 4.846707349179345,
    "lower_bound": 0.50946886459975,
    "upper_bound": 4.846707349179345,
    "absolute_gap": 4.337238484579595,
    "relative_gap": 8.51325524669113
  },
  "performance": {
    "solution_time_seconds": 300.9888436794281,
    "solver_status": "ok",
    "termination_condition": "optimal",
    "solver": "gams",
    "subsolver": "scip",
    "is_relaxation": false,
    "root_relaxation_value": 0.50946886459975,
    "root_relaxation_gap_percent": 89.48835100006576,
    "relaxation_gap_percent": null,
    "absolute_gap": null
  }
}