{
  "model_parameters": {
    "n_dimensions": 2,
    "n_clusters": 4,
    "n_points": 16,
    "coord_range_lower": -1,
    "coord_range_upper": 1
  },
  "solution": {
    "status": "optimal",
    "center_coordinates": {
      "cluster_1": {
        "dim_1": -0.709235180790952,
        "dim_2": 0.160780380007637
      },
      "cluster_2": {
        "dim_1": -0.680450369999336,
        "dim_2": -0.44773670032175
      },
      "cluster_3": {
        "dim_1": 0.285619508720269,
        "dim_2": 0.721095076558956
      },
      "cluster_4": {
        "dim_1": 0.630672196218044,
        "dim_2": 0.042150077420797
      }
    },
    "distances": {
      "1": 0.058915841425597,
      "2": 0.027233311371411,
      "3": 0.043224422620737,
      "4": 0.208217463147113,
      "5": 0.031913917166894,
      "6": 0.081835363745911,
      "7": 0.363745470197992,
      "8": 0.027047850032251,
      "9": 0.099116783332933,
      "10": 0.0899372895902,
      "11": 0.003624512796336,
      "12": 0.251281654387799,
      "13": 0.004060754095022,
      "14": 0.042968347951576,
      "15": 0.135666292029308,
      "16": 0.02814082457942
    },
    "objective_value": 1.4969300984705,
    "lower_bound": 1.496930098470502,
    "absolute_gap": -1.9984014443252818e-15,
    "relative_gap": -1.3349998415872333e-15
  },
  "performance": {
    "solution_time_seconds": 773.6693646907806,
    "solver_status": "ok",
    "termination_condition": "optimal",
    "solver": "gams",
    "subsolver": "scip",
    "is_relaxation": false,
    "root_relaxation_value": 1.4969300984705,
    "root_relaxation_gap_percent": 0.0,
    "relaxation_gap_percent": null,
    "absolute_gap": null
  }
}