{
  "model_parameters": {
    "n_dimensions": 5,
    "n_clusters": 5,
    "n_points": 20,
    "coord_range_lower": -1,
    "coord_range_upper": 1
  },
  "solution": {
    "status": "optimal",
    "center_coordinates": {
      "cluster_1": {
        "dim_1": -0.466691361444128,
        "dim_2": 0.00956137058677,
        "dim_3": 0.423525815775335,
        "dim_4": -0.55770292783546,
        "dim_5": -0.1808573659834
      },
      "cluster_2": {
        "dim_1": -0.048513701991802,
        "dim_2": -0.136755245018791,
        "dim_3": -0.168819666693514,
        "dim_4": 0.219012874397694,
        "dim_5": 0.851227148891951
      },
      "cluster_3": {
        "dim_1": 0.316715159070812,
        "dim_2": -0.210309961659607,
        "dim_3": 0.136778812901421,
        "dim_4": -0.176951776138341,
        "dim_5": -0.732466454158675
      },
      "cluster_4": {
        "dim_1": 0.316715164515427,
        "dim_2": -0.086003529947091,
        "dim_3": 0.325439988829167,
        "dim_4": -0.54182662788325,
        "dim_5": 0.868490598800661
      },
      "cluster_5": {
        "dim_1": 0.316715166745309,
        "dim_2": -0.648087958917646,
        "dim_3": 0.804310266568487,
        "dim_4": 0.385065450399198,
        "dim_5": -0.0190473769713
      }
    },
    "distances": {
      "1": 0.220722245268626,
      "2": 0.459904154522894,
      "3": 0.063939351862938,
      "4": 0.66981133019125,
      "5": 0.571204137715725,
      "6": 0.679937248721916,
      "7": 0.33320273528911,
      "8": 0.429546475362703,
      "9": 0.470757302293189,
      "10": 0.498799851108782,
      "11": 0.321651951635456,
      "12": 0.321138572173907,
      "13": 1.264460017390627,
      "14": 0.515779555381784,
      "15": 0.464763982314058,
      "16": 0.488651165396265,
      "17": 0.23970272763444,
      "18": 0.472945139506663,
      "19": 0.675677318737464,
      "20": 0.586258525484695
    },
    "objective_value": 9.748853787992493,
    "lower_bound": 2.78445601859525,
    "absolute_gap": 6.964397769397243,
    "relative_gap": 2.5011699674505046
  },
  "performance": {
    "solution_time_seconds": 1807.1755933761597,
    "solver_status": "ok",
    "termination_condition": "optimal",
    "solver": "gams",
    "subsolver": "baron",
    "is_relaxation": false,
    "root_relaxation_value": 0.132156,
    "root_relaxation_gap_percent": 98.6443944808899,
    "relaxation_gap_percent": null,
    "absolute_gap": null
  }
}