{
  "model_parameters": {
    "n_dimensions": 4,
    "n_clusters": 3,
    "n_points": 10,
    "coord_range_lower": -1,
    "coord_range_upper": 1
  },
  "solution": {
    "status": "optimal",
    "center_coordinates": {
      "cluster_1": {
        "dim_1": -0.459849545797432,
        "dim_2": 0.151292743449075,
        "dim_3": 0.786003033855467,
        "dim_4": -0.538744891135106
      },
      "cluster_2": {
        "dim_1": 0.038790602610866,
        "dim_2": -0.525269829616084,
        "dim_3": 0.43644775410823,
        "dim_4": 0.385951318451119
      },
      "cluster_3": {
        "dim_1": 0.359215193927149,
        "dim_2": 0.93632768512889,
        "dim_3": 0.091785367680418,
        "dim_4": -0.607601589171388
      }
    },
    "distances": {
      "1": 0.007447294784455,
      "2": 0.915359185879652,
      "3": 0.57869906227268,
      "4": 0.291574148117571,
      "5": 0.045334823379089,
      "6": 0.0,
      "7": 0.656609991261311,
      "8": 0.399424539123436,
      "9": 0.371111679391576,
      "10": 0.577438732715321
    },
    "objective_value": 3.842999456925091,
    "lower_bound": 3.84299945692509,
    "upper_bound": 3.84299945692509,
    "absolute_gap": 8.881784197001252e-16,
    "relative_gap": 2.311159368236773e-16
  },
  "performance": {
    "solution_time_seconds": 14.109089851379395,
    "solver_status": "ok",
    "termination_condition": "optimal",
    "solver": "gams",
    "subsolver": "baron",
    "is_relaxation": false,
    "root_relaxation_value": 0.0,
    "root_relaxation_gap_percent": 100.0,
    "relaxation_gap_percent": null,
    "absolute_gap": null
  }
}