{
  "model_parameters": {
    "n_dimensions": 4,
    "n_clusters": 3,
    "n_points": 14,
    "coord_range_lower": -1,
    "coord_range_upper": 1
  },
  "solution": {
    "status": "optimal",
    "center_coordinates": {
      "cluster_1": {
        "dim_1": -0.458087270556665,
        "dim_2": -0.287349416170635,
        "dim_3": 0.548769964475392,
        "dim_4": 0.693286720560892
      },
      "cluster_2": {
        "dim_1": -0.140240988910872,
        "dim_2": 0.637495441672448,
        "dim_3": 0.008922673726309,
        "dim_4": 0.054883849748361
      },
      "cluster_3": {
        "dim_1": 0.116629588668056,
        "dim_2": -0.53708981514038,
        "dim_3": -0.487240188070935,
        "dim_4": -0.595468455284438
      }
    },
    "distances": {
      "1": 0.793081873573262,
      "2": 0.511285510562632,
      "3": 0.889798244885692,
      "4": 0.294624274900922,
      "5": 0.815035807456636,
      "6": 0.409908939447544,
      "7": 1.324182272582394,
      "8": 0.345309920417036,
      "9": 0.647660095409153,
      "10": 0.782465824752046,
      "11": 0.417363428334285,
      "12": 0.94662342501662,
      "13": 0.755293430478086,
      "14": 0.427589179778792
    },
    "objective_value": 9.3602222275951,
    "lower_bound": 4.48419717654811,
    "upper_bound": 9.3602222275951,
    "absolute_gap": 4.87602505104699,
    "relative_gap": 1.0873797157154683
  },
  "performance": {
    "solution_time_seconds": 300.89096093177795,
    "solver_status": "ok",
    "termination_condition": "optimal",
    "solver": "gams",
    "subsolver": "scip",
    "is_relaxation": false,
    "root_relaxation_value": 4.48419717654811,
    "root_relaxation_gap_percent": 52.09304792648898,
    "relaxation_gap_percent": null,
    "absolute_gap": null
  }
}