{
  "model_parameters": {
    "n_dimensions": 5,
    "n_clusters": 3,
    "n_points": 11,
    "coord_range_lower": -1,
    "coord_range_upper": 1
  },
  "solution": {
    "status": "optimal",
    "center_coordinates": {
      "cluster_1": {
        "dim_1": -0.605773110964675,
        "dim_2": -0.599925707282336,
        "dim_3": -0.207222056625666,
        "dim_4": 0.27610728328091,
        "dim_5": -0.170840773406954
      },
      "cluster_2": {
        "dim_1": 0.108554358082778,
        "dim_2": 0.575475032457366,
        "dim_3": -0.139815667610921,
        "dim_4": 0.163101289718799,
        "dim_5": 0.139527587864047
      },
      "cluster_3": {
        "dim_1": 0.853025904103857,
        "dim_2": -0.695672374174816,
        "dim_3": 0.841001408812239,
        "dim_4": -0.242274616268009,
        "dim_5": 0.02139289495693
      }
    },
    "distances": {
      "1": 0.905443520470494,
      "2": 1.000609739867392,
      "3": 0.744523689234685,
      "4": 0.441371579914954,
      "5": 0.83858263512061,
      "6": 0.721120574228358,
      "7": 0.487252876920419,
      "8": 0.915332579395436,
      "9": 1.070917632120473,
      "10": 1.325619424763112,
      "11": 0.744333535725227
    },
    "objective_value": 9.19510778776116,
    "lower_bound": 9.195111283545629,
    "absolute_gap": -3.4957844690097772e-06,
    "relative_gap": -3.8017859286438186e-07
  },
  "performance": {
    "solution_time_seconds": 27.836522102355957,
    "solver_status": "ok",
    "termination_condition": "optimal",
    "solver": "gams",
    "subsolver": "gurobi",
    "is_relaxation": false,
    "root_relaxation_value": 0.0,
    "root_relaxation_gap_percent": 100.0,
    "relaxation_gap_percent": null,
    "absolute_gap": null
  }
}