{
  "model_parameters": {
    "n_dimensions": 5,
    "n_clusters": 4,
    "n_points": 13,
    "coord_range_lower": -1,
    "coord_range_upper": 1
  },
  "solution": {
    "status": "optimal",
    "center_coordinates": {
      "cluster_1": {
        "dim_1": -0.326052377898896,
        "dim_2": 0.726706989597696,
        "dim_3": 0.327255229474992,
        "dim_4": 0.130477905273438,
        "dim_5": 0.801822408602069
      },
      "cluster_2": {
        "dim_1": -0.299787739373255,
        "dim_2": -0.333243937654709,
        "dim_3": 0.006173372268677,
        "dim_4": -0.729689158359915,
        "dim_5": -0.117057468742132
      },
      "cluster_3": {
        "dim_1": 0.371960567763906,
        "dim_2": 0.45227092391135,
        "dim_3": -0.02538760638977,
        "dim_4": 0.389948743030329,
        "dim_5": -0.605506331016786
      },
      "cluster_4": {
        "dim_1": 0.765343112077509,
        "dim_2": -0.399777267223099,
        "dim_3": 0.745833432576908,
        "dim_4": 0.728423265202423,
        "dim_5": 0.700756386756697
      }
    },
    "distances": {
      "1": 0.084761631664044,
      "2": 0.382135977210422,
      "3": 0.183137968386439,
      "4": 0.536391297607072,
      "5": 0.602591685743613,
      "6": 0.526135179170973,
      "7": 0.44315836373668,
      "8": 0.0,
      "9": 1.221346910881273,
      "10": 1.220852130628955,
      "11": 0.618115241880456,
      "12": 0.105543704286191,
      "13": 0.19546280277319
    },
    "objective_value": 6.119632893969308,
    "lower_bound": 6.119632893969309,
    "upper_bound": 6.119632893969307,
    "absolute_gap": -1.7763568394002505e-15,
    "relative_gap": -2.9027179737379177e-16
  },
  "performance": {
    "solution_time_seconds": 95.22457027435303,
    "solver_status": "ok",
    "termination_condition": "optimal",
    "solver": "gams",
    "subsolver": "scip",
    "is_relaxation": false,
    "root_relaxation_value": 6.11963289396931,
    "root_relaxation_gap_percent": 4.354076960606878e-14,
    "relaxation_gap_percent": null,
    "absolute_gap": null
  }
}