{
  "model_parameters": {
    "n_dimensions": 4,
    "n_clusters": 5,
    "n_points": 11,
    "coord_range_lower": -1,
    "coord_range_upper": 1
  },
  "solution": {
    "status": "optimal",
    "center_coordinates": {
      "cluster_1": {
        "dim_1": -0.773527404286492,
        "dim_2": -0.480349358176203,
        "dim_3": -0.834437838876194,
        "dim_4": -0.96156308118073
      },
      "cluster_2": {
        "dim_1": -0.019673119222908,
        "dim_2": 0.94163100049029,
        "dim_3": 0.546597322705233,
        "dim_4": -0.804862476178228
      },
      "cluster_3": {
        "dim_1": -0.019673119222908,
        "dim_2": 0.530715964743114,
        "dim_3": -0.252497264732434,
        "dim_4": 0.608658346960939
      },
      "cluster_4": {
        "dim_1": 0.424457278453028,
        "dim_2": -0.518966500814865,
        "dim_3": -0.266201119394713,
        "dim_4": 0.603604536890004
      },
      "cluster_5": {
        "dim_1": 0.424457278453028,
        "dim_2": 0.253581945441023,
        "dim_3": -0.739908396602557,
        "dim_4": -0.09969706879882
      }
    },
    "distances": {
      "1": 0.304876980353579,
      "2": 0.282648400243059,
      "3": 0.496366255809158,
      "4": 0.203580352408418,
      "5": 0.000706448238317,
      "6": 0.0,
      "7": 0.517473308405098,
      "8": 0.862491916541269,
      "9": 0.254669228282894,
      "10": 0.606537022270722,
      "11": 0.362929396101328
    },
    "objective_value": 3.892279308653842,
    "lower_bound": 3.892279308653841,
    "absolute_gap": 8.881784197001252e-16,
    "relative_gap": 2.28189795558969e-16
  },
  "performance": {
    "solution_time_seconds": 62.713719844818115,
    "solver_status": "ok",
    "termination_condition": "optimal",
    "solver": "gams",
    "subsolver": "baron",
    "is_relaxation": false,
    "root_relaxation_value": 0.0,
    "root_relaxation_gap_percent": 100.0,
    "relaxation_gap_percent": null,
    "absolute_gap": null
  }
}