{
  "model_parameters": {
    "n_dimensions": 4,
    "n_clusters": 4,
    "n_points": 11,
    "coord_range_lower": -1,
    "coord_range_upper": 1
  },
  "solution": {
    "status": "optimal",
    "center_coordinates": {
      "cluster_1": {
        "dim_1": -0.538180669567565,
        "dim_2": -0.085979575043785,
        "dim_3": -0.581127123619252,
        "dim_4": 0.091140614977902
      },
      "cluster_2": {
        "dim_1": 0.443578250936334,
        "dim_2": -0.831995729802419,
        "dim_3": -0.10706954181407,
        "dim_4": 0.774353556423164
      },
      "cluster_3": {
        "dim_1": 0.478105143271719,
        "dim_2": -0.817669109776822,
        "dim_3": 0.727705720391891,
        "dim_4": -0.69123652838141
      },
      "cluster_4": {
        "dim_1": 0.683234590251371,
        "dim_2": 0.229831269030209,
        "dim_3": 0.364580181565725,
        "dim_4": 0.19022458495007
      }
    },
    "distances": {
      "1": 0.158426659485071,
      "2": 0.165218229482772,
      "3": 0.309406106364288,
      "4": 0.278280118568628,
      "5": 0.164755383711211,
      "6": 0.410495491346818,
      "7": 0.227839022030713,
      "8": 0.927013988850886,
      "9": 0.52401334012089,
      "10": 0.228255522889758,
      "11": 0.0
    },
    "objective_value": 3.393703862851035,
    "lower_bound": 3.393703862851036,
    "upper_bound": 3.393703862851034,
    "absolute_gap": -8.881784197001252e-16,
    "relative_gap": -2.617135895157247e-16
  },
  "performance": {
    "solution_time_seconds": 71.89360642433167,
    "solver_status": "ok",
    "termination_condition": "optimal",
    "solver": "gams",
    "subsolver": "scip",
    "is_relaxation": false,
    "root_relaxation_value": 3.39370386285104,
    "root_relaxation_gap_percent": 1.439424742336486e-13,
    "relaxation_gap_percent": null,
    "absolute_gap": null
  }
}