{
  "model_parameters": {
    "n_dimensions": 5,
    "n_clusters": 3,
    "n_points": 10,
    "coord_range_lower": -1,
    "coord_range_upper": 1
  },
  "solution": {
    "status": "optimal",
    "center_coordinates": {
      "cluster_1": {
        "dim_1": -0.796557185596215,
        "dim_2": -0.012259900642024,
        "dim_3": 0.562548413109134,
        "dim_4": -0.404796198555933,
        "dim_5": -0.042985333895284
      },
      "cluster_2": {
        "dim_1": -0.560014311335196,
        "dim_2": 0.494394677706951,
        "dim_3": 0.099745064391067,
        "dim_4": 0.486101574520037,
        "dim_5": 0.546605781009162
      },
      "cluster_3": {
        "dim_1": 0.091031143246672,
        "dim_2": -0.273560550644362,
        "dim_3": -0.54303050285824,
        "dim_4": 0.374351334173233,
        "dim_5": -0.69294351403523
      }
    },
    "distances": {
      "1": 0.729947052855886,
      "2": 0.858743672649778,
      "3": 0.534905556503782,
      "4": 1.214972517779686,
      "5": 0.302572634708109,
      "6": 0.156052804181085,
      "7": 1.39187634079633,
      "8": 1.209265999965929,
      "9": 0.533834461507716,
      "10": 0.82984671066741
    },
    "objective_value": 7.762017751615711,
    "lower_bound": 7.762017766992306,
    "upper_bound": 7.762017751615711,
    "absolute_gap": -1.5376595108307356e-08,
    "relative_gap": -1.9810048842835373e-09
  },
  "performance": {
    "solution_time_seconds": 17.141814708709717,
    "solver_status": "ok",
    "termination_condition": "optimal",
    "solver": "gams",
    "subsolver": "baron",
    "is_relaxation": false,
    "root_relaxation_value": 0.0,
    "root_relaxation_gap_percent": 100.0,
    "relaxation_gap_percent": null,
    "absolute_gap": null
  }
}