{
  "model_parameters": {
    "n_dimensions": 3,
    "n_clusters": 4,
    "n_points": 16,
    "coord_range_lower": -1,
    "coord_range_upper": 1
  },
  "solution": {
    "status": "optimal",
    "center_coordinates": {
      "cluster_1": {
        "dim_1": -0.815554402920517,
        "dim_2": 0.481001340230801,
        "dim_3": 0.212636594627336
      },
      "cluster_2": {
        "dim_1": -0.352858480367066,
        "dim_2": -0.571178724225523,
        "dim_3": -0.11444530452684
      },
      "cluster_3": {
        "dim_1": 0.448056604963456,
        "dim_2": 0.543978904797703,
        "dim_3": 0.714987782805746
      },
      "cluster_4": {
        "dim_1": 0.761752229773844,
        "dim_2": 0.803555657849373,
        "dim_3": -0.757972266863164
      }
    },
    "distances": {
      "1": 0.218118307813726,
      "2": 0.317355934353339,
      "3": 0.268950968624341,
      "4": 0.114327443619093,
      "5": 0.294142198619139,
      "6": 0.468802217709348,
      "7": 0.09641905796727,
      "8": 0.187300385243558,
      "9": 0.194447045696271,
      "10": 0.325904753451713,
      "11": 0.060894661314872,
      "12": 0.138694988181406,
      "13": 0.039880759959895,
      "14": 0.044952483243703,
      "15": 0.080095650439464,
      "16": 0.092282666560756
    },
    "objective_value": 2.942569522797894,
    "lower_bound": 2.9425697067274,
    "upper_bound": 2.942569522797896,
    "absolute_gap": -1.8392950584811274e-07,
    "relative_gap": -6.250642267797668e-08
  },
  "performance": {
    "solution_time_seconds": 44.11793112754822,
    "solver_status": "ok",
    "termination_condition": "optimal",
    "solver": "gams",
    "subsolver": "baron",
    "is_relaxation": false,
    "root_relaxation_value": 1.17112,
    "root_relaxation_gap_percent": 60.20077041760224,
    "relaxation_gap_percent": null,
    "absolute_gap": null
  }
}