{
  "model_parameters": {
    "n_dimensions": 4,
    "n_clusters": 5,
    "n_points": 13,
    "coord_range_lower": -1,
    "coord_range_upper": 1
  },
  "solution": {
    "status": "feasible",
    "center_coordinates": {
      "cluster_1": {
        "dim_1": -0.520111192685183,
        "dim_2": 0.401514360569093,
        "dim_3": 0.689535229032207,
        "dim_4": -0.182727851590654
      },
      "cluster_2": {
        "dim_1": -0.241841933199256,
        "dim_2": -0.803647551700114,
        "dim_3": -0.50313002975895,
        "dim_4": -0.398174052818368
      },
      "cluster_3": {
        "dim_1": -0.241841231434881,
        "dim_2": 0.393428239000118,
        "dim_3": -0.80432352613498,
        "dim_4": -0.566024082773803
      },
      "cluster_4": {
        "dim_1": 0.064697350238031,
        "dim_2": -0.509308735435154,
        "dim_3": 0.296868723467832,
        "dim_4": 0.160941123337227
      },
      "cluster_5": {
        "dim_1": 0.801937597459639,
        "dim_2": 0.150140159437868,
        "dim_3": -0.852012344835252,
        "dim_4": 0.440384546228357
      }
    },
    "distances": {
      "1": 0.999051660435177,
      "2": 0.198968594890872,
      "3": 0.296324903835034,
      "4": 0.651142808383824,
      "5": 0.141499638854576,
      "6": 0.438671506918743,
      "7": 0.304546363568651,
      "8": 0.629357540853425,
      "9": 0.438737136729073,
      "10": 0.118675577569835,
      "11": 0.197909279333962,
      "12": 0.123479433194202,
      "13": 0.238345678715668
    },
    "objective_value": 4.776710123283042,
    "lower_bound": 2.238150732415035,
    "upper_bound": 4.776710123283042,
    "absolute_gap": 2.538559390868007,
    "relative_gap": 1.1342218171913836
  },
  "performance": {
    "solution_time_seconds": 300.70489048957825,
    "solver_status": "ok",
    "termination_condition": "feasible",
    "solver": "gams",
    "subsolver": "gurobi",
    "is_relaxation": false,
    "root_relaxation_value": 0.0,
    "root_relaxation_gap_percent": 100.0,
    "relaxation_gap_percent": null,
    "absolute_gap": null
  }
}