{
  "model_parameters": {
    "n_dimensions": 3,
    "n_clusters": 4,
    "n_points": 15,
    "coord_range_lower": -1,
    "coord_range_upper": 1
  },
  "solution": {
    "status": "optimal",
    "center_coordinates": {
      "cluster_1": {
        "dim_1": -0.629533484432388,
        "dim_2": 0.701048169082562,
        "dim_3": -0.212604916125096
      },
      "cluster_2": {
        "dim_1": 0.188125033530247,
        "dim_2": -0.492882877020839,
        "dim_3": -0.606823356994893
      },
      "cluster_3": {
        "dim_1": 0.188125033530247,
        "dim_2": 0.20038144180263,
        "dim_3": 0.474810338415381
      },
      "cluster_4": {
        "dim_1": 0.623213355858946,
        "dim_2": -0.795149860603787,
        "dim_3": 0.557326919351538
      }
    },
    "distances": {
      "1": 0.145119962008769,
      "2": 0.100736542888521,
      "3": 0.027955130947133,
      "4": 0.092784186878216,
      "5": 0.16470228362107,
      "6": 0.262601064540514,
      "7": 0.03179212584206,
      "8": 0.167014115672773,
      "9": 0.044397069978898,
      "10": 0.1289036863495,
      "11": 0.004702009053598,
      "12": 0.56663538764618,
      "13": 0.381380691705181,
      "14": 0.066249042764908,
      "15": 0.092784186812156
    },
    "objective_value": 2.277757486709477,
    "lower_bound": 2.277757486709478,
    "absolute_gap": -8.881784197001252e-16,
    "relative_gap": -3.899354627885414e-16
  },
  "performance": {
    "solution_time_seconds": 38.80628848075867,
    "solver_status": "ok",
    "termination_condition": "optimal",
    "solver": "gams",
    "subsolver": "baron",
    "is_relaxation": false,
    "root_relaxation_value": 0.0,
    "root_relaxation_gap_percent": 100.0,
    "relaxation_gap_percent": null,
    "absolute_gap": null
  }
}