{
  "model_parameters": {
    "n_dimensions": 4,
    "n_clusters": 4,
    "n_points": 16,
    "coord_range_lower": -1,
    "coord_range_upper": 1
  },
  "solution": {
    "status": "optimal",
    "center_coordinates": {
      "cluster_1": {
        "dim_1": -0.154922953962648,
        "dim_2": 0.619673004820962,
        "dim_3": 0.763279760437344,
        "dim_4": -0.373638028656308
      },
      "cluster_2": {
        "dim_1": 0.051505099505569,
        "dim_2": -0.494264568419196,
        "dim_3": 0.27268511086921,
        "dim_4": -0.159275129404793
      },
      "cluster_3": {
        "dim_1": 0.520062991222262,
        "dim_2": 0.416931142577751,
        "dim_3": -0.041424965109074,
        "dim_4": -0.478959563434575
      },
      "cluster_4": {
        "dim_1": 0.648919533340508,
        "dim_2": -0.042667671107353,
        "dim_3": -0.851680077786104,
        "dim_4": -0.173901134119881
      }
    },
    "distances": {
      "1": 0.199831403323361,
      "2": 0.545736230920335,
      "3": 0.037058302232669,
      "4": 0.373363365568118,
      "5": 0.081451405928882,
      "6": 0.340750587890434,
      "7": 0.277243471429403,
      "8": 0.620282151348458,
      "9": 0.715809140488325,
      "10": 0.585437700080162,
      "11": 0.247961538204656,
      "12": 0.331361634063851,
      "13": 0.379949673491848,
      "14": 0.373363365564425,
      "15": 0.217691466149151,
      "16": 0.671720491518289
    },
    "objective_value": 5.999011928202367,
    "lower_bound": 5.999011473854243,
    "upper_bound": 5.999011928202366,
    "absolute_gap": 4.543481235685931e-07,
    "relative_gap": 7.573716528944788e-08
  },
  "performance": {
    "solution_time_seconds": 297.85452246665955,
    "solver_status": "ok",
    "termination_condition": "optimal",
    "solver": "gams",
    "subsolver": "baron",
    "is_relaxation": false,
    "root_relaxation_value": 2.69441,
    "root_relaxation_gap_percent": 55.085770252712386,
    "relaxation_gap_percent": null,
    "absolute_gap": null
  }
}