{
  "model_parameters": {
    "n_dimensions": 4,
    "n_clusters": 4,
    "n_points": 13,
    "coord_range_lower": -1,
    "coord_range_upper": 1
  },
  "solution": {
    "status": "optimal",
    "center_coordinates": {
      "cluster_1": {
        "dim_1": -0.743116970349423,
        "dim_2": 0.261558264335274,
        "dim_3": 0.712312573216867,
        "dim_4": 0.661928108459315
      },
      "cluster_2": {
        "dim_1": -0.5055774625042,
        "dim_2": -0.384856026642346,
        "dim_3": -0.243185291225682,
        "dim_4": -0.044342483291423
      },
      "cluster_3": {
        "dim_1": 0.328975854496356,
        "dim_2": 0.159222048014179,
        "dim_3": -0.730334641213477,
        "dim_4": -0.661190267381263
      },
      "cluster_4": {
        "dim_1": 0.633930661577627,
        "dim_2": 0.628142268599164,
        "dim_3": 0.716148152183469,
        "dim_4": 0.065464336784227
      }
    },
    "distances": {
      "1": 0.2057646603682,
      "2": 0.167807836323482,
      "3": 0.67400292999237,
      "4": 1.254311827659894,
      "5": 0.256205840407413,
      "6": 1.058372596326076,
      "7": 0.930917605823459,
      "8": 0.074218932242257,
      "9": 0.364821693775465,
      "10": 0.074218935848757,
      "11": 0.785010273835109,
      "12": 0.356570003048407,
      "13": 0.77539641475575
    },
    "objective_value": 6.977619550406639,
    "lower_bound": 6.977619550406637,
    "absolute_gap": 1.7763568394002505e-15,
    "relative_gap": 2.545792052099959e-16
  },
  "performance": {
    "solution_time_seconds": 47.36708164215088,
    "solver_status": "ok",
    "termination_condition": "optimal",
    "solver": "gams",
    "subsolver": "baron",
    "is_relaxation": false,
    "root_relaxation_value": 0.999547,
    "root_relaxation_gap_percent": 85.67495701393251,
    "relaxation_gap_percent": null,
    "absolute_gap": null
  }
}