{
  "model_parameters": {
    "n_dimensions": 3,
    "n_clusters": 5,
    "n_points": 12,
    "coord_range_lower": -1,
    "coord_range_upper": 1
  },
  "solution": {
    "status": "optimal",
    "center_coordinates": {
      "cluster_1": {
        "dim_1": -0.942214058257082,
        "dim_2": -0.061426352536846,
        "dim_3": 0.280953831430305
      },
      "cluster_2": {
        "dim_1": 0.396197530536801,
        "dim_2": 0.226509889790078,
        "dim_3": 0.520363867984805
      },
      "cluster_3": {
        "dim_1": 0.45976152849017,
        "dim_2": -0.527631366847518,
        "dim_3": -0.461257482736239
      },
      "cluster_4": {
        "dim_1": 0.663742614859925,
        "dim_2": 0.646002789102528,
        "dim_3": -0.067333100987626
      },
      "cluster_5": {
        "dim_1": 0.998119856483572,
        "dim_2": 0.779360581994995,
        "dim_3": -0.758692810269509
      }
    },
    "distances": {
      "1": 0.0,
      "2": 0.0,
      "3": 0.060895753404996,
      "4": 0.233152721255797,
      "5": 0.223842296681945,
      "6": 0.121459432043442,
      "7": 0.121459433174511,
      "8": 0.060587676037399,
      "9": 0.2579400515599,
      "10": 0.027498362833761,
      "11": 0.230642728652968,
      "12": 0.201414565279392
    },
    "objective_value": 1.538893020924111,
    "lower_bound": 1.538893018234334,
    "upper_bound": 1.538893020924111,
    "absolute_gap": 2.6897768456990434e-09,
    "relative_gap": 1.7478647403217077e-09
  },
  "performance": {
    "solution_time_seconds": 83.42509460449219,
    "solver_status": "ok",
    "termination_condition": "optimal",
    "solver": "gams",
    "subsolver": "baron",
    "is_relaxation": false,
    "root_relaxation_value": 0.082288,
    "root_relaxation_gap_percent": 94.65277970065875,
    "relaxation_gap_percent": null,
    "absolute_gap": null
  }
}