{
  "model_parameters": {
    "n_dimensions": 5,
    "n_clusters": 4,
    "n_points": 13,
    "coord_range_lower": -1,
    "coord_range_upper": 1
  },
  "solution": {
    "status": "optimal",
    "center_coordinates": {
      "cluster_1": {
        "dim_1": -0.325722886911621,
        "dim_2": 0.726890737538234,
        "dim_3": 0.327411195142899,
        "dim_4": 0.130399169431035,
        "dim_5": 0.801549821597747
      },
      "cluster_2": {
        "dim_1": -0.299872988611892,
        "dim_2": -0.332669269540945,
        "dim_3": 0.005950927734375,
        "dim_4": -0.729727605492708,
        "dim_5": -0.116811618574587
      },
      "cluster_3": {
        "dim_1": 0.372206484670199,
        "dim_2": 0.452469884511437,
        "dim_3": -0.025384925438988,
        "dim_4": 0.389862249508133,
        "dim_5": -0.605601809448016
      },
      "cluster_4": {
        "dim_1": 0.765702301208762,
        "dim_2": -0.399017183593877,
        "dim_3": 0.746010132560165,
        "dim_4": 0.72898067706741,
        "dim_5": 0.700404002281726
      }
    },
    "distances": {
      "1": 0.084654581715557,
      "2": 0.382562238524733,
      "3": 0.183038129081587,
      "4": 0.536261539552641,
      "5": 0.602887466502895,
      "6": 0.526272758449471,
      "7": 0.443088539751967,
      "8": 0.0,
      "9": 1.22035939989351,
      "10": 1.221287127517362,
      "11": 0.618416548020806,
      "12": 0.105535692489607,
      "13": 0.195266104743396
    },
    "objective_value": 6.119630126243532,
    "lower_bound": 2.51451617758772,
    "upper_bound": 6.119630126243532,
    "absolute_gap": 3.605113948655812,
    "relative_gap": 1.4337207216198338
  },
  "performance": {
    "solution_time_seconds": 301.2762324810028,
    "solver_status": "ok",
    "termination_condition": "optimal",
    "solver": "gams",
    "subsolver": "scip",
    "is_relaxation": false,
    "root_relaxation_value": 2.51451617758772,
    "root_relaxation_gap_percent": 58.91065104074797,
    "relaxation_gap_percent": null,
    "absolute_gap": null
  }
}