{
  "model_parameters": {
    "n_dimensions": 4,
    "n_clusters": 5,
    "n_points": 13,
    "coord_range_lower": -1,
    "coord_range_upper": 1
  },
  "solution": {
    "status": "optimal",
    "center_coordinates": {
      "cluster_1": {
        "dim_1": -0.287017822265625,
        "dim_2": -0.80322265625,
        "dim_3": -0.503082275390625,
        "dim_4": -0.3980712890625
      },
      "cluster_2": {
        "dim_1": -0.287017822265625,
        "dim_2": -0.4742431640625,
        "dim_3": 0.6317138671875,
        "dim_4": -0.107952384102729
      },
      "cluster_3": {
        "dim_1": -0.287017822265625,
        "dim_2": 0.39304668814114,
        "dim_3": -0.804443359375,
        "dim_4": -0.565884601839804
      },
      "cluster_4": {
        "dim_1": -0.287017822265625,
        "dim_2": 0.7144775390625,
        "dim_3": 0.5760498046875,
        "dim_4": 0.016588214858368
      },
      "cluster_5": {
        "dim_1": 0.632321681073867,
        "dim_2": -0.009190205825513,
        "dim_3": -0.597908020019531,
        "dim_4": 0.36864173412323
      }
    },
    "distances": {
      "1": 0.423552753790162,
      "2": 0.198391982991942,
      "3": 0.25950905365614,
      "4": 0.579762272015498,
      "5": 0.41882434067073,
      "6": 0.336381655794206,
      "7": 0.14423556164441,
      "8": 0.674869149559584,
      "9": 0.788825964787859,
      "10": 0.118907833436615,
      "11": 0.199772902377581,
      "12": 0.461682989328234,
      "13": 0.495703535526047
    },
    "objective_value": 5.100419995579008,
    "lower_bound": 0.199049006340045,
    "upper_bound": 5.100419995579007,
    "absolute_gap": 4.901370989238963,
    "relative_gap": 24.623941005089545
  },
  "performance": {
    "solution_time_seconds": 301.26460552215576,
    "solver_status": "ok",
    "termination_condition": "optimal",
    "solver": "gams",
    "subsolver": "scip",
    "is_relaxation": false,
    "root_relaxation_value": 0.199049006340045,
    "root_relaxation_gap_percent": 96.09739969428833,
    "relaxation_gap_percent": null,
    "absolute_gap": null
  }
}