{
  "model_parameters": {
    "n_dimensions": 2,
    "n_clusters": 5,
    "n_points": 13,
    "coord_range_lower": -1,
    "coord_range_upper": 1
  },
  "solution": {
    "status": "optimal",
    "center_coordinates": {
      "cluster_1": {
        "dim_1": -0.672512218196635,
        "dim_2": -0.294263484796492
      },
      "cluster_2": {
        "dim_1": -0.385801040871629,
        "dim_2": -0.664100589479142
      },
      "cluster_3": {
        "dim_1": -0.385801040871629,
        "dim_2": 0.789550781250012
      },
      "cluster_4": {
        "dim_1": 0.673036554292471,
        "dim_2": 0.743399921675595
      },
      "cluster_5": {
        "dim_1": 0.673036554292471,
        "dim_2": -0.170796199437266
      }
    },
    "distances": {
      "1": 0.041858684028524,
      "2": 0.035166883358699,
      "3": 0.218743257236777,
      "4": 0.151465051908517,
      "5": 0.269614003054932,
      "6": 0.286493539152807,
      "7": 0.088509575832854,
      "8": 0.006043002727419,
      "9": 0.072713766455722,
      "10": 0.078692835126067,
      "11": 0.055528467484172,
      "12": 0.051550907027933,
      "13": 0.051656943027041
    },
    "objective_value": 1.4080369164214641,
    "lower_bound": 0.103206806707751,
    "upper_bound": 1.408036916421465,
    "absolute_gap": 1.3048301097137132,
    "relative_gap": 12.642868734506814
  },
  "performance": {
    "solution_time_seconds": 300.8790237903595,
    "solver_status": "ok",
    "termination_condition": "optimal",
    "solver": "gams",
    "subsolver": "scip",
    "is_relaxation": false,
    "root_relaxation_value": 0.103206806707751,
    "root_relaxation_gap_percent": 92.67016329585648,
    "relaxation_gap_percent": null,
    "absolute_gap": null
  }
}