{
  "model_parameters": {
    "n_dimensions": 2,
    "n_clusters": 3,
    "n_points": 14,
    "coord_range_lower": -1,
    "coord_range_upper": 1
  },
  "solution": {
    "status": "optimal",
    "center_coordinates": {
      "cluster_1": {
        "dim_1": -0.505373922953487,
        "dim_2": 0.450970847630302
      },
      "cluster_2": {
        "dim_1": -0.218718787983894,
        "dim_2": -0.324206130690769
      },
      "cluster_3": {
        "dim_1": 0.656196256959965,
        "dim_2": 0.390755451420591
      }
    },
    "distances": {
      "1": 0.23760781090782,
      "2": 0.202526897608126,
      "3": 0.000348075660024,
      "4": 0.134341641499401,
      "5": 0.353930410440344,
      "6": 0.053837822701713,
      "7": 0.085059055161151,
      "8": 0.007462182482799,
      "9": 0.30506298863823,
      "10": 0.031473760900181,
      "11": 0.203173784695504,
      "12": 0.17289212573625,
      "13": 0.055511499056157,
      "14": 0.068706991608692
    },
    "objective_value": 1.911935047096392,
    "lower_bound": 1.911935047096391,
    "upper_bound": 1.911935047096391,
    "absolute_gap": 1.1102230246251565e-15,
    "relative_gap": 5.806803041302188e-16
  },
  "performance": {
    "solution_time_seconds": 33.76201105117798,
    "solver_status": "ok",
    "termination_condition": "optimal",
    "solver": "gams",
    "subsolver": "baron",
    "is_relaxation": false,
    "root_relaxation_value": 0.0,
    "root_relaxation_gap_percent": 100.0,
    "relaxation_gap_percent": null,
    "absolute_gap": null
  }
}