{
  "model_parameters": {
    "n_dimensions": 5,
    "n_clusters": 5,
    "n_points": 15,
    "coord_range_lower": -1,
    "coord_range_upper": 1
  },
  "solution": {
    "status": "optimal",
    "center_coordinates": {
      "cluster_1": {
        "dim_1": -0.553332899606729,
        "dim_2": -0.413953721189478,
        "dim_3": 0.769301424984077,
        "dim_4": -0.314402409685991,
        "dim_5": 0.451929909935611
      },
      "cluster_2": {
        "dim_1": -0.458757281263487,
        "dim_2": 0.547930532981901,
        "dim_3": -0.423280665776943,
        "dim_4": 0.66706893544213,
        "dim_5": -0.258141845621247
      },
      "cluster_3": {
        "dim_1": -0.383902732917921,
        "dim_2": -0.700404218286118,
        "dim_3": -0.477359089723225,
        "dim_4": -0.396261460538479,
        "dim_5": -0.145418932079258
      },
      "cluster_4": {
        "dim_1": -0.213508529069577,
        "dim_2": 0.473717531982132,
        "dim_3": 0.792579947180008,
        "dim_4": 0.292632789892378,
        "dim_5": -0.250206040646745
      },
      "cluster_5": {
        "dim_1": 0.489452864821799,
        "dim_2": 0.290353489604288,
        "dim_3": -0.269029822309396,
        "dim_4": -0.443850726736525,
        "dim_5": -0.16333725971627
      }
    },
    "distances": {
      "1": 0.45959712196991,
      "2": 0.392671928443658,
      "3": 0.224987376657212,
      "4": 0.380091382205253,
      "5": 0.239874288569822,
      "6": 0.199785285783594,
      "7": 0.549204452637559,
      "8": 1.311648e-09,
      "9": 0.511669587514186,
      "10": 0.426599793210659,
      "11": 0.624458826723582,
      "12": 0.458266806028597,
      "13": 0.281446905978263,
      "14": 0.380091214388707,
      "15": 0.431715978358707
    },
    "objective_value": 5.560460949781357,
    "lower_bound": 5.560460949781358,
    "absolute_gap": -1.7763568394002505e-15,
    "relative_gap": -3.1946215528590274e-16
  },
  "performance": {
    "solution_time_seconds": 1695.1350224018097,
    "solver_status": "ok",
    "termination_condition": "optimal",
    "solver": "gams",
    "subsolver": "baron",
    "is_relaxation": false,
    "root_relaxation_value": 0.814579,
    "root_relaxation_gap_percent": 85.35051307154616,
    "relaxation_gap_percent": null,
    "absolute_gap": null
  }
}