{
  "model_parameters": {
    "n_dimensions": 3,
    "n_clusters": 4,
    "n_points": 11,
    "coord_range_lower": -1,
    "coord_range_upper": 1
  },
  "solution": {
    "status": "feasible",
    "center_coordinates": {
      "cluster_1": {
        "dim_1": -0.225967202874202,
        "dim_2": 0.75287151586517,
        "dim_3": -0.615384406038393
      },
      "cluster_2": {
        "dim_1": 0.228793373016529,
        "dim_2": -0.860051557218801,
        "dim_3": 0.479577181413206
      },
      "cluster_3": {
        "dim_1": 0.590226343358493,
        "dim_2": 0.07911966767122,
        "dim_3": -0.24481001203908
      },
      "cluster_4": {
        "dim_1": 0.654467923127712,
        "dim_2": 0.567388264440189,
        "dim_3": 0.585518141057155
      }
    },
    "distances": {
      "1": 0.137950709153418,
      "2": 0.191637294182622,
      "3": 0.058321711881149,
      "4": 0.514963052667089,
      "5": 0.06912138443186,
      "6": 0.058468340523222,
      "7": 0.167426026591914,
      "8": 0.152403669411348,
      "9": 0.51471924664909,
      "10": 0.149158592483031,
      "11": 0.12159787647953
    },
    "objective_value": 2.135767904454273,
    "lower_bound": 2.091928252263463,
    "upper_bound": 2.135767904454274,
    "absolute_gap": 0.043839652190809986,
    "relative_gap": 0.020956575419532462
  },
  "performance": {
    "solution_time_seconds": 300.6606185436249,
    "solver_status": "ok",
    "termination_condition": "feasible",
    "solver": "gams",
    "subsolver": "gurobi",
    "is_relaxation": false,
    "root_relaxation_value": 0.0,
    "root_relaxation_gap_percent": 100.0,
    "relaxation_gap_percent": null,
    "absolute_gap": null
  }
}