{
  "model_parameters": {
    "n_dimensions": 2,
    "n_clusters": 3,
    "n_points": 17,
    "coord_range_lower": -1,
    "coord_range_upper": 1
  },
  "solution": {
    "status": "optimal",
    "center_coordinates": {
      "cluster_1": {
        "dim_1": -0.488519008947641,
        "dim_2": 0.480906514589713
      },
      "cluster_2": {
        "dim_1": -0.488518995200655,
        "dim_2": -0.677607270886765
      },
      "cluster_3": {
        "dim_1": 0.450514464651481,
        "dim_2": -0.397860632640982
      }
    },
    "distances": {
      "1": 0.672516046690865,
      "2": 0.234650861419857,
      "3": 0.02795069614359,
      "4": 0.131119486335829,
      "5": 0.145101762280444,
      "6": 0.313572510349986,
      "7": 0.078053869637393,
      "8": 0.261031941406788,
      "9": 0.233271770657876,
      "10": 0.071698295397593,
      "11": 0.06028823968175,
      "12": 0.170402938679606,
      "13": 0.014138527681526,
      "14": 0.048422782087075,
      "15": 0.179549531657946,
      "16": 0.237589258059765,
      "17": 0.25554795364083
    },
    "objective_value": 3.1349064718087187,
    "lower_bound": 1.692300188650158,
    "upper_bound": 3.134906471808718,
    "absolute_gap": 1.4426062831585607,
    "relative_gap": 0.8524529470798189
  },
  "performance": {
    "solution_time_seconds": 300.92910385131836,
    "solver_status": "ok",
    "termination_condition": "optimal",
    "solver": "gams",
    "subsolver": "scip",
    "is_relaxation": false,
    "root_relaxation_value": 1.69230018865016,
    "root_relaxation_gap_percent": 46.01752224927563,
    "relaxation_gap_percent": null,
    "absolute_gap": null
  }
}