{
  "model_parameters": {
    "n_dimensions": 3,
    "n_clusters": 5,
    "n_points": 14,
    "coord_range_lower": -1,
    "coord_range_upper": 1
  },
  "solution": {
    "status": "optimal",
    "center_coordinates": {
      "cluster_1": {
        "dim_1": -0.928675688832016,
        "dim_2": -0.241786078255824,
        "dim_3": -0.663402279814741
      },
      "cluster_2": {
        "dim_1": -0.422301242856294,
        "dim_2": 0.765455939808949,
        "dim_3": 0.604491091408818
      },
      "cluster_3": {
        "dim_1": -0.120740117874277,
        "dim_2": -0.265131698019688,
        "dim_3": 0.309987264274622
      },
      "cluster_4": {
        "dim_1": 0.469405589505133,
        "dim_2": 0.000726615126475,
        "dim_3": -0.420832900605329
      },
      "cluster_5": {
        "dim_1": 0.931640198000636,
        "dim_2": -0.504744822204129,
        "dim_3": 0.359518585696538
      }
    },
    "distances": {
      "1": 0.297505262727306,
      "2": 0.0,
      "3": 0.345841037101641,
      "4": 0.153166321832565,
      "5": 0.149702528512505,
      "6": 0.05588563275514,
      "7": 0.0,
      "8": 0.149290681941505,
      "9": 0.094417613824526,
      "10": 0.188447760295027,
      "11": 0.083545123629934,
      "12": 0.191980096070029,
      "13": 0.068108954037519,
      "14": 0.335199110395782
    },
    "objective_value": 2.113090123123479,
    "lower_bound": 1.803053901159619,
    "absolute_gap": 0.31003622196386016,
    "relative_gap": 0.17195061210564086
  },
  "performance": {
    "solution_time_seconds": 1801.9162316322327,
    "solver_status": "ok",
    "termination_condition": "optimal",
    "solver": "gams",
    "subsolver": "scip",
    "is_relaxation": false,
    "root_relaxation_value": 1.80305390115962,
    "root_relaxation_gap_percent": 14.672172216941547,
    "relaxation_gap_percent": null,
    "absolute_gap": null
  }
}