{
  "model_parameters": {
    "n_dimensions": 2,
    "n_clusters": 5,
    "n_points": 10,
    "coord_range_lower": -1,
    "coord_range_upper": 1
  },
  "solution": {
    "status": "optimal",
    "center_coordinates": {
      "cluster_1": {
        "dim_1": -0.754629861294112,
        "dim_2": -0.824009351579827
      },
      "cluster_2": {
        "dim_1": -0.554722514526593,
        "dim_2": 0.687940865090741
      },
      "cluster_3": {
        "dim_1": -0.159340263305271,
        "dim_2": -0.129999173597857
      },
      "cluster_4": {
        "dim_1": 0.186317215525842,
        "dim_2": 0.36385514223291
      },
      "cluster_5": {
        "dim_1": 0.864639283191286,
        "dim_2": 0.742263621471712
      }
    },
    "distances": {
      "1": 0.035767230411165,
      "2": 0.025413915016685,
      "3": 0.013276818976937,
      "4": 0.016320884681203,
      "5": 0.121642300380731,
      "6": 0.035767795707633,
      "7": 0.12162814880785,
      "8": 0.013282744487299,
      "9": -9.97844e-09,
      "10": 0.027535380805963
    },
    "objective_value": 0.410635209297026,
    "lower_bound": 0.410616775897647,
    "absolute_gap": 1.8433399379014226e-05,
    "relative_gap": 4.489197826542054e-05
  },
  "performance": {
    "solution_time_seconds": 1801.8783657550812,
    "solver_status": "ok",
    "termination_condition": "optimal",
    "solver": "gams",
    "subsolver": "scip",
    "is_relaxation": false,
    "root_relaxation_value": 0.410616775897647,
    "root_relaxation_gap_percent": 0.004488996306617424,
    "relaxation_gap_percent": null,
    "absolute_gap": null
  }
}