{
  "model_parameters": {
    "n_dimensions": 3,
    "n_clusters": 3,
    "n_points": 17,
    "coord_range_lower": -1,
    "coord_range_upper": 1
  },
  "solution": {
    "status": "optimal",
    "center_coordinates": {
      "cluster_1": {
        "dim_1": -0.457523475420161,
        "dim_2": -0.062618558892788,
        "dim_3": -0.7213354456037
      },
      "cluster_2": {
        "dim_1": -0.408394806492373,
        "dim_2": 0.102815590440839,
        "dim_3": 0.741290954333229
      },
      "cluster_3": {
        "dim_1": 0.43240616336411,
        "dim_2": -0.056236955610695,
        "dim_3": -0.008670895026057
      }
    },
    "distances": {
      "1": 0.304202955758569,
      "2": 0.223670979571991,
      "3": 0.825205885762384,
      "4": 0.105338339520959,
      "5": 0.076238572820047,
      "6": 0.180064932664386,
      "7": 0.69435016076606,
      "8": 0.308907944173897,
      "9": 0.785427781830873,
      "10": 0.468503707500617,
      "11": 0.502780526093139,
      "12": 0.401185178547788,
      "13": 0.389322535520688,
      "14": 0.745460493771252,
      "15": 0.281466156608591,
      "16": 0.834814189641784,
      "17": 0.18230005254522
    },
    "objective_value": 7.309240393098245,
    "lower_bound": 7.309240393098245,
    "upper_bound": 7.309240393098245,
    "absolute_gap": 0.0,
    "relative_gap": 0.0
  },
  "performance": {
    "solution_time_seconds": 169.53913760185242,
    "solver_status": "ok",
    "termination_condition": "optimal",
    "solver": "gams",
    "subsolver": "baron",
    "is_relaxation": false,
    "root_relaxation_value": 0.0,
    "root_relaxation_gap_percent": 100.0,
    "relaxation_gap_percent": null,
    "absolute_gap": null
  }
}