{
  "model_parameters": {
    "n_dimensions": 4,
    "n_clusters": 4,
    "n_points": 15,
    "coord_range_lower": -1,
    "coord_range_upper": 1
  },
  "solution": {
    "status": "feasible",
    "center_coordinates": {
      "cluster_1": {
        "dim_1": -0.794570004375925,
        "dim_2": -0.20112546619668,
        "dim_3": -0.923835555115235,
        "dim_4": 0.141716499322378
      },
      "cluster_2": {
        "dim_1": -0.557780684694671,
        "dim_2": -0.516696037585938,
        "dim_3": 0.728248836999784,
        "dim_4": -0.507437243474081
      },
      "cluster_3": {
        "dim_1": 0.230386365233509,
        "dim_2": 0.317274924980575,
        "dim_3": -0.508297456225252,
        "dim_4": -0.518092772226199
      },
      "cluster_4": {
        "dim_1": 0.626415624265039,
        "dim_2": 0.3048730598833,
        "dim_3": 0.48149312000841,
        "dim_4": -0.036127224191864
      }
    },
    "distances": {
      "1": 0.790215164975802,
      "2": 0.666670582646693,
      "3": 0.574088253258317,
      "4": 0.275883942252461,
      "5": 0.445234843058331,
      "6": 0.688350400602535,
      "7": 0.525804279361801,
      "8": 0.13399427541991,
      "9": 0.230443398320002,
      "10": 0.27588553466376,
      "11": 0.134002725276012,
      "12": 0.49503115677502,
      "13": 0.276948457347089,
      "14": 0.799832588144637,
      "15": 0.411217914609891
    },
    "objective_value": 6.723603516712261,
    "lower_bound": 5.948390498591624,
    "upper_bound": 6.723603516712261,
    "absolute_gap": 0.7752130181206374,
    "relative_gap": 0.13032315519705395
  },
  "performance": {
    "solution_time_seconds": 300.66742753982544,
    "solver_status": "ok",
    "termination_condition": "feasible",
    "solver": "gams",
    "subsolver": "gurobi",
    "is_relaxation": false,
    "root_relaxation_value": 0.0,
    "root_relaxation_gap_percent": 100.0,
    "relaxation_gap_percent": null,
    "absolute_gap": null
  }
}