{
  "model_parameters": {
    "n_dimensions": 4,
    "n_clusters": 4,
    "n_points": 17,
    "coord_range_lower": -1,
    "coord_range_upper": 1
  },
  "solution": {
    "status": "optimal",
    "center_coordinates": {
      "cluster_1": {
        "dim_1": -0.569801330566406,
        "dim_2": -0.039117900615305,
        "dim_3": -0.558380126953125,
        "dim_4": 0.3028564453125
      },
      "cluster_2": {
        "dim_1": 0.2662353515625,
        "dim_2": -0.651583608586703,
        "dim_3": 0.2362060546875,
        "dim_4": 0.110102662176927
      },
      "cluster_3": {
        "dim_1": 0.2662353515625,
        "dim_2": 0.4764404296875,
        "dim_3": 0.553985595703125,
        "dim_4": -0.422575575714409
      },
      "cluster_4": {
        "dim_1": 0.2662353515625,
        "dim_2": 0.84716796875,
        "dim_3": -0.693314193234474,
        "dim_4": 0.049249908267205
      }
    },
    "distances": {
      "1": 0.260115980684309,
      "2": 0.373595004674839,
      "3": 0.263013418438938,
      "4": 0.661191531361392,
      "5": 0.670960831943151,
      "6": 0.254657799483516,
      "7": 1.643754503581907,
      "8": 0.303444251110289,
      "9": 0.601536016671827,
      "10": 0.453489080417095,
      "11": 0.324443360703382,
      "12": 0.969199561075744,
      "13": 0.259914715058198,
      "14": 0.396127166844159,
      "15": 0.671724626027374,
      "16": 0.325357204459273,
      "17": 0.956869383290853
    },
    "objective_value": 9.389394435826246,
    "lower_bound": 1.777248949829773,
    "upper_bound": 9.389394435826247,
    "absolute_gap": 7.612145485996472,
    "relative_gap": 4.2831059130605045
  },
  "performance": {
    "solution_time_seconds": 301.2221293449402,
    "solver_status": "ok",
    "termination_condition": "optimal",
    "solver": "gams",
    "subsolver": "scip",
    "is_relaxation": false,
    "root_relaxation_value": 1.77724894982977,
    "root_relaxation_gap_percent": 81.07174044101836,
    "relaxation_gap_percent": null,
    "absolute_gap": null
  }
}