{
  "model_parameters": {
    "n_dimensions": 4,
    "n_clusters": 3,
    "n_points": 16,
    "coord_range_lower": -1,
    "coord_range_upper": 1
  },
  "solution": {
    "status": "optimal",
    "center_coordinates": {
      "cluster_1": {
        "dim_1": -0.611053183554543,
        "dim_2": 0.262082699426284,
        "dim_3": 0.249957899935732,
        "dim_4": 0.243234096038654
      },
      "cluster_2": {
        "dim_1": -0.063022092034044,
        "dim_2": 0.428846890561538,
        "dim_3": 0.637157041826504,
        "dim_4": -0.808895280498739
      },
      "cluster_3": {
        "dim_1": 0.266525307328179,
        "dim_2": -0.34741673056428,
        "dim_3": -0.368212205053668,
        "dim_4": 0.616167511528305
      }
    },
    "distances": {
      "1": 0.550512354056223,
      "2": 0.650154751830283,
      "3": 0.448300820014559,
      "4": 0.458556986818729,
      "5": 0.321407572614606,
      "6": 0.229306919720372,
      "7": 0.435457118003338,
      "8": 0.328478896810842,
      "9": 1.162472050024706,
      "10": 0.474422907356519,
      "11": 0.538289934762362,
      "12": 0.466716734679988,
      "13": 0.124327905660559,
      "14": 1.176130301245031,
      "15": 1.019395629395685,
      "16": 0.554320218321882
    },
    "objective_value": 8.938251101315684,
    "lower_bound": 8.601150931406284,
    "upper_bound": 8.938251101315682,
    "absolute_gap": 0.33710016990939984,
    "relative_gap": 0.03919244908010051
  },
  "performance": {
    "solution_time_seconds": 301.6258668899536,
    "solver_status": "ok",
    "termination_condition": "optimal",
    "solver": "gams",
    "subsolver": "baron",
    "is_relaxation": false,
    "root_relaxation_value": 0.0,
    "root_relaxation_gap_percent": 100.0,
    "relaxation_gap_percent": null,
    "absolute_gap": null
  }
}