{
  "model_parameters": {
    "n_dimensions": 4,
    "n_clusters": 4,
    "n_points": 15,
    "coord_range_lower": -1,
    "coord_range_upper": 1
  },
  "solution": {
    "status": "optimal",
    "center_coordinates": {
      "cluster_1": {
        "dim_1": -0.794568313217857,
        "dim_2": -0.201123256751682,
        "dim_3": -0.923861020641026,
        "dim_4": 0.141720262261418
      },
      "cluster_2": {
        "dim_1": -0.557791647745202,
        "dim_2": -0.516691029902091,
        "dim_3": 0.728236621462812,
        "dim_4": -0.507435623770795
      },
      "cluster_3": {
        "dim_1": 0.230386264088402,
        "dim_2": 0.317275348873888,
        "dim_3": -0.50829781443461,
        "dim_4": -0.518095634848605
      },
      "cluster_4": {
        "dim_1": 0.626454296306815,
        "dim_2": 0.304904372512572,
        "dim_3": 0.481544181389337,
        "dim_4": -0.036127736064917
      }
    },
    "distances": {
      "1": 0.790191568697108,
      "2": 0.666633222040226,
      "3": 0.574091266830348,
      "4": 0.275878861488554,
      "5": 0.445233900527934,
      "6": 0.68843638082975,
      "7": 0.525802099048874,
      "8": 0.134001549239222,
      "9": 0.230415113207324,
      "10": 0.275890978821783,
      "11": 0.133996095798383,
      "12": 0.495029135822071,
      "13": 0.276963876030633,
      "14": 0.799834762795913,
      "15": 0.411205834034961
    },
    "objective_value": 6.723604645213084,
    "lower_bound": 6.723603535197688,
    "absolute_gap": 1.1100153960441617e-06,
    "relative_gap": 1.6509233333483945e-07
  },
  "performance": {
    "solution_time_seconds": 194.12777733802795,
    "solver_status": "ok",
    "termination_condition": "optimal",
    "solver": "gams",
    "subsolver": "gurobi",
    "is_relaxation": false,
    "root_relaxation_value": 0.0,
    "root_relaxation_gap_percent": 100.0,
    "relaxation_gap_percent": null,
    "absolute_gap": null
  }
}