{
  "model_parameters": {
    "n_dimensions": 2,
    "n_clusters": 3,
    "n_points": 17,
    "coord_range_lower": -1,
    "coord_range_upper": 1
  },
  "solution": {
    "status": "optimal",
    "center_coordinates": {
      "cluster_1": {
        "dim_1": -0.740158337532156,
        "dim_2": -0.677448388312383
      },
      "cluster_2": {
        "dim_1": -0.337021536984749,
        "dim_2": 0.48105259226458
      },
      "cluster_3": {
        "dim_1": 0.449977673541226,
        "dim_2": -0.397758111525968
      }
    },
    "distances": {
      "1": 0.672586236922135,
      "2": 0.197714763236159,
      "3": 0.007557937371656,
      "4": 0.130724219106931,
      "5": 0.053300341002979,
      "6": 0.314051243522984,
      "7": 0.102887782919048,
      "8": 0.08246933952586,
      "9": 0.120600074451834,
      "10": 0.071419120844685,
      "11": 0.155138548096701,
      "12": 0.170201510510944,
      "13": 0.029752832739225,
      "14": 0.048443192984996,
      "15": 0.179415044486776,
      "16": 0.237649011171598,
      "17": 0.255924993260932
    },
    "objective_value": 2.829836192155443,
    "lower_bound": 2.829834091922508,
    "upper_bound": 2.829836192155442,
    "absolute_gap": 2.1002329351205162e-06,
    "relative_gap": 7.421752890444819e-07
  },
  "performance": {
    "solution_time_seconds": 24.36940360069275,
    "solver_status": "ok",
    "termination_condition": "optimal",
    "solver": "gams",
    "subsolver": "gurobi",
    "is_relaxation": false,
    "root_relaxation_value": 0.0,
    "root_relaxation_gap_percent": 100.0,
    "relaxation_gap_percent": null,
    "absolute_gap": null
  }
}