{
  "model_parameters": {
    "n_dimensions": 3,
    "n_clusters": 4,
    "n_points": 14,
    "coord_range_lower": -1,
    "coord_range_upper": 1
  },
  "solution": {
    "status": "optimal",
    "center_coordinates": {
      "cluster_1": {
        "dim_1": -0.742121148315693,
        "dim_2": -0.926299819425593,
        "dim_3": -0.933909641160199
      },
      "cluster_2": {
        "dim_1": -0.475975941162568,
        "dim_2": 0.507244591868515,
        "dim_3": 0.400809746115022
      },
      "cluster_3": {
        "dim_1": -0.008792995947691,
        "dim_2": 0.218390671006803,
        "dim_3": -0.324309663148573
      },
      "cluster_4": {
        "dim_1": 0.24059131275898,
        "dim_2": -0.469048882102439,
        "dim_3": 0.509845621831125
      }
    },
    "distances": {
      "1": 0.113961021494364,
      "2": 0.205299280074053,
      "3": 0.179761830791022,
      "4": 0.351520870988927,
      "5": 0.47586216304723,
      "6": 0.613245720116599,
      "7": 0.233526125111463,
      "8": 0.094044227745728,
      "9": 0.068184926826111,
      "10": 0.380193919123248,
      "11": 0.066482290942382,
      "12": 0.382274900374632,
      "13": 0.267980526275559,
      "14": 0.0
    },
    "objective_value": 3.432337802911318,
    "lower_bound": 1.83214776664224,
    "upper_bound": 3.432337802911318,
    "absolute_gap": 1.6001900362690777,
    "relative_gap": 0.8733957300844413
  },
  "performance": {
    "solution_time_seconds": 301.1246144771576,
    "solver_status": "ok",
    "termination_condition": "optimal",
    "solver": "gams",
    "subsolver": "scip",
    "is_relaxation": false,
    "root_relaxation_value": 1.83214776664224,
    "root_relaxation_gap_percent": 46.620995023036265,
    "relaxation_gap_percent": null,
    "absolute_gap": null
  }
}