{
  "model_parameters": {
    "n_dimensions": 5,
    "n_clusters": 3,
    "n_points": 10,
    "coord_range_lower": -1,
    "coord_range_upper": 1
  },
  "solution": {
    "status": "optimal",
    "center_coordinates": {
      "cluster_1": {
        "dim_1": -0.796557185336831,
        "dim_2": -0.012259900943002,
        "dim_3": 0.562548412400528,
        "dim_4": -0.404796198158186,
        "dim_5": -0.042985333401317
      },
      "cluster_2": {
        "dim_1": -0.560014298066995,
        "dim_2": 0.494394677681188,
        "dim_3": 0.099745056253411,
        "dim_4": 0.486101574487966,
        "dim_5": 0.546605780809056
      },
      "cluster_3": {
        "dim_1": 0.091031142536445,
        "dim_2": -0.273560550932017,
        "dim_3": -0.543030502715219,
        "dim_4": 0.374351334700618,
        "dim_5": -0.692943514120923
      }
    },
    "distances": {
      "1": 0.729947041128168,
      "2": 0.858743657746652,
      "3": 0.534905536623941,
      "4": 1.214972489330852,
      "5": 0.30257262491294,
      "6": 0.156052787828361,
      "7": 1.391876314302185,
      "8": 1.209265983084669,
      "9": 0.533834443320216,
      "10": 0.82984668731721
    },
    "objective_value": 7.762017565595194,
    "lower_bound": 7.762004592568749,
    "absolute_gap": 1.297302644509557e-05,
    "relative_gap": 1.6713500089288522e-06
  },
  "performance": {
    "solution_time_seconds": 1801.7011415958405,
    "solver_status": "ok",
    "termination_condition": "optimal",
    "solver": "gams",
    "subsolver": "scip",
    "is_relaxation": false,
    "root_relaxation_value": 7.76200459256875,
    "root_relaxation_gap_percent": 0.00016713472154082423,
    "relaxation_gap_percent": null,
    "absolute_gap": null
  }
}