{
  "model_parameters": {
    "n_dimensions": 5,
    "n_clusters": 5,
    "n_points": 15,
    "coord_range_lower": -1,
    "coord_range_upper": 1
  },
  "solution": {
    "status": "optimal",
    "center_coordinates": {
      "cluster_1": {
        "dim_1": -0.69286616920231,
        "dim_2": -0.105514017919698,
        "dim_3": 0.949935229753824,
        "dim_4": -0.56112727957748,
        "dim_5": 0.1775112543704
      },
      "cluster_2": {
        "dim_1": -0.423429381511839,
        "dim_2": 0.473936772043333,
        "dim_3": 0.792536433123108,
        "dim_4": 0.292592527351248,
        "dim_5": -0.250206073084488
      },
      "cluster_3": {
        "dim_1": -0.423429381511839,
        "dim_2": -0.668338595459456,
        "dim_3": 0.335995950493268,
        "dim_4": -0.223832890195923,
        "dim_5": 0.613549469606667
      },
      "cluster_4": {
        "dim_1": -0.42342938151184,
        "dim_2": 0.5478699961285,
        "dim_3": -0.423311796897735,
        "dim_4": 0.667241512173026,
        "dim_5": -0.258602726910592
      },
      "cluster_5": {
        "dim_1": 0.008824671955994,
        "dim_2": -0.417168879440262,
        "dim_3": -0.510550069275236,
        "dim_4": -0.365890409365968,
        "dim_5": -0.328667382537168
      }
    },
    "distances": {
      "1": 0.477257144526887,
      "2": 0.399182538528272,
      "3": 0.242510010879114,
      "4": 0.460880778717308,
      "5": 0.049477709892881,
      "6": 0.188461624168253,
      "7": 0.534657936153312,
      "8": 0.82332683167302,
      "9": 0.487992135426228,
      "10": 0.049871889834663,
      "11": 0.613744930815498,
      "12": 0.113746233791314,
      "13": 0.257316379079245,
      "14": 0.387435745819438,
      "15": 0.597089992058314
    },
    "objective_value": 5.682951881363747,
    "lower_bound": 1.331355434581881,
    "absolute_gap": 4.351596446781866,
    "relative_gap": 3.268545974838423
  },
  "performance": {
    "solution_time_seconds": 1800.8354470729828,
    "solver_status": "ok",
    "termination_condition": "optimal",
    "solver": "gams",
    "subsolver": "gurobi",
    "is_relaxation": false,
    "root_relaxation_value": 0.0,
    "root_relaxation_gap_percent": 100.0,
    "relaxation_gap_percent": null,
    "absolute_gap": null
  }
}