{
  "model_parameters": {
    "n_dimensions": 5,
    "n_clusters": 5,
    "n_points": 10,
    "coord_range_lower": -1,
    "coord_range_upper": 1
  },
  "solution": {
    "status": "feasible",
    "center_coordinates": {
      "cluster_1": {
        "dim_1": -0.96983436208469,
        "dim_2": -0.891704629398981,
        "dim_3": 0.047853013002168,
        "dim_4": -0.029739389970358,
        "dim_5": -0.330524193356244
      },
      "cluster_2": {
        "dim_1": -0.70532223152399,
        "dim_2": 0.664605523026306,
        "dim_3": -0.195992254318329,
        "dim_4": -0.133546931513551,
        "dim_5": -0.110565051872062
      },
      "cluster_3": {
        "dim_1": 0.275845212741361,
        "dim_2": -0.68328070143129,
        "dim_3": 0.881442349836518,
        "dim_4": 0.099372619860168,
        "dim_5": 0.587141629112988
      },
      "cluster_4": {
        "dim_1": 0.443816672543107,
        "dim_2": 0.208819124897743,
        "dim_3": -0.282131131720624,
        "dim_4": 0.440711613505599,
        "dim_5": -0.634433692504023
      },
      "cluster_5": {
        "dim_1": 0.930915424022687,
        "dim_2": 0.861788978351788,
        "dim_3": 0.047017305934242,
        "dim_4": -0.076565699635024,
        "dim_5": -0.43940719973408
      }
    },
    "distances": {
      "1": 0.439169407294403,
      "2": 0.0,
      "3": 0.574962114429711,
      "4": 0.435927442413497,
      "5": 0.199955907508959,
      "6": 0.221104994654405,
      "7": 0.27938430935131,
      "8": 0.178253021953678,
      "9": 0.0,
      "10": 0.178253020649442
    },
    "objective_value": 2.507010218255405,
    "lower_bound": 2.094676167745348,
    "upper_bound": 2.507010218255406,
    "absolute_gap": 0.412334050510057,
    "relative_gap": 0.1968485901827403
  },
  "performance": {
    "solution_time_seconds": 300.6932122707367,
    "solver_status": "ok",
    "termination_condition": "feasible",
    "solver": "gams",
    "subsolver": "gurobi",
    "is_relaxation": false,
    "root_relaxation_value": 0.0,
    "root_relaxation_gap_percent": 100.0,
    "relaxation_gap_percent": null,
    "absolute_gap": null
  }
}