{
  "model_parameters": {
    "n_dimensions": 5,
    "n_clusters": 5,
    "n_points": 16,
    "coord_range_lower": -1,
    "coord_range_upper": 1
  },
  "solution": {
    "status": "optimal",
    "center_coordinates": {
      "cluster_1": {
        "dim_1": -0.732135230793233,
        "dim_2": 0.006241722261512,
        "dim_3": -0.3585205078125,
        "dim_4": -0.76318359375,
        "dim_5": -0.4449462890625
      },
      "cluster_2": {
        "dim_1": -0.432955732691751,
        "dim_2": 0.35009765625,
        "dim_3": 0.579530756482389,
        "dim_4": 0.6734619140625,
        "dim_5": 0.46826171875
      },
      "cluster_3": {
        "dim_1": -0.2189070817671,
        "dim_2": -0.6558837890625,
        "dim_3": -0.300933837890625,
        "dim_4": 0.107757568359375,
        "dim_5": -0.111028298644933
      },
      "cluster_4": {
        "dim_1": 0.2896728515625,
        "dim_2": 0.87548828125,
        "dim_3": 0.104359894704648,
        "dim_4": -0.23434925079346,
        "dim_5": 0.7342529296875
      },
      "cluster_5": {
        "dim_1": 0.76806640625,
        "dim_2": 0.576815982720834,
        "dim_3": 0.4874267578125,
        "dim_4": 0.124191284179688,
        "dim_5": -0.6170654296875
      }
    },
    "distances": {
      "1": 0.668121645343912,
      "2": 0.076006546447202,
      "3": 0.50539598579935,
      "4": 0.331394280127036,
      "5": 0.202451709700594,
      "6": 0.407054575411072,
      "7": 0.370362668468724,
      "8": 0.597138886624393,
      "9": 0.504982450699184,
      "10": 0.202896828075186,
      "11": 0.588764763533504,
      "12": 0.734313761315432,
      "13": 0.657477222774098,
      "14": 0.396480367006627,
      "15": 0.074839760547855,
      "16": 0.670708361084192
    },
    "objective_value": 6.988389812958361,
    "lower_bound": 0.981283395522796,
    "upper_bound": 6.98838981295836,
    "absolute_gap": 6.007106417435565,
    "relative_gap": 6.1216835471216475
  },
  "performance": {
    "solution_time_seconds": 301.557635307312,
    "solver_status": "ok",
    "termination_condition": "optimal",
    "solver": "gams",
    "subsolver": "scip",
    "is_relaxation": false,
    "root_relaxation_value": 0.981283395522796,
    "root_relaxation_gap_percent": 85.95837636728231,
    "relaxation_gap_percent": null,
    "absolute_gap": null
  }
}