{
  "model_parameters": {
    "n_dimensions": 5,
    "n_clusters": 3,
    "n_points": 16,
    "coord_range_lower": -1,
    "coord_range_upper": 1
  },
  "solution": {
    "status": "optimal",
    "center_coordinates": {
      "cluster_1": {
        "dim_1": -0.216802805655696,
        "dim_2": -0.441667091828535,
        "dim_3": -0.187034142623383,
        "dim_4": 0.588343323176376,
        "dim_5": 0.162202834863333
      },
      "cluster_2": {
        "dim_1": 0.503861776546687,
        "dim_2": -0.126361544417119,
        "dim_3": -0.406199770307932,
        "dim_4": -0.346397875348822,
        "dim_5": -0.439510179776408
      },
      "cluster_3": {
        "dim_1": 0.503861776546687,
        "dim_2": 0.562411684045911,
        "dim_3": 0.7846961951299,
        "dim_4": 0.388621690260463,
        "dim_5": 0.553374203738269
      }
    },
    "distances": {
      "1": 1.683950193137498,
      "2": 1.057221789206113,
      "3": 0.734058405998734,
      "4": 0.418599334571402,
      "5": 0.648527941127822,
      "6": 0.316625846325245,
      "7": 0.878427437245392,
      "8": 0.724859209859264,
      "9": 1.288350892368562,
      "10": 1.464922706096786,
      "11": 1.779010161069861,
      "12": 0.663709227839905,
      "13": 0.46529426154243,
      "14": 0.994215039270604,
      "15": 2.477258968035449,
      "16": 0.866139780462508
    },
    "objective_value": 16.461171194157576,
    "lower_bound": 4.646527423664715,
    "upper_bound": 16.46117119415758,
    "absolute_gap": 11.81464377049286,
    "relative_gap": 2.5426824579407423
  },
  "performance": {
    "solution_time_seconds": 301.3522665500641,
    "solver_status": "ok",
    "termination_condition": "optimal",
    "solver": "gams",
    "subsolver": "scip",
    "is_relaxation": false,
    "root_relaxation_value": 4.64652742366471,
    "root_relaxation_gap_percent": 71.77280177176054,
    "relaxation_gap_percent": null,
    "absolute_gap": null
  }
}