{
  "model_parameters": {
    "n_dimensions": 4,
    "n_clusters": 3,
    "n_points": 16,
    "coord_range_lower": -1,
    "coord_range_upper": 1
  },
  "solution": {
    "status": "optimal",
    "center_coordinates": {
      "cluster_1": {
        "dim_1": -0.61107172541483,
        "dim_2": 0.262660731559933,
        "dim_3": 0.249990370789507,
        "dim_4": 0.243365440245719
      },
      "cluster_2": {
        "dim_1": -0.06342877878409,
        "dim_2": 0.428800224794992,
        "dim_3": 0.637244007480156,
        "dim_4": -0.808811694043895
      },
      "cluster_3": {
        "dim_1": 0.266675218002431,
        "dim_2": -0.347416730991537,
        "dim_3": -0.36831741787475,
        "dim_4": 0.616369308401652
      }
    },
    "distances": {
      "1": 0.550662830467234,
      "2": 0.649695756107458,
      "3": 0.448282345393697,
      "4": 0.458662231475432,
      "5": 0.321789773136113,
      "6": 0.229382439744631,
      "7": 0.435912794025718,
      "8": 0.32812382736143,
      "9": 1.16262407066,
      "10": 0.474488805961568,
      "11": 0.538159600570091,
      "12": 0.46645590520015,
      "13": 0.124387078425137,
      "14": 1.177371882577959,
      "15": 1.018486536477881,
      "16": 0.553761037044027
    },
    "objective_value": 8.938246914628525,
    "lower_bound": 8.938246914628529,
    "absolute_gap": -3.552713678800501e-15,
    "relative_gap": -3.974732084192094e-16
  },
  "performance": {
    "solution_time_seconds": 275.5172176361084,
    "solver_status": "ok",
    "termination_condition": "optimal",
    "solver": "gams",
    "subsolver": "baron",
    "is_relaxation": false,
    "root_relaxation_value": 0.0,
    "root_relaxation_gap_percent": 100.0,
    "relaxation_gap_percent": null,
    "absolute_gap": null
  }
}