{
  "model_parameters": {
    "n_dimensions": 3,
    "n_clusters": 4,
    "n_points": 12,
    "coord_range_lower": -1,
    "coord_range_upper": 1
  },
  "solution": {
    "status": "optimal",
    "center_coordinates": {
      "cluster_1": {
        "dim_1": -0.559468536580337,
        "dim_2": 0.17573842451737,
        "dim_3": 0.354316127674877
      },
      "cluster_2": {
        "dim_1": -0.103747696224396,
        "dim_2": 0.831027784193965,
        "dim_3": -0.450024753039171
      },
      "cluster_3": {
        "dim_1": 0.47689628136795,
        "dim_2": -0.451144893905738,
        "dim_3": -0.457537652699983
      },
      "cluster_4": {
        "dim_1": 0.620761042443751,
        "dim_2": -0.092300142903029,
        "dim_3": 0.895706406300371
      }
    },
    "distances": {
      "1": 0.020138906637517,
      "2": 0.366823827646554,
      "3": 0.293853624694115,
      "4": 0.179829704510684,
      "5": 0.13673441216777,
      "6": 0.057326480407954,
      "7": 0.237848741273569,
      "8": 0.089814023885612,
      "9": 0.057245998742587,
      "10": 0.192542859725347,
      "11": 0.468508438741649,
      "12": 0.057271426706134
    },
    "objective_value": 2.157938445139492,
    "lower_bound": 2.157938445139492,
    "upper_bound": 2.157938445139493,
    "absolute_gap": 0.0,
    "relative_gap": 0.0
  },
  "performance": {
    "solution_time_seconds": 49.94024634361267,
    "solver_status": "ok",
    "termination_condition": "optimal",
    "solver": "gams",
    "subsolver": "scip",
    "is_relaxation": false,
    "root_relaxation_value": 2.15793844513949,
    "root_relaxation_gap_percent": 1.0289663517750529e-13,
    "relaxation_gap_percent": null,
    "absolute_gap": null
  }
}