{
  "model_parameters": {
    "n_dimensions": 3,
    "n_clusters": 4,
    "n_points": 15,
    "coord_range_lower": -1,
    "coord_range_upper": 1
  },
  "solution": {
    "status": "optimal",
    "center_coordinates": {
      "cluster_1": {
        "dim_1": -0.630225936937529,
        "dim_2": 0.700950534177661,
        "dim_3": -0.213112348309882
      },
      "cluster_2": {
        "dim_1": 0.127772461611888,
        "dim_2": 0.200246738722392,
        "dim_3": 0.474212279341444
      },
      "cluster_3": {
        "dim_1": 0.289265261802608,
        "dim_2": -0.492777731124366,
        "dim_3": -0.607445772747457
      },
      "cluster_4": {
        "dim_1": 0.623269442936855,
        "dim_2": -0.795444757976344,
        "dim_3": 0.557557743150101
      }
    },
    "distances": {
      "1": 0.14500332466182,
      "2": 0.100921814532236,
      "3": 0.024301509815421,
      "4": 0.092307488522424,
      "5": 0.12292805109246,
      "6": 0.222717278795113,
      "7": 0.02043091271193,
      "8": 0.150338708570183,
      "9": 0.044281586611741,
      "10": 0.20389357704769,
      "11": 0.004728745478355,
      "12": 0.657763274617527,
      "13": 0.279109926877457,
      "14": 0.066262107636465,
      "15": 0.093259162104347
    },
    "objective_value": 2.228247469075169,
    "lower_bound": 2.228245244756543,
    "absolute_gap": 2.224318626176114e-06,
    "relative_gap": 9.982377978412973e-07
  },
  "performance": {
    "solution_time_seconds": 1572.9820210933685,
    "solver_status": "ok",
    "termination_condition": "optimal",
    "solver": "gams",
    "subsolver": "gurobi",
    "is_relaxation": false,
    "root_relaxation_value": 0.0,
    "root_relaxation_gap_percent": 100.0,
    "relaxation_gap_percent": null,
    "absolute_gap": null
  }
}