{
  "model_parameters": {
    "n_dimensions": 2,
    "n_clusters": 4,
    "n_points": 15,
    "coord_range_lower": -1,
    "coord_range_upper": 1
  },
  "solution": {
    "status": "optimal",
    "center_coordinates": {
      "cluster_1": {
        "dim_1": -0.590791511354597,
        "dim_2": -0.779313816079167
      },
      "cluster_2": {
        "dim_1": -0.51841814149268,
        "dim_2": 0.254791739232244
      },
      "cluster_3": {
        "dim_1": 0.462746143341057,
        "dim_2": 0.633606629947182
      },
      "cluster_4": {
        "dim_1": 0.756271849723417,
        "dim_2": -0.292831518713022
      }
    },
    "distances": {
      "1": 0.172479363011927,
      "2": 0.13574279709207,
      "3": 0.053494766725029,
      "4": 0.263805993721976,
      "5": 0.020896798505787,
      "6": 0.18386541105203,
      "7": 0.22337325076272,
      "8": 0.126986863168043,
      "9": 0.41506434310822,
      "10": 0.145872095695124,
      "11": 0.044736961015296,
      "12": 0.145334675709949,
      "13": 0.05431641689437,
      "14": 0.121268451160604,
      "15": 0.017492056724071
    },
    "objective_value": 2.124730244347216,
    "lower_bound": 2.035866848000105,
    "absolute_gap": 0.0888633963471106,
    "relative_gap": 0.04364892352090897
  },
  "performance": {
    "solution_time_seconds": 1800.6983923912048,
    "solver_status": "ok",
    "termination_condition": "optimal",
    "solver": "gams",
    "subsolver": "scip",
    "is_relaxation": false,
    "root_relaxation_value": 2.03586684800011,
    "root_relaxation_gap_percent": 4.182337808930063,
    "relaxation_gap_percent": null,
    "absolute_gap": null
  }
}