{
  "model_parameters": {
    "n_dimensions": 2,
    "n_clusters": 3,
    "n_points": 11,
    "coord_range_lower": -1,
    "coord_range_upper": 1
  },
  "solution": {
    "status": "optimal",
    "center_coordinates": {
      "cluster_1": {
        "dim_1": -0.856610669459432,
        "dim_2": 0.286734415897412
      },
      "cluster_2": {
        "dim_1": 0.123279311540999,
        "dim_2": 0.345981361529949
      },
      "cluster_3": {
        "dim_1": 0.760080228807503,
        "dim_2": -0.78803331217346
      }
    },
    "distances": {
      "1": 0.107897260801422,
      "2": 0.093199391957044,
      "3": 0.123420438507738,
      "4": 0.201695709105103,
      "5": 0.017791721215841,
      "6": 0.046369827933335,
      "7": 0.0,
      "8": 0.001093684048063,
      "9": 0.109522465114295,
      "10": 0.012785061060175,
      "11": 0.169994690392536
    },
    "objective_value": 0.883770250135552,
    "lower_bound": 0.883770229518311,
    "upper_bound": 0.883770250135552,
    "absolute_gap": 2.0617241025533417e-08,
    "relative_gap": 2.3328734479742108e-08
  },
  "performance": {
    "solution_time_seconds": 0.7949380874633789,
    "solver_status": "ok",
    "termination_condition": "optimal",
    "solver": "gams",
    "subsolver": "baron",
    "is_relaxation": false,
    "root_relaxation_value": 0.0,
    "root_relaxation_gap_percent": 100.0,
    "relaxation_gap_percent": null,
    "absolute_gap": null
  }
}