{
  "model_parameters": {
    "n_dimensions": 5,
    "n_clusters": 4,
    "n_points": 12,
    "coord_range_lower": -1,
    "coord_range_upper": 1
  },
  "solution": {
    "status": "optimal",
    "center_coordinates": {
      "cluster_1": {
        "dim_1": -0.780783419722011,
        "dim_2": -0.801247276566734,
        "dim_3": 0.717814154864505,
        "dim_4": -0.375554441673052,
        "dim_5": -0.628675710582906
      },
      "cluster_2": {
        "dim_1": -0.111515166166708,
        "dim_2": -0.556723506227841,
        "dim_3": -0.748144621729838,
        "dim_4": 0.256579777015721,
        "dim_5": 0.429551759441735
      },
      "cluster_3": {
        "dim_1": 0.132411837751608,
        "dim_2": -0.83085791066626,
        "dim_3": 0.516287335303579,
        "dim_4": -0.107234999781634,
        "dim_5": 0.531280451089778
      },
      "cluster_4": {
        "dim_1": 0.350772335633614,
        "dim_2": 0.430576459776943,
        "dim_3": -0.145902693099612,
        "dim_4": -0.288586351377046,
        "dim_5": -0.627961229731528
      }
    },
    "distances": {
      "1": 0.313109903364283,
      "2": 0.210698996526736,
      "3": 0.156220336378297,
      "4": 0.422909770898354,
      "5": 0.313296056825754,
      "6": 1.007347487241506,
      "7": 1.005074128191911,
      "8": 0.827587030250172,
      "9": 0.454134129761889,
      "10": 1.575827677217872,
      "11": 0.803967690259983,
      "12": 0.610572828112528
    },
    "objective_value": 7.700746035029285,
    "lower_bound": 2.117098605449669,
    "upper_bound": 7.700746035029284,
    "absolute_gap": 5.5836474295796155,
    "relative_gap": 2.637405463877133
  },
  "performance": {
    "solution_time_seconds": 300.9389760494232,
    "solver_status": "ok",
    "termination_condition": "optimal",
    "solver": "gams",
    "subsolver": "scip",
    "is_relaxation": false,
    "root_relaxation_value": 2.11709860544967,
    "root_relaxation_gap_percent": 72.50787656391505,
    "relaxation_gap_percent": null,
    "absolute_gap": null
  }
}