{
  "model_parameters": {
    "n_dimensions": 3,
    "n_clusters": 5,
    "n_points": 12,
    "coord_range_lower": -1,
    "coord_range_upper": 1
  },
  "solution": {
    "status": "optimal",
    "center_coordinates": {
      "cluster_1": {
        "dim_1": -0.942078332536928,
        "dim_2": -0.061656977506083,
        "dim_3": 0.280475479996117
      },
      "cluster_2": {
        "dim_1": 0.396045691017793,
        "dim_2": 0.226225586361497,
        "dim_3": 0.519592434133546
      },
      "cluster_3": {
        "dim_1": 0.460104921073713,
        "dim_2": -0.526966050495824,
        "dim_3": -0.460190269117219
      },
      "cluster_4": {
        "dim_1": 0.664035437885681,
        "dim_2": 0.646214879329528,
        "dim_3": -0.067143341938575
      },
      "cluster_5": {
        "dim_1": 0.997840917386548,
        "dim_2": 0.778991229477019,
        "dim_3": -0.757779063899718
      }
    },
    "distances": {
      "1": 1.13880347e-06,
      "2": 0.0,
      "3": 0.060893806676039,
      "4": 0.232868256632271,
      "5": 0.223458629030856,
      "6": 0.121709438290491,
      "7": 0.12120716421393,
      "8": 0.060436170789081,
      "9": 0.257636287884869,
      "10": 0.02757402217195,
      "11": 0.231017092346373,
      "12": 0.202082446886215
    },
    "objective_value": 1.538884453725545,
    "lower_bound": 1.491941735897618,
    "absolute_gap": 0.04694271782792714,
    "relative_gap": 0.031464176313617455
  },
  "performance": {
    "solution_time_seconds": 1800.6016640663147,
    "solver_status": "ok",
    "termination_condition": "optimal",
    "solver": "gams",
    "subsolver": "gurobi",
    "is_relaxation": false,
    "root_relaxation_value": 0.0,
    "root_relaxation_gap_percent": 100.0,
    "relaxation_gap_percent": null,
    "absolute_gap": null
  }
}