{
  "model_parameters": {
    "n_dimensions": 5,
    "n_clusters": 5,
    "n_points": 15,
    "coord_range_lower": -1,
    "coord_range_upper": 1
  },
  "solution": {
    "status": "optimal",
    "center_coordinates": {
      "cluster_1": {
        "dim_1": -0.468828100695657,
        "dim_2": 0.547912002585866,
        "dim_3": -0.423436483411397,
        "dim_4": 0.667025397422017,
        "dim_5": -0.258132645367479
      },
      "cluster_2": {
        "dim_1": -0.468828100695657,
        "dim_2": 0.4735107421875,
        "dim_3": 0.79248046875,
        "dim_4": 0.292951991047631,
        "dim_5": -0.2501220703125
      },
      "cluster_3": {
        "dim_1": -0.468828100695657,
        "dim_2": -0.105866222961361,
        "dim_3": 0.94970703125,
        "dim_4": -0.561136022028657,
        "dim_5": 0.177948399815457
      },
      "cluster_4": {
        "dim_1": -0.468828100695657,
        "dim_2": -0.668260067892357,
        "dim_3": 0.336009043240399,
        "dim_4": -0.223582035454252,
        "dim_5": 0.612664490413586
      },
      "cluster_5": {
        "dim_1": 0.009691701390831,
        "dim_2": -0.417375204197149,
        "dim_3": -0.510729236210678,
        "dim_4": -0.365379598384557,
        "dim_5": -0.32887661959464
      }
    },
    "distances": {
      "1": 0.455261028780955,
      "2": 0.391280112801903,
      "3": 0.22042717919378,
      "4": 0.489231879554033,
      "5": 0.033241083946423,
      "6": 0.203380105541137,
      "7": 0.549983879226515,
      "8": 0.823021929062708,
      "9": 0.465464813947264,
      "10": 0.16709314059222,
      "11": 0.612939465593213,
      "12": 0.104659458978888,
      "13": 0.288645346189708,
      "14": 0.401326247732782,
      "15": 0.598198357745513
    },
    "objective_value": 5.804154028887042,
    "lower_bound": 0.0,
    "upper_bound": 5.804154028887042,
    "absolute_gap": 5.804154028887042,
    "relative_gap": null
  },
  "performance": {
    "solution_time_seconds": 300.90866780281067,
    "solver_status": "ok",
    "termination_condition": "optimal",
    "solver": "gams",
    "subsolver": "scip",
    "is_relaxation": false,
    "root_relaxation_value": 0.0,
    "root_relaxation_gap_percent": 100.0,
    "relaxation_gap_percent": null,
    "absolute_gap": null
  }
}