{
  "model_parameters": {
    "n_dimensions": 5,
    "n_clusters": 5,
    "n_points": 14,
    "coord_range_lower": -1,
    "coord_range_upper": 1
  },
  "solution": {
    "status": "optimal",
    "center_coordinates": {
      "cluster_1": {
        "dim_1": -0.480468063722347,
        "dim_2": -0.307040668350509,
        "dim_3": 0.416901542961842,
        "dim_4": -0.51570092623545,
        "dim_5": -0.201043635857718
      },
      "cluster_2": {
        "dim_1": -0.480468063722347,
        "dim_2": 0.879291907271171,
        "dim_3": 0.540733345897735,
        "dim_4": -0.294744572461934,
        "dim_5": -0.390600759969559
      },
      "cluster_3": {
        "dim_1": 0.093503867293209,
        "dim_2": -0.311085365598057,
        "dim_3": -0.57094290483362,
        "dim_4": 0.267230947019855,
        "dim_5": 0.543807819125589
      },
      "cluster_4": {
        "dim_1": 0.582963402287694,
        "dim_2": 0.85374300949051,
        "dim_3": -0.529514052552539,
        "dim_4": -0.925581462256484,
        "dim_5": 0.66443261693691
      },
      "cluster_5": {
        "dim_1": 0.582963402287694,
        "dim_2": 0.554240719169116,
        "dim_3": 0.505835460607324,
        "dim_4": 0.307722555287274,
        "dim_5": 0.119406681655076
      }
    },
    "distances": {
      "1": 0.431609166026334,
      "2": 0.632642788580113,
      "3": 0.371505794302408,
      "4": 0.603460808135444,
      "5": 0.372069170721587,
      "6": 0.691952983346992,
      "7": 0.483140074991978,
      "8": 0.298778779384149,
      "9": 0.39789190280697,
      "10": 0.277859101520568,
      "11": 0.555273147332411,
      "12": 0.295197745577985,
      "13": 0.22221072528296,
      "14": 0.448796611683062
    },
    "objective_value": 6.082388799692961,
    "lower_bound": 1.676332022762555,
    "absolute_gap": 4.406056776930406,
    "relative_gap": 2.628391462491619
  },
  "performance": {
    "solution_time_seconds": 1864.6427645683289,
    "solver_status": "ok",
    "termination_condition": "optimal",
    "solver": "gams",
    "subsolver": "baron",
    "is_relaxation": false,
    "root_relaxation_value": 0.0,
    "root_relaxation_gap_percent": 100.0,
    "relaxation_gap_percent": null,
    "absolute_gap": null
  }
}