{
  "model_parameters": {
    "n_dimensions": 3,
    "n_clusters": 5,
    "n_points": 17,
    "coord_range_lower": -1,
    "coord_range_upper": 1
  },
  "solution": {
    "status": "optimal",
    "center_coordinates": {
      "cluster_1": {
        "dim_1": -0.546575663261256,
        "dim_2": 0.506276965289414,
        "dim_3": -0.585697161534936
      },
      "cluster_2": {
        "dim_1": -0.22924379625742,
        "dim_2": -0.786282355109329,
        "dim_3": -0.539205740862685
      },
      "cluster_3": {
        "dim_1": -0.049699042737853,
        "dim_2": -0.030668150050587,
        "dim_3": 0.838248720363528
      },
      "cluster_4": {
        "dim_1": 0.442848342700788,
        "dim_2": -0.922670771387377,
        "dim_3": 0.328139629028166
      },
      "cluster_5": {
        "dim_1": 0.729169445692867,
        "dim_2": 0.349117657526255,
        "dim_3": -0.096805222918234
      }
    },
    "distances": {
      "1": 0.017367553501081,
      "2": 0.043661388259863,
      "3": 0.039342030248797,
      "4": 0.060654583179615,
      "5": 0.417917023760844,
      "6": 0.18512015621322,
      "7": 0.337534187807153,
      "8": 0.439414984728095,
      "9": 0.30898991616059,
      "10": 0.108326698638832,
      "11": 0.043533490490862,
      "12": 0.038599609414093,
      "13": 0.27226538562147,
      "14": 0.038488977638878,
      "15": 0.609690364419734,
      "16": 0.143351700078077,
      "17": 0.039254625912742
    },
    "objective_value": 3.143512676073946,
    "lower_bound": 0.087993559339412,
    "upper_bound": 3.143512676073947,
    "absolute_gap": 3.055519116734534,
    "relative_gap": 34.7243495964139
  },
  "performance": {
    "solution_time_seconds": 300.95320081710815,
    "solver_status": "ok",
    "termination_condition": "optimal",
    "solver": "gams",
    "subsolver": "scip",
    "is_relaxation": false,
    "root_relaxation_value": 0.0879935593394123,
    "root_relaxation_gap_percent": 97.20078878608784,
    "relaxation_gap_percent": null,
    "absolute_gap": null
  }
}