{
  "model_parameters": {
    "n_dimensions": 4,
    "n_clusters": 5,
    "n_points": 17,
    "coord_range_lower": -1,
    "coord_range_upper": 1
  },
  "solution": {
    "status": "optimal",
    "center_coordinates": {
      "cluster_1": {
        "dim_1": -0.680292994181001,
        "dim_2": 0.551822798369843,
        "dim_3": -0.076006885419533,
        "dim_4": 0.070203609592442
      },
      "cluster_2": {
        "dim_1": -0.110088939023164,
        "dim_2": 0.437744850582914,
        "dim_3": -0.251425837904483,
        "dim_4": -0.850780309192268
      },
      "cluster_3": {
        "dim_1": -0.110088939023164,
        "dim_2": -0.742372940053891,
        "dim_3": 0.057595608411055,
        "dim_4": 0.587417281334843
      },
      "cluster_4": {
        "dim_1": -0.110088939023164,
        "dim_2": -0.59242131130057,
        "dim_3": 0.852753787365636,
        "dim_4": 0.241833980577559
      },
      "cluster_5": {
        "dim_1": 0.582376470197281,
        "dim_2": 0.164293671502981,
        "dim_3": -0.259149150773207,
        "dim_4": 0.539204231633852
      }
    },
    "distances": {
      "1": 0.083612570452142,
      "2": 0.617605375537513,
      "3": 0.146293563828066,
      "4": 0.449184312176431,
      "5": 0.790763386027728,
      "6": 0.367187827602482,
      "7": 0.371310181069365,
      "8": 0.343720856194148,
      "9": 1.372145044503809,
      "10": 0.392517040683293,
      "11": 0.607212398938666,
      "12": 0.555426173758367,
      "13": 0.101000446095105,
      "14": 0.379838661778498,
      "15": 0.162503782956295,
      "16": 0.295101472693413,
      "17": 0.150047729050896
    },
    "objective_value": 7.1854708233462175,
    "lower_bound": 7.185470823346216,
    "absolute_gap": 1.7763568394002505e-15,
    "relative_gap": 2.4721509321681655e-16
  },
  "performance": {
    "solution_time_seconds": 150.83221316337585,
    "solver_status": "ok",
    "termination_condition": "optimal",
    "solver": "gams",
    "subsolver": "baron",
    "is_relaxation": false,
    "root_relaxation_value": 0.0,
    "root_relaxation_gap_percent": 100.0,
    "relaxation_gap_percent": null,
    "absolute_gap": null
  }
}