{
  "model_parameters": {
    "n_dimensions": 3,
    "n_clusters": 3,
    "n_points": 10,
    "coord_range_lower": -1,
    "coord_range_upper": 1
  },
  "solution": {
    "status": "optimal",
    "center_coordinates": {
      "cluster_1": {
        "dim_1": -0.658630417478381,
        "dim_2": 0.158632861869464,
        "dim_3": -0.422523361758367
      },
      "cluster_2": {
        "dim_1": 0.48241168219035,
        "dim_2": -0.371993184377743,
        "dim_3": -0.649704222200366
      },
      "cluster_3": {
        "dim_1": 0.690308082386951,
        "dim_2": 0.162240200929102,
        "dim_3": 0.642965134140892
      }
    },
    "distances": {
      "1": 0.395657697220188,
      "2": 0.251366862565697,
      "3": 0.395677836803338,
      "4": 0.292441635338414,
      "5": 0.182695972166797,
      "6": 0.190717209528038,
      "7": 0.847351283443923,
      "8": 0.319096804183507,
      "9": 0.079773655327151,
      "10": 0.271712024024763
    },
    "objective_value": 3.226490980601816,
    "lower_bound": 3.226490826497489,
    "upper_bound": 3.226490980601817,
    "absolute_gap": 1.5410432663287565e-07,
    "relative_gap": 4.7762208206915407e-08
  },
  "performance": {
    "solution_time_seconds": 4.163010120391846,
    "solver_status": "ok",
    "termination_condition": "optimal",
    "solver": "gams",
    "subsolver": "gurobi",
    "is_relaxation": false,
    "root_relaxation_value": 0.0,
    "root_relaxation_gap_percent": 100.0,
    "relaxation_gap_percent": null,
    "absolute_gap": null
  }
}