{
  "model_parameters": {
    "n_dimensions": 4,
    "n_clusters": 5,
    "n_points": 16,
    "coord_range_lower": -1,
    "coord_range_upper": 1
  },
  "solution": {
    "status": "optimal",
    "center_coordinates": {
      "cluster_1": {
        "dim_1": -0.866131964246421,
        "dim_2": -0.315613226096115,
        "dim_3": -0.156454591848644,
        "dim_4": -0.299127694398021
      },
      "cluster_2": {
        "dim_1": -0.16022450040542,
        "dim_2": -0.378529744487855,
        "dim_3": 0.622791692277344,
        "dim_4": 0.430282900034417
      },
      "cluster_3": {
        "dim_1": -0.160224510369656,
        "dim_2": 0.799765158080691,
        "dim_3": 0.459772351679517,
        "dim_4": 0.197195567016137
      },
      "cluster_4": {
        "dim_1": 0.232241622955488,
        "dim_2": -0.029431243025522,
        "dim_3": 0.575038812963973,
        "dim_4": -0.521991045906234
      },
      "cluster_5": {
        "dim_1": 0.633419258367151,
        "dim_2": -0.540828316814947,
        "dim_3": -0.471393216076791,
        "dim_4": -0.644651341670886
      }
    },
    "distances": {
      "1": 0.748517755016788,
      "2": 0.663346472652155,
      "3": 0.14860692472433,
      "4": 0.619634988161972,
      "5": 0.463044115898332,
      "6": 0.25720025970713,
      "7": 0.061724557797844,
      "8": 0.094525929350567,
      "9": 0.311347035033324,
      "10": 0.354449798718221,
      "11": 0.367071932858442,
      "12": 0.496780647090564,
      "13": 0.885165339692179,
      "14": 0.209480787037829,
      "15": 0.478083236498422,
      "16": 0.086539699658386
    },
    "objective_value": 6.245519479896485,
    "lower_bound": 1.393706197622505,
    "absolute_gap": 4.85181328227398,
    "relative_gap": 3.4812310446424
  },
  "performance": {
    "solution_time_seconds": 1804.3555855751038,
    "solver_status": "ok",
    "termination_condition": "optimal",
    "solver": "gams",
    "subsolver": "scip",
    "is_relaxation": false,
    "root_relaxation_value": 1.3937061976225,
    "root_relaxation_gap_percent": 77.68470337641796,
    "relaxation_gap_percent": null,
    "absolute_gap": null
  }
}