{
  "model_parameters": {
    "n_dimensions": 4,
    "n_clusters": 5,
    "n_points": 16,
    "coord_range_lower": -1,
    "coord_range_upper": 1
  },
  "solution": {
    "status": "optimal",
    "center_coordinates": {
      "cluster_1": {
        "dim_1": -0.832205671271224,
        "dim_2": 0.805457461796601,
        "dim_3": 0.50194069762368,
        "dim_4": 0.882242769287112
      },
      "cluster_2": {
        "dim_1": -0.832205671271224,
        "dim_2": -0.231328899602772,
        "dim_3": -0.374003248557212,
        "dim_4": -0.312165318100024
      },
      "cluster_3": {
        "dim_1": -0.323154585179502,
        "dim_2": -0.332499520581768,
        "dim_3": 0.623480813193066,
        "dim_4": 0.1524731310593
      },
      "cluster_4": {
        "dim_1": 0.221391095582744,
        "dim_2": 0.602028261004513,
        "dim_3": 0.473950271905863,
        "dim_4": -0.25531900985692
      },
      "cluster_5": {
        "dim_1": 0.612882511450852,
        "dim_2": -0.491145819782307,
        "dim_3": -0.246593821021063,
        "dim_4": -0.689039490860636
      }
    },
    "distances": {
      "1": 0.954005942748814,
      "2": 0.345097223276379,
      "3": 0.298901588315018,
      "4": 0.476919285807941,
      "5": 0.138493938183834,
      "6": 0.559449936001313,
      "7": 0.165137679516321,
      "8": 0.17384365922297,
      "9": 0.498556654917145,
      "10": 0.491710664511468,
      "11": 0.38273759699989,
      "12": 0.621798207801432,
      "13": 0.000812377512596,
      "14": 0.206119504339583,
      "15": 0.337293543642719,
      "16": 0.220438163686771
    },
    "objective_value": 5.871315966484194,
    "lower_bound": 0.139826271282116,
    "upper_bound": 5.871315966484192,
    "absolute_gap": 5.731489695202078,
    "relative_gap": 40.99007749150459
  },
  "performance": {
    "solution_time_seconds": 301.52822852134705,
    "solver_status": "ok",
    "termination_condition": "optimal",
    "solver": "gams",
    "subsolver": "baron",
    "is_relaxation": false,
    "root_relaxation_value": 0.0,
    "root_relaxation_gap_percent": 100.0,
    "relaxation_gap_percent": null,
    "absolute_gap": null
  }
}