{
  "model_parameters": {
    "n_dimensions": 3,
    "n_clusters": 5,
    "n_points": 13,
    "coord_range_lower": -1,
    "coord_range_upper": 1
  },
  "solution": {
    "status": "optimal",
    "center_coordinates": {
      "cluster_1": {
        "dim_1": -0.729997753986993,
        "dim_2": -0.445446046396792,
        "dim_3": -0.017639725338663
      },
      "cluster_2": {
        "dim_1": 0.301013115079703,
        "dim_2": 0.307054215390168,
        "dim_3": 0.187920685682913
      },
      "cluster_3": {
        "dim_1": 0.352386251199489,
        "dim_2": -0.758432918202254,
        "dim_3": 0.282135009765625
      },
      "cluster_4": {
        "dim_1": 0.500085494433733,
        "dim_2": 0.638677560538004,
        "dim_3": -0.860200786366912
      },
      "cluster_5": {
        "dim_1": 0.814761848674948,
        "dim_2": -0.972039967391849,
        "dim_3": -0.897728769109658
      }
    },
    "distances": {
      "1": 0.086044855000257,
      "2": 0.101282457284529,
      "3": 0.054321874737105,
      "4": 0.175142335502394,
      "5": 0.388949785995432,
      "6": 0.213380265165998,
      "7": 0.163647260061685,
      "8": 0.0,
      "9": 0.110773711468964,
      "10": 0.110964221031713,
      "11": 0.248468632975871,
      "12": 0.245149405266892,
      "13": 0.215282076990014
    },
    "objective_value": 2.113406881480854,
    "lower_bound": 2.113406881480843,
    "upper_bound": 2.113406881480854,
    "absolute_gap": 1.1102230246251565e-14,
    "relative_gap": 5.2532384291624644e-15
  },
  "performance": {
    "solution_time_seconds": 96.91564011573792,
    "solver_status": "ok",
    "termination_condition": "optimal",
    "solver": "gams",
    "subsolver": "scip",
    "is_relaxation": false,
    "root_relaxation_value": 2.11340688148084,
    "root_relaxation_gap_percent": 6.514015652161422e-13,
    "relaxation_gap_percent": null,
    "absolute_gap": null
  }
}