{
  "model_parameters": {
    "n_dimensions": 3,
    "n_clusters": 5,
    "n_points": 17,
    "coord_range_lower": -1,
    "coord_range_upper": 1
  },
  "solution": {
    "status": "optimal",
    "center_coordinates": {
      "cluster_1": {
        "dim_1": -0.547037859025357,
        "dim_2": 0.505863587340749,
        "dim_3": -0.585242443560257
      },
      "cluster_2": {
        "dim_1": -0.229840289539518,
        "dim_2": -0.785830852368208,
        "dim_3": -0.539525864647416
      },
      "cluster_3": {
        "dim_1": 0.295727345945053,
        "dim_2": -0.922932943318743,
        "dim_3": 0.328271505744884
      },
      "cluster_4": {
        "dim_1": 0.295727345945053,
        "dim_2": -0.00341796875,
        "dim_3": 0.69301391601561
      },
      "cluster_5": {
        "dim_1": 0.737709036655684,
        "dim_2": 0.423589100748006,
        "dim_3": -0.220921625998807
      }
    },
    "distances": {
      "1": 0.072717443540088,
      "2": 0.332552889280843,
      "3": 0.039276865334405,
      "4": 0.057130192951206,
      "5": 0.418764827673571,
      "6": 0.184596219269564,
      "7": 0.246720075186594,
      "8": 0.439136150862799,
      "9": 0.260411785197187,
      "10": 0.108494139783651,
      "11": 0.037182352253163,
      "12": 0.019232771695568,
      "13": 0.185082680036902,
      "14": 0.101078099532166,
      "15": 0.609110091785202,
      "16": 0.143718368596301,
      "17": 0.039319897072802
    },
    "objective_value": 3.294524850052012,
    "lower_bound": 0.131992130472141,
    "upper_bound": 3.294524850052012,
    "absolute_gap": 3.162532719579871,
    "relative_gap": 23.960009648055287
  },
  "performance": {
    "solution_time_seconds": 300.9887537956238,
    "solver_status": "ok",
    "termination_condition": "optimal",
    "solver": "gams",
    "subsolver": "scip",
    "is_relaxation": false,
    "root_relaxation_value": 0.131992130472141,
    "root_relaxation_gap_percent": 95.99359129222968,
    "relaxation_gap_percent": null,
    "absolute_gap": null
  }
}