{
  "model_parameters": {
    "n_dimensions": 2,
    "n_clusters": 5,
    "n_points": 12,
    "coord_range_lower": -1,
    "coord_range_upper": 1
  },
  "solution": {
    "status": "optimal",
    "center_coordinates": {
      "cluster_1": {
        "dim_1": -0.705258240700856,
        "dim_2": -0.464617873575106
      },
      "cluster_2": {
        "dim_1": -0.454275305316628,
        "dim_2": 0.656169489246309
      },
      "cluster_3": {
        "dim_1": 0.184302455497069,
        "dim_2": 0.449149703012322
      },
      "cluster_4": {
        "dim_1": 0.333042865987406,
        "dim_2": -0.760205574092605
      },
      "cluster_5": {
        "dim_1": 0.94144837697321,
        "dim_2": -0.001976895942814
      }
    },
    "distances": {
      "1": 0.168446527723844,
      "2": 0.093801104526745,
      "3": 0.051073662119566,
      "4": 0.060334453812623,
      "5": 0.054335648070959,
      "6": 0.148033829200901,
      "7": 0.077417034278387,
      "8": 0.054631193331644,
      "9": 0.0,
      "10": 0.027625093817813,
      "11": 0.102553030699174,
      "12": 0.060736082373929
    },
    "objective_value": 0.898987659955585,
    "lower_bound": 0.898986769844616,
    "upper_bound": 0.898987659955584,
    "absolute_gap": 8.90110969042901e-07,
    "relative_gap": 9.90126883843631e-07
  },
  "performance": {
    "solution_time_seconds": 176.22698593139648,
    "solver_status": "ok",
    "termination_condition": "optimal",
    "solver": "gams",
    "subsolver": "gurobi",
    "is_relaxation": false,
    "root_relaxation_value": 0.0,
    "root_relaxation_gap_percent": 100.0,
    "relaxation_gap_percent": null,
    "absolute_gap": null
  }
}