{
  "model_parameters": {
    "n_dimensions": 4,
    "n_clusters": 4,
    "n_points": 10,
    "coord_range_lower": -1,
    "coord_range_upper": 1
  },
  "solution": {
    "status": "optimal",
    "center_coordinates": {
      "cluster_1": {
        "dim_1": -0.996231683033812,
        "dim_2": 0.93329977570815,
        "dim_3": -0.76565602951573,
        "dim_4": 0.097409352474529
      },
      "cluster_2": {
        "dim_1": -0.509829923704103,
        "dim_2": -0.188475328539865,
        "dim_3": 0.279706906051761,
        "dim_4": -0.582753279174443
      },
      "cluster_3": {
        "dim_1": -0.143122505825449,
        "dim_2": -0.40813949177161,
        "dim_3": 0.023548403226505,
        "dim_4": 0.608399588260775
      },
      "cluster_4": {
        "dim_1": 0.433930578880064,
        "dim_2": 0.598554351423937,
        "dim_3": -0.259218613120781,
        "dim_4": -0.818065422608412
      }
    },
    "distances": {
      "1": 0.539271195902366,
      "2": 0.568819072661712,
      "3": 0.476317245064241,
      "4": 0.106257084482658,
      "5": 0.0,
      "6": 0.323105370153454,
      "7": 0.102739380936718,
      "8": 0.749961313210546,
      "9": 0.589902066339138,
      "10": 0.316755496143155
    },
    "objective_value": 3.773128224893988,
    "lower_bound": 3.751999661876131,
    "absolute_gap": 0.02112856301785726,
    "relative_gap": 0.005631280629511635
  },
  "performance": {
    "solution_time_seconds": 1800.8036630153656,
    "solver_status": "ok",
    "termination_condition": "optimal",
    "solver": "gams",
    "subsolver": "gurobi",
    "is_relaxation": false,
    "root_relaxation_value": 0.0,
    "root_relaxation_gap_percent": 100.0,
    "relaxation_gap_percent": null,
    "absolute_gap": null
  }
}