{
  "model_parameters": {
    "n_dimensions": 3,
    "n_clusters": 3,
    "n_points": 14,
    "coord_range_lower": -1,
    "coord_range_upper": 1
  },
  "solution": {
    "status": "optimal",
    "center_coordinates": {
      "cluster_1": {
        "dim_1": -0.751302437994059,
        "dim_2": -0.935200009217223,
        "dim_3": 0.538697551570343
      },
      "cluster_2": {
        "dim_1": -0.592305684241631,
        "dim_2": -0.295485932852552,
        "dim_3": -0.352669319317475
      },
      "cluster_3": {
        "dim_1": 0.358970507926657,
        "dim_2": 0.438654709436806,
        "dim_3": 0.40881722569015
      }
    },
    "distances": {
      "1": 0.582022410234873,
      "2": 0.270016356548076,
      "3": 0.045277137381599,
      "4": 0.226167323946596,
      "5": 0.354973867743682,
      "6": 0.481017695142461,
      "7": 0.816479803311955,
      "8": 0.193575904602929,
      "9": 0.447780397800129,
      "10": 0.1160316257592,
      "11": 0.226167323946596,
      "12": 0.288480646413232,
      "13": 0.247354647279249,
      "14": 0.408676775496621
    },
    "objective_value": 4.704021915607198,
    "lower_bound": 4.704021915607196,
    "upper_bound": 4.704021915607196,
    "absolute_gap": 1.7763568394002505e-15,
    "relative_gap": 3.776251197951653e-16
  },
  "performance": {
    "solution_time_seconds": 100.38108110427856,
    "solver_status": "ok",
    "termination_condition": "optimal",
    "solver": "gams",
    "subsolver": "baron",
    "is_relaxation": false,
    "root_relaxation_value": 0.0,
    "root_relaxation_gap_percent": 100.0,
    "relaxation_gap_percent": null,
    "absolute_gap": null
  }
}