{
  "model_parameters": {
    "n_dimensions": 2,
    "n_clusters": 5,
    "n_points": 12,
    "coord_range_lower": -1,
    "coord_range_upper": 1
  },
  "solution": {
    "status": "optimal",
    "center_coordinates": {
      "cluster_1": {
        "dim_1": -0.705258240700855,
        "dim_2": -0.464992729432186
      },
      "cluster_2": {
        "dim_1": -0.453756631687262,
        "dim_2": 0.655455385131177
      },
      "cluster_3": {
        "dim_1": 0.184079758776133,
        "dim_2": 0.449203732401739
      },
      "cluster_4": {
        "dim_1": 0.332809854624974,
        "dim_2": -0.760782152360005
      },
      "cluster_5": {
        "dim_1": 0.941972239635657,
        "dim_2": -0.002815770389201
      }
    },
    "distances": {
      "1": 0.16821919992529,
      "2": 0.093639355102628,
      "3": 0.050796889830297,
      "4": 0.060257182275514,
      "5": 0.054490693440865,
      "6": 0.148264166436846,
      "7": 0.077578936095672,
      "8": 0.054477910829737,
      "9": 0.0,
      "10": 0.02759150545591,
      "11": 0.102862763225002,
      "12": 0.060812970100016
    },
    "objective_value": 0.898991572717777,
    "lower_bound": 0.898990727176848,
    "absolute_gap": 8.455409289398474e-07,
    "relative_gap": 9.405446612282064e-07
  },
  "performance": {
    "solution_time_seconds": 182.67710757255554,
    "solver_status": "ok",
    "termination_condition": "optimal",
    "solver": "gams",
    "subsolver": "gurobi",
    "is_relaxation": false,
    "root_relaxation_value": 0.0,
    "root_relaxation_gap_percent": 100.0,
    "relaxation_gap_percent": null,
    "absolute_gap": null
  }
}