{
  "model_parameters": {
    "n_dimensions": 4,
    "n_clusters": 4,
    "n_points": 12,
    "coord_range_lower": -1,
    "coord_range_upper": 1
  },
  "solution": {
    "status": "optimal",
    "center_coordinates": {
      "cluster_1": {
        "dim_1": -0.170067533115333,
        "dim_2": -0.504905785956543,
        "dim_3": 0.628863498478545,
        "dim_4": -0.69387113544934
      },
      "cluster_2": {
        "dim_1": 0.31744515634606,
        "dim_2": 0.031111942848358,
        "dim_3": -0.402088964158405,
        "dim_4": -0.57391424829934
      },
      "cluster_3": {
        "dim_1": 0.317445146355357,
        "dim_2": -0.644478221818026,
        "dim_3": -0.64249869061847,
        "dim_4": 0.786885839076221
      },
      "cluster_4": {
        "dim_1": 0.6407621789268,
        "dim_2": 0.696150602162868,
        "dim_3": -0.342898538460675,
        "dim_4": 0.761154678856607
      }
    },
    "distances": {
      "1": 0.189003962349888,
      "2": 0.09246593200121,
      "3": 0.11639089375044,
      "4": 0.416960210653373,
      "5": 0.527778644080538,
      "6": 0.543950134878709,
      "7": 0.523812719840356,
      "8": 0.416960223603083,
      "9": 0.083309193718938,
      "10": 0.646778499737166,
      "11": 0.248057079180157,
      "12": 0.327199930730168
    },
    "objective_value": 4.132667424524026,
    "lower_bound": 1.151334912266867,
    "absolute_gap": 2.9813325122571595,
    "relative_gap": 2.5894572295972544
  },
  "performance": {
    "solution_time_seconds": 1801.4364428520203,
    "solver_status": "ok",
    "termination_condition": "optimal",
    "solver": "gams",
    "subsolver": "scip",
    "is_relaxation": false,
    "root_relaxation_value": 1.15133491226687,
    "root_relaxation_gap_percent": 72.14063475239666,
    "relaxation_gap_percent": null,
    "absolute_gap": null
  }
}