{
  "model_parameters": {
    "n_dimensions": 2,
    "n_clusters": 3,
    "n_points": 11,
    "coord_range_lower": -1,
    "coord_range_upper": 1
  },
  "solution": {
    "status": "optimal",
    "center_coordinates": {
      "cluster_1": {
        "dim_1": -0.856611660324576,
        "dim_2": 0.286736983281332
      },
      "cluster_2": {
        "dim_1": 0.123276100137215,
        "dim_2": 0.345979051387123
      },
      "cluster_3": {
        "dim_1": 0.760059632911396,
        "dim_2": -0.788069471625733
      }
    },
    "distances": {
      "1": 0.107895580686416,
      "2": 0.093200740597365,
      "3": 0.123419171527366,
      "4": 0.201698125550478,
      "5": 0.017791732562925,
      "6": 0.046371498462097,
      "7": 3.658045e-09,
      "8": 0.001093943657797,
      "9": 0.109520662009115,
      "10": 0.012784765178107,
      "11": 0.169994005628599
    },
    "objective_value": 0.88377022951831,
    "lower_bound": 0.883770229518311,
    "absolute_gap": -9.992007221626409e-16,
    "relative_gap": -1.1306114290670822e-15
  },
  "performance": {
    "solution_time_seconds": 0.5570008754730225,
    "solver_status": "ok",
    "termination_condition": "optimal",
    "solver": "gams",
    "subsolver": "baron",
    "is_relaxation": false,
    "root_relaxation_value": 0.0,
    "root_relaxation_gap_percent": 100.0,
    "relaxation_gap_percent": null,
    "absolute_gap": null
  }
}