{
  "model_parameters": {
    "n_dimensions": 3,
    "n_clusters": 5,
    "n_points": 20,
    "coord_range_lower": -1,
    "coord_range_upper": 1
  },
  "solution": {
    "status": "optimal",
    "center_coordinates": {
      "cluster_1": {
        "dim_1": -0.757908907096209,
        "dim_2": 0.480777535893058,
        "dim_3": 0.933062525393381
      },
      "cluster_2": {
        "dim_1": -0.757908833734673,
        "dim_2": -0.14853964647089,
        "dim_3": -0.566156220454418
      },
      "cluster_3": {
        "dim_1": 0.397842827784006,
        "dim_2": -0.39229574595958,
        "dim_3": -0.354283667332291
      },
      "cluster_4": {
        "dim_1": 0.636674122091421,
        "dim_2": 0.579750652776432,
        "dim_3": -0.572384013530804
      },
      "cluster_5": {
        "dim_1": 0.839528274402915,
        "dim_2": 0.229323512712122,
        "dim_3": 0.652035846884184
      }
    },
    "distances": {
      "1": 0.213713231585873,
      "2": 0.222777381302996,
      "3": 0.225071414007441,
      "4": 0.130870532995327,
      "5": 0.215050316711533,
      "6": 0.11177281177297,
      "7": 0.499866981278943,
      "8": 0.150069095609897,
      "9": 0.334126097466981,
      "10": 0.560197263996403,
      "11": 0.081437566260705,
      "12": 0.280650019749868,
      "13": 0.192814907138031,
      "14": 0.49241767806603,
      "15": 0.289192534455035,
      "16": 0.104573460565222,
      "17": 0.020761303766246,
      "18": 0.529330023888068,
      "19": 0.91014761777382,
      "20": 0.399622957123625
    },
    "objective_value": 5.964463195515014,
    "lower_bound": 4.001464164602686,
    "absolute_gap": 1.9629990309123286,
    "relative_gap": 0.4905701888516698
  },
  "performance": {
    "solution_time_seconds": 1807.4448561668396,
    "solver_status": "ok",
    "termination_condition": "optimal",
    "solver": "gams",
    "subsolver": "baron",
    "is_relaxation": false,
    "root_relaxation_value": 0.569417,
    "root_relaxation_gap_percent": 90.45317271086233,
    "relaxation_gap_percent": null,
    "absolute_gap": null
  }
}