{
  "model_parameters": {
    "n_dimensions": 4,
    "n_clusters": 3,
    "n_points": 11,
    "coord_range_lower": -1,
    "coord_range_upper": 1
  },
  "solution": {
    "status": "optimal",
    "center_coordinates": {
      "cluster_1": {
        "dim_1": -0.350170472949815,
        "dim_2": -0.121547434843631,
        "dim_3": 0.62894279870133,
        "dim_4": -0.45939024300015
      },
      "cluster_2": {
        "dim_1": 0.249687013345893,
        "dim_2": -0.336003298866276,
        "dim_3": -0.465544202039832,
        "dim_4": -0.57342939443819
      },
      "cluster_3": {
        "dim_1": 0.423298082382576,
        "dim_2": 0.228348960648299,
        "dim_3": -0.158453951983496,
        "dim_4": 0.419910117850026
      }
    },
    "distances": {
      "1": 0.38178093584729,
      "2": 0.226790785443,
      "3": 0.069895853519016,
      "4": 0.47754557279611,
      "5": 0.071077888584592,
      "6": 0.426262556921543,
      "7": 0.697868582846066,
      "8": 0.401339845100356,
      "9": 0.188706057356593,
      "10": 0.545770600803652,
      "11": 0.46789983787407
    },
    "objective_value": 3.954938517092288,
    "lower_bound": 3.95493848414586,
    "upper_bound": 3.954938517092287,
    "absolute_gap": 3.294642780815593e-08,
    "relative_gap": 8.330452658171067e-09
  },
  "performance": {
    "solution_time_seconds": 3.953545093536377,
    "solver_status": "ok",
    "termination_condition": "optimal",
    "solver": "gams",
    "subsolver": "baron",
    "is_relaxation": false,
    "root_relaxation_value": 0.0,
    "root_relaxation_gap_percent": 100.0,
    "relaxation_gap_percent": null,
    "absolute_gap": null
  }
}