{
  "model_parameters": {
    "n_dimensions": 4,
    "n_clusters": 5,
    "n_points": 12,
    "coord_range_lower": -1,
    "coord_range_upper": 1
  },
  "solution": {
    "status": "optimal",
    "center_coordinates": {
      "cluster_1": {
        "dim_1": -0.66245162693086,
        "dim_2": -0.444838362264716,
        "dim_3": -0.004488905664534,
        "dim_4": -0.374836125203023
      },
      "cluster_2": {
        "dim_1": -0.402486187671645,
        "dim_2": 0.426575552252192,
        "dim_3": 0.430166114987399,
        "dim_4": 0.446073892115386
      },
      "cluster_3": {
        "dim_1": -0.025776007335826,
        "dim_2": 0.278478184664513,
        "dim_3": -0.532450349977015,
        "dim_4": 0.304223041867726
      },
      "cluster_4": {
        "dim_1": 0.624710672017673,
        "dim_2": -0.449397098942563,
        "dim_3": 0.361314578061956,
        "dim_4": 0.954197396327815
      },
      "cluster_5": {
        "dim_1": 0.657544006678729,
        "dim_2": -0.858535708984764,
        "dim_3": -0.094823630908033,
        "dim_4": -0.745713815630509
      }
    },
    "distances": {
      "1": 0.135142173776756,
      "2": 0.311632324973166,
      "3": 0.287452530652249,
      "4": 0.245570372770264,
      "5": 0.367461953686466,
      "6": 0.367461953003436,
      "7": 0.0,
      "8": 0.287452530643129,
      "9": 0.136082528423124,
      "10": 0.494212397429908,
      "11": 0.321210154558205,
      "12": 0.525191108112866
    },
    "objective_value": 3.478870028029569,
    "lower_bound": 2.453013453791176,
    "absolute_gap": 1.025856574238393,
    "relative_gap": 0.4182025877815359
  },
  "performance": {
    "solution_time_seconds": 1938.1903321743011,
    "solver_status": "ok",
    "termination_condition": "optimal",
    "solver": "gams",
    "subsolver": "baron",
    "is_relaxation": false,
    "root_relaxation_value": 0.0,
    "root_relaxation_gap_percent": 100.0,
    "relaxation_gap_percent": null,
    "absolute_gap": null
  }
}