{
  "model_parameters": {
    "n_dimensions": 4,
    "n_clusters": 4,
    "n_points": 15,
    "coord_range_lower": -1,
    "coord_range_upper": 1
  },
  "solution": {
    "status": "optimal",
    "center_coordinates": {
      "cluster_1": {
        "dim_1": -0.794548596897165,
        "dim_2": -0.201019930754233,
        "dim_3": -0.923841363761829,
        "dim_4": 0.141719164065463
      },
      "cluster_2": {
        "dim_1": -0.557800016900978,
        "dim_2": -0.517044807708319,
        "dim_3": 0.7282743249483,
        "dim_4": -0.507086491295475
      },
      "cluster_3": {
        "dim_1": 0.230426999126145,
        "dim_2": 0.317045269191467,
        "dim_3": -0.508212594220452,
        "dim_4": -0.518071959242242
      },
      "cluster_4": {
        "dim_1": 0.626564593210626,
        "dim_2": 0.304877763750529,
        "dim_3": 0.481756965086346,
        "dim_4": -0.036066062869495
      }
    },
    "distances": {
      "1": 0.790098671917181,
      "2": 0.666665172045066,
      "3": 0.574177716243356,
      "4": 0.275771330397577,
      "5": 0.445059541249891,
      "6": 0.688592646187165,
      "7": 0.525848474768474,
      "8": 0.133856304470234,
      "9": 0.230298222201706,
      "10": 0.275998117130421,
      "11": 0.134140215789573,
      "12": 0.495249801816495,
      "13": 0.277020887032072,
      "14": 0.799652630569048,
      "15": 0.411168522991299
    },
    "objective_value": 6.723598254809558,
    "lower_bound": 6.723598254809557,
    "absolute_gap": 8.881784197001252e-16,
    "relative_gap": 1.3209867485238118e-16
  },
  "performance": {
    "solution_time_seconds": 1275.4167618751526,
    "solver_status": "ok",
    "termination_condition": "optimal",
    "solver": "gams",
    "subsolver": "baron",
    "is_relaxation": false,
    "root_relaxation_value": 0.0,
    "root_relaxation_gap_percent": 100.0,
    "relaxation_gap_percent": null,
    "absolute_gap": null
  }
}