{
  "model_parameters": {
    "n_dimensions": 4,
    "n_clusters": 5,
    "n_points": 12,
    "coord_range_lower": -1,
    "coord_range_upper": 1
  },
  "solution": {
    "status": "feasible",
    "center_coordinates": {
      "cluster_1": {
        "dim_1": -0.662455317216481,
        "dim_2": -0.444839585518438,
        "dim_3": -0.00448007886343,
        "dim_4": -0.374836845040518
      },
      "cluster_2": {
        "dim_1": -0.402483204188889,
        "dim_2": 0.426576471361993,
        "dim_3": 0.430166609223707,
        "dim_4": 0.446073640058618
      },
      "cluster_3": {
        "dim_1": -0.02576139172869,
        "dim_2": 0.278486772186425,
        "dim_3": -0.532436959342014,
        "dim_4": 0.304214301426887
      },
      "cluster_4": {
        "dim_1": 0.624713906153327,
        "dim_2": -0.449397139455422,
        "dim_3": 0.361316905361974,
        "dim_4": 0.95419936043969
      },
      "cluster_5": {
        "dim_1": 0.657544006265214,
        "dim_2": -0.858550281832389,
        "dim_3": -0.094824850503191,
        "dim_4": -0.745707389686972
      }
    },
    "distances": {
      "1": 0.135140434992691,
      "2": 0.311632823164629,
      "3": 0.287451311685911,
      "4": 0.245571613446285,
      "5": 0.367462648483468,
      "6": 0.367461258505791,
      "7": 0.0,
      "8": 0.28745374972806,
      "9": 0.136074776479957,
      "10": 0.49418269542248,
      "11": 0.321219648954346,
      "12": 0.525219069860242
    },
    "objective_value": 3.47887003072386,
    "lower_bound": 1.875001495995004,
    "upper_bound": 3.47887003072386,
    "absolute_gap": 1.603868534728856,
    "relative_gap": 0.855395869365818
  },
  "performance": {
    "solution_time_seconds": 300.7073562145233,
    "solver_status": "ok",
    "termination_condition": "feasible",
    "solver": "gams",
    "subsolver": "gurobi",
    "is_relaxation": false,
    "root_relaxation_value": 0.0,
    "root_relaxation_gap_percent": 100.0,
    "relaxation_gap_percent": null,
    "absolute_gap": null
  }
}