{
  "model_parameters": {
    "n_dimensions": 5,
    "n_clusters": 5,
    "n_points": 17,
    "coord_range_lower": -1,
    "coord_range_upper": 1
  },
  "solution": {
    "status": "optimal",
    "center_coordinates": {
      "cluster_1": {
        "dim_1": -0.431137191038348,
        "dim_2": 0.285780489341923,
        "dim_3": 0.808402965062161,
        "dim_4": 0.229532398373161,
        "dim_5": -0.324319188061086
      },
      "cluster_2": {
        "dim_1": -0.253173995526433,
        "dim_2": 0.422902866973757,
        "dim_3": 0.342570104586841,
        "dim_4": -0.791953391767576,
        "dim_5": 0.406970494892186
      },
      "cluster_3": {
        "dim_1": -0.253173859211294,
        "dim_2": 0.250675184674639,
        "dim_3": -0.430617024521174,
        "dim_4": 0.919700092221971,
        "dim_5": -0.861416477523645
      },
      "cluster_4": {
        "dim_1": 0.195106030933951,
        "dim_2": -0.894200930441582,
        "dim_3": -0.164398155663532,
        "dim_4": -0.644162052499505,
        "dim_5": -0.513082920886853
      },
      "cluster_5": {
        "dim_1": 0.455882595063316,
        "dim_2": -0.1308276718245,
        "dim_3": 0.0616766813879,
        "dim_4": 0.583991096764814,
        "dim_5": 0.640223450182694
      }
    },
    "distances": {
      "1": 0.910546218959772,
      "2": 0.289630350650789,
      "3": 0.225330544101193,
      "4": 0.290450005800715,
      "5": 1.454054947376055,
      "6": 0.442712511846199,
      "7": 0.737534038943665,
      "8": 0.289678234723746,
      "9": 0.972614799982719,
      "10": 0.714300036325562,
      "11": 0.708742370888715,
      "12": 0.432906418494624,
      "13": 0.947393946562682,
      "14": 1.361779071762193,
      "15": 0.190580105669544,
      "16": 0.720412991191204,
      "17": 0.173456664119581
    },
    "objective_value": 10.862123257398958,
    "lower_bound": 3.496789750652452,
    "absolute_gap": 7.365333506746506,
    "relative_gap": 2.10631294185538
  },
  "performance": {
    "solution_time_seconds": 1800.6124112606049,
    "solver_status": "ok",
    "termination_condition": "optimal",
    "solver": "gams",
    "subsolver": "gurobi",
    "is_relaxation": false,
    "root_relaxation_value": 0.0,
    "root_relaxation_gap_percent": 100.0,
    "relaxation_gap_percent": null,
    "absolute_gap": null
  }
}