{
  "model_parameters": {
    "n_dimensions": 3,
    "n_clusters": 3,
    "n_points": 17,
    "coord_range_lower": -1,
    "coord_range_upper": 1
  },
  "solution": {
    "status": "optimal",
    "center_coordinates": {
      "cluster_1": {
        "dim_1": -0.207241556493406,
        "dim_2": 0.297153788802433,
        "dim_3": -0.743335222859756
      },
      "cluster_2": {
        "dim_1": -0.026305200455525,
        "dim_2": 0.40749934400426,
        "dim_3": 0.554543319194504
      },
      "cluster_3": {
        "dim_1": -0.026305200455525,
        "dim_2": -0.554481972549757,
        "dim_3": -0.068512829177918
      }
    },
    "distances": {
      "1": 0.67280649840364,
      "2": 0.296958093130356,
      "3": 1.252636539247027,
      "4": 0.189919286817907,
      "5": 0.505187324595641,
      "6": 0.478512718915118,
      "7": 0.173543594452443,
      "8": 0.1585598276473,
      "9": 0.29330606525955,
      "10": 0.374423248640174,
      "11": 0.383294045363972,
      "12": 0.348252154715476,
      "13": 0.10475181598383,
      "14": 1.354311034332796,
      "15": 0.458738358556946,
      "16": 0.787871220401026,
      "17": 0.136408271449779
    },
    "objective_value": 7.969480097912981,
    "lower_bound": 7.969480097912981,
    "absolute_gap": 0.0,
    "relative_gap": 0.0
  },
  "performance": {
    "solution_time_seconds": 26.625401496887207,
    "solver_status": "ok",
    "termination_condition": "optimal",
    "solver": "gams",
    "subsolver": "baron",
    "is_relaxation": false,
    "root_relaxation_value": 0.0,
    "root_relaxation_gap_percent": 100.0,
    "relaxation_gap_percent": null,
    "absolute_gap": null
  }
}