{
  "model_parameters": {
    "n_dimensions": 5,
    "n_clusters": 4,
    "n_points": 15,
    "coord_range_lower": -1,
    "coord_range_upper": 1
  },
  "solution": {
    "status": "feasible",
    "center_coordinates": {
      "cluster_1": {
        "dim_1": -0.572527086310969,
        "dim_2": -0.576950885491298,
        "dim_3": -0.712243236656496,
        "dim_4": 0.051593545032655,
        "dim_5": 0.223041474664215
      },
      "cluster_2": {
        "dim_1": -0.572527083996389,
        "dim_2": 0.711366663881482,
        "dim_3": 0.041454666553591,
        "dim_4": 0.011963861071363,
        "dim_5": 0.560174935051794
      },
      "cluster_3": {
        "dim_1": 0.593709923137349,
        "dim_2": -0.360543017297906,
        "dim_3": -0.201518165169714,
        "dim_4": 0.088720786799906,
        "dim_5": 0.689154720073563
      },
      "cluster_4": {
        "dim_1": 0.593709923324748,
        "dim_2": 0.397458939652118,
        "dim_3": 0.482815790418258,
        "dim_4": 0.17716128681537,
        "dim_5": -0.361508662331624
      }
    },
    "distances": {
      "1": 0.583257825824624,
      "2": 0.836588519046945,
      "3": 0.712479695044386,
      "4": 0.94638047080601,
      "5": 0.437856133399499,
      "6": 1.048832696135712,
      "7": 0.460080171362504,
      "8": 0.787340186809452,
      "9": 0.382326220539456,
      "10": 0.095438668996024,
      "11": 1.885616658434,
      "12": 0.253143783448603,
      "13": 0.609321364293727,
      "14": 0.342781183049306,
      "15": 0.940731626453635
    },
    "objective_value": 10.322175203643884,
    "lower_bound": 4.982369445588333,
    "upper_bound": 10.322175203643884,
    "absolute_gap": 5.339805758055551,
    "relative_gap": 1.0717402264867597
  },
  "performance": {
    "solution_time_seconds": 300.86358094215393,
    "solver_status": "ok",
    "termination_condition": "feasible",
    "solver": "gams",
    "subsolver": "gurobi",
    "is_relaxation": false,
    "root_relaxation_value": 0.0,
    "root_relaxation_gap_percent": 100.0,
    "relaxation_gap_percent": null,
    "absolute_gap": null
  }
}