{
  "model_parameters": {
    "n_dimensions": 5,
    "n_clusters": 3,
    "n_points": 10,
    "coord_range_lower": -1,
    "coord_range_upper": 1
  },
  "solution": {
    "status": "optimal",
    "center_coordinates": {
      "cluster_1": {
        "dim_1": -0.795956774350947,
        "dim_2": -0.01200700052101,
        "dim_3": 0.563275348169569,
        "dim_4": -0.404671453902885,
        "dim_5": -0.042566314584609
      },
      "cluster_2": {
        "dim_1": -0.559409663837956,
        "dim_2": 0.493928579656978,
        "dim_3": 0.100155547832375,
        "dim_4": 0.484906867516181,
        "dim_5": 0.547042762720573
      },
      "cluster_3": {
        "dim_1": 0.090901259465143,
        "dim_2": -0.273207895369869,
        "dim_3": -0.54295422898185,
        "dim_4": 0.374470771648273,
        "dim_5": -0.692625477223945
      }
    },
    "distances": {
      "1": 0.731337548565231,
      "2": 0.859036122261271,
      "3": 0.535218583253661,
      "4": 1.215432540414881,
      "5": 0.30215128492649,
      "6": 0.156205105836889,
      "7": 1.391266974870694,
      "8": 1.209066712922892,
      "9": 0.534116166920429,
      "10": 0.828176695657178
    },
    "objective_value": 7.762007735629616,
    "lower_bound": 7.730625633663866,
    "absolute_gap": 0.03138210196575031,
    "relative_gap": 0.004059451776980826
  },
  "performance": {
    "solution_time_seconds": 1800.4877333641052,
    "solver_status": "ok",
    "termination_condition": "optimal",
    "solver": "gams",
    "subsolver": "gurobi",
    "is_relaxation": false,
    "root_relaxation_value": 0.0,
    "root_relaxation_gap_percent": 100.0,
    "relaxation_gap_percent": null,
    "absolute_gap": null
  }
}