{
  "model_parameters": {
    "n_dimensions": 5,
    "n_clusters": 5,
    "n_points": 16,
    "coord_range_lower": -1,
    "coord_range_upper": 1
  },
  "solution": {
    "status": "optimal",
    "center_coordinates": {
      "cluster_1": {
        "dim_1": -0.731857362875216,
        "dim_2": 0.006317938138657,
        "dim_3": -0.358871678301645,
        "dim_4": -0.762901053291831,
        "dim_5": -0.445281704194665
      },
      "cluster_2": {
        "dim_1": -0.470565764530493,
        "dim_2": 0.250996736562743,
        "dim_3": 0.560956232027564,
        "dim_4": 0.611050282468035,
        "dim_5": 0.615690837401025
      },
      "cluster_3": {
        "dim_1": -0.219094231677823,
        "dim_2": -0.655816184193589,
        "dim_3": -0.300928656801862,
        "dim_4": 0.107575039899347,
        "dim_5": -0.110822097359576
      },
      "cluster_4": {
        "dim_1": 0.412794545921735,
        "dim_2": 0.619790790713171,
        "dim_3": 0.528735018624608,
        "dim_4": 0.32413816346672,
        "dim_5": -0.493139495763052
      },
      "cluster_5": {
        "dim_1": 0.412794535936137,
        "dim_2": 0.8756375927884,
        "dim_3": 0.104155741185666,
        "dim_4": -0.234617092857605,
        "dim_5": 0.734037622814201
      }
    },
    "distances": {
      "1": 0.548116871994754,
      "2": 0.096065641821103,
      "3": 0.483583413190929,
      "4": 0.422856361603181,
      "5": 0.202674540562697,
      "6": 0.661860003560604,
      "7": 0.370314908452242,
      "8": 1.013997583676425,
      "9": 0.477900068426367,
      "10": 0.202674538516813,
      "11": 0.490763837309605,
      "12": 0.734012141506759,
      "13": 0.657827990350313,
      "14": 0.483610946006954,
      "15": 0.12710112005136,
      "16": 0.884402034398558
    },
    "objective_value": 7.857762001428664,
    "lower_bound": 0.688332819052256,
    "absolute_gap": 7.169429182376408,
    "relative_gap": 10.415643397982638
  },
  "performance": {
    "solution_time_seconds": 1803.688175201416,
    "solver_status": "ok",
    "termination_condition": "optimal",
    "solver": "gams",
    "subsolver": "scip",
    "is_relaxation": false,
    "root_relaxation_value": 0.688332819052256,
    "root_relaxation_gap_percent": 91.24009076722982,
    "relaxation_gap_percent": null,
    "absolute_gap": null
  }
}