{
  "model_parameters": {
    "n_dimensions": 3,
    "n_clusters": 5,
    "n_points": 11,
    "coord_range_lower": -1,
    "coord_range_upper": 1
  },
  "solution": {
    "status": "optimal",
    "center_coordinates": {
      "cluster_1": {
        "dim_1": -0.860054584550203,
        "dim_2": 0.964664281886871,
        "dim_3": 0.918046284572696
      },
      "cluster_2": {
        "dim_1": -0.380817647304332,
        "dim_2": 0.540060597536388,
        "dim_3": -0.788435921316693
      },
      "cluster_3": {
        "dim_1": -0.068018613556164,
        "dim_2": -0.457290913028189,
        "dim_3": -0.753442239781441
      },
      "cluster_4": {
        "dim_1": 0.676261787830867,
        "dim_2": -0.554931379648464,
        "dim_3": 0.025951907873982
      },
      "cluster_5": {
        "dim_1": 0.679004445392702,
        "dim_2": 0.585755301933098,
        "dim_3": -0.118600251097061
      }
    },
    "distances": {
      "1": 0.333295124841579,
      "2": 0.047758898374613,
      "3": 0.325439199858169,
      "4": 0.022266276839901,
      "5": 0.35060172285255,
      "6": 0.085616231412123,
      "7": 2.45795e-10,
      "8": 0.251185309937874,
      "9": 0.251184564187999,
      "10": 0.345435003824665,
      "11": 0.085632544511864
    },
    "objective_value": 2.0984148768871322,
    "lower_bound": 2.098414856620135,
    "absolute_gap": 2.0266997413642684e-08,
    "relative_gap": 9.658241481518215e-09
  },
  "performance": {
    "solution_time_seconds": 13.803625345230103,
    "solver_status": "ok",
    "termination_condition": "optimal",
    "solver": "gams",
    "subsolver": "gurobi",
    "is_relaxation": false,
    "root_relaxation_value": 0.0,
    "root_relaxation_gap_percent": 100.0,
    "relaxation_gap_percent": null,
    "absolute_gap": null
  }
}