{
  "model_parameters": {
    "n_dimensions": 4,
    "n_clusters": 5,
    "n_points": 16,
    "coord_range_lower": -1,
    "coord_range_upper": 1
  },
  "solution": {
    "status": "optimal",
    "center_coordinates": {
      "cluster_1": {
        "dim_1": -0.866131962369667,
        "dim_2": -0.315613223900122,
        "dim_3": -0.156454597357632,
        "dim_4": -0.29912769387112
      },
      "cluster_2": {
        "dim_1": -0.803708412353637,
        "dim_2": 0.805458522967132,
        "dim_3": 0.501927464740951,
        "dim_4": 0.882238251127957
      },
      "cluster_3": {
        "dim_1": -0.001741575445343,
        "dim_2": 0.350688671271,
        "dim_3": 0.575583036856763,
        "dim_4": -0.175915537720156
      },
      "cluster_4": {
        "dim_1": -0.001741575445343,
        "dim_2": -0.520694990691909,
        "dim_3": 0.582574164462349,
        "dim_4": 0.568000569191802
      },
      "cluster_5": {
        "dim_1": 0.612882517600853,
        "dim_2": -0.491145818398626,
        "dim_3": -0.246593818556388,
        "dim_4": -0.689039492811388
      }
    },
    "distances": {
      "1": 0.95400594065739,
      "2": 0.663346478100914,
      "3": 0.389695492693034,
      "4": 0.476919290656521,
      "5": 0.415727872567497,
      "6": 0.163607949365194,
      "7": 0.165137680256416,
      "8": 0.165948850065216,
      "9": 0.498556651418163,
      "10": 0.354449815946172,
      "11": 0.367071943783938,
      "12": 0.496780670808783,
      "13": 0.0,
      "14": 0.326836998024898,
      "15": 0.280059840264319,
      "16": 0.241192051678455
    },
    "objective_value": 5.95933752628691,
    "lower_bound": 1.367763063077403,
    "absolute_gap": 4.591574463209507,
    "relative_gap": 3.3569955112537393
  },
  "performance": {
    "solution_time_seconds": 1866.6815392971039,
    "solver_status": "ok",
    "termination_condition": "optimal",
    "solver": "gams",
    "subsolver": "baron",
    "is_relaxation": false,
    "root_relaxation_value": 0.0,
    "root_relaxation_gap_percent": 100.0,
    "relaxation_gap_percent": null,
    "absolute_gap": null
  }
}