{
  "model_parameters": {
    "n_dimensions": 4,
    "n_clusters": 4,
    "n_points": 13,
    "coord_range_lower": -1,
    "coord_range_upper": 1
  },
  "solution": {
    "status": "optimal",
    "center_coordinates": {
      "cluster_1": {
        "dim_1": -0.457324113427308,
        "dim_2": -0.140326206091363,
        "dim_3": 0.599093505368635,
        "dim_4": 0.568069803454617
      },
      "cluster_2": {
        "dim_1": -0.409916249471258,
        "dim_2": -0.230049470111622,
        "dim_3": -0.509653101010096,
        "dim_4": -0.289748601070593
      },
      "cluster_3": {
        "dim_1": 0.633499191372848,
        "dim_2": 0.628224705508398,
        "dim_3": 0.716816547180507,
        "dim_4": 0.064990046081531
      },
      "cluster_4": {
        "dim_1": 0.807966365934337,
        "dim_2": 0.880270313234796,
        "dim_3": -0.720887250382191,
        "dim_4": -0.849281229567415
      }
    },
    "distances": {
      "1": 0.27158285441527,
      "2": 0.168308093710359,
      "3": 0.718046879302915,
      "4": 1.057378218752084,
      "5": 0.241140342793404,
      "6": 1.110604085408813,
      "7": 0.929960293529916,
      "8": 0.430858296438144,
      "9": 0.743452285270248,
      "10": 0.247211242155229,
      "11": 0.0,
      "12": 0.357026884040883,
      "13": 0.679484762284432
    },
    "objective_value": 6.955054238101697,
    "lower_bound": 4.773663677199386,
    "absolute_gap": 2.1813905609023108,
    "relative_gap": 0.45696360456254204
  },
  "performance": {
    "solution_time_seconds": 1802.1809933185577,
    "solver_status": "ok",
    "termination_condition": "optimal",
    "solver": "gams",
    "subsolver": "scip",
    "is_relaxation": false,
    "root_relaxation_value": 4.77366367719939,
    "root_relaxation_gap_percent": 31.36410567371352,
    "relaxation_gap_percent": null,
    "absolute_gap": null
  }
}