{
  "model_parameters": {
    "n_dimensions": 3,
    "n_clusters": 5,
    "n_points": 16,
    "coord_range_lower": -1,
    "coord_range_upper": 1
  },
  "solution": {
    "status": "feasible",
    "center_coordinates": {
      "cluster_1": {
        "dim_1": -0.609696087753326,
        "dim_2": 0.599597401958523,
        "dim_3": 0.236076544158655
      },
      "cluster_2": {
        "dim_1": -0.359980952860523,
        "dim_2": 0.256424659085351,
        "dim_3": -0.639116633108389
      },
      "cluster_3": {
        "dim_1": -0.359980952860524,
        "dim_2": -0.810064403071153,
        "dim_3": -0.195196661620801
      },
      "cluster_4": {
        "dim_1": 0.633118855309545,
        "dim_2": 0.416248801281376,
        "dim_3": 0.859617341720281
      },
      "cluster_5": {
        "dim_1": 0.633118855309545,
        "dim_2": 0.204361028671469,
        "dim_3": -0.049325357140811
      }
    },
    "distances": {
      "1": 0.129932250773019,
      "2": 0.09789783869305,
      "3": 0.13464591538625,
      "4": 0.137749260484253,
      "5": 0.2238044082776,
      "6": 0.122586860015123,
      "7": 0.301824451890301,
      "8": 0.365273179011143,
      "9": 0.090758858642733,
      "10": 0.18317940894351,
      "11": 0.053834050557611,
      "12": 0.229240694440771,
      "13": 0.138119737925657,
      "14": 0.293241575613721,
      "15": 0.346577144435735,
      "16": 0.070318173825597
    },
    "objective_value": 2.918983808916074,
    "lower_bound": 1.141493269223687,
    "upper_bound": 2.918983808916073,
    "absolute_gap": 1.777490539692387,
    "relative_gap": 1.5571625235260762
  },
  "performance": {
    "solution_time_seconds": 300.73111629486084,
    "solver_status": "ok",
    "termination_condition": "feasible",
    "solver": "gams",
    "subsolver": "gurobi",
    "is_relaxation": false,
    "root_relaxation_value": 0.0,
    "root_relaxation_gap_percent": 100.0,
    "relaxation_gap_percent": null,
    "absolute_gap": null
  }
}