{
  "model_parameters": {
    "n_dimensions": 4,
    "n_clusters": 4,
    "n_points": 13,
    "coord_range_lower": -1,
    "coord_range_upper": 1
  },
  "solution": {
    "status": "optimal",
    "center_coordinates": {
      "cluster_1": {
        "dim_1": -0.457601511691639,
        "dim_2": -0.140139668312251,
        "dim_3": 0.598594162141227,
        "dim_4": 0.568629075919818
      },
      "cluster_2": {
        "dim_1": -0.410402225593882,
        "dim_2": -0.230629891546794,
        "dim_3": -0.509411482769769,
        "dim_4": -0.289752707663671
      },
      "cluster_3": {
        "dim_1": 0.633953087758247,
        "dim_2": 0.628151249350172,
        "dim_3": 0.716145120216503,
        "dim_4": 0.065458715206622
      },
      "cluster_4": {
        "dim_1": 0.807825741402701,
        "dim_2": 0.880656089291339,
        "dim_3": -0.721569670382055,
        "dim_4": -0.848767610346239
      }
    },
    "distances": {
      "1": 0.270881093196602,
      "2": 0.167808004701953,
      "3": 0.717833538494335,
      "4": 1.057976459057284,
      "5": 0.241818772636254,
      "6": 1.109464653077727,
      "7": 0.930911473786089,
      "8": 0.43064049897139,
      "9": 0.74402707408781,
      "10": 0.246831923233494,
      "11": 3.57245823e-07,
      "12": 0.356577807668955,
      "13": 0.680287926959804
    },
    "objective_value": 6.95505958311752,
    "lower_bound": 6.955055980147888,
    "absolute_gap": 3.6029696319772597e-06,
    "relative_gap": 5.180360362679135e-07
  },
  "performance": {
    "solution_time_seconds": 304.1421592235565,
    "solver_status": "ok",
    "termination_condition": "optimal",
    "solver": "gams",
    "subsolver": "gurobi",
    "is_relaxation": false,
    "root_relaxation_value": 0.0,
    "root_relaxation_gap_percent": 100.0,
    "relaxation_gap_percent": null,
    "absolute_gap": null
  }
}