{
  "model_parameters": {
    "n_dimensions": 5,
    "n_clusters": 4,
    "n_points": 10,
    "coord_range_lower": -1,
    "coord_range_upper": 1
  },
  "solution": {
    "status": "optimal",
    "center_coordinates": {
      "cluster_1": {
        "dim_1": -0.762207031250015,
        "dim_2": -0.887692581346173,
        "dim_3": 0.457910156250007,
        "dim_4": 0.272937545866518,
        "dim_5": -0.23971856204712
      },
      "cluster_2": {
        "dim_1": -0.320218907621986,
        "dim_2": 0.19747590593587,
        "dim_3": -0.441579899461965,
        "dim_4": -0.16299819946289,
        "dim_5": 0.167852493807192
      },
      "cluster_3": {
        "dim_1": 0.115712318200656,
        "dim_2": 0.113732447450622,
        "dim_3": 0.379266907166886,
        "dim_4": 0.000878103168322,
        "dim_5": 0.055826147145098
      },
      "cluster_4": {
        "dim_1": 0.640293041605943,
        "dim_2": 0.252303596937212,
        "dim_3": -0.320848847543682,
        "dim_4": -0.776618155085468,
        "dim_5": 0.356310816143435
      }
    },
    "distances": {
      "1": 0.17489416867158,
      "2": 0.318093188502993,
      "3": 0.405639856818848,
      "4": 0.317790089423328,
      "5": 0.336585070276012,
      "6": 0.175287548068798,
      "7": 0.265228582565121,
      "8": 0.154259087103807,
      "9": 0.336007964799913,
      "10": 0.191017732318311
    },
    "objective_value": 2.674803288548711,
    "lower_bound": 2.67480328854871,
    "upper_bound": 2.67480328854871,
    "absolute_gap": 8.881784197001252e-16,
    "relative_gap": 3.3205373400824235e-16
  },
  "performance": {
    "solution_time_seconds": 126.45407605171204,
    "solver_status": "ok",
    "termination_condition": "optimal",
    "solver": "gams",
    "subsolver": "scip",
    "is_relaxation": false,
    "root_relaxation_value": 2.67480328854871,
    "root_relaxation_gap_percent": 3.320537340082422e-14,
    "relaxation_gap_percent": null,
    "absolute_gap": null
  }
}