{
  "model_parameters": {
    "n_dimensions": 5,
    "n_clusters": 5,
    "n_points": 14,
    "coord_range_lower": -1,
    "coord_range_upper": 1
  },
  "solution": {
    "status": "optimal",
    "center_coordinates": {
      "cluster_1": {
        "dim_1": -0.561261592814661,
        "dim_2": 0.646714394736708,
        "dim_3": 0.598295072558774,
        "dim_4": -0.37999425580382,
        "dim_5": -0.280809657807385
      },
      "cluster_2": {
        "dim_1": -0.270913893252539,
        "dim_2": -0.604446412475594,
        "dim_3": -0.288663997125698,
        "dim_4": -0.207101657836861,
        "dim_5": -0.163441961747744
      },
      "cluster_3": {
        "dim_1": 0.520356121495419,
        "dim_2": 0.55424153068544,
        "dim_3": 0.505836809990751,
        "dim_4": 0.307722664578215,
        "dim_5": 0.119406575929124
      },
      "cluster_4": {
        "dim_1": 0.520356144397162,
        "dim_2": 0.853740602609759,
        "dim_3": -0.529513092786638,
        "dim_4": -0.925568484505066,
        "dim_5": 0.664429141100843
      },
      "cluster_5": {
        "dim_1": 0.520356152798409,
        "dim_2": -0.143723565009508,
        "dim_3": -0.536340123100907,
        "dim_4": 0.410111105912762,
        "dim_5": 0.753842320849214
      }
    },
    "distances": {
      "1": 0.434578026621698,
      "2": 0.504342976043701,
      "3": 0.748873647393421,
      "4": 0.256209519203467,
      "5": 0.256210238280898,
      "6": 0.919399177304371,
      "7": 0.364104867755049,
      "8": 0.325249653066346,
      "9": 0.410228792109863,
      "10": 0.268340087256482,
      "11": 0.705750189952107,
      "12": 0.183066470616297,
      "13": 0.184478506506491,
      "14": 0.477789137033769
    },
    "objective_value": 6.03862128914396,
    "lower_bound": 4.889629245288823,
    "upper_bound": 6.038621289143959,
    "absolute_gap": 1.148992043855137,
    "relative_gap": 0.23498551448705346
  },
  "performance": {
    "solution_time_seconds": 301.7853572368622,
    "solver_status": "ok",
    "termination_condition": "optimal",
    "solver": "gams",
    "subsolver": "baron",
    "is_relaxation": false,
    "root_relaxation_value": 1.77555,
    "root_relaxation_gap_percent": 70.59676513922099,
    "relaxation_gap_percent": null,
    "absolute_gap": null
  }
}