{
  "model_parameters": {
    "n_dimensions": 5,
    "n_clusters": 3,
    "n_points": 20,
    "coord_range_lower": -1,
    "coord_range_upper": 1
  },
  "solution": {
    "status": "optimal",
    "center_coordinates": {
      "cluster_1": {
        "dim_1": -0.355113719530358,
        "dim_2": -0.584486470269926,
        "dim_3": 0.049867533112359,
        "dim_4": -0.623479243496139,
        "dim_5": -0.661360077922924
      },
      "cluster_2": {
        "dim_1": -0.355113729374237,
        "dim_2": 0.235299234375884,
        "dim_3": -0.085264713886278,
        "dim_4": 0.174148515896949,
        "dim_5": 0.41047245005391
      },
      "cluster_3": {
        "dim_1": 0.635367773339603,
        "dim_2": 0.077604656301749,
        "dim_3": -0.758301358789636,
        "dim_4": -0.489175231473011,
        "dim_5": 0.229410252132248
      }
    },
    "distances": {
      "1": 0.439281568860333,
      "2": 1.072263119380043,
      "3": 1.234183761053146,
      "4": 0.88669675232049,
      "5": 0.691348223663931,
      "6": 1.380807367045682,
      "7": 0.485254437374754,
      "8": 0.963266074678963,
      "9": 1.548591118812485,
      "10": 1.293122988497684,
      "11": 0.126750439868588,
      "12": 0.49879300406352,
      "13": 1.279438741991259,
      "14": 0.500636083306817,
      "15": 0.549429825400945,
      "16": 0.493240852968996,
      "17": 1.485337649330924,
      "18": 0.833230723382057,
      "19": 0.81979405160655,
      "20": 1.037185534352083
    },
    "objective_value": 17.61865231795925,
    "lower_bound": 4.334978747565803,
    "absolute_gap": 13.283673570393447,
    "relative_gap": 3.0642995834414544
  },
  "performance": {
    "solution_time_seconds": 1801.465847492218,
    "solver_status": "ok",
    "termination_condition": "optimal",
    "solver": "gams",
    "subsolver": "scip",
    "is_relaxation": false,
    "root_relaxation_value": 4.3349787475658,
    "root_relaxation_gap_percent": 75.39551454144414,
    "relaxation_gap_percent": null,
    "absolute_gap": null
  }
}