{
  "model_parameters": {
    "n_dimensions": 4,
    "n_clusters": 4,
    "n_points": 11,
    "coord_range_lower": -1,
    "coord_range_upper": 1
  },
  "solution": {
    "status": "optimal",
    "center_coordinates": {
      "cluster_1": {
        "dim_1": -0.537495425405788,
        "dim_2": -0.085568057681816,
        "dim_3": -0.582095665858645,
        "dim_4": 0.091112907263222
      },
      "cluster_2": {
        "dim_1": 0.443750145121798,
        "dim_2": -0.831712838930678,
        "dim_3": -0.107060356147383,
        "dim_4": 0.775076178961602
      },
      "cluster_3": {
        "dim_1": 0.478467959046857,
        "dim_2": -0.819026175016912,
        "dim_3": 0.728137605953337,
        "dim_4": -0.691351667781569
      },
      "cluster_4": {
        "dim_1": 0.683502990841495,
        "dim_2": 0.229539409553607,
        "dim_3": 0.364790205744728,
        "dim_4": 0.190094448712806
      }
    },
    "distances": {
      "1": 0.158259081177396,
      "2": 0.165304621609552,
      "3": 0.309399415797753,
      "4": 0.278176264139655,
      "5": 0.164668794053255,
      "6": 0.410640378569608,
      "7": 0.227930370868937,
      "8": 0.927539500018275,
      "9": 0.523619209978903,
      "10": 0.228165860284815,
      "11": 0.0
    },
    "objective_value": 3.393703496498149,
    "lower_bound": 3.393696268138221,
    "absolute_gap": 7.22835992839066e-06,
    "relative_gap": 2.129937200407193e-06
  },
  "performance": {
    "solution_time_seconds": 1802.399112701416,
    "solver_status": "ok",
    "termination_condition": "optimal",
    "solver": "gams",
    "subsolver": "scip",
    "is_relaxation": false,
    "root_relaxation_value": 3.39369626813822,
    "root_relaxation_gap_percent": 0.00021299326640460915,
    "relaxation_gap_percent": null,
    "absolute_gap": null
  }
}