{
  "model_parameters": {
    "n_dimensions": 3,
    "n_clusters": 4,
    "n_points": 10,
    "coord_range_lower": -1,
    "coord_range_upper": 1
  },
  "solution": {
    "status": "optimal",
    "center_coordinates": {
      "cluster_1": {
        "dim_1": -0.600230960437928,
        "dim_2": -0.489956921159222,
        "dim_3": -0.373509050240966
      },
      "cluster_2": {
        "dim_1": -0.557469319108749,
        "dim_2": 0.559338697935477,
        "dim_3": -0.277189246750178
      },
      "cluster_3": {
        "dim_1": 0.406996255370375,
        "dim_2": 0.233112187941843,
        "dim_3": 0.33019306609084
      },
      "cluster_4": {
        "dim_1": 0.542312006364896,
        "dim_2": 0.439590254979066,
        "dim_3": -0.970101850008596
      }
    },
    "distances": {
      "1": 0.156180286515427,
      "2": 0.333754022554317,
      "3": 0.011775151556876,
      "4": 0.181436233670864,
      "5": 0.206299532614822,
      "6": 0.019999243534536,
      "7": 0.047704165396684,
      "8": 0.206301355634643,
      "9": 0.145642540887495,
      "10": 3.103102e-09
    },
    "objective_value": 1.3090925354687661,
    "lower_bound": 1.309092545620824,
    "upper_bound": 1.309092535468766,
    "absolute_gap": -1.0152057861034791e-08,
    "relative_gap": -7.755034504623414e-09
  },
  "performance": {
    "solution_time_seconds": 7.974646329879761,
    "solver_status": "ok",
    "termination_condition": "optimal",
    "solver": "gams",
    "subsolver": "gurobi",
    "is_relaxation": false,
    "root_relaxation_value": 0.0,
    "root_relaxation_gap_percent": 100.0,
    "relaxation_gap_percent": null,
    "absolute_gap": null
  }
}