{
  "model_parameters": {
    "n_dimensions": 2,
    "n_clusters": 4,
    "n_points": 17,
    "coord_range_lower": -1,
    "coord_range_upper": 1
  },
  "solution": {
    "status": "optimal",
    "center_coordinates": {
      "cluster_1": {
        "dim_1": -0.684091096403423,
        "dim_2": -0.699719651667605
      },
      "cluster_2": {
        "dim_1": -0.647047173752937,
        "dim_2": 0.546651209468084
      },
      "cluster_3": {
        "dim_1": 0.370527145365894,
        "dim_2": -0.093072634310184
      },
      "cluster_4": {
        "dim_1": 0.565526707567576,
        "dim_2": 0.729570989823002
      }
    },
    "distances": {
      "1": 0.076680896103527,
      "2": 0.097331387674099,
      "3": 0.3286059333464,
      "4": 0.10839943513775,
      "5": 0.091317471268042,
      "6": 0.039663614340449,
      "7": 0.026756875063846,
      "8": 0.37802786244816,
      "9": 0.004718462865187,
      "10": 0.086297571263399,
      "11": 0.000770835286445,
      "12": 0.006867296811473,
      "13": 0.157871545233974,
      "14": 0.251285888793971,
      "15": 0.012113160611933,
      "16": 0.311028140704104,
      "17": 0.114082761850096
    },
    "objective_value": 2.091819138802855,
    "lower_bound": 2.091819084164912,
    "upper_bound": 2.091819138802854,
    "absolute_gap": 5.463794305882175e-08,
    "relative_gap": 2.611982244183134e-08
  },
  "performance": {
    "solution_time_seconds": 11.831425189971924,
    "solver_status": "ok",
    "termination_condition": "optimal",
    "solver": "gams",
    "subsolver": "baron",
    "is_relaxation": false,
    "root_relaxation_value": 0.0,
    "root_relaxation_gap_percent": 100.0,
    "relaxation_gap_percent": null,
    "absolute_gap": null
  }
}