{
  "model_parameters": {
    "n_dimensions": 5,
    "n_clusters": 5,
    "n_points": 11,
    "coord_range_lower": -1,
    "coord_range_upper": 1
  },
  "solution": {
    "status": "optimal",
    "center_coordinates": {
      "cluster_1": {
        "dim_1": -0.5353525389537,
        "dim_2": 0.825611065542797,
        "dim_3": 0.615299820506825,
        "dim_4": 0.047593097255573,
        "dim_5": 0.189279578130409
      },
      "cluster_2": {
        "dim_1": -0.259672309949147,
        "dim_2": 0.050883019801997,
        "dim_3": -0.510605215941695,
        "dim_4": 0.787898867873111,
        "dim_5": 0.598942778358742
      },
      "cluster_3": {
        "dim_1": 0.064534645491976,
        "dim_2": -0.603733099879738,
        "dim_3": -0.144125912712107,
        "dim_4": -0.160243880867139,
        "dim_5": 0.155555757455911
      },
      "cluster_4": {
        "dim_1": 0.21901453692935,
        "dim_2": 0.607596432836706,
        "dim_3": -0.869700291315926,
        "dim_4": 0.258582905373942,
        "dim_5": -0.833812634508939
      },
      "cluster_5": {
        "dim_1": 0.700256441109911,
        "dim_2": 0.740605050141636,
        "dim_3": -0.447868285194668,
        "dim_4": -0.81055459805677,
        "dim_5": 0.974485593749276
      }
    },
    "distances": {
      "1": 1.042403406713022,
      "2": 0.200704956338039,
      "3": 0.760566404352285,
      "4": 0.825566918360874,
      "5": 0.279488337932879,
      "6": 0.279488342630415,
      "7": -9.999951e-09,
      "8": 0.656265737932694,
      "9": 0.566915564617402,
      "10": 0.100468576110088,
      "11": 0.200704943432864
    },
    "objective_value": 4.912573178420611,
    "lower_bound": 2.940040220792616,
    "absolute_gap": 1.9725329576279949,
    "relative_gap": 0.6709203988699898
  },
  "performance": {
    "solution_time_seconds": 1803.8973579406738,
    "solver_status": "ok",
    "termination_condition": "optimal",
    "solver": "gams",
    "subsolver": "scip",
    "is_relaxation": false,
    "root_relaxation_value": 2.94004022079262,
    "root_relaxation_gap_percent": 40.15274451875258,
    "relaxation_gap_percent": null,
    "absolute_gap": null
  }
}