{
  "model_parameters": {
    "n_dimensions": 2,
    "n_clusters": 4,
    "n_points": 11,
    "coord_range_lower": -1,
    "coord_range_upper": 1
  },
  "solution": {
    "status": "optimal",
    "center_coordinates": {
      "cluster_1": {
        "dim_1": -0.761151654893222,
        "dim_2": -0.749897160313125
      },
      "cluster_2": {
        "dim_1": -0.753942830570904,
        "dim_2": 0.545064500979147
      },
      "cluster_3": {
        "dim_1": 0.596049782017448,
        "dim_2": 0.70328377291854
      },
      "cluster_4": {
        "dim_1": 0.617717334243528,
        "dim_2": 0.026546269110191
      }
    },
    "distances": {
      "1": 0.029030780411452,
      "2": 0.048036947319502,
      "3": 0.023661466740875,
      "4": 0.043860469625721,
      "5": 0.152706561498068,
      "6": 0.037047913028013,
      "7": 0.001929831027351,
      "8": 0.043932005060722,
      "9": 0.043953769452425,
      "10": 0.047537432922421,
      "11": 0.249157115487914
    },
    "objective_value": 0.720854292574464,
    "lower_bound": 0.720854292574468,
    "upper_bound": 0.720854292574463,
    "absolute_gap": -3.9968028886505635e-15,
    "relative_gap": -5.54453643381429e-15
  },
  "performance": {
    "solution_time_seconds": 3.5126826763153076,
    "solver_status": "ok",
    "termination_condition": "optimal",
    "solver": "gams",
    "subsolver": "scip",
    "is_relaxation": false,
    "root_relaxation_value": 0.720854292574468,
    "root_relaxation_gap_percent": 5.544536433814321e-13,
    "relaxation_gap_percent": null,
    "absolute_gap": null
  }
}