{
  "model_parameters": {
    "n_dimensions": 4,
    "n_clusters": 5,
    "n_points": 10,
    "coord_range_lower": -1,
    "coord_range_upper": 1
  },
  "solution": {
    "status": "optimal",
    "center_coordinates": {
      "cluster_1": {
        "dim_1": -0.629222101227666,
        "dim_2": -0.154959186517957,
        "dim_3": 0.683845549657367,
        "dim_4": 0.064024242179715
      },
      "cluster_2": {
        "dim_1": -0.113245112259594,
        "dim_2": 0.471115992152022,
        "dim_3": -0.587529018659088,
        "dim_4": 0.628326519383696
      },
      "cluster_3": {
        "dim_1": 0.539498220787439,
        "dim_2": 0.550529039901498,
        "dim_3": 0.025735598543789,
        "dim_4": -0.982574748006007
      },
      "cluster_4": {
        "dim_1": 0.539498220787439,
        "dim_2": -0.447438107926587,
        "dim_3": 0.794345234319015,
        "dim_4": 0.623535431518448
      },
      "cluster_5": {
        "dim_1": 0.539498220787439,
        "dim_2": 0.543467464965615,
        "dim_3": 0.850925048344122,
        "dim_4": -0.234269636117211
      }
    },
    "distances": {
      "1": 0.566123232057802,
      "2": 0.257048645510734,
      "3": 0.055523216334633,
      "4": 0.120528458280607,
      "5": 0.025442429807521,
      "6": 0.25704870990557,
      "7": 0.246386203693561,
      "8": 0.107461668114772,
      "9": 0.246386130821187,
      "10": 0.538217647025067
    },
    "objective_value": 2.420166341551454,
    "lower_bound": 2.420166341551454,
    "absolute_gap": 0.0,
    "relative_gap": 0.0
  },
  "performance": {
    "solution_time_seconds": 50.694368839263916,
    "solver_status": "ok",
    "termination_condition": "optimal",
    "solver": "gams",
    "subsolver": "baron",
    "is_relaxation": false,
    "root_relaxation_value": 0.0,
    "root_relaxation_gap_percent": 100.0,
    "relaxation_gap_percent": null,
    "absolute_gap": null
  }
}