{
  "model_parameters": {
    "n_dimensions": 5,
    "n_clusters": 3,
    "n_points": 15,
    "coord_range_lower": -1,
    "coord_range_upper": 1
  },
  "solution": {
    "status": "optimal",
    "center_coordinates": {
      "cluster_1": {
        "dim_1": 0.117740678023112,
        "dim_2": -0.038539984408163,
        "dim_3": -0.625027884271587,
        "dim_4": -0.177881904308198,
        "dim_5": -0.658187398924468
      },
      "cluster_2": {
        "dim_1": 0.316705007050769,
        "dim_2": 0.079149456100084,
        "dim_3": 0.599640362042119,
        "dim_4": -0.75384217826641,
        "dim_5": -0.170956177803128
      },
      "cluster_3": {
        "dim_1": 0.434007618678466,
        "dim_2": 0.031826851626435,
        "dim_3": -0.02942016202628,
        "dim_4": 0.396508005941472,
        "dim_5": 0.668526800795609
      }
    },
    "distances": {
      "1": 1.154976798147383,
      "2": 0.373483178470069,
      "3": 0.331996656794928,
      "4": 0.293695734937905,
      "5": 1.104712036568515,
      "6": 0.95223676323697,
      "7": 1.075346219857284,
      "8": 1.280732749443084,
      "9": 1.532898732670027,
      "10": 0.780534090901819,
      "11": 0.279858047058328,
      "12": 1.119529472959047,
      "13": 0.482422844392919,
      "14": 1.219775182854302,
      "15": 0.662631390866993
    },
    "objective_value": 12.644829899159573,
    "lower_bound": 12.644827266819938,
    "upper_bound": 12.644829899159573,
    "absolute_gap": 2.632339635155745e-06,
    "relative_gap": 2.0817521501958444e-07
  },
  "performance": {
    "solution_time_seconds": 263.92774748802185,
    "solver_status": "ok",
    "termination_condition": "optimal",
    "solver": "gams",
    "subsolver": "gurobi",
    "is_relaxation": false,
    "root_relaxation_value": 0.0,
    "root_relaxation_gap_percent": 100.0,
    "relaxation_gap_percent": null,
    "absolute_gap": null
  }
}