{
  "model_parameters": {
    "n_dimensions": 5,
    "n_clusters": 3,
    "n_points": 10,
    "coord_range_lower": -1,
    "coord_range_upper": 1
  },
  "solution": {
    "status": "optimal",
    "center_coordinates": {
      "cluster_1": {
        "dim_1": -0.79655718555624,
        "dim_2": -0.012259900819345,
        "dim_3": 0.562548413073302,
        "dim_4": -0.404796198660767,
        "dim_5": -0.042985333580041
      },
      "cluster_2": {
        "dim_1": -0.560014311363094,
        "dim_2": 0.494394677726591,
        "dim_3": 0.099745064416242,
        "dim_4": 0.486101574554194,
        "dim_5": 0.546605781056989
      },
      "cluster_3": {
        "dim_1": 0.091031143381466,
        "dim_2": -0.273560550643557,
        "dim_3": -0.543030502882278,
        "dim_4": 0.37435133424083,
        "dim_5": -0.692943514105855
      }
    },
    "distances": {
      "1": 0.729946878408785,
      "2": 0.858743497679354,
      "3": 0.534905376228972,
      "4": 1.21497233072524,
      "5": 0.302572464883882,
      "6": 0.156052628074456,
      "7": 1.391876154317474,
      "8": 1.209265820882444,
      "9": 0.533834276593859,
      "10": 0.829846536477915
    },
    "objective_value": 7.762015964272381,
    "lower_bound": 7.762002248499524,
    "absolute_gap": 1.3715772857025854e-05,
    "relative_gap": 1.7670405673584102e-06
  },
  "performance": {
    "solution_time_seconds": 1802.0004510879517,
    "solver_status": "ok",
    "termination_condition": "optimal",
    "solver": "gams",
    "subsolver": "scip",
    "is_relaxation": false,
    "root_relaxation_value": 7.76200224849952,
    "root_relaxation_gap_percent": 0.0001767037445389266,
    "relaxation_gap_percent": null,
    "absolute_gap": null
  }
}