{
  "model_parameters": {
    "n_dimensions": 4,
    "n_clusters": 4,
    "n_points": 17,
    "coord_range_lower": -1,
    "coord_range_upper": 1
  },
  "solution": {
    "status": "optimal",
    "center_coordinates": {
      "cluster_1": {
        "dim_1": -0.394973837306325,
        "dim_2": 0.298535149536422,
        "dim_3": -0.613476446292303,
        "dim_4": 0.272838660832025
      },
      "cluster_2": {
        "dim_1": -0.394973846985329,
        "dim_2": 0.522715147492427,
        "dim_3": 0.690082498738483,
        "dim_4": 0.077054552555409
      },
      "cluster_3": {
        "dim_1": 0.233052224001496,
        "dim_2": -0.715450698687763,
        "dim_3": 0.111109581430336,
        "dim_4": 0.095312680877421
      },
      "cluster_4": {
        "dim_1": 0.729319396558865,
        "dim_2": 0.429563752242977,
        "dim_3": 0.418180281624723,
        "dim_4": -0.921925738125745
      }
    },
    "distances": {
      "1": 0.344336320931487,
      "2": 0.964580744484799,
      "3": 0.512191336644246,
      "4": 0.801776645307089,
      "5": 0.329477693161648,
      "6": 0.198587838786527,
      "7": 0.251149098678038,
      "8": 0.036330240517708,
      "9": 0.564860317519872,
      "10": 0.362604636287317,
      "11": 0.189417093613934,
      "12": 1.057803307777379,
      "13": 0.191386574968566,
      "14": 0.26004616019838,
      "15": 1.225246377847382,
      "16": 0.995867221294185,
      "17": 0.32947770164501
    },
    "objective_value": 8.615139309663567,
    "lower_bound": 3.614276091261153,
    "absolute_gap": 5.000863218402413,
    "relative_gap": 1.3836417285591012
  },
  "performance": {
    "solution_time_seconds": 1804.0243558883667,
    "solver_status": "ok",
    "termination_condition": "optimal",
    "solver": "gams",
    "subsolver": "scip",
    "is_relaxation": false,
    "root_relaxation_value": 3.61427609126115,
    "root_relaxation_gap_percent": 58.047386567422876,
    "relaxation_gap_percent": null,
    "absolute_gap": null
  }
}