{
  "model_parameters": {
    "n_dimensions": 2,
    "n_clusters": 5,
    "n_points": 17,
    "coord_range_lower": -1,
    "coord_range_upper": 1
  },
  "solution": {
    "status": "optimal",
    "center_coordinates": {
      "cluster_1": {
        "dim_1": -0.47371889489592,
        "dim_2": -0.461368001264434
      },
      "cluster_2": {
        "dim_1": -0.303463189056234,
        "dim_2": 0.767392845134602
      },
      "cluster_3": {
        "dim_1": -0.234548870134041,
        "dim_2": 0.128435591416853
      },
      "cluster_4": {
        "dim_1": 0.604149235318764,
        "dim_2": -0.63467691020187
      },
      "cluster_5": {
        "dim_1": 0.711978582958135,
        "dim_2": 0.346805275159807
      }
    },
    "distances": {
      "1": 0.215280565410011,
      "2": 0.064063842659301,
      "3": 0.045228577139439,
      "4": 0.10104999163868,
      "5": 0.12609204004909,
      "6": 0.086373949652547,
      "7": 0.009096406050787,
      "8": 0.009096406223745,
      "9": 0.150197358056627,
      "10": 0.073058548700982,
      "11": 0.092063285838011,
      "12": 0.038254743065073,
      "13": 0.028511089841127,
      "14": 0.022971408060267,
      "15": 0.073499976311064,
      "16": 0.142732896057263,
      "17": 0.022588269700131
    },
    "objective_value": 1.300159354454145,
    "lower_bound": 1.3001593688782,
    "upper_bound": 1.300159354454144,
    "absolute_gap": -1.4424055061468266e-08,
    "relative_gap": -1.1094066932666562e-08
  },
  "performance": {
    "solution_time_seconds": 141.34071111679077,
    "solver_status": "ok",
    "termination_condition": "optimal",
    "solver": "gams",
    "subsolver": "baron",
    "is_relaxation": false,
    "root_relaxation_value": 0.563777,
    "root_relaxation_gap_percent": 56.63785380856684,
    "relaxation_gap_percent": null,
    "absolute_gap": null
  }
}