{
  "model_parameters": {
    "n_dimensions": 5,
    "n_clusters": 3,
    "n_points": 16,
    "coord_range_lower": -1,
    "coord_range_upper": 1
  },
  "solution": {
    "status": "feasible",
    "center_coordinates": {
      "cluster_1": {
        "dim_1": -0.216906284563537,
        "dim_2": -0.441905380639178,
        "dim_3": -0.187264947017928,
        "dim_4": 0.588602188105259,
        "dim_5": 0.162074352048098
      },
      "cluster_2": {
        "dim_1": 0.380748221698533,
        "dim_2": 0.562545345231415,
        "dim_3": 0.784494301772642,
        "dim_4": 0.388357790855672,
        "dim_5": 0.553290256620934
      },
      "cluster_3": {
        "dim_1": 0.55033462798256,
        "dim_2": -0.126324655553728,
        "dim_3": -0.406068571236344,
        "dim_4": -0.34616112128986,
        "dim_5": -0.439240545357207
      }
    },
    "distances": {
      "1": 1.793438852188277,
      "2": 1.057078305360385,
      "3": 0.725266441853891,
      "4": 0.378449029556501,
      "5": 0.767574986464316,
      "6": 0.281546657357051,
      "7": 0.864779618475408,
      "8": 0.737816063986946,
      "9": 1.288325036164181,
      "10": 1.436310661475447,
      "11": 1.778930528398936,
      "12": 0.642485051182232,
      "13": 0.335863370203722,
      "14": 0.96692766049731,
      "15": 2.47755734898133,
      "16": 0.866092220555434
    },
    "objective_value": 16.398441832701366,
    "lower_bound": 12.448231594466582,
    "upper_bound": 16.39844183270137,
    "absolute_gap": 3.9502102382347832,
    "relative_gap": 0.31733103680290686
  },
  "performance": {
    "solution_time_seconds": 300.7491874694824,
    "solver_status": "ok",
    "termination_condition": "feasible",
    "solver": "gams",
    "subsolver": "gurobi",
    "is_relaxation": false,
    "root_relaxation_value": 0.0,
    "root_relaxation_gap_percent": 100.0,
    "relaxation_gap_percent": null,
    "absolute_gap": null
  }
}