{
  "model_parameters": {
    "n_dimensions": 4,
    "n_clusters": 5,
    "n_points": 12,
    "coord_range_lower": -1,
    "coord_range_upper": 1
  },
  "solution": {
    "status": "optimal",
    "center_coordinates": {
      "cluster_1": {
        "dim_1": -0.662451626909616,
        "dim_2": -0.444838362471222,
        "dim_3": -0.004488905719832,
        "dim_4": -0.374836125014905
      },
      "cluster_2": {
        "dim_1": -0.402486187793652,
        "dim_2": 0.426575552287483,
        "dim_3": 0.43016611514799,
        "dim_4": 0.446073892003045
      },
      "cluster_3": {
        "dim_1": -0.025776007250854,
        "dim_2": 0.278478184746128,
        "dim_3": -0.532450349945416,
        "dim_4": 0.304223041826692
      },
      "cluster_4": {
        "dim_1": 0.624710671922836,
        "dim_2": -0.449397098916144,
        "dim_3": 0.361314577998694,
        "dim_4": 0.954197396391303
      },
      "cluster_5": {
        "dim_1": 0.657544509661343,
        "dim_2": -0.858549356986217,
        "dim_3": -0.094822217697583,
        "dim_4": -0.745705355964641
      }
    },
    "distances": {
      "1": 0.135142163917171,
      "2": 0.311632310102659,
      "3": 0.287452505162478,
      "4": 0.245570362939857,
      "5": 0.367461941512422,
      "6": 0.367461942415608,
      "7": -9.995779e-09,
      "8": 0.287452517817777,
      "9": 0.136082518368102,
      "10": 0.494212387282745,
      "11": 0.321210144637142,
      "12": 0.525191097583991
    },
    "objective_value": 3.4788698817441728,
    "lower_bound": 2.5235031511753,
    "absolute_gap": 0.9553667305688727,
    "relative_gap": 0.3785874925988972
  },
  "performance": {
    "solution_time_seconds": 1802.5826456546783,
    "solver_status": "ok",
    "termination_condition": "optimal",
    "solver": "gams",
    "subsolver": "scip",
    "is_relaxation": false,
    "root_relaxation_value": 2.5235031511753,
    "root_relaxation_gap_percent": 27.461985157372087,
    "relaxation_gap_percent": null,
    "absolute_gap": null
  }
}