{
  "model_parameters": {
    "n_dimensions": 3,
    "n_clusters": 3,
    "n_points": 10,
    "coord_range_lower": -1,
    "coord_range_upper": 1
  },
  "solution": {
    "status": "optimal",
    "center_coordinates": {
      "cluster_1": {
        "dim_1": -0.658643395915399,
        "dim_2": 0.158634225347406,
        "dim_3": -0.422515430992074
      },
      "cluster_2": {
        "dim_1": 0.482446034428451,
        "dim_2": -0.371984983855019,
        "dim_3": -0.649730438469394
      },
      "cluster_3": {
        "dim_1": 0.690284216310821,
        "dim_2": 0.162241694005215,
        "dim_3": 0.642963566240768
      }
    },
    "distances": {
      "1": 0.395667759497442,
      "2": 0.251323086985808,
      "3": 0.39566774993114,
      "4": 0.292447383853895,
      "5": 0.182677938907304,
      "6": 0.190720245516757,
      "7": 0.847333487419638,
      "8": 0.319105740341673,
      "9": 0.079798177893449,
      "10": 0.271749246244789
    },
    "objective_value": 3.226490816591895,
    "lower_bound": 3.226490733985882,
    "upper_bound": 3.226490816591896,
    "absolute_gap": 8.260601314091787e-08,
    "relative_gap": 2.5602433092646633e-08
  },
  "performance": {
    "solution_time_seconds": 1.013031244277954,
    "solver_status": "ok",
    "termination_condition": "optimal",
    "solver": "gams",
    "subsolver": "baron",
    "is_relaxation": false,
    "root_relaxation_value": 0.0,
    "root_relaxation_gap_percent": 100.0,
    "relaxation_gap_percent": null,
    "absolute_gap": null
  }
}