{
  "model_parameters": {
    "n_dimensions": 4,
    "n_clusters": 3,
    "n_points": 14,
    "coord_range_lower": -1,
    "coord_range_upper": 1
  },
  "solution": {
    "status": "optimal",
    "center_coordinates": {
      "cluster_1": {
        "dim_1": -0.458274986859199,
        "dim_2": -0.287345083165983,
        "dim_3": 0.548392719535715,
        "dim_4": 0.692732764142038
      },
      "cluster_2": {
        "dim_1": -0.140215008315426,
        "dim_2": 0.637491386245176,
        "dim_3": 0.009127548206744,
        "dim_4": 0.054615641072728
      },
      "cluster_3": {
        "dim_1": 0.116768703394558,
        "dim_2": -0.537034496546426,
        "dim_3": -0.487466367291916,
        "dim_4": -0.595925890707518
      }
    },
    "distances": {
      "1": 0.793215953960275,
      "2": 0.511183272882556,
      "3": 0.889943577390744,
      "4": 0.294914298570723,
      "5": 0.81506071439349,
      "6": 0.410285370624582,
      "7": 1.323495498500321,
      "8": 0.344919887319822,
      "9": 0.648062796377691,
      "10": 0.783057698213062,
      "11": 0.41736190380559,
      "12": 0.945788280676082,
      "13": 0.755001259480344,
      "14": 0.427942279953954
    },
    "objective_value": 9.360232792149237,
    "lower_bound": 9.360227495785526,
    "upper_bound": 9.360232792149239,
    "absolute_gap": 5.2963637102720895e-06,
    "relative_gap": 5.658370710174293e-07
  },
  "performance": {
    "solution_time_seconds": 60.30878496170044,
    "solver_status": "ok",
    "termination_condition": "optimal",
    "solver": "gams",
    "subsolver": "gurobi",
    "is_relaxation": false,
    "root_relaxation_value": 0.0,
    "root_relaxation_gap_percent": 100.0,
    "relaxation_gap_percent": null,
    "absolute_gap": null
  }
}