{
  "model_parameters": {
    "n_dimensions": 4,
    "n_clusters": 4,
    "n_points": 11,
    "coord_range_lower": -1,
    "coord_range_upper": 1
  },
  "solution": {
    "status": "optimal",
    "center_coordinates": {
      "cluster_1": {
        "dim_1": -0.538052719742657,
        "dim_2": -0.085648125552585,
        "dim_3": -0.581143148043443,
        "dim_4": 0.091134589881488
      },
      "cluster_2": {
        "dim_1": 0.443598263760877,
        "dim_2": -0.832326173366643,
        "dim_3": -0.107393794215968,
        "dim_4": 0.77460271504257
      },
      "cluster_3": {
        "dim_1": 0.47812820313489,
        "dim_2": -0.81841159497383,
        "dim_3": 0.727566653789844,
        "dim_4": -0.691445070115358
      },
      "cluster_4": {
        "dim_1": 0.683630331120532,
        "dim_2": 0.229886526301348,
        "dim_3": 0.364734720230675,
        "dim_4": 0.190188720311874
      }
    },
    "distances": {
      "1": 0.158181606370345,
      "2": 0.164986966307853,
      "3": 0.309665081621401,
      "4": 0.278544834799897,
      "5": 0.164986966207378,
      "6": 0.410406045231294,
      "7": 0.228047871243841,
      "8": 0.927087568304827,
      "9": 0.523752845189289,
      "10": 0.228047871240501,
      "11": 0.0
    },
    "objective_value": 3.393707656516626,
    "lower_bound": 3.393707656516628,
    "absolute_gap": -2.220446049250313e-15,
    "relative_gap": -6.542832423961423e-16
  },
  "performance": {
    "solution_time_seconds": 352.4586958885193,
    "solver_status": "ok",
    "termination_condition": "optimal",
    "solver": "gams",
    "subsolver": "baron",
    "is_relaxation": false,
    "root_relaxation_value": 0.0,
    "root_relaxation_gap_percent": 100.0,
    "relaxation_gap_percent": null,
    "absolute_gap": null
  }
}