{
  "model_parameters": {
    "n_dimensions": 2,
    "n_clusters": 3,
    "n_points": 13,
    "coord_range_lower": -1,
    "coord_range_upper": 1
  },
  "solution": {
    "status": "optimal",
    "center_coordinates": {
      "cluster_1": {
        "dim_1": -0.68430938015319,
        "dim_2": 0.246436295786799
      },
      "cluster_2": {
        "dim_1": 0.414340106303838,
        "dim_2": -0.26730307174792
      },
      "cluster_3": {
        "dim_1": 0.824914831727357,
        "dim_2": 0.788450807241558
      }
    },
    "distances": {
      "1": 0.103179176693869,
      "2": 0.044805925837897,
      "3": 0.055659041967109,
      "4": 0.109031564447608,
      "5": 0.035428352727724,
      "6": 0.059189384770454,
      "7": 0.079607048584647,
      "8": 0.36460061447334,
      "9": 0.303001927485254,
      "10": 0.015464470106907,
      "11": 0.057844462353196,
      "12": 0.129153229164187,
      "13": 0.106250687315263
    },
    "objective_value": 1.463215885927455,
    "lower_bound": 1.463215094475875,
    "absolute_gap": 7.914515800511168e-07,
    "relative_gap": 5.40898999087086e-07
  },
  "performance": {
    "solution_time_seconds": 16.268636465072632,
    "solver_status": "ok",
    "termination_condition": "optimal",
    "solver": "gams",
    "subsolver": "gurobi",
    "is_relaxation": false,
    "root_relaxation_value": 0.0,
    "root_relaxation_gap_percent": 100.0,
    "relaxation_gap_percent": null,
    "absolute_gap": null
  }
}