{
  "model_parameters": {
    "n_dimensions": 5,
    "n_clusters": 4,
    "n_points": 14,
    "coord_range_lower": -1,
    "coord_range_upper": 1
  },
  "solution": {
    "status": "optimal",
    "center_coordinates": {
      "cluster_1": {
        "dim_1": -0.394600744784977,
        "dim_2": 0.347531708803312,
        "dim_3": 0.693595620329154,
        "dim_4": 0.162151714824636,
        "dim_5": 0.384231369006057
      },
      "cluster_2": {
        "dim_1": 0.266433265559606,
        "dim_2": 0.293673489282608,
        "dim_3": -0.972459594995814,
        "dim_4": 0.281170420682023,
        "dim_5": 0.752570252789919
      },
      "cluster_3": {
        "dim_1": 0.266433358215852,
        "dim_2": -0.425812247857834,
        "dim_3": -0.28537873945306,
        "dim_4": 0.704925220545394,
        "dim_5": -0.735490638337387
      },
      "cluster_4": {
        "dim_1": 0.800024263561274,
        "dim_2": -0.04660352851842,
        "dim_3": 0.449874066307503,
        "dim_4": 0.278030840296394,
        "dim_5": -0.104873729656655
      }
    },
    "distances": {
      "1": 0.145795070621982,
      "2": 0.687342983923175,
      "3": 0.812545418635913,
      "4": 1.093904345364984,
      "5": 0.188061474880142,
      "6": 0.464081828783719,
      "7": 0.866908302462471,
      "8": 0.952999694366406,
      "9": 0.777476212519731,
      "10": 0.120865542079782,
      "11": 0.822461050915212,
      "12": 0.559078603637375,
      "13": 1.038798411387524,
      "14": 0.608753434422205
    },
    "objective_value": 9.139072374000621,
    "lower_bound": 1.752598047033449,
    "upper_bound": 9.139072374000621,
    "absolute_gap": 7.386474326967172,
    "relative_gap": 4.214585506054828
  },
  "performance": {
    "solution_time_seconds": 301.6305088996887,
    "solver_status": "ok",
    "termination_condition": "optimal",
    "solver": "gams",
    "subsolver": "baron",
    "is_relaxation": false,
    "root_relaxation_value": 0.0,
    "root_relaxation_gap_percent": 100.0,
    "relaxation_gap_percent": null,
    "absolute_gap": null
  }
}