{
  "model_parameters": {
    "n_dimensions": 4,
    "n_clusters": 4,
    "n_points": 17,
    "coord_range_lower": -1,
    "coord_range_upper": 1
  },
  "solution": {
    "status": "optimal",
    "center_coordinates": {
      "cluster_1": {
        "dim_1": -0.712080998047311,
        "dim_2": -0.531109165657533,
        "dim_3": -0.507535621467815,
        "dim_4": 0.27490234375
      },
      "cluster_2": {
        "dim_1": -0.260826999547608,
        "dim_2": 0.501671393434191,
        "dim_3": -0.628857013725019,
        "dim_4": 0.232517811744541
      },
      "cluster_3": {
        "dim_1": -0.09128402890211,
        "dim_2": 0.676254392653259,
        "dim_3": 0.620151525099085,
        "dim_4": -0.270758108558933
      },
      "cluster_4": {
        "dim_1": 0.5301961154744,
        "dim_2": -0.546340063162472,
        "dim_3": 0.259613037109375,
        "dim_4": -0.0870361328125
      }
    },
    "distances": {
      "1": 0.131499384422467,
      "2": 0.672863675852748,
      "3": 0.400043898473973,
      "4": 0.883164336135487,
      "5": 1.077971414037967,
      "6": 0.393786032986309,
      "7": 0.740603251265549,
      "8": 0.023348262236884,
      "9": 0.466262568301033,
      "10": 0.502431649378839,
      "11": 0.23503294677677,
      "12": 0.27088510926086,
      "13": 0.300473547727762,
      "14": 0.309991969554314,
      "15": 0.437305273343355,
      "16": 0.63485423868916,
      "17": 0.918534966365566
    },
    "objective_value": 8.399052524809044,
    "lower_bound": 3.017811356052764,
    "upper_bound": 8.399052524809045,
    "absolute_gap": 5.381241168756279,
    "relative_gap": 1.7831602223787881
  },
  "performance": {
    "solution_time_seconds": 301.72573709487915,
    "solver_status": "ok",
    "termination_condition": "optimal",
    "solver": "gams",
    "subsolver": "scip",
    "is_relaxation": false,
    "root_relaxation_value": 3.01781135605276,
    "root_relaxation_gap_percent": 64.06962157768656,
    "relaxation_gap_percent": null,
    "absolute_gap": null
  }
}