{
  "model_parameters": {
    "n_dimensions": 5,
    "n_clusters": 3,
    "n_points": 12,
    "coord_range_lower": -1,
    "coord_range_upper": 1
  },
  "solution": {
    "status": "optimal",
    "center_coordinates": {
      "cluster_1": {
        "dim_1": -0.102984858790148,
        "dim_2": 0.159602712930535,
        "dim_3": 0.383917898850972,
        "dim_4": -0.626726539962586,
        "dim_5": -0.2470245107168
      },
      "cluster_2": {
        "dim_1": 0.465284842360071,
        "dim_2": 0.413608721601153,
        "dim_3": -0.173007529384456,
        "dim_4": 0.672832835050659,
        "dim_5": -0.754817165931678
      },
      "cluster_3": {
        "dim_1": 0.618493982265965,
        "dim_2": -0.560165145466948,
        "dim_3": -0.001450823576171,
        "dim_4": 0.463454108631959,
        "dim_5": 0.292365439185323
      }
    },
    "distances": {
      "1": 0.581087886467026,
      "2": 0.32791219727747,
      "3": 1.294144274819216,
      "4": 0.733108045766876,
      "5": 0.953505575675897,
      "6": 0.658929400323773,
      "7": 0.738018847528729,
      "8": 0.341149379478856,
      "9": 0.810321653631232,
      "10": 0.666079345784053,
      "11": 0.835250088310779,
      "12": 2.570724682037285
    },
    "objective_value": 10.510231377101192,
    "lower_bound": 10.510231377101196,
    "upper_bound": 10.510231377101194,
    "absolute_gap": -3.552713678800501e-15,
    "relative_gap": -3.3802430710905694e-16
  },
  "performance": {
    "solution_time_seconds": 88.63444066047668,
    "solver_status": "ok",
    "termination_condition": "optimal",
    "solver": "gams",
    "subsolver": "scip",
    "is_relaxation": false,
    "root_relaxation_value": 10.5102313771012,
    "root_relaxation_gap_percent": 6.760486142181141e-14,
    "relaxation_gap_percent": null,
    "absolute_gap": null
  }
}