{
  "model_parameters": {
    "n_dimensions": 5,
    "n_clusters": 3,
    "n_points": 17,
    "coord_range_lower": -1,
    "coord_range_upper": 1
  },
  "solution": {
    "status": "feasible",
    "center_coordinates": {
      "cluster_1": {
        "dim_1": -0.463667180125388,
        "dim_2": -0.175729129960911,
        "dim_3": -0.384552987878661,
        "dim_4": -0.162067312568142,
        "dim_5": 0.60103966140591
      },
      "cluster_2": {
        "dim_1": -0.210609717085218,
        "dim_2": -0.266436081003856,
        "dim_3": -0.151272348680346,
        "dim_4": 0.396089335179229,
        "dim_5": -0.687282999905583
      },
      "cluster_3": {
        "dim_1": 0.304621923314481,
        "dim_2": -0.269938755419939,
        "dim_3": 0.337540689836725,
        "dim_4": 0.862725046174701,
        "dim_5": 0.533742635922365
      }
    },
    "distances": {
      "1": 1.074975199644961,
      "2": 0.735052419383503,
      "3": 1.223096384106257,
      "4": 0.944818331917999,
      "5": 1.991352763597895,
      "6": 0.72682731957883,
      "7": 1.017890726384749,
      "8": 0.200676038523008,
      "9": 0.784428403435523,
      "10": 1.528768070155967,
      "11": 1.477394713062083,
      "12": 0.497020326033721,
      "13": 0.72426346043717,
      "14": 0.356155618517835,
      "15": 0.686747869290413,
      "16": 1.786605052205902,
      "17": 0.781632787630772
    },
    "objective_value": 16.53770548390659,
    "lower_bound": 9.828447718341302,
    "upper_bound": 16.537705483906585,
    "absolute_gap": 6.709257765565287,
    "relative_gap": 0.6826365625412896
  },
  "performance": {
    "solution_time_seconds": 300.5894663333893,
    "solver_status": "ok",
    "termination_condition": "feasible",
    "solver": "gams",
    "subsolver": "gurobi",
    "is_relaxation": false,
    "root_relaxation_value": 0.0,
    "root_relaxation_gap_percent": 100.0,
    "relaxation_gap_percent": null,
    "absolute_gap": null
  }
}