{
  "model_parameters": {
    "n_dimensions": 5,
    "n_clusters": 3,
    "n_points": 10,
    "coord_range_lower": -1,
    "coord_range_upper": 1
  },
  "solution": {
    "status": "optimal",
    "center_coordinates": {
      "cluster_1": {
        "dim_1": -0.796557185556241,
        "dim_2": -0.012259900819154,
        "dim_3": 0.562548413073302,
        "dim_4": -0.404796198660763,
        "dim_5": -0.042985333580047
      },
      "cluster_2": {
        "dim_1": -0.560014311363102,
        "dim_2": 0.494394677726593,
        "dim_3": 0.099745064416221,
        "dim_4": 0.486101574554197,
        "dim_5": 0.546605781056992
      },
      "cluster_3": {
        "dim_1": 0.091031143381463,
        "dim_2": -0.273560550643557,
        "dim_3": -0.543030502882273,
        "dim_4": 0.374351334240832,
        "dim_5": -0.692943514105861
      }
    },
    "distances": {
      "1": 0.729947053195334,
      "2": 0.858743673237962,
      "3": 0.534905556841454,
      "4": 1.214972518262668,
      "5": 0.302572635021144,
      "6": 0.156052804398604,
      "7": 1.391876339923797,
      "8": 1.209266000061871,
      "9": 0.533834461719433,
      "10": 0.829846711007537
    },
    "objective_value": 7.762017753669804,
    "lower_bound": 7.762017753669803,
    "absolute_gap": 8.881784197001252e-16,
    "relative_gap": 1.144262288346614e-16
  },
  "performance": {
    "solution_time_seconds": 119.4860589504242,
    "solver_status": "ok",
    "termination_condition": "optimal",
    "solver": "gams",
    "subsolver": "baron",
    "is_relaxation": false,
    "root_relaxation_value": 0.0,
    "root_relaxation_gap_percent": 100.0,
    "relaxation_gap_percent": null,
    "absolute_gap": null
  }
}