{
  "model_parameters": {
    "n_dimensions": 5,
    "n_clusters": 5,
    "n_points": 12,
    "coord_range_lower": -1,
    "coord_range_upper": 1
  },
  "solution": {
    "status": "optimal",
    "center_coordinates": {
      "cluster_1": {
        "dim_1": -0.43261150935316,
        "dim_2": 0.604255708749796,
        "dim_3": 0.464465170912329,
        "dim_4": 0.504226559170903,
        "dim_5": 0.4688720703125
      },
      "cluster_2": {
        "dim_1": -0.184842044657279,
        "dim_2": 0.51025390625,
        "dim_3": -0.81689453125,
        "dim_4": 0.208257828117135,
        "dim_5": 0.56595754170821
      },
      "cluster_3": {
        "dim_1": -0.07470703125,
        "dim_2": -0.13709216863418,
        "dim_3": 0.196378135337019,
        "dim_4": 0.5858154296875,
        "dim_5": -0.75537109375
      },
      "cluster_4": {
        "dim_1": 0.181270344821659,
        "dim_2": -0.650104349651102,
        "dim_3": 0.855875289931985,
        "dim_4": -0.512135736644268,
        "dim_5": 0.228433732807206
      },
      "cluster_5": {
        "dim_1": 0.579542558582482,
        "dim_2": 0.648066860900549,
        "dim_3": 0.623554024598182,
        "dim_4": -0.769834986883098,
        "dim_5": 0.683298457374349
      }
    },
    "distances": {
      "1": 0.533168821661035,
      "2": 0.604123569179067,
      "3": 0.43920361306657,
      "4": 0.143976484906616,
      "5": 0.534029326231291,
      "6": 0.694548520338055,
      "7": 0.510895238731964,
      "8": 0.331363806559328,
      "9": 0.0,
      "10": 0.302076237024008,
      "11": 0.106847201871686,
      "12": 0.30262248733901
    },
    "objective_value": 4.5028553069086295,
    "lower_bound": 1.752467249652215,
    "upper_bound": 4.502855306908629,
    "absolute_gap": 2.7503880572564148,
    "relative_gap": 1.5694376358829198
  },
  "performance": {
    "solution_time_seconds": 301.5767583847046,
    "solver_status": "ok",
    "termination_condition": "optimal",
    "solver": "gams",
    "subsolver": "scip",
    "is_relaxation": false,
    "root_relaxation_value": 1.75246724965221,
    "root_relaxation_gap_percent": 61.080977952735026,
    "relaxation_gap_percent": null,
    "absolute_gap": null
  }
}