{
  "model_parameters": {
    "n_dimensions": 4,
    "n_clusters": 4,
    "n_points": 13,
    "coord_range_lower": -1,
    "coord_range_upper": 1
  },
  "solution": {
    "status": "feasible",
    "center_coordinates": {
      "cluster_1": {
        "dim_1": -0.457630186140233,
        "dim_2": -0.140135262837592,
        "dim_3": 0.59858321797355,
        "dim_4": 0.568617218551395
      },
      "cluster_2": {
        "dim_1": -0.410351816796487,
        "dim_2": -0.230624550740202,
        "dim_3": -0.509414362942518,
        "dim_4": -0.289751529585597
      },
      "cluster_3": {
        "dim_1": 0.63393082746013,
        "dim_2": 0.62814221970121,
        "dim_3": 0.716148026820744,
        "dim_4": 0.065464310644329
      },
      "cluster_4": {
        "dim_1": 0.807797859996385,
        "dim_2": 0.880633469542084,
        "dim_3": -0.721560496743221,
        "dim_4": -0.84874998062384
      }
    },
    "distances": {
      "1": 0.270927909222334,
      "2": 0.167807823917048,
      "3": 0.717878125950055,
      "4": 1.058006849026658,
      "5": 0.241771550792545,
      "6": 1.109502827736415,
      "7": 0.930917545881989,
      "8": 0.430635284063297,
      "9": 0.743971348960248,
      "10": 0.246806008671331,
      "11": 0.0,
      "12": 0.356570075396111,
      "13": 0.680260599115409
    },
    "objective_value": 6.95505594873344,
    "lower_bound": 5.175429150507407,
    "upper_bound": 6.955055948733439,
    "absolute_gap": 1.7796267982260332,
    "relative_gap": 0.3438607208160807
  },
  "performance": {
    "solution_time_seconds": 300.57333159446716,
    "solver_status": "ok",
    "termination_condition": "feasible",
    "solver": "gams",
    "subsolver": "gurobi",
    "is_relaxation": false,
    "root_relaxation_value": 0.0,
    "root_relaxation_gap_percent": 100.0,
    "relaxation_gap_percent": null,
    "absolute_gap": null
  }
}