{
  "model_parameters": {
    "n_dimensions": 5,
    "n_clusters": 5,
    "n_points": 10,
    "coord_range_lower": -1,
    "coord_range_upper": 1
  },
  "solution": {
    "status": "optimal",
    "center_coordinates": {
      "cluster_1": {
        "dim_1": -0.969984643731159,
        "dim_2": -0.891741966447707,
        "dim_3": 0.047854014465872,
        "dim_4": -0.029739944141928,
        "dim_5": -0.330531976608499
      },
      "cluster_2": {
        "dim_1": -0.705682441230618,
        "dim_2": 0.664605569071646,
        "dim_3": -0.195992257888912,
        "dim_4": -0.133546928096046,
        "dim_5": -0.110565065534343
      },
      "cluster_3": {
        "dim_1": 0.275861154797787,
        "dim_2": -0.684048883234837,
        "dim_3": 0.8814340792305,
        "dim_4": 0.099374625342215,
        "dim_5": 0.58714325490085
      },
      "cluster_4": {
        "dim_1": 0.443816650328211,
        "dim_2": 0.208819149217911,
        "dim_3": -0.282131152675517,
        "dim_4": 0.440711632333553,
        "dim_5": -0.634433736182679
      },
      "cluster_5": {
        "dim_1": 0.93091529405694,
        "dim_2": 0.861788884947291,
        "dim_3": 0.047017303276062,
        "dim_4": -0.076565696716709,
        "dim_5": -0.439407171722268
      }
    },
    "distances": {
      "1": 0.43913568337833,
      "2": 2.7001244e-08,
      "3": 0.574962167348754,
      "4": 0.435906398999778,
      "5": 0.199955818001104,
      "6": 0.22110494201047,
      "7": 0.279440024421437,
      "8": 0.178253008468585,
      "9": 1.7818829e-08,
      "10": 0.178252972054211
    },
    "objective_value": 2.507011059502742,
    "lower_bound": 2.507011059502742,
    "absolute_gap": 0.0,
    "relative_gap": 0.0
  },
  "performance": {
    "solution_time_seconds": 9.367918491363525,
    "solver_status": "ok",
    "termination_condition": "optimal",
    "solver": "gams",
    "subsolver": "baron",
    "is_relaxation": false,
    "root_relaxation_value": 0.0,
    "root_relaxation_gap_percent": 100.0,
    "relaxation_gap_percent": null,
    "absolute_gap": null
  }
}