{
  "model_parameters": {
    "n_dimensions": 2,
    "n_clusters": 3,
    "n_points": 12,
    "coord_range_lower": -1,
    "coord_range_upper": 1
  },
  "solution": {
    "status": "optimal",
    "center_coordinates": {
      "cluster_1": {
        "dim_1": -0.63505093815895,
        "dim_2": -0.662310037193494
      },
      "cluster_2": {
        "dim_1": -0.126409721924584,
        "dim_2": 0.659561033556415
      },
      "cluster_3": {
        "dim_1": 0.589592055782016,
        "dim_2": -0.379786297901674
      }
    },
    "distances": {
      "1": 0.127927726948086,
      "2": 0.124906820923014,
      "3": 0.099046390219332,
      "4": 0.175046897886829,
      "5": 0.342956586056996,
      "6": 0.307028181947331,
      "7": 0.115823303922058,
      "8": 0.063960364957302,
      "9": 0.31234632270921,
      "10": 0.053843831408746,
      "11": 0.138555974769565,
      "12": 0.337708151005387
    },
    "objective_value": 2.199150552753856,
    "lower_bound": 2.199150552753856,
    "upper_bound": 2.199150552753856,
    "absolute_gap": 0.0,
    "relative_gap": 0.0
  },
  "performance": {
    "solution_time_seconds": 8.471856117248535,
    "solver_status": "ok",
    "termination_condition": "optimal",
    "solver": "gams",
    "subsolver": "scip",
    "is_relaxation": false,
    "root_relaxation_value": 2.19915055275386,
    "root_relaxation_gap_percent": 1.8174303181042438e-13,
    "relaxation_gap_percent": null,
    "absolute_gap": null
  }
}