{
  "model_parameters": {
    "n_dimensions": 3,
    "n_clusters": 4,
    "n_points": 13,
    "coord_range_lower": -1,
    "coord_range_upper": 1
  },
  "solution": {
    "status": "optimal",
    "center_coordinates": {
      "cluster_1": {
        "dim_1": -0.288445904211006,
        "dim_2": 0.745614119793912,
        "dim_3": 0.391774478782529
      },
      "cluster_2": {
        "dim_1": -0.288445914190083,
        "dim_2": -0.695477171983789,
        "dim_3": 0.525474885974778
      },
      "cluster_3": {
        "dim_1": 0.471206391457261,
        "dim_2": 0.058524980904336,
        "dim_3": -0.524084122492704
      },
      "cluster_4": {
        "dim_1": 0.847149656931491,
        "dim_2": -0.131295568988212,
        "dim_3": 0.478307786534819
      }
    },
    "distances": {
      "1": 0.074191181012429,
      "2": 0.55868287700796,
      "3": 0.418490113567869,
      "4": 0.041764072856442,
      "5": 0.261889088520825,
      "6": 0.011368670269372,
      "7": 0.296301242090704,
      "8": 0.022727889609554,
      "9": 0.157338617421276,
      "10": 0.117763728306009,
      "11": 0.241311177294727,
      "12": 0.220610341206266,
      "13": 0.123848069874895
    },
    "objective_value": 2.546287069038328,
    "lower_bound": 2.538579646169747,
    "absolute_gap": 0.007707422868580949,
    "relative_gap": 0.003036116231456453
  },
  "performance": {
    "solution_time_seconds": 1800.859359741211,
    "solver_status": "ok",
    "termination_condition": "optimal",
    "solver": "gams",
    "subsolver": "scip",
    "is_relaxation": false,
    "root_relaxation_value": 2.53857964616975,
    "root_relaxation_gap_percent": 0.3026926131894763,
    "relaxation_gap_percent": null,
    "absolute_gap": null
  }
}