{
  "model_parameters": {
    "n_dimensions": 5,
    "n_clusters": 3,
    "n_points": 14,
    "coord_range_lower": -1,
    "coord_range_upper": 1
  },
  "solution": {
    "status": "optimal",
    "center_coordinates": {
      "cluster_1": {
        "dim_1": -0.556355933412569,
        "dim_2": -0.464657196600721,
        "dim_3": -0.366107994867475,
        "dim_4": -0.609563488644533,
        "dim_5": -0.332315557210675
      },
      "cluster_2": {
        "dim_1": -0.3846469846054,
        "dim_2": 0.616643094554749,
        "dim_3": -0.564932416641403,
        "dim_4": 0.699295709093962,
        "dim_5": -0.638228759000083
      },
      "cluster_3": {
        "dim_1": 0.062632020749899,
        "dim_2": 0.009387717239202,
        "dim_3": -0.005378186562753,
        "dim_4": 0.209293851825645,
        "dim_5": 0.113059514686957
      }
    },
    "distances": {
      "1": 0.433840478621478,
      "2": 0.32328847899806,
      "3": 0.826846020271311,
      "4": 1.462239266471961,
      "5": 1.521330098585203,
      "6": 0.126062148218014,
      "7": 0.950761664477734,
      "8": 0.313130535080667,
      "9": 0.340647600360645,
      "10": 0.596613053618424,
      "11": 0.209617780043246,
      "12": 0.784683176632188,
      "13": 0.830923191587615,
      "14": 0.251605776057216
    },
    "objective_value": 8.971589269023761,
    "lower_bound": 8.97158906801829,
    "upper_bound": 8.971589269023761,
    "absolute_gap": 2.0100547182266837e-07,
    "relative_gap": 2.2404667701422925e-08
  },
  "performance": {
    "solution_time_seconds": 32.49066758155823,
    "solver_status": "ok",
    "termination_condition": "optimal",
    "solver": "gams",
    "subsolver": "gurobi",
    "is_relaxation": false,
    "root_relaxation_value": 0.0,
    "root_relaxation_gap_percent": 100.0,
    "relaxation_gap_percent": null,
    "absolute_gap": null
  }
}