{
  "model_parameters": {
    "n_dimensions": 5,
    "n_clusters": 4,
    "n_points": 10,
    "coord_range_lower": -1,
    "coord_range_upper": 1
  },
  "solution": {
    "status": "optimal",
    "center_coordinates": {
      "cluster_1": {
        "dim_1": -0.762253755791169,
        "dim_2": -0.888120166436344,
        "dim_3": 0.458379629132382,
        "dim_4": 0.272672092524805,
        "dim_5": -0.239846966058776
      },
      "cluster_2": {
        "dim_1": -0.320326715344996,
        "dim_2": 0.197473348812072,
        "dim_3": -0.441844976942622,
        "dim_4": -0.163194579954531,
        "dim_5": 0.168153575890595
      },
      "cluster_3": {
        "dim_1": 0.115836310953343,
        "dim_2": 0.113878732965499,
        "dim_3": 0.379082820932657,
        "dim_4": 0.000768194911648,
        "dim_5": 0.055598142865516
      },
      "cluster_4": {
        "dim_1": 0.640256122322896,
        "dim_2": 0.252369553903855,
        "dim_3": -0.320825780922144,
        "dim_4": -0.776981364483296,
        "dim_5": 0.356348985145069
      }
    },
    "distances": {
      "1": 0.175089572931422,
      "2": 0.317945978618295,
      "3": 0.405830573988304,
      "4": 0.317937741626345,
      "5": 0.336426324509385,
      "6": 0.17509325782867,
      "7": 0.265007530323509,
      "8": 0.154445551973887,
      "9": 0.336168093133231,
      "10": 0.190863404681794
    },
    "objective_value": 2.6748080296148418,
    "lower_bound": 2.674807832870957,
    "upper_bound": 2.674808029614841,
    "absolute_gap": 1.967438847394476e-07,
    "relative_gap": 7.355439980459309e-08
  },
  "performance": {
    "solution_time_seconds": 30.718164205551147,
    "solver_status": "ok",
    "termination_condition": "optimal",
    "solver": "gams",
    "subsolver": "gurobi",
    "is_relaxation": false,
    "root_relaxation_value": 0.0,
    "root_relaxation_gap_percent": 100.0,
    "relaxation_gap_percent": null,
    "absolute_gap": null
  }
}