{
  "model_parameters": {
    "n_dimensions": 5,
    "n_clusters": 5,
    "n_points": 11,
    "coord_range_lower": -1,
    "coord_range_upper": 1
  },
  "solution": {
    "status": "optimal",
    "center_coordinates": {
      "cluster_1": {
        "dim_1": -0.864172790861472,
        "dim_2": 0.944673111143529,
        "dim_3": 0.688680024272168,
        "dim_4": 0.794771758245421,
        "dim_5": 0.786266980002183
      },
      "cluster_2": {
        "dim_1": -0.351796358205264,
        "dim_2": 0.36608434263285,
        "dim_3": 0.334932418578417,
        "dim_4": -0.377559596472164,
        "dim_5": -0.201212600408178
      },
      "cluster_3": {
        "dim_1": 0.137607573534881,
        "dim_2": 0.740605068599893,
        "dim_3": -0.447868322170007,
        "dim_4": -0.810554577552001,
        "dim_5": 0.974486079325928
      },
      "cluster_4": {
        "dim_1": 0.137607573534881,
        "dim_2": -0.318877820397898,
        "dim_3": -0.325297409822605,
        "dim_4": 0.393934338044597,
        "dim_5": 0.512436556998736
      },
      "cluster_5": {
        "dim_1": 0.21901439836166,
        "dim_2": 0.607596315388196,
        "dim_3": -0.869700291965635,
        "dim_4": 0.258582788828503,
        "dim_5": -0.833812639386964
      }
    },
    "distances": {
      "1": 0.0,
      "2": 0.13747901258996,
      "3": 0.432142804228951,
      "4": 0.958885792601531,
      "5": 0.279488354605743,
      "6": 0.279488370239006,
      "7": 0.316573745579066,
      "8": 0.933885178612979,
      "9": 0.923447320112432,
      "10": 0.369411740370596,
      "11": 1.24710040984974
    },
    "objective_value": 5.877902728790004,
    "lower_bound": 5.877902728790003,
    "absolute_gap": 8.881784197001252e-16,
    "relative_gap": 1.5110464747057177e-16
  },
  "performance": {
    "solution_time_seconds": 68.23531985282898,
    "solver_status": "ok",
    "termination_condition": "optimal",
    "solver": "gams",
    "subsolver": "baron",
    "is_relaxation": false,
    "root_relaxation_value": 0.0,
    "root_relaxation_gap_percent": 100.0,
    "relaxation_gap_percent": null,
    "absolute_gap": null
  }
}