{
  "model_parameters": {
    "n_dimensions": 2,
    "n_clusters": 5,
    "n_points": 14,
    "coord_range_lower": -1,
    "coord_range_upper": 1
  },
  "solution": {
    "status": "optimal",
    "center_coordinates": {
      "cluster_1": {
        "dim_1": -0.802516143985387,
        "dim_2": 0.411291979640237
      },
      "cluster_2": {
        "dim_1": -0.445079945156174,
        "dim_2": -0.598409507255316
      },
      "cluster_3": {
        "dim_1": -0.13482857830243,
        "dim_2": 0.570942441085618
      },
      "cluster_4": {
        "dim_1": 0.292726433220691,
        "dim_2": -0.797923883953806
      },
      "cluster_5": {
        "dim_1": 0.434057671148604,
        "dim_2": 0.237661525937644
      }
    },
    "distances": {
      "1": 0.079827503511162,
      "2": 0.080367597010122,
      "3": 0.07982751877462,
      "4": 0.106943961774956,
      "5": 0.089590837623699,
      "6": 0.089590692891317,
      "7": 0.05008421362089,
      "8": 0.17977631178324,
      "9": 0.040124725052817,
      "10": 0.018230128790154,
      "11": 0.155496861096937,
      "12": 0.057327762972583,
      "13": 0.031486973365865,
      "14": 0.054147295455996
    },
    "objective_value": 1.112822383724358,
    "lower_bound": 1.112822383724358,
    "absolute_gap": 0.0,
    "relative_gap": 0.0
  },
  "performance": {
    "solution_time_seconds": 30.745481491088867,
    "solver_status": "ok",
    "termination_condition": "optimal",
    "solver": "gams",
    "subsolver": "baron",
    "is_relaxation": false,
    "root_relaxation_value": 0.0,
    "root_relaxation_gap_percent": 100.0,
    "relaxation_gap_percent": null,
    "absolute_gap": null
  }
}