{
  "model_parameters": {
    "n_dimensions": 2,
    "n_clusters": 4,
    "n_points": 10,
    "coord_range_lower": -1,
    "coord_range_upper": 1
  },
  "solution": {
    "status": "optimal",
    "center_coordinates": {
      "cluster_1": {
        "dim_1": -0.703565049012355,
        "dim_2": -0.404749447990786
      },
      "cluster_2": {
        "dim_1": -0.07780665324347,
        "dim_2": 0.27753210942379
      },
      "cluster_3": {
        "dim_1": 0.579142912097306,
        "dim_2": 0.637752714276885
      },
      "cluster_4": {
        "dim_1": 0.723154849103805,
        "dim_2": -0.197187736381618
      }
    },
    "distances": {
      "1": 0.101258595770266,
      "2": 0.123207626663026,
      "3": 0.093791224732821,
      "4": 0.052627575727213,
      "5": 0.006241246076794,
      "6": 0.014862586128964,
      "7": 0.006241246076794,
      "8": 0.077863179409421,
      "9": 0.029857152005101,
      "10": 0.093791224732821
    },
    "objective_value": 0.599741657323221,
    "lower_bound": 0.599741657323223,
    "absolute_gap": -1.9984014443252818e-15,
    "relative_gap": -3.3321037815591808e-15
  },
  "performance": {
    "solution_time_seconds": 59.559571504592896,
    "solver_status": "ok",
    "termination_condition": "optimal",
    "solver": "gams",
    "subsolver": "baron",
    "is_relaxation": false,
    "root_relaxation_value": 0.0,
    "root_relaxation_gap_percent": 100.0,
    "relaxation_gap_percent": null,
    "absolute_gap": null
  }
}