{
  "model_parameters": {
    "n_dimensions": 4,
    "n_clusters": 4,
    "n_points": 12,
    "coord_range_lower": -1,
    "coord_range_upper": 1
  },
  "solution": {
    "status": "optimal",
    "center_coordinates": {
      "cluster_1": {
        "dim_1": -0.170314424817082,
        "dim_2": -0.504781511808301,
        "dim_3": 0.62861289287814,
        "dim_4": -0.693853229057733
      },
      "cluster_2": {
        "dim_1": 0.137232514872406,
        "dim_2": -0.644315142637683,
        "dim_3": -0.642361449663889,
        "dim_4": 0.787003446720281
      },
      "cluster_3": {
        "dim_1": 0.497747257458979,
        "dim_2": 0.030984882682017,
        "dim_3": -0.402481595130168,
        "dim_4": -0.573874739332403
      },
      "cluster_4": {
        "dim_1": 0.640584887450357,
        "dim_2": 0.696306227723101,
        "dim_3": -0.343022734361312,
        "dim_4": 0.761016946400445
      }
    },
    "distances": {
      "1": 0.188970566424207,
      "2": 0.148848913904132,
      "3": 0.083767577384373,
      "4": 0.417180677442225,
      "5": 0.547041379624292,
      "6": 0.543631875188904,
      "7": 0.350483564891592,
      "8": 0.416739336276353,
      "9": 0.083433733673066,
      "10": 0.430093762351184,
      "11": 0.399681323013474,
      "12": 0.3274246917166
    },
    "objective_value": 3.937297401890402,
    "lower_bound": 2.001102501489481,
    "upper_bound": 3.937297401890401,
    "absolute_gap": 1.936194900400921,
    "relative_gap": 0.9675640797808971
  },
  "performance": {
    "solution_time_seconds": 300.9382712841034,
    "solver_status": "ok",
    "termination_condition": "optimal",
    "solver": "gams",
    "subsolver": "scip",
    "is_relaxation": false,
    "root_relaxation_value": 2.00110250148948,
    "root_relaxation_gap_percent": 49.17573408275694,
    "relaxation_gap_percent": null,
    "absolute_gap": null
  }
}