{
  "model_parameters": {
    "n_dimensions": 5,
    "n_clusters": 4,
    "n_points": 12,
    "coord_range_lower": -1,
    "coord_range_upper": 1
  },
  "solution": {
    "status": "optimal",
    "center_coordinates": {
      "cluster_1": {
        "dim_1": -0.780758536231716,
        "dim_2": -0.801287691480969,
        "dim_3": 0.717770671408681,
        "dim_4": -0.375352011211231,
        "dim_5": -0.628474864508803
      },
      "cluster_2": {
        "dim_1": -0.111500158965354,
        "dim_2": -0.556561916538273,
        "dim_3": -0.747866137041368,
        "dim_4": 0.256773757823323,
        "dim_5": 0.429651229545941
      },
      "cluster_3": {
        "dim_1": 0.132227243597585,
        "dim_2": -0.830632448660905,
        "dim_3": 0.516288136507102,
        "dim_4": -0.107383498501046,
        "dim_5": 0.531454915932596
      },
      "cluster_4": {
        "dim_1": 0.350614053060328,
        "dim_2": 0.430341502606298,
        "dim_3": -0.145817394970529,
        "dim_4": -0.288324317175338,
        "dim_5": -0.628052306143104
      }
    },
    "distances": {
      "1": 0.313203144712781,
      "2": 0.210451958269756,
      "3": 0.156056053844639,
      "4": 0.422637050496211,
      "5": 0.313203138320302,
      "6": 1.007263891463765,
      "7": 1.005602976962277,
      "8": 0.827272509827576,
      "9": 0.454018250172791,
      "10": 1.575888643143879,
      "11": 0.804331485526908,
      "12": 0.610821942759113
    },
    "objective_value": 7.700751045499998,
    "lower_bound": 7.70075095928181,
    "upper_bound": 7.700751045499997,
    "absolute_gap": 8.621818814447124e-08,
    "relative_gap": 1.1196075369837976e-08
  },
  "performance": {
    "solution_time_seconds": 44.22742199897766,
    "solver_status": "ok",
    "termination_condition": "optimal",
    "solver": "gams",
    "subsolver": "baron",
    "is_relaxation": false,
    "root_relaxation_value": 6.4235,
    "root_relaxation_gap_percent": 16.586058138398997,
    "relaxation_gap_percent": null,
    "absolute_gap": null
  }
}