{
  "model_parameters": {
    "n_dimensions": 3,
    "n_clusters": 3,
    "n_points": 17,
    "coord_range_lower": -1,
    "coord_range_upper": 1
  },
  "solution": {
    "status": "optimal",
    "center_coordinates": {
      "cluster_1": {
        "dim_1": -0.74221237568204,
        "dim_2": -0.230040250991906,
        "dim_3": -0.696276308786728
      },
      "cluster_2": {
        "dim_1": -0.408386742137953,
        "dim_2": 0.102809552448918,
        "dim_3": 0.741248879525135
      },
      "cluster_3": {
        "dim_1": 0.361167038958173,
        "dim_2": 0.016760047397231,
        "dim_3": -0.178188102904492
      }
    },
    "distances": {
      "1": 0.364414737332482,
      "2": 0.223631098845642,
      "3": 0.401778429303259,
      "4": 0.10534905151485,
      "5": 0.163086461115353,
      "6": 0.057477345713079,
      "7": 0.555918303252919,
      "8": 0.528571315995594,
      "9": 0.631574142918934,
      "10": 0.622883618444694,
      "11": 0.687027054909394,
      "12": 0.428049590313965,
      "13": 0.335400430779279,
      "14": 0.745469974964262,
      "15": 0.265571082501788,
      "16": 0.834833791112142,
      "17": 0.274616666324142
    },
    "objective_value": 7.225653095341778,
    "lower_bound": 7.225653095341777,
    "absolute_gap": 1.7763568394002505e-15,
    "relative_gap": 2.458403158802946e-16
  },
  "performance": {
    "solution_time_seconds": 12.629557609558105,
    "solver_status": "ok",
    "termination_condition": "optimal",
    "solver": "gams",
    "subsolver": "baron",
    "is_relaxation": false,
    "root_relaxation_value": 0.0,
    "root_relaxation_gap_percent": 100.0,
    "relaxation_gap_percent": null,
    "absolute_gap": null
  }
}