{
  "model_parameters": {
    "n_dimensions": 4,
    "n_clusters": 3,
    "n_points": 10,
    "coord_range_lower": -1,
    "coord_range_upper": 1
  },
  "solution": {
    "status": "optimal",
    "center_coordinates": {
      "cluster_1": {
        "dim_1": -0.306264849709074,
        "dim_2": 0.308141468435387,
        "dim_3": 0.646683923233709,
        "dim_4": -0.552506783975116
      },
      "cluster_2": {
        "dim_1": -0.306264849709074,
        "dim_2": -0.541251152129952,
        "dim_3": 0.294496649769506,
        "dim_4": 0.47454605731253
      },
      "cluster_3": {
        "dim_1": 0.58166023630303,
        "dim_2": -0.500713082728359,
        "dim_3": 0.649077526434426,
        "dim_4": 0.252339751974889
      }
    },
    "distances": {
      "1": 0.068284939448572,
      "2": 0.557336017579506,
      "3": 0.667103875814342,
      "4": 0.347329273471032,
      "5": 0.110839968521009,
      "6": 1.148734576059558,
      "7": 0.169644307904902,
      "8": 0.169644305803041,
      "9": 0.361593866687729,
      "10": 0.467018519120749
    },
    "objective_value": 4.06752965041044,
    "lower_bound": 4.067529650410441,
    "upper_bound": 4.067529650410441,
    "absolute_gap": -8.881784197001252e-16,
    "relative_gap": -2.1835819183530774e-16
  },
  "performance": {
    "solution_time_seconds": 16.983644247055054,
    "solver_status": "ok",
    "termination_condition": "optimal",
    "solver": "gams",
    "subsolver": "baron",
    "is_relaxation": false,
    "root_relaxation_value": 0.0,
    "root_relaxation_gap_percent": 100.0,
    "relaxation_gap_percent": null,
    "absolute_gap": null
  }
}