{
  "model_parameters": {
    "n_dimensions": 5,
    "n_clusters": 4,
    "n_points": 13,
    "coord_range_lower": -1,
    "coord_range_upper": 1
  },
  "solution": {
    "status": "optimal",
    "center_coordinates": {
      "cluster_1": {
        "dim_1": -0.325771315439371,
        "dim_2": 0.726997196125402,
        "dim_3": 0.327455517277145,
        "dim_4": 0.13042956112325,
        "dim_5": 0.801428782755953
      },
      "cluster_2": {
        "dim_1": -0.299801919809472,
        "dim_2": -0.332924005715261,
        "dim_3": 0.005780002559188,
        "dim_4": -0.729962081280194,
        "dim_5": -0.116807228791392
      },
      "cluster_3": {
        "dim_1": 0.372000807221823,
        "dim_2": 0.452319293330297,
        "dim_3": -0.025701562797149,
        "dim_4": 0.390180773581534,
        "dim_5": -0.605294682404774
      },
      "cluster_4": {
        "dim_1": 0.765043929181223,
        "dim_2": -0.399038629980729,
        "dim_3": 0.745777919477552,
        "dim_4": 0.728139956667559,
        "dim_5": 0.700234407589414
      }
    },
    "distances": {
      "1": 0.084563633266788,
      "2": 0.382653308301693,
      "3": 0.183017340796169,
      "4": 0.53594523877143,
      "5": 0.60287215472157,
      "6": 0.526584412367207,
      "7": 0.443059601856136,
      "8": 2.5363814e-08,
      "9": 1.22035760654318,
      "10": 1.221195879103445,
      "11": 0.6185426595752,
      "12": 0.105541611035145,
      "13": 0.195303156212001
    },
    "objective_value": 6.119636627913778,
    "lower_bound": 6.119636627913778,
    "absolute_gap": 0.0,
    "relative_gap": 0.0
  },
  "performance": {
    "solution_time_seconds": 55.51187539100647,
    "solver_status": "ok",
    "termination_condition": "optimal",
    "solver": "gams",
    "subsolver": "baron",
    "is_relaxation": false,
    "root_relaxation_value": 4.35123,
    "root_relaxation_gap_percent": 28.897248896241056,
    "relaxation_gap_percent": null,
    "absolute_gap": null
  }
}