{
  "model_parameters": {
    "n_dimensions": 3,
    "n_clusters": 3,
    "n_points": 13,
    "coord_range_lower": -1,
    "coord_range_upper": 1
  },
  "solution": {
    "status": "optimal",
    "center_coordinates": {
      "cluster_1": {
        "dim_1": -0.224886318969021,
        "dim_2": -0.065500569449457,
        "dim_3": -0.749229787037081
      },
      "cluster_2": {
        "dim_1": -0.161431427912242,
        "dim_2": 0.278137627750661,
        "dim_3": 0.690301561795199
      },
      "cluster_3": {
        "dim_1": 0.846624339100964,
        "dim_2": -0.755932870143513,
        "dim_3": 0.605176033416321
      }
    },
    "distances": {
      "1": 0.416102751711749,
      "2": 0.260752330395749,
      "3": 0.84961456327453,
      "4": 0.437358327795477,
      "5": 0.055320956127777,
      "6": 0.506207249562645,
      "7": 0.617495259138156,
      "8": 1.265602054658315,
      "9": 0.039636066592481,
      "10": 0.098962156136446,
      "11": 0.072662714089026,
      "12": 0.617499609785312,
      "13": 0.489754134942109
    },
    "objective_value": 5.726968174209772,
    "lower_bound": 5.726967361360742,
    "upper_bound": 5.726968174209772,
    "absolute_gap": 8.128490298631164e-07,
    "relative_gap": 1.4193358868208765e-07
  },
  "performance": {
    "solution_time_seconds": 15.823873281478882,
    "solver_status": "ok",
    "termination_condition": "optimal",
    "solver": "gams",
    "subsolver": "gurobi",
    "is_relaxation": false,
    "root_relaxation_value": 0.0,
    "root_relaxation_gap_percent": 100.0,
    "relaxation_gap_percent": null,
    "absolute_gap": null
  }
}