{
  "model_parameters": {
    "n_dimensions": 2,
    "n_clusters": 5,
    "n_points": 14,
    "coord_range_lower": -1,
    "coord_range_upper": 1
  },
  "solution": {
    "status": "optimal",
    "center_coordinates": {
      "cluster_1": {
        "dim_1": -0.802516000363222,
        "dim_2": 0.411291998818037
      },
      "cluster_2": {
        "dim_1": -0.445081024477422,
        "dim_2": -0.598408953667314
      },
      "cluster_3": {
        "dim_1": -0.1348252317987,
        "dim_2": 0.570935824245333
      },
      "cluster_4": {
        "dim_1": 0.292762405068208,
        "dim_2": -0.797888716156039
      },
      "cluster_5": {
        "dim_1": 0.434058221891452,
        "dim_2": 0.23766249225297
      }
    },
    "distances": {
      "1": 0.07982755594082,
      "2": 0.080363811212616,
      "3": 0.079827497017366,
      "4": 0.106943899870519,
      "5": 0.089591483669276,
      "6": 0.089590064799459,
      "7": 0.050096865696293,
      "8": 0.179751659416987,
      "9": 0.040136783294652,
      "10": 0.018230171270291,
      "11": 0.155499623192422,
      "12": 0.057328840494514,
      "13": 0.031487030089508,
      "14": 0.054147303704176
    },
    "objective_value": 1.112822589668899,
    "lower_bound": 1.112822396160672,
    "upper_bound": 1.112822589668899,
    "absolute_gap": 1.935082269977073e-07,
    "relative_gap": 1.7388958711230692e-07
  },
  "performance": {
    "solution_time_seconds": 8.839208126068115,
    "solver_status": "ok",
    "termination_condition": "optimal",
    "solver": "gams",
    "subsolver": "gurobi",
    "is_relaxation": false,
    "root_relaxation_value": 0.0,
    "root_relaxation_gap_percent": 100.0,
    "relaxation_gap_percent": null,
    "absolute_gap": null
  }
}