{
  "model_parameters": {
    "n_dimensions": 2,
    "n_clusters": 3,
    "n_points": 10,
    "coord_range_lower": -1,
    "coord_range_upper": 1
  },
  "solution": {
    "status": "optimal",
    "center_coordinates": {
      "cluster_1": {
        "dim_1": -0.40186180626435,
        "dim_2": 0.509589119677778
      },
      "cluster_2": {
        "dim_1": -0.228038022899665,
        "dim_2": -0.889048912293687
      },
      "cluster_3": {
        "dim_1": 0.911406144008866,
        "dim_2": -0.126904037160626
      }
    },
    "distances": {
      "1": 0.334475478511076,
      "2": 0.258621415070424,
      "3": 0.140785872578294,
      "4": 0.372635889578026,
      "5": 0.022125898282913,
      "6": 0.335623401395134,
      "7": 0.084360764188724,
      "8": 0.033984155427996,
      "9": 0.166887094095559,
      "10": 0.030554559938793
    },
    "objective_value": 1.780054529066939,
    "lower_bound": 1.780053212600272,
    "upper_bound": 1.780054529066939,
    "absolute_gap": 1.3164666670117953e-06,
    "relative_gap": 7.395659060600345e-07
  },
  "performance": {
    "solution_time_seconds": 3.4482688903808594,
    "solver_status": "ok",
    "termination_condition": "optimal",
    "solver": "gams",
    "subsolver": "gurobi",
    "is_relaxation": false,
    "root_relaxation_value": 0.0,
    "root_relaxation_gap_percent": 100.0,
    "relaxation_gap_percent": null,
    "absolute_gap": null
  }
}