{
  "model_parameters": {
    "n_dimensions": 3,
    "n_clusters": 4,
    "n_points": 17,
    "coord_range_lower": -1,
    "coord_range_upper": 1
  },
  "solution": {
    "status": "optimal",
    "center_coordinates": {
      "cluster_1": {
        "dim_1": -0.256048019052494,
        "dim_2": -0.145853194587277,
        "dim_3": 0.843949730208464
      },
      "cluster_2": {
        "dim_1": -0.125214930293228,
        "dim_2": -0.667299191274653,
        "dim_3": -0.466631805825796
      },
      "cluster_3": {
        "dim_1": 0.724129949807048,
        "dim_2": 0.495334903480434,
        "dim_3": -0.244075643208782
      },
      "cluster_4": {
        "dim_1": 0.787142765043129,
        "dim_2": -0.635430163721845,
        "dim_3": 0.494866955949313
      }
    },
    "distances": {
      "1": 0.294923104461846,
      "2": 0.165233831219909,
      "3": 0.438894511773054,
      "4": 0.253432072565107,
      "5": 0.250756005250704,
      "6": 0.808161870596383,
      "7": 0.159883440253414,
      "8": 0.316596776154764,
      "9": 0.596569510635263,
      "10": 0.24685213091816,
      "11": 0.246531184990959,
      "12": 0.716711955447672,
      "13": 0.512041770069965,
      "14": 0.405916478127098,
      "15": 0.091513028488501,
      "16": 0.359422624004799,
      "17": 0.565835682132683
    },
    "objective_value": 6.429275977090281,
    "lower_bound": 6.429275846187024,
    "upper_bound": 6.42927597709028,
    "absolute_gap": 1.3090325712283857e-07,
    "relative_gap": 2.036049786236387e-08
  },
  "performance": {
    "solution_time_seconds": 68.27373480796814,
    "solver_status": "ok",
    "termination_condition": "optimal",
    "solver": "gams",
    "subsolver": "baron",
    "is_relaxation": false,
    "root_relaxation_value": 4.97731,
    "root_relaxation_gap_percent": 22.583662332494896,
    "relaxation_gap_percent": null,
    "absolute_gap": null
  }
}