{
  "model_parameters": {
    "n_dimensions": 3,
    "n_clusters": 4,
    "n_points": 12,
    "coord_range_lower": -1,
    "coord_range_upper": 1
  },
  "solution": {
    "status": "optimal",
    "center_coordinates": {
      "cluster_1": {
        "dim_1": -0.559488647348932,
        "dim_2": 0.175348210884276,
        "dim_3": 0.354677240133944
      },
      "cluster_2": {
        "dim_1": -0.103796313146621,
        "dim_2": 0.831165829737976,
        "dim_3": -0.450153087923236
      },
      "cluster_3": {
        "dim_1": 0.477114507858972,
        "dim_2": -0.451195513215001,
        "dim_3": -0.457730323162511
      },
      "cluster_4": {
        "dim_1": 0.620779008388121,
        "dim_2": -0.092357740302024,
        "dim_3": 0.895775452701361
      }
    },
    "distances": {
      "1": 0.020119685771529,
      "2": 0.367136802277787,
      "3": 0.293548774993536,
      "4": 0.179934071580644,
      "5": 0.136758814210161,
      "6": 0.057360525197543,
      "7": 0.238087795805302,
      "8": 0.089901076453646,
      "9": 0.057259150242605,
      "10": 0.19219657093876,
      "11": 0.468380655946359,
      "12": 0.057259150242605
    },
    "objective_value": 2.157943073660477,
    "lower_bound": 2.157943073660477,
    "upper_bound": 2.157943073660477,
    "absolute_gap": 0.0,
    "relative_gap": 0.0
  },
  "performance": {
    "solution_time_seconds": 132.52928352355957,
    "solver_status": "ok",
    "termination_condition": "optimal",
    "solver": "gams",
    "subsolver": "baron",
    "is_relaxation": false,
    "root_relaxation_value": 0.0,
    "root_relaxation_gap_percent": 100.0,
    "relaxation_gap_percent": null,
    "absolute_gap": null
  }
}