{
  "model_parameters": {
    "n_dimensions": 2,
    "n_clusters": 5,
    "n_points": 12,
    "coord_range_lower": -1,
    "coord_range_upper": 1
  },
  "solution": {
    "status": "optimal",
    "center_coordinates": {
      "cluster_1": {
        "dim_1": -0.706256951204093,
        "dim_2": -0.46477709711367
      },
      "cluster_2": {
        "dim_1": -0.454492746613678,
        "dim_2": 0.655840032618679
      },
      "cluster_3": {
        "dim_1": 0.184006877450636,
        "dim_2": 0.448752014339536
      },
      "cluster_4": {
        "dim_1": 0.332681634564314,
        "dim_2": -0.76066461104245
      },
      "cluster_5": {
        "dim_1": 0.942018648951869,
        "dim_2": -0.0018310546875
      }
    },
    "distances": {
      "1": 0.167801385183187,
      "2": 0.094166589725337,
      "3": 0.050812376581586,
      "4": 0.060433611973355,
      "5": 0.054520352196244,
      "6": 0.148598598964931,
      "7": 0.077134911311962,
      "8": 0.054447442268621,
      "9": 0.0,
      "10": 0.027541961887319,
      "11": 0.102898740005284,
      "12": 0.060637714289959
    },
    "objective_value": 0.8989936843877849,
    "lower_bound": 0.898993684387785,
    "upper_bound": 0.898993684387785,
    "absolute_gap": -1.1102230246251565e-16,
    "relative_gap": -1.2349619846119596e-16
  },
  "performance": {
    "solution_time_seconds": 107.29356122016907,
    "solver_status": "ok",
    "termination_condition": "optimal",
    "solver": "gams",
    "subsolver": "scip",
    "is_relaxation": false,
    "root_relaxation_value": 0.898993684387785,
    "root_relaxation_gap_percent": 1.2349619846119596e-14,
    "relaxation_gap_percent": null,
    "absolute_gap": null
  }
}