{
  "model_parameters": {
    "n_dimensions": 2,
    "n_clusters": 5,
    "n_points": 10,
    "coord_range_lower": -1,
    "coord_range_upper": 1
  },
  "solution": {
    "status": "optimal",
    "center_coordinates": {
      "cluster_1": {
        "dim_1": -0.884767713983933,
        "dim_2": 0.57421472234745
      },
      "cluster_2": {
        "dim_1": -0.753988208091073,
        "dim_2": -0.824436922045198
      },
      "cluster_3": {
        "dim_1": -0.159163961463856,
        "dim_2": -0.130052038753935
      },
      "cluster_4": {
        "dim_1": 0.048687603295885,
        "dim_2": 0.509241693626877
      },
      "cluster_5": {
        "dim_1": 0.864455702058599,
        "dim_2": 0.742223091213025
      }
    },
    "distances": {
      "1": 0.006432423058041,
      "2": 0.025413554674983,
      "3": 0.013284231168054,
      "4": 0.016365395494503,
      "5": 0.0,
      "6": 0.145260967104052,
      "7": 0.16056578629036,
      "8": 0.013276102700811,
      "9": 0.0,
      "10": 0.027492069440504
    },
    "objective_value": 0.408090529931308,
    "lower_bound": 0.40809052993131,
    "upper_bound": 0.408090529931309,
    "absolute_gap": -1.9984014443252818e-15,
    "relative_gap": -4.896956184358538e-15
  },
  "performance": {
    "solution_time_seconds": 30.142722606658936,
    "solver_status": "ok",
    "termination_condition": "optimal",
    "solver": "gams",
    "subsolver": "scip",
    "is_relaxation": false,
    "root_relaxation_value": 0.40809052993131,
    "root_relaxation_gap_percent": 4.896956184358563e-13,
    "relaxation_gap_percent": null,
    "absolute_gap": null
  }
}