{
  "model_parameters": {
    "n_dimensions": 4,
    "n_clusters": 5,
    "n_points": 11,
    "coord_range_lower": -1,
    "coord_range_upper": 1
  },
  "solution": {
    "status": "optimal",
    "center_coordinates": {
      "cluster_1": {
        "dim_1": 0.025506590286069,
        "dim_2": -0.518966421601592,
        "dim_3": -0.266201320418116,
        "dim_4": 0.603604715275267
      },
      "cluster_2": {
        "dim_1": 0.025506580290169,
        "dim_2": 0.363365172312745,
        "dim_3": -0.513183499493997,
        "dim_4": 0.421360622393178
      },
      "cluster_3": {
        "dim_1": 0.025506570299743,
        "dim_2": 0.941631262898707,
        "dim_3": 0.546597236996374,
        "dim_4": -0.804862278530905
      },
      "cluster_4": {
        "dim_1": 0.02550656030967,
        "dim_2": -0.181669041119603,
        "dim_3": -0.722822823142816,
        "dim_4": -0.873977592088295
      },
      "cluster_5": {
        "dim_1": 0.732474664047195,
        "dim_2": 0.572889422470249,
        "dim_3": -0.413237311690555,
        "dim_4": 0.524587086054838
      }
    },
    "distances": {
      "1": 0.262467216284584,
      "2": 0.471059949569156,
      "3": 0.127445777113378,
      "4": 0.151982079280144,
      "5": 0.000345972162557,
      "6": 0.747831060598325,
      "7": 0.196590401685701,
      "8": 0.750809208978854,
      "9": 0.609409570422335,
      "10": 0.262467216285192,
      "11": 0.872581332818709
    },
    "objective_value": 4.452989785198935,
    "lower_bound": 0.556667151364669,
    "absolute_gap": 3.8963226338342656,
    "relative_gap": 6.99937588248639
  },
  "performance": {
    "solution_time_seconds": 1801.7401928901672,
    "solver_status": "ok",
    "termination_condition": "optimal",
    "solver": "gams",
    "subsolver": "scip",
    "is_relaxation": false,
    "root_relaxation_value": 0.556667151364669,
    "root_relaxation_gap_percent": 87.4990247403004,
    "relaxation_gap_percent": null,
    "absolute_gap": null
  }
}