{
  "model_parameters": {
    "n_dimensions": 2,
    "n_clusters": 4,
    "n_points": 16,
    "coord_range_lower": -1,
    "coord_range_upper": 1
  },
  "solution": {
    "status": "optimal",
    "center_coordinates": {
      "cluster_1": {
        "dim_1": -0.708892980933368,
        "dim_2": 0.160493861433925
      },
      "cluster_2": {
        "dim_1": -0.680610491266658,
        "dim_2": -0.447962897096664
      },
      "cluster_3": {
        "dim_1": 0.286020105627321,
        "dim_2": 0.721358643211239
      },
      "cluster_4": {
        "dim_1": 0.631019304233412,
        "dim_2": 0.042289700438214
      }
    },
    "distances": {
      "1": 0.058781547930011,
      "2": 0.027098226674995,
      "3": 0.043256658757187,
      "4": 0.208432140732514,
      "5": 0.031821110788679,
      "6": 0.081580417200676,
      "7": 0.363630426320319,
      "8": 0.027182816969164,
      "9": 0.099129170629713,
      "10": 0.090199192539483,
      "11": 0.003580852755102,
      "12": 0.251626789458768,
      "13": 0.004054496691013,
      "14": 0.04284657594564,
      "15": 0.135503024409045,
      "16": 0.028208764525919
    },
    "objective_value": 1.496932212328228,
    "lower_bound": 1.496932212328227,
    "upper_bound": 1.496932212328227,
    "absolute_gap": 1.1102230246251565e-15,
    "relative_gap": 7.41665531332505e-16
  },
  "performance": {
    "solution_time_seconds": 26.191340446472168,
    "solver_status": "ok",
    "termination_condition": "optimal",
    "solver": "gams",
    "subsolver": "scip",
    "is_relaxation": false,
    "root_relaxation_value": 1.49693221232823,
    "root_relaxation_gap_percent": 1.334997956398508e-13,
    "relaxation_gap_percent": null,
    "absolute_gap": null
  }
}