{
  "model_parameters": {
    "n_dimensions": 4,
    "n_clusters": 5,
    "n_points": 10,
    "coord_range_lower": -1,
    "coord_range_upper": 1
  },
  "solution": {
    "status": "optimal",
    "center_coordinates": {
      "cluster_1": {
        "dim_1": -0.629222094487873,
        "dim_2": -0.154959173673537,
        "dim_3": 0.683845531348081,
        "dim_4": 0.064024207560243
      },
      "cluster_2": {
        "dim_1": -0.113244897374494,
        "dim_2": 0.471116009377976,
        "dim_3": -0.587528953352292,
        "dim_4": 0.62832672942975
      },
      "cluster_3": {
        "dim_1": 0.410659010480371,
        "dim_2": 0.565790957349262,
        "dim_3": 0.351776206422496,
        "dim_4": -0.908714449772636
      },
      "cluster_4": {
        "dim_1": 0.509667512553526,
        "dim_2": 0.530939352333416,
        "dim_3": 0.908628048969462,
        "dim_4": -0.034074660560854
      },
      "cluster_5": {
        "dim_1": 0.886670314367713,
        "dim_2": -0.447438278657318,
        "dim_3": 0.794344753271955,
        "dim_4": 0.62353562781879
      }
    },
    "distances": {
      "1": 0.195134325176868,
      "2": 0.257048678401931,
      "3": 0.102871381189333,
      "4": 0.0,
      "5": 0.195134329709401,
      "6": 0.257048677014249,
      "7": 0.246386173700175,
      "8": 0.136221993301713,
      "9": 0.24638616084612,
      "10": 0.32874569608042
    },
    "objective_value": 1.96497741542021,
    "lower_bound": 1.964977399479231,
    "upper_bound": 1.964977415479815,
    "absolute_gap": 1.5940978981277e-08,
    "relative_gap": 8.112550803638639e-09
  },
  "performance": {
    "solution_time_seconds": 6.253127336502075,
    "solver_status": "ok",
    "termination_condition": "optimal",
    "solver": "gams",
    "subsolver": "baron",
    "is_relaxation": false,
    "root_relaxation_value": 0.0,
    "root_relaxation_gap_percent": 100.0,
    "relaxation_gap_percent": null,
    "absolute_gap": null
  }
}