{
  "model_parameters": {
    "n_dimensions": 4,
    "n_clusters": 4,
    "n_points": 15,
    "coord_range_lower": -1,
    "coord_range_upper": 1
  },
  "solution": {
    "status": "feasible",
    "center_coordinates": {
      "cluster_1": {
        "dim_1": -0.794570396679111,
        "dim_2": -0.201126047702031,
        "dim_3": -0.923835949692224,
        "dim_4": 0.141715252797192
      },
      "cluster_2": {
        "dim_1": -0.557790456481159,
        "dim_2": -0.516690660826356,
        "dim_3": 0.728241135282846,
        "dim_4": -0.507434187313322
      },
      "cluster_3": {
        "dim_1": 0.230386061977435,
        "dim_2": 0.317274086349644,
        "dim_3": -0.508295128337596,
        "dim_4": -0.518092355355328
      },
      "cluster_4": {
        "dim_1": 0.626417897536284,
        "dim_2": 0.304877763177504,
        "dim_3": 0.481495650138607,
        "dim_4": -0.036119573020691
      }
    },
    "distances": {
      "1": 0.79020054309925,
      "2": 0.666667185348444,
      "3": 0.57408659020976,
      "4": 0.275884738642119,
      "5": 0.445235383394081,
      "6": 0.688357061500724,
      "7": 0.525803318356836,
      "8": 0.133998499643411,
      "9": 0.230436760496349,
      "10": 0.275884738269728,
      "11": 0.133998500666439,
      "12": 0.495031955392692,
      "13": 0.276957235551657,
      "14": 0.799833872486948,
      "15": 0.411227131952236
    },
    "objective_value": 6.723603515010674,
    "lower_bound": 3.277176311014269,
    "upper_bound": 6.723603515010673,
    "absolute_gap": 3.446427203996405,
    "relative_gap": 1.0516453424899053
  },
  "performance": {
    "solution_time_seconds": 300.5658149719238,
    "solver_status": "ok",
    "termination_condition": "feasible",
    "solver": "gams",
    "subsolver": "gurobi",
    "is_relaxation": false,
    "root_relaxation_value": 0.0,
    "root_relaxation_gap_percent": 100.0,
    "relaxation_gap_percent": null,
    "absolute_gap": null
  }
}