{
  "model_parameters": {
    "n_dimensions": 4,
    "n_clusters": 5,
    "n_points": 17,
    "coord_range_lower": -1,
    "coord_range_upper": 1
  },
  "solution": {
    "status": "optimal",
    "center_coordinates": {
      "cluster_1": {
        "dim_1": -0.679957466611792,
        "dim_2": 0.552185203243537,
        "dim_3": -0.075585808899545,
        "dim_4": 0.070225532355866
      },
      "cluster_2": {
        "dim_1": -0.391336867327417,
        "dim_2": 0.08136543806671,
        "dim_3": -0.599160022724613,
        "dim_4": -0.83477905893961
      },
      "cluster_3": {
        "dim_1": -0.213804056841786,
        "dim_2": -0.68274929565095,
        "dim_3": 0.375778765603302,
        "dim_4": 0.449524487746247
      },
      "cluster_4": {
        "dim_1": 0.491536136307723,
        "dim_2": 0.598390363291566,
        "dim_3": 0.133810303803022,
        "dim_4": -0.604446900804902
      },
      "cluster_5": {
        "dim_1": 0.567411487907078,
        "dim_2": 0.142368637248644,
        "dim_3": -0.493510768341829,
        "dim_4": 0.849573405770405
      }
    },
    "distances": {
      "1": 0.073266965084215,
      "2": 0.207250108448405,
      "3": 0.146546539593303,
      "4": 0.622372215380313,
      "5": 0.240097137329919,
      "6": 0.367365738636928,
      "7": 0.371189170988477,
      "8": 0.239349643973782,
      "9": 0.40030004548561,
      "10": 0.506415435201101,
      "11": 0.446163153784912,
      "12": 0.555523296924546,
      "13": 0.207750347551187,
      "14": 0.752101961843706,
      "15": 0.589297680760118,
      "16": 0.294692414361429,
      "17": 0.063284241289759
    },
    "objective_value": 6.08296609663771,
    "lower_bound": 2.069607742314176,
    "absolute_gap": 4.013358354323534,
    "relative_gap": 1.9391879302866892
  },
  "performance": {
    "solution_time_seconds": 1800.587467432022,
    "solver_status": "ok",
    "termination_condition": "optimal",
    "solver": "gams",
    "subsolver": "gurobi",
    "is_relaxation": false,
    "root_relaxation_value": 0.0,
    "root_relaxation_gap_percent": 100.0,
    "relaxation_gap_percent": null,
    "absolute_gap": null
  }
}