{
  "model_parameters": {
    "n_dimensions": 2,
    "n_clusters": 3,
    "n_points": 14,
    "coord_range_lower": -1,
    "coord_range_upper": 1
  },
  "solution": {
    "status": "optimal",
    "center_coordinates": {
      "cluster_1": {
        "dim_1": -0.505374105344876,
        "dim_2": 0.450970071902445
      },
      "cluster_2": {
        "dim_1": -0.218721090898001,
        "dim_2": -0.324208103395997
      },
      "cluster_3": {
        "dim_1": 0.65622212320822,
        "dim_2": 0.390771304719646
      }
    },
    "distances": {
      "1": 0.237610749154172,
      "2": 0.202553124400279,
      "3": 0.000347777654749,
      "4": 0.134343651564628,
      "5": 0.353926844335689,
      "6": 0.053839197063941,
      "7": 0.085058808466501,
      "8": 0.007461821790964,
      "9": 0.305063316762515,
      "10": 0.031472876956619,
      "11": 0.203147930357245,
      "12": 0.172892542004432,
      "13": 0.055510090131627,
      "14": 0.06870660476662
    },
    "objective_value": 1.911935335409981,
    "lower_bound": 1.911936674042189,
    "absolute_gap": -1.3386322079700363e-06,
    "relative_gap": -7.00144636663054e-07
  },
  "performance": {
    "solution_time_seconds": 4.3584840297698975,
    "solver_status": "ok",
    "termination_condition": "optimal",
    "solver": "gams",
    "subsolver": "gurobi",
    "is_relaxation": false,
    "root_relaxation_value": 0.0,
    "root_relaxation_gap_percent": 100.0,
    "relaxation_gap_percent": null,
    "absolute_gap": null
  }
}