{
  "model_parameters": {
    "n_dimensions": 2,
    "n_clusters": 3,
    "n_points": 14,
    "coord_range_lower": -1,
    "coord_range_upper": 1
  },
  "solution": {
    "status": "optimal",
    "center_coordinates": {
      "cluster_1": {
        "dim_1": -0.504983018158708,
        "dim_2": 0.450999839092685
      },
      "cluster_2": {
        "dim_1": -0.218580282564942,
        "dim_2": -0.324039365457028
      },
      "cluster_3": {
        "dim_1": 0.65642243562744,
        "dim_2": 0.390959829411373
      }
    },
    "distances": {
      "1": 0.237406910438167,
      "2": 0.202798200202592,
      "3": 0.000345445817631,
      "4": 0.134188637036127,
      "5": 0.354180838936084,
      "6": 0.053745735650556,
      "7": 0.084924354603505,
      "8": 0.0074832334075,
      "9": 0.305406940137969,
      "10": 0.031543321681379,
      "11": 0.202900034220896,
      "12": 0.172582219618668,
      "13": 0.055613015803353,
      "14": 0.068806411634377
    },
    "objective_value": 1.911925299188804,
    "lower_bound": 1.91192445468042,
    "upper_bound": 1.911925299188804,
    "absolute_gap": 8.445083841124301e-07,
    "relative_gap": 4.417059377241924e-07
  },
  "performance": {
    "solution_time_seconds": 23.45100212097168,
    "solver_status": "ok",
    "termination_condition": "optimal",
    "solver": "gams",
    "subsolver": "gurobi",
    "is_relaxation": false,
    "root_relaxation_value": 0.0,
    "root_relaxation_gap_percent": 100.0,
    "relaxation_gap_percent": null,
    "absolute_gap": null
  }
}