{
  "model_parameters": {
    "n_dimensions": 5,
    "n_clusters": 3,
    "n_points": 20,
    "coord_range_lower": -1,
    "coord_range_upper": 1
  },
  "solution": {
    "status": "optimal",
    "center_coordinates": {
      "cluster_1": {
        "dim_1": -0.418574999334048,
        "dim_2": 0.11969979946947,
        "dim_3": -0.084103965615788,
        "dim_4": 0.321575926111187,
        "dim_5": 0.309899668676151
      },
      "cluster_2": {
        "dim_1": -0.083629651205045,
        "dim_2": -0.709111657027323,
        "dim_3": 0.211125797830211,
        "dim_4": -0.765806551660251,
        "dim_5": -0.687583108933929
      },
      "cluster_3": {
        "dim_1": 0.32668170175441,
        "dim_2": 0.224100850777231,
        "dim_3": -0.617469464465993,
        "dim_4": -0.56321415167663,
        "dim_5": 0.282937219985391
      }
    },
    "distances": {
      "1": 0.499342859642769,
      "2": 1.333671475367324,
      "3": 0.998534428184708,
      "4": 0.736113407324986,
      "5": 1.384047029944673,
      "6": 1.42274509390254,
      "7": 0.766534209429297,
      "8": 0.835576487325259,
      "9": 0.873168173992337,
      "10": 1.278714284843072,
      "11": 0.226189359736663,
      "12": 0.353064985230835,
      "13": 1.013995684918291,
      "14": 0.649730942589107,
      "15": 0.544012479377214,
      "16": 0.640085634229025,
      "17": 1.133624824960213,
      "18": 0.698034881982742,
      "19": 1.402092969391514,
      "20": 1.311359399276513
    },
    "objective_value": 18.10063861164908,
    "lower_bound": 4.278516455247387,
    "absolute_gap": 13.822122156401694,
    "relative_gap": 3.230587588239739
  },
  "performance": {
    "solution_time_seconds": 1801.924174785614,
    "solver_status": "ok",
    "termination_condition": "optimal",
    "solver": "gams",
    "subsolver": "scip",
    "is_relaxation": false,
    "root_relaxation_value": 4.27851645524739,
    "root_relaxation_gap_percent": 76.36262152378507,
    "relaxation_gap_percent": null,
    "absolute_gap": null
  }
}