{
  "model_parameters": {
    "n_dimensions": 5,
    "n_clusters": 4,
    "n_points": 16,
    "coord_range_lower": -1,
    "coord_range_upper": 1
  },
  "solution": {
    "status": "optimal",
    "center_coordinates": {
      "cluster_1": {
        "dim_1": -0.787043892203439,
        "dim_2": 0.35052953379198,
        "dim_3": 0.411491246008329,
        "dim_4": -0.624069121969389,
        "dim_5": -0.861295780669075
      },
      "cluster_2": {
        "dim_1": -0.010714399687783,
        "dim_2": 0.58765084273335,
        "dim_3": 0.192954711380892,
        "dim_4": -0.521956009736505,
        "dim_5": 0.648100166436995
      },
      "cluster_3": {
        "dim_1": -0.010714397049353,
        "dim_2": 0.215349893046574,
        "dim_3": -0.193086766239187,
        "dim_4": 0.571816563116897,
        "dim_5": -0.692186392924046
      },
      "cluster_4": {
        "dim_1": 0.213852279797196,
        "dim_2": -0.453348393084834,
        "dim_3": 0.441581827225359,
        "dim_4": -0.272093353422211,
        "dim_5": -0.204492642313446
      }
    },
    "distances": {
      "1": 0.559516025448007,
      "2": 0.935167054333234,
      "3": 0.321925033747953,
      "4": 1.257458561418021,
      "5": 0.151235969971632,
      "6": 1.067329941497449,
      "7": 0.420637999300499,
      "8": 1.428921792397654,
      "9": 0.59756039663663,
      "10": 0.685255413979364,
      "11": 1.00014763327259,
      "12": 0.7313070714776,
      "13": 0.268228781496496,
      "14": 0.304443845555697,
      "15": 1.097045908326034,
      "16": 0.793282525665238
    },
    "objective_value": 11.619463954524099,
    "lower_bound": 7.505109508337927,
    "upper_bound": 11.6194639545241,
    "absolute_gap": 4.114354446186171,
    "relative_gap": 0.54820711698014
  },
  "performance": {
    "solution_time_seconds": 301.819215297699,
    "solver_status": "ok",
    "termination_condition": "optimal",
    "solver": "gams",
    "subsolver": "baron",
    "is_relaxation": false,
    "root_relaxation_value": 4.20581,
    "root_relaxation_gap_percent": 63.80375190748412,
    "relaxation_gap_percent": null,
    "absolute_gap": null
  }
}