{
  "model_parameters": {
    "n_dimensions": 3,
    "n_clusters": 4,
    "n_points": 12,
    "coord_range_lower": -1,
    "coord_range_upper": 1
  },
  "solution": {
    "status": "optimal",
    "center_coordinates": {
      "cluster_1": {
        "dim_1": -0.559488747247936,
        "dim_2": 0.175348340235328,
        "dim_3": 0.35467727302741
      },
      "cluster_2": {
        "dim_1": -0.103796296344332,
        "dim_2": 0.831165829738612,
        "dim_3": -0.450153076551916
      },
      "cluster_3": {
        "dim_1": 0.525002625634172,
        "dim_2": -0.092357600124682,
        "dim_3": 0.895775452701788
      },
      "cluster_4": {
        "dim_1": 0.525002625634172,
        "dim_2": -0.451195555021877,
        "dim_3": -0.457730270720451
      }
    },
    "distances": {
      "1": 0.020430899129332,
      "2": 0.367136608694277,
      "3": 0.260796371696716,
      "4": 0.179934056149892,
      "5": 0.136758802049206,
      "6": 0.057360590805815,
      "7": 0.253679763826577,
      "8": 0.115923385667611,
      "9": 0.037187218509755,
      "10": 0.19219669891408,
      "11": 0.46838068353806,
      "12": 0.095677312962336
    },
    "objective_value": 2.185462391943657,
    "lower_bound": 2.185462391931826,
    "upper_bound": 2.185462391943657,
    "absolute_gap": 1.1830980639615518e-11,
    "relative_gap": 5.413490839875582e-12
  },
  "performance": {
    "solution_time_seconds": 53.64678454399109,
    "solver_status": "ok",
    "termination_condition": "optimal",
    "solver": "gams",
    "subsolver": "baron",
    "is_relaxation": false,
    "root_relaxation_value": 0.0,
    "root_relaxation_gap_percent": 100.0,
    "relaxation_gap_percent": null,
    "absolute_gap": null
  }
}