{
  "model_parameters": {
    "n_dimensions": 5,
    "n_clusters": 3,
    "n_points": 15,
    "coord_range_lower": -1,
    "coord_range_upper": 1
  },
  "solution": {
    "status": "optimal",
    "center_coordinates": {
      "cluster_1": {
        "dim_1": 0.117788411732064,
        "dim_2": -0.038569752119996,
        "dim_3": -0.625069816865381,
        "dim_4": -0.177882512430513,
        "dim_5": -0.65827091941784
      },
      "cluster_2": {
        "dim_1": 0.316681028829214,
        "dim_2": 0.079143037357116,
        "dim_3": 0.599653456297163,
        "dim_4": -0.753837466979898,
        "dim_5": -0.170953676441358
      },
      "cluster_3": {
        "dim_1": 0.433985278347712,
        "dim_2": 0.03183574147463,
        "dim_3": -0.029421304560115,
        "dim_4": 0.396553171738288,
        "dim_5": 0.668626274348578
      }
    },
    "distances": {
      "1": 1.154989333125392,
      "2": 0.373460118048935,
      "3": 0.332008182220787,
      "4": 0.293714301062796,
      "5": 1.104709536437745,
      "6": 0.952222745728301,
      "7": 1.075324575839689,
      "8": 1.28068818723517,
      "9": 1.532897793351394,
      "10": 0.780550164377245,
      "11": 0.279866445774989,
      "12": 1.11953266841985,
      "13": 0.482464457578795,
      "14": 1.219748898948258,
      "15": 0.662649557177475
    },
    "objective_value": 12.644826965326821,
    "lower_bound": 8.375337241608573,
    "absolute_gap": 4.269489723718248,
    "relative_gap": 0.5097692905436064
  },
  "performance": {
    "solution_time_seconds": 1801.7306942939758,
    "solver_status": "ok",
    "termination_condition": "optimal",
    "solver": "gams",
    "subsolver": "scip",
    "is_relaxation": false,
    "root_relaxation_value": 8.37533724160857,
    "root_relaxation_gap_percent": 33.764714498866226,
    "relaxation_gap_percent": null,
    "absolute_gap": null
  }
}