{
  "model_parameters": {
    "n_dimensions": 4,
    "n_clusters": 3,
    "n_points": 10,
    "coord_range_lower": -1,
    "coord_range_upper": 1
  },
  "solution": {
    "status": "optimal",
    "center_coordinates": {
      "cluster_1": {
        "dim_1": -0.459581367598397,
        "dim_2": 0.151086742209028,
        "dim_3": 0.785471012297363,
        "dim_4": -0.538661819266195
      },
      "cluster_2": {
        "dim_1": 0.038469322917552,
        "dim_2": -0.525035659491202,
        "dim_3": 0.436328985767072,
        "dim_4": 0.385663307939685
      },
      "cluster_3": {
        "dim_1": 0.359188594126203,
        "dim_2": 0.93636321585372,
        "dim_3": 0.091539766103198,
        "dim_4": -0.607881358988206
      }
    },
    "distances": {
      "1": 0.007353118097885,
      "2": 0.915051479832517,
      "3": 0.579191875889336,
      "4": 0.291296765993941,
      "5": 0.045213773398158,
      "6": 0.0,
      "7": 0.656780854785802,
      "8": 0.399877891674619,
      "9": 0.371157885972454,
      "10": 0.577079658519791
    },
    "objective_value": 3.843003304164503,
    "lower_bound": 3.843003304164502,
    "absolute_gap": 8.881784197001252e-16,
    "relative_gap": 2.3111570545298344e-16
  },
  "performance": {
    "solution_time_seconds": 48.08293437957764,
    "solver_status": "ok",
    "termination_condition": "optimal",
    "solver": "gams",
    "subsolver": "baron",
    "is_relaxation": false,
    "root_relaxation_value": 0.0,
    "root_relaxation_gap_percent": 100.0,
    "relaxation_gap_percent": null,
    "absolute_gap": null
  }
}