{
  "model_parameters": {
    "n_dimensions": 2,
    "n_clusters": 4,
    "n_points": 10,
    "coord_range_lower": -1,
    "coord_range_upper": 1
  },
  "solution": {
    "status": "optimal",
    "center_coordinates": {
      "cluster_1": {
        "dim_1": -0.703565048993754,
        "dim_2": -0.404749447998116
      },
      "cluster_2": {
        "dim_1": -0.077806653253113,
        "dim_2": 0.277532109447149
      },
      "cluster_3": {
        "dim_1": 0.579142912080897,
        "dim_2": 0.637752714271416
      },
      "cluster_4": {
        "dim_1": 0.723154849115625,
        "dim_2": -0.197187736381725
      }
    },
    "distances": {
      "1": 0.101258585770486,
      "2": 0.123207616659082,
      "3": 0.093791214744801,
      "4": 0.052627565015602,
      "5": 0.006241236084161,
      "6": 0.014862576144176,
      "7": 0.006241236088983,
      "8": 0.077863169422436,
      "9": 0.029857142021016,
      "10": 0.093791214740724
    },
    "objective_value": 0.599741556691467,
    "lower_bound": 0.599741556691468,
    "absolute_gap": -9.992007221626409e-16,
    "relative_gap": -1.6660521703295464e-15
  },
  "performance": {
    "solution_time_seconds": 119.25810766220093,
    "solver_status": "ok",
    "termination_condition": "optimal",
    "solver": "gams",
    "subsolver": "scip",
    "is_relaxation": false,
    "root_relaxation_value": 0.599741556691468,
    "root_relaxation_gap_percent": 1.666052170329549e-13,
    "relaxation_gap_percent": null,
    "absolute_gap": null
  }
}