{
  "model_parameters": {
    "n_dimensions": 4,
    "n_clusters": 5,
    "n_points": 11,
    "coord_range_lower": -1,
    "coord_range_upper": 1
  },
  "solution": {
    "status": "optimal",
    "center_coordinates": {
      "cluster_1": {
        "dim_1": -0.226336307586226,
        "dim_2": -0.18166904808409,
        "dim_3": -0.722822930149091,
        "dim_4": -0.873977988205274
      },
      "cluster_2": {
        "dim_1": -0.214493536404368,
        "dim_2": 0.156165533944746,
        "dim_3": -0.486065631755976,
        "dim_4": 0.419300461135471
      },
      "cluster_3": {
        "dim_1": 0.006911801939415,
        "dim_2": 0.941651961768185,
        "dim_3": 0.546608763881456,
        "dim_4": -0.804877149677068
      },
      "cluster_4": {
        "dim_1": 0.732475285393255,
        "dim_2": 0.572889573978985,
        "dim_3": -0.413237399402835,
        "dim_4": 0.524587213869386
      },
      "cluster_5": {
        "dim_1": 0.766648284646536,
        "dim_2": -0.545732994862619,
        "dim_3": -0.196945799890796,
        "dim_4": 0.698847776639659
      }
    },
    "distances": {
      "1": 0.26246718648176,
      "2": 0.480448961325099,
      "3": 0.393566180695468,
      "4": 0.246529756972381,
      "5": 3.13313e-10,
      "6": 0.408786097127666,
      "7": 0.408785241416933,
      "8": 0.616074894804935,
      "9": 0.177120650007262,
      "10": 0.262467265188111,
      "11": 0.177121088093669
    },
    "objective_value": 3.433367322426597,
    "lower_bound": 3.433367322426598,
    "absolute_gap": -8.881784197001252e-16,
    "relative_gap": -2.586901826374896e-16
  },
  "performance": {
    "solution_time_seconds": 43.8918662071228,
    "solver_status": "ok",
    "termination_condition": "optimal",
    "solver": "gams",
    "subsolver": "baron",
    "is_relaxation": false,
    "root_relaxation_value": 2.77174,
    "root_relaxation_gap_percent": 19.270507938514996,
    "relaxation_gap_percent": null,
    "absolute_gap": null
  }
}