{
  "model_parameters": {
    "n_dimensions": 2,
    "n_clusters": 4,
    "n_points": 15,
    "coord_range_lower": -1,
    "coord_range_upper": 1
  },
  "solution": {
    "status": "optimal",
    "center_coordinates": {
      "cluster_1": {
        "dim_1": -0.590526244748679,
        "dim_2": -0.77947540436321
      },
      "cluster_2": {
        "dim_1": -0.518962559981497,
        "dim_2": 0.255357357050123
      },
      "cluster_3": {
        "dim_1": 0.462128512020639,
        "dim_2": 0.634827209162361
      },
      "cluster_4": {
        "dim_1": 0.756066356511195,
        "dim_2": -0.292661222977062
      }
    },
    "distances": {
      "1": 0.173467930610011,
      "2": 0.135703597453499,
      "3": 0.053434880805228,
      "4": 0.26460770867868,
      "5": 0.020671663096523,
      "6": 0.182709668150293,
      "7": 0.22403770312741,
      "8": 0.126182565240091,
      "9": 0.415274191319368,
      "10": 0.145931928009845,
      "11": 0.044627653375038,
      "12": 0.144754300254923,
      "13": 0.054174694841833,
      "14": 0.121350273357018,
      "15": 0.017798483440839
    },
    "objective_value": 2.124727241760599,
    "lower_bound": 2.124727241760597,
    "upper_bound": 2.124727241760598,
    "absolute_gap": 2.220446049250313e-15,
    "relative_gap": 1.0450499271663695e-15
  },
  "performance": {
    "solution_time_seconds": 60.21701455116272,
    "solver_status": "ok",
    "termination_condition": "optimal",
    "solver": "gams",
    "subsolver": "scip",
    "is_relaxation": false,
    "root_relaxation_value": 2.1247272417606,
    "root_relaxation_gap_percent": 4.180199708665474e-14,
    "relaxation_gap_percent": null,
    "absolute_gap": null
  }
}