{
  "model_parameters": {
    "n_dimensions": 4,
    "n_clusters": 5,
    "n_points": 13,
    "coord_range_lower": -1,
    "coord_range_upper": 1
  },
  "solution": {
    "status": "optimal",
    "center_coordinates": {
      "cluster_1": {
        "dim_1": -0.520110028839033,
        "dim_2": 0.402045797136636,
        "dim_3": 0.689501401390905,
        "dim_4": -0.182716170293176
      },
      "cluster_2": {
        "dim_1": -0.257280175473282,
        "dim_2": 0.393415394307043,
        "dim_3": -0.804439575532334,
        "dim_4": -0.566020397251921
      },
      "cluster_3": {
        "dim_1": -0.23151937824695,
        "dim_2": -0.803662733883749,
        "dim_3": -0.503130184145376,
        "dim_4": -0.398153298878729
      },
      "cluster_4": {
        "dim_1": 0.064732329420719,
        "dim_2": -0.509283183875455,
        "dim_3": 0.296819177114828,
        "dim_4": 0.160943059033902
      },
      "cluster_5": {
        "dim_1": 0.8019709095911,
        "dim_2": 0.150151629461428,
        "dim_3": -0.852009906167154,
        "dim_4": 0.440402523344155
      }
    },
    "distances": {
      "1": 0.998393461232881,
      "2": 0.198191208819928,
      "3": 0.305287439927663,
      "4": 0.651832073321744,
      "5": 0.141468733255573,
      "6": 0.438701123757964,
      "7": 0.304606693684748,
      "8": 0.619611540497484,
      "9": 0.438707359045511,
      "10": 0.119138929425131,
      "11": 0.198208279615703,
      "12": 0.123482752928376,
      "13": 0.238281910002498
    },
    "objective_value": 4.775911505515204,
    "lower_bound": 4.65106357658297,
    "absolute_gap": 0.12484792893223329,
    "relative_gap": 0.026842877306776397
  },
  "performance": {
    "solution_time_seconds": 1931.2038156986237,
    "solver_status": "ok",
    "termination_condition": "optimal",
    "solver": "gams",
    "subsolver": "baron",
    "is_relaxation": false,
    "root_relaxation_value": 0.705242,
    "root_relaxation_gap_percent": 85.23335285451606,
    "relaxation_gap_percent": null,
    "absolute_gap": null
  }
}