{
  "model_parameters": {
    "n_dimensions": 4,
    "n_clusters": 3,
    "n_points": 16,
    "coord_range_lower": -1,
    "coord_range_upper": 1
  },
  "solution": {
    "status": "optimal",
    "center_coordinates": {
      "cluster_1": {
        "dim_1": -0.6110408753168,
        "dim_2": 0.261911085818994,
        "dim_3": 0.250570273052134,
        "dim_4": 0.243556358395212
      },
      "cluster_2": {
        "dim_1": -0.062804595723571,
        "dim_2": 0.428846392852854,
        "dim_3": 0.637223769114962,
        "dim_4": -0.809023489003406
      },
      "cluster_3": {
        "dim_1": 0.266279534809202,
        "dim_2": -0.347482410713692,
        "dim_3": -0.368271131757154,
        "dim_4": 0.616239066539298
      }
    },
    "distances": {
      "1": 0.551453839084431,
      "2": 0.64943556431715,
      "3": 0.448514247428563,
      "4": 0.459319116940252,
      "5": 0.321172377248263,
      "6": 0.229378533706927,
      "7": 0.43519930013587,
      "8": 0.328601869439529,
      "9": 1.162263773134502,
      "10": 0.474148395216278,
      "11": 0.537406558542104,
      "12": 0.466848179401692,
      "13": 0.124463113752549,
      "14": 1.17620493256979,
      "15": 1.019218462201889,
      "16": 0.554614749051717
    },
    "objective_value": 8.938243012171506,
    "lower_bound": 4.484461083913334,
    "upper_bound": 8.938243012171505,
    "absolute_gap": 4.453781928258173,
    "relative_gap": 0.9931587865116696
  },
  "performance": {
    "solution_time_seconds": 300.9448847770691,
    "solver_status": "ok",
    "termination_condition": "optimal",
    "solver": "gams",
    "subsolver": "scip",
    "is_relaxation": false,
    "root_relaxation_value": 4.48446108391333,
    "root_relaxation_gap_percent": 49.82838262724913,
    "relaxation_gap_percent": null,
    "absolute_gap": null
  }
}