{
  "model_parameters": {
    "n_dimensions": 2,
    "n_clusters": 3,
    "n_points": 17,
    "coord_range_lower": -1,
    "coord_range_upper": 1
  },
  "solution": {
    "status": "optimal",
    "center_coordinates": {
      "cluster_1": {
        "dim_1": -0.741024432999878,
        "dim_2": -0.678073298804951
      },
      "cluster_2": {
        "dim_1": -0.337491332468137,
        "dim_2": 0.480628180579994
      },
      "cluster_3": {
        "dim_1": 0.450252760292154,
        "dim_2": -0.397883457831247
      }
    },
    "distances": {
      "1": 0.672664748960734,
      "2": 0.198359119352724,
      "3": 0.007624250997431,
      "4": 0.130939604227624,
      "5": 0.053549550235779,
      "6": 0.313843075430791,
      "7": 0.102856167017474,
      "8": 0.081857317784507,
      "9": 0.120725578683045,
      "10": 0.071556784867917,
      "11": 0.154720326900347,
      "12": 0.170256213400877,
      "13": 0.029732730460612,
      "14": 0.048400174206049,
      "15": 0.179428618445293,
      "16": 0.237546932213157,
      "17": 0.255774452408546
    },
    "objective_value": 2.8298356455929072,
    "lower_bound": 2.829835645592907,
    "upper_bound": 2.829835645592907,
    "absolute_gap": 4.440892098500626e-16,
    "relative_gap": 1.5693109617220088e-16
  },
  "performance": {
    "solution_time_seconds": 6.903764247894287,
    "solver_status": "ok",
    "termination_condition": "optimal",
    "solver": "gams",
    "subsolver": "scip",
    "is_relaxation": false,
    "root_relaxation_value": 2.82983564559291,
    "root_relaxation_gap_percent": 9.415865770332052e-14,
    "relaxation_gap_percent": null,
    "absolute_gap": null
  }
}