{
  "model_parameters": {
    "n_dimensions": 5,
    "n_clusters": 5,
    "n_points": 12,
    "coord_range_lower": -1,
    "coord_range_upper": 1
  },
  "solution": {
    "status": "feasible",
    "center_coordinates": {
      "cluster_1": {
        "dim_1": -0.432673172322299,
        "dim_2": 0.604458801824592,
        "dim_3": 0.464489349790178,
        "dim_4": 0.504206305538307,
        "dim_5": 0.469193067198529
      },
      "cluster_2": {
        "dim_1": -0.184561554576232,
        "dim_2": 0.510533179795596,
        "dim_3": -0.81666864912448,
        "dim_4": 0.208482411617291,
        "dim_5": 0.565842444018105
      },
      "cluster_3": {
        "dim_1": -0.074674398745026,
        "dim_2": -0.136770793524909,
        "dim_3": 0.196231204576218,
        "dim_4": 0.585680171092179,
        "dim_5": -0.755333290766649
      },
      "cluster_4": {
        "dim_1": 0.181549169067306,
        "dim_2": -0.649853668158454,
        "dim_3": 0.856181703433679,
        "dim_4": -0.512284448340225,
        "dim_5": 0.228292207875795
      },
      "cluster_5": {
        "dim_1": 0.579504515343109,
        "dim_2": 0.647756085413652,
        "dim_3": 0.623755580755899,
        "dim_4": -0.769201851834754,
        "dim_5": 0.683234573440932
      }
    },
    "distances": {
      "1": 0.533598207585796,
      "2": 0.603752787205351,
      "3": 0.439238210263796,
      "4": 0.143921783184561,
      "5": 0.533601374973824,
      "6": 0.695046545249304,
      "7": 0.510815451386651,
      "8": 0.331499527722021,
      "9": 0.0,
      "10": 0.302349194749357,
      "11": 0.106686136995712,
      "12": 0.302350830250059
    },
    "objective_value": 4.502860049566432,
    "lower_bound": 3.081427694128128,
    "upper_bound": 4.502860049566431,
    "absolute_gap": 1.421432355438304,
    "relative_gap": 0.46129018641162367
  },
  "performance": {
    "solution_time_seconds": 300.8284022808075,
    "solver_status": "ok",
    "termination_condition": "feasible",
    "solver": "gams",
    "subsolver": "gurobi",
    "is_relaxation": false,
    "root_relaxation_value": 0.0,
    "root_relaxation_gap_percent": 100.0,
    "relaxation_gap_percent": null,
    "absolute_gap": null
  }
}