{
  "model_parameters": {
    "n_dimensions": 2,
    "n_clusters": 3,
    "n_points": 17,
    "coord_range_lower": -1,
    "coord_range_upper": 1
  },
  "solution": {
    "status": "optimal",
    "center_coordinates": {
      "cluster_1": {
        "dim_1": -0.740619100376345,
        "dim_2": -0.677607910438687
      },
      "cluster_2": {
        "dim_1": -0.337259244559874,
        "dim_2": 0.48090674282975
      },
      "cluster_3": {
        "dim_1": 0.450514517420312,
        "dim_2": -0.397860728227636
      }
    },
    "distances": {
      "1": 0.672516149079642,
      "2": 0.197905135819259,
      "3": 0.007579986690247,
      "4": 0.131119515137353,
      "5": 0.053421195477181,
      "6": 0.313572481796753,
      "7": 0.102964216430781,
      "8": 0.082203916394504,
      "9": 0.120688956117824,
      "10": 0.071698291405282,
      "11": 0.154936096730429,
      "12": 0.170402876387874,
      "13": 0.02972705526914,
      "14": 0.048422716755356,
      "15": 0.179549454770574,
      "16": 0.237589143142921,
      "17": 0.255547941565438
    },
    "objective_value": 2.829845128970558,
    "lower_bound": 2.829845128970558,
    "absolute_gap": 0.0,
    "relative_gap": 0.0
  },
  "performance": {
    "solution_time_seconds": 91.70874667167664,
    "solver_status": "ok",
    "termination_condition": "optimal",
    "solver": "gams",
    "subsolver": "baron",
    "is_relaxation": false,
    "root_relaxation_value": 0.0,
    "root_relaxation_gap_percent": 100.0,
    "relaxation_gap_percent": null,
    "absolute_gap": null
  }
}