{
  "model_parameters": {
    "n_dimensions": 5,
    "n_clusters": 4,
    "n_points": 15,
    "coord_range_lower": -1,
    "coord_range_upper": 1
  },
  "solution": {
    "status": "feasible",
    "center_coordinates": {
      "cluster_1": {
        "dim_1": -0.591876001683333,
        "dim_2": 0.711374528543343,
        "dim_3": 0.041502512024103,
        "dim_4": 0.011948228981237,
        "dim_5": 0.560261105176698
      },
      "cluster_2": {
        "dim_1": -0.553354750792048,
        "dim_2": -0.576887301463945,
        "dim_3": -0.712233774708544,
        "dim_4": 0.051559303349943,
        "dim_5": 0.223015049947034
      },
      "cluster_3": {
        "dim_1": 0.452590811083113,
        "dim_2": 0.397516300217489,
        "dim_3": 0.482928641793461,
        "dim_4": 0.177148126870234,
        "dim_5": -0.361549879601067
      },
      "cluster_4": {
        "dim_1": 0.770097097039615,
        "dim_2": -0.360498451246136,
        "dim_3": -0.201562335732997,
        "dim_4": 0.088720896247276,
        "dim_5": 0.689236403938681
      }
    },
    "distances": {
      "1": 0.522697623729063,
      "2": 0.753356372783286,
      "3": 0.75671888366471,
      "4": 0.97192724080161,
      "5": 0.424439277032442,
      "6": 1.02395717927289,
      "7": 0.462879336573113,
      "8": 0.818263628893283,
      "9": 0.378498144830109,
      "10": 0.09534892408453,
      "11": 1.798898371063208,
      "12": 0.280727246235636,
      "13": 0.608969036741453,
      "14": 0.355440092603613,
      "15": 0.843842211057854
    },
    "objective_value": 10.0959635693668,
    "lower_bound": 4.107074193338183,
    "upper_bound": 10.095963569366798,
    "absolute_gap": 5.9888893760286175,
    "relative_gap": 1.4581887480247628
  },
  "performance": {
    "solution_time_seconds": 300.70678997039795,
    "solver_status": "ok",
    "termination_condition": "feasible",
    "solver": "gams",
    "subsolver": "gurobi",
    "is_relaxation": false,
    "root_relaxation_value": 0.0,
    "root_relaxation_gap_percent": 100.0,
    "relaxation_gap_percent": null,
    "absolute_gap": null
  }
}