{
  "model_parameters": {
    "n_dimensions": 4,
    "n_clusters": 3,
    "n_points": 13,
    "coord_range_lower": -1,
    "coord_range_upper": 1
  },
  "solution": {
    "status": "optimal",
    "center_coordinates": {
      "cluster_1": {
        "dim_1": -0.297825101859438,
        "dim_2": -0.516138540027507,
        "dim_3": -0.150256205409133,
        "dim_4": 0.59630256368862
      },
      "cluster_2": {
        "dim_1": 0.220703837232002,
        "dim_2": -0.123611787334085,
        "dim_3": -0.67433070631576,
        "dim_4": -0.56958570799803
      },
      "cluster_3": {
        "dim_1": 0.664018386021771,
        "dim_2": -0.295031417383902,
        "dim_3": 0.410153359174728,
        "dim_4": -0.215536817105925
      }
    },
    "distances": {
      "1": 0.855978985568829,
      "2": 0.369117631180064,
      "3": 1.070387995514748,
      "4": 0.476673122299037,
      "5": 0.686600212044494,
      "6": 0.232029185132816,
      "7": 0.328856445998836,
      "8": 0.667468810294214,
      "9": 0.522251619279911,
      "10": 0.176201743438479,
      "11": 0.813180828565945,
      "12": 0.251694826829636,
      "13": 0.28958446869591
    },
    "objective_value": 6.740025874842919,
    "lower_bound": 6.74002587484294,
    "upper_bound": 6.740025874842919,
    "absolute_gap": -2.042810365310288e-14,
    "relative_gap": -3.0308642774429868e-15
  },
  "performance": {
    "solution_time_seconds": 48.11761021614075,
    "solver_status": "ok",
    "termination_condition": "optimal",
    "solver": "gams",
    "subsolver": "scip",
    "is_relaxation": false,
    "root_relaxation_value": 6.74002587484294,
    "root_relaxation_gap_percent": 3.030864277442996e-13,
    "relaxation_gap_percent": null,
    "absolute_gap": null
  }
}