{
  "model_parameters": {
    "n_dimensions": 3,
    "n_clusters": 3,
    "n_points": 14,
    "coord_range_lower": -1,
    "coord_range_upper": 1
  },
  "solution": {
    "status": "optimal",
    "center_coordinates": {
      "cluster_1": {
        "dim_1": -0.733024770543953,
        "dim_2": -0.056986979174936,
        "dim_3": -0.397951929410235
      },
      "cluster_2": {
        "dim_1": -0.530989413995574,
        "dim_2": -0.85352014883247,
        "dim_3": 0.138045609635832
      },
      "cluster_3": {
        "dim_1": 0.359412152670964,
        "dim_2": 0.438993904205423,
        "dim_3": 0.408914932914603
      }
    },
    "distances": {
      "1": 0.485352836009551,
      "2": 0.064814224491988,
      "3": 0.045454143214511,
      "4": 0.012984183385313,
      "5": 0.35530740456059,
      "6": 0.475431003281817,
      "7": 0.817071196661915,
      "8": 0.193228716229918,
      "9": 0.447615313480177,
      "10": 0.027262372996769,
      "11": 0.870811818567981,
      "12": 0.287887951347274,
      "13": 0.145703037382231,
      "14": 0.39399292118625
    },
    "objective_value": 4.622917122796285,
    "lower_bound": 4.622908378120383,
    "absolute_gap": 8.744675902505605e-06,
    "relative_gap": 1.8915961959992559e-06
  },
  "performance": {
    "solution_time_seconds": 1801.7762098312378,
    "solver_status": "ok",
    "termination_condition": "optimal",
    "solver": "gams",
    "subsolver": "scip",
    "is_relaxation": false,
    "root_relaxation_value": 4.62290837812038,
    "root_relaxation_gap_percent": 0.00018915926184462307,
    "relaxation_gap_percent": null,
    "absolute_gap": null
  }
}