{
  "model_parameters": {
    "n_dimensions": 5,
    "n_clusters": 4,
    "n_points": 11,
    "coord_range_lower": -1,
    "coord_range_upper": 1
  },
  "solution": {
    "status": "optimal",
    "center_coordinates": {
      "cluster_1": {
        "dim_1": -0.782581032691617,
        "dim_2": -0.5306396484375,
        "dim_3": -0.5013427734375,
        "dim_4": 0.435503565396003,
        "dim_5": -0.380740608095614
      },
      "cluster_2": {
        "dim_1": -0.733526728855089,
        "dim_2": 0.546173095703125,
        "dim_3": 0.372433082812485,
        "dim_4": -0.663735826595671,
        "dim_5": 0.159824062076657
      },
      "cluster_3": {
        "dim_1": -0.467268099902118,
        "dim_2": 0.037014007568359,
        "dim_3": 0.661808212090734,
        "dim_4": 0.463033452630043,
        "dim_5": -0.080710709095001
      },
      "cluster_4": {
        "dim_1": 0.527940256135185,
        "dim_2": 0.280989321046951,
        "dim_3": 0.604477910860036,
        "dim_4": -0.394470286167149,
        "dim_5": 0.065374737020615
      }
    },
    "distances": {
      "1": 0.218325300835949,
      "2": 0.41533978137811,
      "3": 0.586466853711372,
      "4": 0.953879774698668,
      "5": 0.21854926881066,
      "6": 0.500075722975419,
      "7": 0.439892329023812,
      "8": 0.277407437920157,
      "9": 0.440338539598292,
      "10": 0.310377008087774,
      "11": 0.486054282589892
    },
    "objective_value": 4.846706299630105,
    "lower_bound": 4.84670629963011,
    "upper_bound": 4.846706299630106,
    "absolute_gap": -5.329070518200751e-15,
    "relative_gap": -1.0995241280882759e-15
  },
  "performance": {
    "solution_time_seconds": 101.36721801757812,
    "solver_status": "ok",
    "termination_condition": "optimal",
    "solver": "gams",
    "subsolver": "scip",
    "is_relaxation": false,
    "root_relaxation_value": 4.84670629963011,
    "root_relaxation_gap_percent": 1.0995241280882773e-13,
    "relaxation_gap_percent": null,
    "absolute_gap": null
  }
}