{
  "model_parameters": {
    "n_dimensions": 5,
    "n_clusters": 3,
    "n_points": 17,
    "coord_range_lower": -1,
    "coord_range_upper": 1
  },
  "solution": {
    "status": "optimal",
    "center_coordinates": {
      "cluster_1": {
        "dim_1": -0.343030145853013,
        "dim_2": 0.140963603707062,
        "dim_3": 0.027655988928872,
        "dim_4": 0.208010254516498,
        "dim_5": 0.705044136706936
      },
      "cluster_2": {
        "dim_1": -0.259367055393223,
        "dim_2": -0.293206843019794,
        "dim_3": -0.249646951774248,
        "dim_4": 0.220819245071734,
        "dim_5": -0.620192815560313
      },
      "cluster_3": {
        "dim_1": 0.55292408625969,
        "dim_2": -0.832295046307994,
        "dim_3": -0.004684330757843,
        "dim_4": 0.924366381859316,
        "dim_5": 0.496531001969918
      }
    },
    "distances": {
      "1": 1.117848506217029,
      "2": 0.073998941364864,
      "3": 1.492435321392197,
      "4": 1.663215082199437,
      "5": 2.291008503510015,
      "6": 0.311059081090672,
      "7": 0.95025694853293,
      "8": 0.274450611056416,
      "9": 1.21988427724506,
      "10": 1.524490642481429,
      "11": 0.466812519342733,
      "12": 0.314074844167486,
      "13": 0.585600323155428,
      "14": 0.527188556418949,
      "15": 0.913607199802458,
      "16": 2.12695124244493,
      "17": 0.754637473832129
    },
    "objective_value": 16.60752007425416,
    "lower_bound": 6.984763472583593,
    "absolute_gap": 9.622756601670568,
    "relative_gap": 1.3776782334064075
  },
  "performance": {
    "solution_time_seconds": 1801.8295238018036,
    "solver_status": "ok",
    "termination_condition": "optimal",
    "solver": "gams",
    "subsolver": "scip",
    "is_relaxation": false,
    "root_relaxation_value": 6.98476347258359,
    "root_relaxation_gap_percent": 57.94216450527292,
    "relaxation_gap_percent": null,
    "absolute_gap": null
  }
}