{
  "model_parameters": {
    "n_dimensions": 5,
    "n_clusters": 5,
    "n_points": 11,
    "coord_range_lower": -1,
    "coord_range_upper": 1
  },
  "solution": {
    "status": "optimal",
    "center_coordinates": {
      "cluster_1": {
        "dim_1": -0.53535253890756,
        "dim_2": 0.825611065727572,
        "dim_3": 0.615299820301851,
        "dim_4": 0.047593097331104,
        "dim_5": 0.189279577942931
      },
      "cluster_2": {
        "dim_1": -0.259672309947111,
        "dim_2": 0.050883019110235,
        "dim_3": -0.510605216091022,
        "dim_4": 0.7878988678793,
        "dim_5": 0.598942778855282
      },
      "cluster_3": {
        "dim_1": 0.064534645626349,
        "dim_2": -0.603733099842493,
        "dim_3": -0.144125912639427,
        "dim_4": -0.160243880936488,
        "dim_5": 0.15555575754884
      },
      "cluster_4": {
        "dim_1": 0.379428503962209,
        "dim_2": 0.740605062401637,
        "dim_3": -0.447868285469146,
        "dim_4": -0.810554606887079,
        "dim_5": 0.974485870091641
      },
      "cluster_5": {
        "dim_1": 0.379428503962209,
        "dim_2": 0.607596432689803,
        "dim_3": -0.869700291199499,
        "dim_4": 0.258582905067781,
        "dim_5": -0.833812634520889
      }
    },
    "distances": {
      "1": 1.042403440464882,
      "2": 0.200704966316776,
      "3": 0.76056642081994,
      "4": 0.825566928625954,
      "5": 0.314377722265625,
      "6": 0.296064284224737,
      "7": 0.102930563769177,
      "8": 0.65626575427569,
      "9": 0.566915574753573,
      "10": 0.100468586442561,
      "11": 0.200704966352989
    },
    "objective_value": 5.066969208311904,
    "lower_bound": 0.520940619074586,
    "upper_bound": 5.066969208311905,
    "absolute_gap": 4.546028589237318,
    "relative_gap": 8.726577315689099
  },
  "performance": {
    "solution_time_seconds": 301.6135766506195,
    "solver_status": "ok",
    "termination_condition": "optimal",
    "solver": "gams",
    "subsolver": "baron",
    "is_relaxation": false,
    "root_relaxation_value": 0.0,
    "root_relaxation_gap_percent": 100.0,
    "relaxation_gap_percent": null,
    "absolute_gap": null
  }
}