{
  "model_parameters": {
    "n_dimensions": 4,
    "n_clusters": 4,
    "n_points": 14,
    "coord_range_lower": -1,
    "coord_range_upper": 1
  },
  "solution": {
    "status": "optimal",
    "center_coordinates": {
      "cluster_1": {
        "dim_1": -0.788792227194045,
        "dim_2": 0.828397390012988,
        "dim_3": -0.907638442157794,
        "dim_4": -0.542663975733789
      },
      "cluster_2": {
        "dim_1": -0.545848294911334,
        "dim_2": -0.1842041015625,
        "dim_3": 0.521561266084618,
        "dim_4": 0.84522778422272
      },
      "cluster_3": {
        "dim_1": 0.169848635186658,
        "dim_2": 0.317609673282029,
        "dim_3": 0.824606433626423,
        "dim_4": -0.370348679076628
      },
      "cluster_4": {
        "dim_1": 0.826228058405542,
        "dim_2": -0.166014580992257,
        "dim_3": -0.207723007683445,
        "dim_4": 0.013930532976806
      }
    },
    "distances": {
      "1": 0.428332009483243,
      "2": 0.208894116725736,
      "3": 0.200584379264254,
      "4": 0.596983696580448,
      "5": 0.455470606072079,
      "6": 0.893148153188846,
      "7": 1.144266815589513,
      "8": 0.333659626195872,
      "9": 0.659233119942899,
      "10": 0.364583108394488,
      "11": 0.401424074552579,
      "12": 0.441672479444047,
      "13": 0.209157525711352,
      "14": 0.983808620877462
    },
    "objective_value": 7.321218332022818,
    "lower_bound": 0.993930549329212,
    "upper_bound": 7.321218332022819,
    "absolute_gap": 6.327287782693606,
    "relative_gap": 6.365925453205752
  },
  "performance": {
    "solution_time_seconds": 301.24404096603394,
    "solver_status": "ok",
    "termination_condition": "optimal",
    "solver": "gams",
    "subsolver": "scip",
    "is_relaxation": false,
    "root_relaxation_value": 0.993930549329212,
    "root_relaxation_gap_percent": 86.42397338456927,
    "relaxation_gap_percent": null,
    "absolute_gap": null
  }
}