{
  "model_parameters": {
    "n_dimensions": 3,
    "n_clusters": 4,
    "n_points": 10,
    "coord_range_lower": -1,
    "coord_range_upper": 1
  },
  "solution": {
    "status": "optimal",
    "center_coordinates": {
      "cluster_1": {
        "dim_1": -0.600065759437465,
        "dim_2": -0.490624900583638,
        "dim_3": -0.373297766733087
      },
      "cluster_2": {
        "dim_1": -0.55758070687051,
        "dim_2": 0.558990508341204,
        "dim_3": -0.277112034749244
      },
      "cluster_3": {
        "dim_1": 0.406754292419497,
        "dim_2": 0.23294139206223,
        "dim_3": 0.32996597150988
      },
      "cluster_4": {
        "dim_1": 0.542701555868661,
        "dim_2": 0.43886206246019,
        "dim_3": -0.969854594667914
      }
    },
    "distances": {
      "1": 0.156064569879318,
      "2": 0.333992256751375,
      "3": 0.011641729884527,
      "4": 0.181886006714676,
      "5": 0.206528891802402,
      "6": 0.020016564517593,
      "7": 0.047562890367653,
      "8": 0.206071728289601,
      "9": 0.145325602995205,
      "10": 0.0
    },
    "objective_value": 1.30909024120235,
    "lower_bound": 1.309090241202349,
    "upper_bound": 1.309090241202349,
    "absolute_gap": 8.881784197001252e-16,
    "relative_gap": 6.78469972310211e-16
  },
  "performance": {
    "solution_time_seconds": 32.70412826538086,
    "solver_status": "ok",
    "termination_condition": "optimal",
    "solver": "gams",
    "subsolver": "scip",
    "is_relaxation": false,
    "root_relaxation_value": 1.30909024120235,
    "root_relaxation_gap_percent": 0.0,
    "relaxation_gap_percent": null,
    "absolute_gap": null
  }
}