{
  "model_parameters": {
    "n_dimensions": 2,
    "n_clusters": 5,
    "n_points": 17,
    "coord_range_lower": -1,
    "coord_range_upper": 1
  },
  "solution": {
    "status": "optimal",
    "center_coordinates": {
      "cluster_1": {
        "dim_1": -0.473718894902429,
        "dim_2": -0.461368001271073
      },
      "cluster_2": {
        "dim_1": -0.303463188621733,
        "dim_2": 0.767392845389355
      },
      "cluster_3": {
        "dim_1": -0.234548870067813,
        "dim_2": 0.12843559126228
      },
      "cluster_4": {
        "dim_1": 0.604149235246536,
        "dim_2": -0.63467691020821
      },
      "cluster_5": {
        "dim_1": 0.711978583017002,
        "dim_2": 0.346805275147918
      }
    },
    "distances": {
      "1": 0.215280566195754,
      "2": 0.064063842732864,
      "3": 0.045228577228316,
      "4": 0.101049992405273,
      "5": 0.126092040131429,
      "6": 0.086373950458327,
      "7": 0.009096406234657,
      "8": 0.00909640623452,
      "9": 0.150197358841941,
      "10": 0.073058549516282,
      "11": 0.092063286564426,
      "12": 0.03825474379606,
      "13": 0.028511089930381,
      "14": 0.02297140814726,
      "15": 0.073499977027485,
      "16": 0.142732896789785,
      "17": 0.022588269725699
    },
    "objective_value": 1.300159361960459,
    "lower_bound": 0.363769234948601,
    "upper_bound": 1.300159361960458,
    "absolute_gap": 0.936390127011858,
    "relative_gap": 2.5741322713674943
  },
  "performance": {
    "solution_time_seconds": 301.6314306259155,
    "solver_status": "ok",
    "termination_condition": "optimal",
    "solver": "gams",
    "subsolver": "baron",
    "is_relaxation": false,
    "root_relaxation_value": 0.0,
    "root_relaxation_gap_percent": 100.0,
    "relaxation_gap_percent": null,
    "absolute_gap": null
  }
}