{
  "model_parameters": {
    "n_dimensions": 2,
    "n_clusters": 3,
    "n_points": 16,
    "coord_range_lower": -1,
    "coord_range_upper": 1
  },
  "solution": {
    "status": "optimal",
    "center_coordinates": {
      "cluster_1": {
        "dim_1": -0.591609138405303,
        "dim_2": -0.567686313390731
      },
      "cluster_2": {
        "dim_1": -0.362850750789568,
        "dim_2": 0.333383124350681
      },
      "cluster_3": {
        "dim_1": 0.686965961745302,
        "dim_2": 0.481495475781621
      }
    },
    "distances": {
      "1": 0.109482658315792,
      "2": 0.348054410718081,
      "3": 0.047041039803045,
      "4": 0.141839254733437,
      "5": 0.024371141391689,
      "6": 0.7732211835175,
      "7": 0.227644159123072,
      "8": 0.1015114974163,
      "9": 0.135346672698177,
      "10": 0.096283738566367,
      "11": 0.038809339277113,
      "12": 0.169504073209201,
      "13": 0.078292054560793,
      "14": 0.159673786113516,
      "15": 0.215361966907972,
      "16": 0.17163756318069
    },
    "objective_value": 2.838074539532745,
    "lower_bound": 2.838072834983345,
    "absolute_gap": 1.7045493998502081e-06,
    "relative_gap": 6.006010060204149e-07
  },
  "performance": {
    "solution_time_seconds": 18.362434148788452,
    "solver_status": "ok",
    "termination_condition": "optimal",
    "solver": "gams",
    "subsolver": "gurobi",
    "is_relaxation": false,
    "root_relaxation_value": 0.0,
    "root_relaxation_gap_percent": 100.0,
    "relaxation_gap_percent": null,
    "absolute_gap": null
  }
}