{
  "model_parameters": {
    "n_dimensions": 2,
    "n_clusters": 4,
    "n_points": 10,
    "coord_range_lower": -1,
    "coord_range_upper": 1
  },
  "solution": {
    "status": "optimal",
    "center_coordinates": {
      "cluster_1": {
        "dim_1": -0.70357802564777,
        "dim_2": -0.40414832540187
      },
      "cluster_2": {
        "dim_1": -0.077588670649727,
        "dim_2": 0.27711179715509
      },
      "cluster_3": {
        "dim_1": 0.579128708018308,
        "dim_2": 0.637989070228124
      },
      "cluster_4": {
        "dim_1": 0.723441124821761,
        "dim_2": -0.197452354638573
      }
    },
    "distances": {
      "1": 0.101413723308948,
      "2": 0.12328233031401,
      "3": 0.093994700667053,
      "4": 0.052697015096686,
      "5": 0.006265995807227,
      "6": 0.014746682158326,
      "7": 0.006215951562961,
      "8": 0.0778224513815,
      "9": 0.029711212417098,
      "10": 0.093587484331701
    },
    "objective_value": 0.59973754704551,
    "lower_bound": 0.599737547045509,
    "upper_bound": 0.599737547045509,
    "absolute_gap": 9.992007221626409e-16,
    "relative_gap": 1.666063309000762e-15
  },
  "performance": {
    "solution_time_seconds": 16.837186813354492,
    "solver_status": "ok",
    "termination_condition": "optimal",
    "solver": "gams",
    "subsolver": "scip",
    "is_relaxation": false,
    "root_relaxation_value": 0.599737547045509,
    "root_relaxation_gap_percent": 1.6660633090007593e-13,
    "relaxation_gap_percent": null,
    "absolute_gap": null
  }
}