{
  "model_parameters": {
    "n_dimensions": 4,
    "n_clusters": 4,
    "n_points": 17,
    "coord_range_lower": -1,
    "coord_range_upper": 1
  },
  "solution": {
    "status": "optimal",
    "center_coordinates": {
      "cluster_1": {
        "dim_1": -0.468344434186603,
        "dim_2": 0.086069681178639,
        "dim_3": -0.593531393320283,
        "dim_4": 0.338371714518604
      },
      "cluster_2": {
        "dim_1": -0.437566074631531,
        "dim_2": 0.522715135668987,
        "dim_3": 0.690082507751359,
        "dim_4": 0.077054566399133
      },
      "cluster_3": {
        "dim_1": 0.3232577943642,
        "dim_2": 0.857125805414594,
        "dim_3": -0.03327105162996,
        "dim_4": -0.727643696645925
      },
      "cluster_4": {
        "dim_1": 0.529906706994254,
        "dim_2": -0.546530786457431,
        "dim_3": 0.259778063074429,
        "dim_4": -0.08725302179003
      }
    },
    "distances": {
      "1": 0.131378184626936,
      "2": 0.415324951173935,
      "3": 0.389810977602327,
      "4": 0.883201562066468,
      "5": 0.415325019803201,
      "6": 0.39343068838987,
      "7": 0.218469026506388,
      "8": 0.173985389932815,
      "9": 0.46672772213802,
      "10": 0.362825011799207,
      "11": 0.218468995762638,
      "12": 1.273224059907848,
      "13": 0.206032257599354,
      "14": 0.311446456325772,
      "15": 0.798807815585364,
      "16": 1.394522331404797,
      "17": 0.918511248607046
    },
    "objective_value": 8.971491699231986,
    "lower_bound": 8.971491699231983,
    "absolute_gap": 3.552713678800501e-15,
    "relative_gap": 3.960003305921395e-16
  },
  "performance": {
    "solution_time_seconds": 51.674293518066406,
    "solver_status": "ok",
    "termination_condition": "optimal",
    "solver": "gams",
    "subsolver": "baron",
    "is_relaxation": false,
    "root_relaxation_value": 0.0,
    "root_relaxation_gap_percent": 100.0,
    "relaxation_gap_percent": null,
    "absolute_gap": null
  }
}