{
  "model_parameters": {
    "n_dimensions": 3,
    "n_clusters": 3,
    "n_points": 15,
    "coord_range_lower": -1,
    "coord_range_upper": 1
  },
  "solution": {
    "status": "optimal",
    "center_coordinates": {
      "cluster_1": {
        "dim_1": -0.009201538596341,
        "dim_2": 0.517793013943712,
        "dim_3": -0.426814329081592
      },
      "cluster_2": {
        "dim_1": 0.366720234749706,
        "dim_2": -0.012793469688296,
        "dim_3": 0.625509985479608
      },
      "cluster_3": {
        "dim_1": 0.416898393445203,
        "dim_2": -0.555380156801557,
        "dim_3": -0.06394971319077
      }
    },
    "distances": {
      "1": 0.050388877679478,
      "2": 0.248000683165492,
      "3": 0.149576518553645,
      "4": 0.335925024454345,
      "5": 0.084748445066142,
      "6": 0.251796972748044,
      "7": 0.129968213977461,
      "8": 0.763973046371206,
      "9": 0.31169626533238,
      "10": 0.218211313304612,
      "11": 0.88552463111458,
      "12": 0.212548302221806,
      "13": 0.458036589966619,
      "14": 0.116343308793021,
      "15": 0.825304668725299
    },
    "objective_value": 5.04204286147413,
    "lower_bound": 5.042042861474131,
    "absolute_gap": -8.881784197001252e-16,
    "relative_gap": -1.761544762910743e-16
  },
  "performance": {
    "solution_time_seconds": 374.40444564819336,
    "solver_status": "ok",
    "termination_condition": "optimal",
    "solver": "gams",
    "subsolver": "baron",
    "is_relaxation": false,
    "root_relaxation_value": 0.0,
    "root_relaxation_gap_percent": 100.0,
    "relaxation_gap_percent": null,
    "absolute_gap": null
  }
}