{
  "model_parameters": {
    "n_dimensions": 5,
    "n_clusters": 5,
    "n_points": 15,
    "coord_range_lower": -1,
    "coord_range_upper": 1
  },
  "solution": {
    "status": "optimal",
    "center_coordinates": {
      "cluster_1": {
        "dim_1": -0.553262688950325,
        "dim_2": -0.413948008811932,
        "dim_3": 0.7693431189702,
        "dim_4": -0.314409763356796,
        "dim_5": 0.451929477871263
      },
      "cluster_2": {
        "dim_1": -0.458688136685947,
        "dim_2": 0.547973673120983,
        "dim_3": -0.423371203732254,
        "dim_4": 0.66711622231171,
        "dim_5": -0.25815975938633
      },
      "cluster_3": {
        "dim_1": -0.383992971199123,
        "dim_2": -0.700436680346723,
        "dim_3": -0.477398041856172,
        "dim_4": -0.396303273490142,
        "dim_5": -0.145432582530817
      },
      "cluster_4": {
        "dim_1": -0.213548449792763,
        "dim_2": 0.473789694238101,
        "dim_3": 0.792710795945728,
        "dim_4": 0.292664625387438,
        "dim_5": -0.250246388403406
      },
      "cluster_5": {
        "dim_1": 0.48951748814357,
        "dim_2": 0.290350836220276,
        "dim_3": -0.269027394209105,
        "dim_4": -0.443846247872096,
        "dim_5": -0.163335814248296
      }
    },
    "distances": {
      "1": 0.459691965302303,
      "2": 0.392772286794528,
      "3": 0.225005658385971,
      "4": 0.380181485644913,
      "5": 0.23985273011164,
      "6": 0.199683512577115,
      "7": 0.549158876919203,
      "8": 8.34207e-09,
      "9": 0.511650095273047,
      "10": 0.426615867191205,
      "11": 0.624559951904536,
      "12": 0.458317921945664,
      "13": 0.281335328502617,
      "14": 0.38000119970662,
      "15": 0.431634417200575
    },
    "objective_value": 5.560461305802007,
    "lower_bound": 2.934888371468134,
    "absolute_gap": 2.625572934333873,
    "relative_gap": 0.8946074269327216
  },
  "performance": {
    "solution_time_seconds": 1801.6420896053314,
    "solver_status": "ok",
    "termination_condition": "optimal",
    "solver": "gams",
    "subsolver": "gurobi",
    "is_relaxation": false,
    "root_relaxation_value": 0.0,
    "root_relaxation_gap_percent": 100.0,
    "relaxation_gap_percent": null,
    "absolute_gap": null
  }
}