{
  "model_parameters": {
    "n_dimensions": 2,
    "n_clusters": 5,
    "n_points": 17,
    "coord_range_lower": -1,
    "coord_range_upper": 1
  },
  "solution": {
    "status": "optimal",
    "center_coordinates": {
      "cluster_1": {
        "dim_1": -0.473712131799299,
        "dim_2": -0.461377260854572
      },
      "cluster_2": {
        "dim_1": -0.30347646702006,
        "dim_2": 0.767402749903411
      },
      "cluster_3": {
        "dim_1": -0.234555519579649,
        "dim_2": 0.128429778241472
      },
      "cluster_4": {
        "dim_1": 0.604160021704865,
        "dim_2": -0.634675692761494
      },
      "cluster_5": {
        "dim_1": 0.71199840903907,
        "dim_2": 0.346805431128426
      }
    },
    "distances": {
      "1": 0.215289605919314,
      "2": 0.064068267125291,
      "3": 0.045232535378667,
      "4": 0.101052178236087,
      "5": 0.126084663996358,
      "6": 0.086369973938015,
      "7": 0.009096580419126,
      "8": 0.009096258670317,
      "9": 0.150211078751506,
      "10": 0.07305334303804,
      "11": 0.092057949469869,
      "12": 0.038247911244246,
      "13": 0.028509035574542,
      "14": 0.022974838676445,
      "15": 0.073489418171969,
      "16": 0.142739909489489,
      "17": 0.022585991666587
    },
    "objective_value": 1.300159539765868,
    "lower_bound": 1.30015937188745,
    "upper_bound": 1.300159539765868,
    "absolute_gap": 1.678784180558779e-07,
    "relative_gap": 1.2912141517863896e-07
  },
  "performance": {
    "solution_time_seconds": 32.0076699256897,
    "solver_status": "ok",
    "termination_condition": "optimal",
    "solver": "gams",
    "subsolver": "gurobi",
    "is_relaxation": false,
    "root_relaxation_value": 0.0,
    "root_relaxation_gap_percent": 100.0,
    "relaxation_gap_percent": null,
    "absolute_gap": null
  }
}