{
  "model_parameters": {
    "n_dimensions": 4,
    "n_clusters": 3,
    "n_points": 16,
    "coord_range_lower": -1,
    "coord_range_upper": 1
  },
  "solution": {
    "status": "optimal",
    "center_coordinates": {
      "cluster_1": {
        "dim_1": -0.61106077845656,
        "dim_2": 0.262086776756669,
        "dim_3": 0.249960783860097,
        "dim_4": 0.243236062336498
      },
      "cluster_2": {
        "dim_1": -0.06301958816582,
        "dim_2": 0.428834567677723,
        "dim_3": 0.637136909972291,
        "dim_4": -0.808906232750322
      },
      "cluster_3": {
        "dim_1": 0.266515227485551,
        "dim_2": -0.347375783129516,
        "dim_3": -0.368188414186863,
        "dim_4": 0.616126419414204
      }
    },
    "distances": {
      "1": 0.550519414932657,
      "2": 0.650154925069046,
      "3": 0.448310813427686,
      "4": 0.458555225242095,
      "5": 0.321414818744988,
      "6": 0.229288003773569,
      "7": 0.435454331755616,
      "8": 0.328474866630563,
      "9": 1.162502165967088,
      "10": 0.474415828656881,
      "11": 0.538286261917456,
      "12": 0.46672209086295,
      "13": 0.124290062462488,
      "14": 1.176141292164832,
      "15": 1.019383112345545,
      "16": 0.554341985121024
    },
    "objective_value": 8.938255199074485,
    "lower_bound": 8.93825112595755,
    "upper_bound": 8.938255199074485,
    "absolute_gap": 4.0731169352881125e-06,
    "relative_gap": 4.556950658344545e-07
  },
  "performance": {
    "solution_time_seconds": 86.56954598426819,
    "solver_status": "ok",
    "termination_condition": "optimal",
    "solver": "gams",
    "subsolver": "gurobi",
    "is_relaxation": false,
    "root_relaxation_value": 0.0,
    "root_relaxation_gap_percent": 100.0,
    "relaxation_gap_percent": null,
    "absolute_gap": null
  }
}