{
  "model_parameters": {
    "n_dimensions": 3,
    "n_clusters": 5,
    "n_points": 12,
    "coord_range_lower": -1,
    "coord_range_upper": 1
  },
  "solution": {
    "status": "optimal",
    "center_coordinates": {
      "cluster_1": {
        "dim_1": -0.94192542223817,
        "dim_2": -0.061335271262246,
        "dim_3": 0.280860433683002
      },
      "cluster_2": {
        "dim_1": 0.396163337097054,
        "dim_2": 0.226359723202249,
        "dim_3": 0.520276223427533
      },
      "cluster_3": {
        "dim_1": 0.459754216726655,
        "dim_2": -0.527624082722945,
        "dim_3": -0.461250063793182
      },
      "cluster_4": {
        "dim_1": 0.663523278207963,
        "dim_2": 0.646114321610266,
        "dim_3": -0.06714015987471
      },
      "cluster_5": {
        "dim_1": 0.998096813334599,
        "dim_2": 0.77935035950028,
        "dim_3": -0.758681325577163
      }
    },
    "distances": {
      "1": 0.0,
      "2": 0.0,
      "3": 0.061020156275099,
      "4": 0.233175429050804,
      "5": 0.223751421569242,
      "6": 0.12140505249331,
      "7": 0.121513374122574,
      "8": 0.060655141952541,
      "9": 0.25773050062868,
      "10": 0.027449961287095,
      "11": 0.230708283877253,
      "12": 0.201482158926918
    },
    "objective_value": 1.538891480183516,
    "lower_bound": 1.538891480183517,
    "absolute_gap": -8.881784197001252e-16,
    "relative_gap": -5.771546799350709e-16
  },
  "performance": {
    "solution_time_seconds": 192.17522525787354,
    "solver_status": "ok",
    "termination_condition": "optimal",
    "solver": "gams",
    "subsolver": "baron",
    "is_relaxation": false,
    "root_relaxation_value": 0.0,
    "root_relaxation_gap_percent": 100.0,
    "relaxation_gap_percent": null,
    "absolute_gap": null
  }
}