{
  "model_parameters": {
    "n_dimensions": 4,
    "n_clusters": 4,
    "n_points": 14,
    "coord_range_lower": -1,
    "coord_range_upper": 1
  },
  "solution": {
    "status": "optimal",
    "center_coordinates": {
      "cluster_1": {
        "dim_1": -0.642720656647702,
        "dim_2": -0.184299591388933,
        "dim_3": 0.521394926433637,
        "dim_4": 0.8449211641395
      },
      "cluster_2": {
        "dim_1": -0.642720666630547,
        "dim_2": 0.828534030501693,
        "dim_3": -0.907951388201069,
        "dim_4": -0.542698737778146
      },
      "cluster_3": {
        "dim_1": 0.169998986076946,
        "dim_2": 0.317876909908335,
        "dim_3": 0.82493315612367,
        "dim_4": -0.370546567155398
      },
      "cluster_4": {
        "dim_1": 0.826385362700717,
        "dim_2": -0.16625299688999,
        "dim_3": -0.207689195048591,
        "dim_4": 0.01411589177489
      }
    },
    "distances": {
      "1": 0.404242671712109,
      "2": 0.274536774710848,
      "3": 0.20059429750349,
      "4": 0.597428019206349,
      "5": 0.419285308573359,
      "6": 0.893376535031059,
      "7": 1.144090112708261,
      "8": 0.333484108345005,
      "9": 0.658932281888135,
      "10": 0.364373269452907,
      "11": 0.401181571938486,
      "12": 0.530266585961946,
      "13": 0.185993504966811,
      "14": 0.984234031928878
    },
    "objective_value": 7.392019073927643,
    "lower_bound": 3.684787245686396,
    "absolute_gap": 3.707231828241247,
    "relative_gap": 1.0060911474824294
  },
  "performance": {
    "solution_time_seconds": 1802.6502294540405,
    "solver_status": "ok",
    "termination_condition": "optimal",
    "solver": "gams",
    "subsolver": "scip",
    "is_relaxation": false,
    "root_relaxation_value": 3.6847872456864,
    "root_relaxation_gap_percent": 50.151816319265244,
    "relaxation_gap_percent": null,
    "absolute_gap": null
  }
}