{
  "model_parameters": {
    "n_dimensions": 2,
    "n_clusters": 5,
    "n_points": 12,
    "coord_range_lower": -1,
    "coord_range_upper": 1
  },
  "solution": {
    "status": "optimal",
    "center_coordinates": {
      "cluster_1": {
        "dim_1": -0.705975848213778,
        "dim_2": -0.464497972708411
      },
      "cluster_2": {
        "dim_1": -0.454469130101582,
        "dim_2": 0.655917440977546
      },
      "cluster_3": {
        "dim_1": 0.184146098297945,
        "dim_2": 0.448592959536189
      },
      "cluster_4": {
        "dim_1": 0.33295013892782,
        "dim_2": -0.760711955512785
      },
      "cluster_5": {
        "dim_1": 0.942198909731775,
        "dim_2": -0.002815018328441
      }
    },
    "distances": {
      "1": 0.168126304938868,
      "2": 0.094166061981778,
      "3": 0.050857841323179,
      "4": 0.060535670008492,
      "5": 0.054484709736155,
      "6": 0.148296900669825,
      "7": 0.077114360884923,
      "8": 0.054484764690176,
      "9": 0.0,
      "10": 0.027632693210745,
      "11": 0.102763109484277,
      "12": 0.06053607240725
    },
    "objective_value": 0.898998489335668,
    "lower_bound": 0.898998489230289,
    "upper_bound": 0.89899848933567,
    "absolute_gap": 1.0537892780604352e-10,
    "relative_gap": 1.172181367026185e-10
  },
  "performance": {
    "solution_time_seconds": 51.36337423324585,
    "solver_status": "ok",
    "termination_condition": "optimal",
    "solver": "gams",
    "subsolver": "baron",
    "is_relaxation": false,
    "root_relaxation_value": 0.0,
    "root_relaxation_gap_percent": 100.0,
    "relaxation_gap_percent": null,
    "absolute_gap": null
  }
}