{
  "model_parameters": {
    "n_dimensions": 5,
    "n_clusters": 5,
    "n_points": 12,
    "coord_range_lower": -1,
    "coord_range_upper": 1
  },
  "solution": {
    "status": "optimal",
    "center_coordinates": {
      "cluster_1": {
        "dim_1": -0.4324951171875,
        "dim_2": 0.604621877864859,
        "dim_3": 0.4647216796875,
        "dim_4": 0.504256085800466,
        "dim_5": 0.4691162109375
      },
      "cluster_2": {
        "dim_1": 0.08744516766653,
        "dim_2": 0.6478271484375,
        "dim_3": 0.6236572265625,
        "dim_4": -0.769042968750005,
        "dim_5": 0.6829833984375
      },
      "cluster_3": {
        "dim_1": 0.08744516766653,
        "dim_2": -0.649640999700619,
        "dim_3": 0.855957031249998,
        "dim_4": -0.512530223142978,
        "dim_5": 0.228619485255613
      },
      "cluster_4": {
        "dim_1": 0.08744516766653,
        "dim_2": 0.5108642578125,
        "dim_3": -0.81689453125,
        "dim_4": 0.2083740234375,
        "dim_5": 0.565798999645792
      },
      "cluster_5": {
        "dim_1": 0.08744516766653,
        "dim_2": -0.136741156728926,
        "dim_3": 0.1959228515625,
        "dim_4": 0.5855712890625,
        "dim_5": -0.75537109375
      }
    },
    "distances": {
      "1": 0.479634519794137,
      "2": 0.668625886339635,
      "3": 0.399453788064646,
      "4": 0.143898076355101,
      "5": 0.640129472294624,
      "6": 0.671089663197813,
      "7": 0.510955514183061,
      "8": 0.331381854098944,
      "9": 0.242121741917298,
      "10": 0.575681260156729,
      "11": 0.140974522860512,
      "12": 0.176992127624201
    },
    "objective_value": 4.980938426886701,
    "lower_bound": 0.002743115188359,
    "upper_bound": 4.980938426886702,
    "absolute_gap": 4.978195311698342,
    "relative_gap": 1814.796306339736
  },
  "performance": {
    "solution_time_seconds": 300.92184567451477,
    "solver_status": "ok",
    "termination_condition": "optimal",
    "solver": "gams",
    "subsolver": "scip",
    "is_relaxation": false,
    "root_relaxation_value": 0.00274311518835939,
    "root_relaxation_gap_percent": 99.94492774346394,
    "relaxation_gap_percent": null,
    "absolute_gap": null
  }
}