{
  "model_parameters": {
    "n_dimensions": 3,
    "n_clusters": 3,
    "n_points": 15,
    "coord_range_lower": -1,
    "coord_range_upper": 1
  },
  "solution": {
    "status": "optimal",
    "center_coordinates": {
      "cluster_1": {
        "dim_1": -0.009039078900755,
        "dim_2": 0.517590972548067,
        "dim_3": -0.426855214812428
      },
      "cluster_2": {
        "dim_1": 0.36669930070334,
        "dim_2": -0.013035357196468,
        "dim_3": 0.625260034800928
      },
      "cluster_3": {
        "dim_1": 0.416962867461102,
        "dim_2": -0.555566791009211,
        "dim_3": -0.063694916362688
      }
    },
    "distances": {
      "1": 0.050419088387048,
      "2": 0.247773133545744,
      "3": 0.149625879286787,
      "4": 0.335800958686399,
      "5": 0.084670586634603,
      "6": 0.252061654025571,
      "7": 0.12992947337011,
      "8": 0.7641820505172,
      "9": 0.311412433887463,
      "10": 0.218360513182895,
      "11": 0.886004016027755,
      "12": 0.212516905264752,
      "13": 0.457930947945179,
      "14": 0.116160239915956,
      "15": 0.825189718260007
    },
    "objective_value": 5.042037598937469,
    "lower_bound": 5.04203759893747,
    "upper_bound": 5.042037598937469,
    "absolute_gap": -8.881784197001252e-16,
    "relative_gap": -1.761546601491617e-16
  },
  "performance": {
    "solution_time_seconds": 256.6908049583435,
    "solver_status": "ok",
    "termination_condition": "optimal",
    "solver": "gams",
    "subsolver": "scip",
    "is_relaxation": false,
    "root_relaxation_value": 5.04203759893747,
    "root_relaxation_gap_percent": 1.7615466014916174e-14,
    "relaxation_gap_percent": null,
    "absolute_gap": null
  }
}