{
  "model_parameters": {
    "n_dimensions": 2,
    "n_clusters": 5,
    "n_points": 12,
    "coord_range_lower": -1,
    "coord_range_upper": 1
  },
  "solution": {
    "status": "optimal",
    "center_coordinates": {
      "cluster_1": {
        "dim_1": -0.783691947116689,
        "dim_2": -0.566946837102592
      },
      "cluster_2": {
        "dim_1": -0.460686130317031,
        "dim_2": 0.384657394892698
      },
      "cluster_3": {
        "dim_1": 0.188261579751172,
        "dim_2": -0.83859480484423
      },
      "cluster_4": {
        "dim_1": 0.188261579751172,
        "dim_2": 0.448756094871195
      },
      "cluster_5": {
        "dim_1": 0.777821634934619,
        "dim_2": -0.303848908667564
      }
    },
    "distances": {
      "1": 0.079595044456299,
      "2": 0.100033232636229,
      "3": 0.013741321743503,
      "4": 0.061479225084044,
      "5": 0.236995044217476,
      "6": 0.294959556207297,
      "7": 0.110343782234554,
      "8": 0.019214878922456,
      "9": 0.117566063276449,
      "10": 0.013407592998001,
      "11": 0.117900342026228,
      "12": 0.059625889475617
    },
    "objective_value": 1.224861973278153,
    "lower_bound": 0.121040635303016,
    "upper_bound": 1.224861973278155,
    "absolute_gap": 1.103821337975137,
    "relative_gap": 9.119427828611478
  },
  "performance": {
    "solution_time_seconds": 300.86278533935547,
    "solver_status": "ok",
    "termination_condition": "optimal",
    "solver": "gams",
    "subsolver": "scip",
    "is_relaxation": false,
    "root_relaxation_value": 0.121040635303016,
    "root_relaxation_gap_percent": 90.11801836095299,
    "relaxation_gap_percent": null,
    "absolute_gap": null
  }
}