{
  "model_parameters": {
    "n_dimensions": 4,
    "n_clusters": 4,
    "n_points": 10,
    "coord_range_lower": -1,
    "coord_range_upper": 1
  },
  "solution": {
    "status": "optimal",
    "center_coordinates": {
      "cluster_1": {
        "dim_1": -0.997724497487714,
        "dim_2": 0.933885570783072,
        "dim_3": -0.764660656428111,
        "dim_4": 0.096761522222169
      },
      "cluster_2": {
        "dim_1": -0.51000160177554,
        "dim_2": -0.187799952042968,
        "dim_3": 0.279641741049169,
        "dim_4": -0.583272236279093
      },
      "cluster_3": {
        "dim_1": -0.143401191269973,
        "dim_2": -0.408331654843902,
        "dim_3": 0.024398718046873,
        "dim_4": 0.608496070740413
      },
      "cluster_4": {
        "dim_1": 0.433709165893752,
        "dim_2": 0.59835369670809,
        "dim_3": -0.258999369409777,
        "dim_4": -0.817885256348533
      }
    },
    "distances": {
      "1": 0.539086184330722,
      "2": 0.569273221117736,
      "3": 0.475516697942973,
      "4": 0.106499616431589,
      "5": 0.0,
      "6": 0.323818938822485,
      "7": 0.103088896466488,
      "8": 0.750313185463532,
      "9": 0.588837486992857,
      "10": 0.316702609692143
    },
    "objective_value": 3.773136837260525,
    "lower_bound": 3.773136837260525,
    "upper_bound": 3.773136837260526,
    "absolute_gap": 0.0,
    "relative_gap": 0.0
  },
  "performance": {
    "solution_time_seconds": 254.25806331634521,
    "solver_status": "ok",
    "termination_condition": "optimal",
    "solver": "gams",
    "subsolver": "scip",
    "is_relaxation": false,
    "root_relaxation_value": 3.77313683726052,
    "root_relaxation_gap_percent": 1.2946737738505703e-13,
    "relaxation_gap_percent": null,
    "absolute_gap": null
  }
}