{
  "model_parameters": {
    "n_dimensions": 3,
    "n_clusters": 5,
    "n_points": 13,
    "coord_range_lower": -1,
    "coord_range_upper": 1
  },
  "solution": {
    "status": "optimal",
    "center_coordinates": {
      "cluster_1": {
        "dim_1": -0.730101393891641,
        "dim_2": -0.445089303680475,
        "dim_3": -0.017629198801722
      },
      "cluster_2": {
        "dim_1": 0.300451100520241,
        "dim_2": 0.307152733710764,
        "dim_3": 0.187937090603153
      },
      "cluster_3": {
        "dim_1": 0.3523339675052,
        "dim_2": -0.75885016798398,
        "dim_3": 0.281878791676577
      },
      "cluster_4": {
        "dim_1": 0.500234734159248,
        "dim_2": 0.639055766613092,
        "dim_3": -0.860261853862991
      },
      "cluster_5": {
        "dim_1": 0.815512428849811,
        "dim_2": -0.97233411966754,
        "dim_3": -0.898142464853599
      }
    },
    "distances": {
      "1": 0.086112337233873,
      "2": 0.101448013819838,
      "3": 0.05406109472196,
      "4": 0.175090574999414,
      "5": 0.389653578387411,
      "6": 0.213381070976443,
      "7": 0.163205367477454,
      "8": 0.0,
      "9": 0.110879905676048,
      "10": 0.1108583466816,
      "11": 0.2486829072613,
      "12": 0.245036146989112,
      "13": 0.215000708175127
    },
    "objective_value": 2.11341005239958,
    "lower_bound": 2.113410052399581,
    "absolute_gap": -1.3322676295501878e-15,
    "relative_gap": -6.303876656768626e-16
  },
  "performance": {
    "solution_time_seconds": 409.8719072341919,
    "solver_status": "ok",
    "termination_condition": "optimal",
    "solver": "gams",
    "subsolver": "baron",
    "is_relaxation": false,
    "root_relaxation_value": 0.0,
    "root_relaxation_gap_percent": 100.0,
    "relaxation_gap_percent": null,
    "absolute_gap": null
  }
}