{
  "model_parameters": {
    "n_dimensions": 4,
    "n_clusters": 4,
    "n_points": 13,
    "coord_range_lower": -1,
    "coord_range_upper": 1
  },
  "solution": {
    "status": "optimal",
    "center_coordinates": {
      "cluster_1": {
        "dim_1": -0.457630184662674,
        "dim_2": -0.140135268670103,
        "dim_3": 0.598583222624617,
        "dim_4": 0.568617218691893
      },
      "cluster_2": {
        "dim_1": -0.410351818259297,
        "dim_2": -0.23062455144573,
        "dim_3": -0.50941436335774,
        "dim_4": -0.289751532439484
      },
      "cluster_3": {
        "dim_1": 0.633930825669697,
        "dim_2": 0.628142226849032,
        "dim_3": 0.716148023270059,
        "dim_4": 0.065464320463114
      },
      "cluster_4": {
        "dim_1": 0.807807759320614,
        "dim_2": 0.880655995600347,
        "dim_3": -0.721571494531111,
        "dim_4": -0.84876800644683
      }
    },
    "distances": {
      "1": 0.270927907647472,
      "2": 0.167807815041408,
      "3": 0.717878127947756,
      "4": 1.05800684010631,
      "5": 0.241771552016209,
      "6": 1.109502823067103,
      "7": 0.930917569754711,
      "8": 0.430635289403626,
      "9": 0.743971347199964,
      "10": 0.246806012161844,
      "11": 0.0,
      "12": 0.356570060388633,
      "13": 0.680260603897915
    },
    "objective_value": 6.955055948632951,
    "lower_bound": 6.829798345340095,
    "absolute_gap": 0.12525760329285607,
    "relative_gap": 0.01833986846453792
  },
  "performance": {
    "solution_time_seconds": 1884.7169296741486,
    "solver_status": "ok",
    "termination_condition": "optimal",
    "solver": "gams",
    "subsolver": "baron",
    "is_relaxation": false,
    "root_relaxation_value": 0.469174,
    "root_relaxation_gap_percent": 93.25420236062632,
    "relaxation_gap_percent": null,
    "absolute_gap": null
  }
}