{
  "model_parameters": {
    "n_dimensions": 2,
    "n_clusters": 5,
    "n_points": 11,
    "coord_range_lower": -1,
    "coord_range_upper": 1
  },
  "solution": {
    "status": "optimal",
    "center_coordinates": {
      "cluster_1": {
        "dim_1": -0.74100908021583,
        "dim_2": 0.09357809343761
      },
      "cluster_2": {
        "dim_1": -0.136051129817483,
        "dim_2": 0.651066995337134
      },
      "cluster_3": {
        "dim_1": -0.125879468509326,
        "dim_2": 0.081354539586827
      },
      "cluster_4": {
        "dim_1": 0.522230269045304,
        "dim_2": 0.939438372182553
      },
      "cluster_5": {
        "dim_1": 0.645301907782633,
        "dim_2": -0.264382403333504
      }
    },
    "distances": {
      "1": 0.023069671107405,
      "2": 0.064120600354393,
      "3": 0.022702500336007,
      "4": 0.0,
      "5": 0.068179929754693,
      "6": 0.02999465786512,
      "7": 0.0,
      "8": 0.03401511873764,
      "9": 0.036419211463878,
      "10": 0.065033724862429,
      "11": 0.075718433412919
    },
    "objective_value": 0.419253847894484,
    "lower_bound": 0.419253469440405,
    "absolute_gap": 3.7845407901970773e-07,
    "relative_gap": 9.026856224346721e-07
  },
  "performance": {
    "solution_time_seconds": 65.25074124336243,
    "solver_status": "ok",
    "termination_condition": "optimal",
    "solver": "gams",
    "subsolver": "gurobi",
    "is_relaxation": false,
    "root_relaxation_value": 0.0,
    "root_relaxation_gap_percent": 100.0,
    "relaxation_gap_percent": null,
    "absolute_gap": null
  }
}