{
  "model_parameters": {
    "n_dimensions": 2,
    "n_clusters": 3,
    "n_points": 16,
    "coord_range_lower": -1,
    "coord_range_upper": 1
  },
  "solution": {
    "status": "optimal",
    "center_coordinates": {
      "cluster_1": {
        "dim_1": -0.591489918581199,
        "dim_2": -0.567535176039505
      },
      "cluster_2": {
        "dim_1": -0.363320918565439,
        "dim_2": 0.333405857833006
      },
      "cluster_3": {
        "dim_1": 0.6875123233548,
        "dim_2": 0.482201951380665
      }
    },
    "distances": {
      "1": 0.10919557118886,
      "2": 0.348226726240278,
      "3": 0.047159797823119,
      "4": 0.141865215746195,
      "5": 0.02432194801351,
      "6": 0.773147923143047,
      "7": 0.227467338453385,
      "8": 0.101426917749184,
      "9": 0.135456105914344,
      "10": 0.096799209904965,
      "11": 0.038955293445418,
      "12": 0.169355210548324,
      "13": 0.078581881954705,
      "14": 0.159771866259009,
      "15": 0.21455989519231,
      "16": 0.171794893178755
    },
    "objective_value": 2.838085794755408,
    "lower_bound": 2.838085814607145,
    "upper_bound": 2.838085794755408,
    "absolute_gap": -1.985173669893925e-08,
    "relative_gap": -6.994762666007398e-09
  },
  "performance": {
    "solution_time_seconds": 3.9064269065856934,
    "solver_status": "ok",
    "termination_condition": "optimal",
    "solver": "gams",
    "subsolver": "baron",
    "is_relaxation": false,
    "root_relaxation_value": 0.0,
    "root_relaxation_gap_percent": 100.0,
    "relaxation_gap_percent": null,
    "absolute_gap": null
  }
}