{
  "model_parameters": {
    "n_dimensions": 3,
    "n_clusters": 4,
    "n_points": 14,
    "coord_range_lower": -1,
    "coord_range_upper": 1
  },
  "solution": {
    "status": "optimal",
    "center_coordinates": {
      "cluster_1": {
        "dim_1": -0.636484002783413,
        "dim_2": -0.475418253314129,
        "dim_3": -0.741764253960968
      },
      "cluster_2": {
        "dim_1": -0.476245186557464,
        "dim_2": 0.507546153526927,
        "dim_3": 0.400803061566865
      },
      "cluster_3": {
        "dim_1": 0.121991106823372,
        "dim_2": 0.279053159602221,
        "dim_3": -0.267815439905019
      },
      "cluster_4": {
        "dim_1": 0.240630976506028,
        "dim_2": -0.46924152522713,
        "dim_3": 0.509927908323719
      }
    },
    "distances": {
      "1": 0.133387848705801,
      "2": 0.205481629638313,
      "3": 0.179970193270617,
      "4": 0.351476265635336,
      "5": 0.475982758651368,
      "6": 0.512508607915067,
      "7": 0.233428575556242,
      "8": 0.058537486962608,
      "9": 0.089099762143744,
      "10": 0.379937334207843,
      "11": 0.066340701106793,
      "12": 0.251587227951596,
      "13": 0.268012662359249,
      "14": 0.251587228191507
    },
    "objective_value": 3.457338282296084,
    "lower_bound": 2.183744770785854,
    "upper_bound": 3.457338282296081,
    "absolute_gap": 1.2735935115102297,
    "relative_gap": 0.5832153686403139
  },
  "performance": {
    "solution_time_seconds": 301.68897795677185,
    "solver_status": "ok",
    "termination_condition": "optimal",
    "solver": "gams",
    "subsolver": "baron",
    "is_relaxation": false,
    "root_relaxation_value": 0.0,
    "root_relaxation_gap_percent": 100.0,
    "relaxation_gap_percent": null,
    "absolute_gap": null
  }
}