{
  "model_parameters": {
    "n_dimensions": 2,
    "n_clusters": 4,
    "n_points": 11,
    "coord_range_lower": -1,
    "coord_range_upper": 1
  },
  "solution": {
    "status": "optimal",
    "center_coordinates": {
      "cluster_1": {
        "dim_1": -0.760894633861657,
        "dim_2": -0.750490674440729
      },
      "cluster_2": {
        "dim_1": -0.754345788291678,
        "dim_2": 0.545281074201326
      },
      "cluster_3": {
        "dim_1": 0.59637317634019,
        "dim_2": 0.702956538179433
      },
      "cluster_4": {
        "dim_1": 0.617747664515382,
        "dim_2": 0.026814964190283
      }
    },
    "distances": {
      "1": 0.028875487248237,
      "2": 0.047779309748413,
      "3": 0.023531686548928,
      "4": 0.043755976819177,
      "5": 0.152532889653047,
      "6": 0.037224672605406,
      "7": 0.001909631183624,
      "8": 0.043943704850852,
      "9": 0.043942538424944,
      "10": 0.047795715768878,
      "11": 0.249565901261493
    },
    "objective_value": 0.720857514112999,
    "lower_bound": 0.720857514112998,
    "absolute_gap": 9.992007221626409e-16,
    "relative_gap": 1.3861279137696707e-15
  },
  "performance": {
    "solution_time_seconds": 1.0595803260803223,
    "solver_status": "ok",
    "termination_condition": "optimal",
    "solver": "gams",
    "subsolver": "baron",
    "is_relaxation": false,
    "root_relaxation_value": 0.0,
    "root_relaxation_gap_percent": 100.0,
    "relaxation_gap_percent": null,
    "absolute_gap": null
  }
}