{
  "model_parameters": {
    "n_dimensions": 3,
    "n_clusters": 5,
    "n_points": 12,
    "coord_range_lower": -1,
    "coord_range_upper": 1
  },
  "solution": {
    "status": "optimal",
    "center_coordinates": {
      "cluster_1": {
        "dim_1": -0.941982568059243,
        "dim_2": -0.061391759793329,
        "dim_3": 0.28244902116503
      },
      "cluster_2": {
        "dim_1": 0.396132443405326,
        "dim_2": 0.226879072308611,
        "dim_3": 0.520401610865988
      },
      "cluster_3": {
        "dim_1": 0.459810329363255,
        "dim_2": -0.527921469902381,
        "dim_3": -0.461920335642762
      },
      "cluster_4": {
        "dim_1": 0.664232482589833,
        "dim_2": 0.646164883564344,
        "dim_3": -0.067561875297298
      },
      "cluster_5": {
        "dim_1": 0.998729072516085,
        "dim_2": 0.779411161278147,
        "dim_3": -0.759146919917222
      }
    },
    "distances": {
      "1": 0.0,
      "2": 0.0,
      "3": 0.060784340691482,
      "4": 0.232920013628817,
      "5": 0.224085128714409,
      "6": 0.121093882930971,
      "7": 0.121827565238533,
      "8": 0.060332079660506,
      "9": 0.257995614418626,
      "10": 0.027578746047048,
      "11": 0.230871750009262,
      "12": 0.201402737254436
    },
    "objective_value": 1.53889185859409,
    "lower_bound": 1.258259665271437,
    "absolute_gap": 0.280632193322653,
    "relative_gap": 0.2230320188020283
  },
  "performance": {
    "solution_time_seconds": 1801.6653714179993,
    "solver_status": "ok",
    "termination_condition": "optimal",
    "solver": "gams",
    "subsolver": "scip",
    "is_relaxation": false,
    "root_relaxation_value": 1.25825966527144,
    "root_relaxation_gap_percent": 18.23599181160343,
    "relaxation_gap_percent": null,
    "absolute_gap": null
  }
}