{
  "model_parameters": {
    "n_dimensions": 4,
    "n_clusters": 4,
    "n_points": 10,
    "coord_range_lower": -1,
    "coord_range_upper": 1
  },
  "solution": {
    "status": "feasible",
    "center_coordinates": {
      "cluster_1": {
        "dim_1": -0.998116509534789,
        "dim_2": 0.93339954084336,
        "dim_3": -0.764221862026459,
        "dim_4": 0.096673165634117
      },
      "cluster_2": {
        "dim_1": -0.510468839177971,
        "dim_2": -0.18736600438237,
        "dim_3": 0.279295861307873,
        "dim_4": -0.582714976728543
      },
      "cluster_3": {
        "dim_1": -0.143666439187632,
        "dim_2": -0.408058266077237,
        "dim_3": 0.02411635132975,
        "dim_4": 0.608483847539153
      },
      "cluster_4": {
        "dim_1": 0.433499026684036,
        "dim_2": 0.598018705697343,
        "dim_3": -0.260090959212295,
        "dim_4": -0.817478820101315
      }
    },
    "distances": {
      "1": 0.538914130702593,
      "2": 0.570298589353417,
      "3": 0.474870182907382,
      "4": 0.106381373173367,
      "5": 0.0,
      "6": 0.323360295088586,
      "7": 0.102706212904122,
      "8": 0.75083717516421,
      "9": 0.588768233093366,
      "10": 0.316990107161783
    },
    "objective_value": 3.773126299548826,
    "lower_bound": 3.707291144820778,
    "upper_bound": 3.773126299548827,
    "absolute_gap": 0.06583515472804802,
    "relative_gap": 0.017758290934344917
  },
  "performance": {
    "solution_time_seconds": 300.59412384033203,
    "solver_status": "ok",
    "termination_condition": "feasible",
    "solver": "gams",
    "subsolver": "gurobi",
    "is_relaxation": false,
    "root_relaxation_value": 0.0,
    "root_relaxation_gap_percent": 100.0,
    "relaxation_gap_percent": null,
    "absolute_gap": null
  }
}