{
  "model_parameters": {
    "n_dimensions": 5,
    "n_clusters": 3,
    "n_points": 11,
    "coord_range_lower": -1,
    "coord_range_upper": 1
  },
  "solution": {
    "status": "optimal",
    "center_coordinates": {
      "cluster_1": {
        "dim_1": -0.605789543813595,
        "dim_2": -0.600019070944608,
        "dim_3": -0.207201611709785,
        "dim_4": 0.276110132834266,
        "dim_5": -0.170790286795747
      },
      "cluster_2": {
        "dim_1": 0.108554557053125,
        "dim_2": 0.575387385666736,
        "dim_3": -0.139786385469874,
        "dim_4": 0.163075938932955,
        "dim_5": 0.139459479603003
      },
      "cluster_3": {
        "dim_1": 0.853286266684728,
        "dim_2": -0.696266290850637,
        "dim_3": 0.84111819501367,
        "dim_4": -0.24255807924185,
        "dim_5": 0.021349158496685
      }
    },
    "distances": {
      "1": 0.905480370485213,
      "2": 1.000521343155924,
      "3": 0.744210474194175,
      "4": 0.441300548203502,
      "5": 0.838519983648126,
      "6": 0.721146126307277,
      "7": 0.48718139496449,
      "8": 0.915384284415747,
      "9": 1.070950768193691,
      "10": 1.325765932677419,
      "11": 0.744646165418733
    },
    "objective_value": 9.195107391664298,
    "lower_bound": 9.195106750284257,
    "upper_bound": 9.195107391664298,
    "absolute_gap": 6.413800406335213e-07,
    "relative_gap": 6.975232132173927e-08
  },
  "performance": {
    "solution_time_seconds": 21.414281845092773,
    "solver_status": "ok",
    "termination_condition": "optimal",
    "solver": "gams",
    "subsolver": "gurobi",
    "is_relaxation": false,
    "root_relaxation_value": 0.0,
    "root_relaxation_gap_percent": 100.0,
    "relaxation_gap_percent": null,
    "absolute_gap": null
  }
}