{
  "model_parameters": {
    "n_dimensions": 3,
    "n_clusters": 3,
    "n_points": 10,
    "coord_range_lower": -1,
    "coord_range_upper": 1
  },
  "solution": {
    "status": "optimal",
    "center_coordinates": {
      "cluster_1": {
        "dim_1": -0.65859180405649,
        "dim_2": 0.158701819302927,
        "dim_3": -0.42253659103211
      },
      "cluster_2": {
        "dim_1": 0.482089327833667,
        "dim_2": -0.371990018808684,
        "dim_3": -0.649306381761161
      },
      "cluster_3": {
        "dim_1": 0.69017250518373,
        "dim_2": 0.161284437232416,
        "dim_3": 0.642963571262727
      }
    },
    "distances": {
      "1": 0.394555858101998,
      "2": 0.251848785775623,
      "3": 0.396779526082828,
      "4": 0.292356614588933,
      "5": 0.182918836145107,
      "6": 0.190715555263059,
      "7": 0.847389303954284,
      "8": 0.319142272657738,
      "9": 0.079512876740588,
      "10": 0.271264416826102
    },
    "objective_value": 3.22648404613626,
    "lower_bound": 3.226480820645846,
    "upper_bound": 3.22648404613626,
    "absolute_gap": 3.2254904138717677e-06,
    "relative_gap": 9.996930380717774e-07
  },
  "performance": {
    "solution_time_seconds": 140.14535093307495,
    "solver_status": "ok",
    "termination_condition": "optimal",
    "solver": "gams",
    "subsolver": "gurobi",
    "is_relaxation": false,
    "root_relaxation_value": 0.0,
    "root_relaxation_gap_percent": 100.0,
    "relaxation_gap_percent": null,
    "absolute_gap": null
  }
}