{
  "model_parameters": {
    "n_dimensions": 5,
    "n_clusters": 4,
    "n_points": 11,
    "coord_range_lower": -1,
    "coord_range_upper": 1
  },
  "solution": {
    "status": "optimal",
    "center_coordinates": {
      "cluster_1": {
        "dim_1": -0.782811756629418,
        "dim_2": -0.530414278725396,
        "dim_3": -0.501081962246155,
        "dim_4": 0.435398429434505,
        "dim_5": -0.380912444413673
      },
      "cluster_2": {
        "dim_1": -0.733609201259179,
        "dim_2": 0.546119145425158,
        "dim_3": 0.372487063601125,
        "dim_4": -0.663954029112738,
        "dim_5": 0.159831789679525
      },
      "cluster_3": {
        "dim_1": -0.467131638409053,
        "dim_2": 0.037273832563673,
        "dim_3": 0.661582822521645,
        "dim_4": 0.4632080959435,
        "dim_5": -0.080889010557336
      },
      "cluster_4": {
        "dim_1": 0.527600658443579,
        "dim_2": 0.281005056686787,
        "dim_3": 0.604476831000777,
        "dim_4": -0.39473641840779,
        "dim_5": 0.065576881734264
      }
    },
    "distances": {
      "1": 0.218437683144189,
      "2": 0.415562149618983,
      "3": 0.586854483911455,
      "4": 0.953695800490701,
      "5": 0.218437683948359,
      "6": 0.50022662790898,
      "7": 0.440115963285732,
      "8": 0.277112127666123,
      "9": 0.440115974337851,
      "10": 0.310064483118925,
      "11": 0.486089163032979
    },
    "objective_value": 4.846712140464277,
    "lower_bound": 4.846712052362886,
    "upper_bound": 4.846712140464277,
    "absolute_gap": 8.810139107140458e-08,
    "relative_gap": 1.817755833636807e-08
  },
  "performance": {
    "solution_time_seconds": 119.19617366790771,
    "solver_status": "ok",
    "termination_condition": "optimal",
    "solver": "gams",
    "subsolver": "baron",
    "is_relaxation": false,
    "root_relaxation_value": 1.19162,
    "root_relaxation_gap_percent": 75.41384828590517,
    "relaxation_gap_percent": null,
    "absolute_gap": null
  }
}