{
  "model_parameters": {
    "n_dimensions": 3,
    "n_clusters": 3,
    "n_points": 14,
    "coord_range_lower": -1,
    "coord_range_upper": 1
  },
  "solution": {
    "status": "optimal",
    "center_coordinates": {
      "cluster_1": {
        "dim_1": -0.733203644950483,
        "dim_2": -0.057767093058749,
        "dim_3": -0.398162557572318
      },
      "cluster_2": {
        "dim_1": -0.531027419017232,
        "dim_2": -0.853434151916615,
        "dim_3": 0.138589699742288
      },
      "cluster_3": {
        "dim_1": 0.359246353892408,
        "dim_2": 0.438361951825416,
        "dim_3": 0.409102883243686
      }
    },
    "distances": {
      "1": 0.486088721360173,
      "2": 0.065202101108517,
      "3": 0.045164585598793,
      "4": 0.013047140221682,
      "5": 0.355527964404719,
      "6": 0.476018242079698,
      "7": 0.816664111341875,
      "8": 0.19358037531484,
      "9": 0.447333719435432,
      "10": 0.02714145004594,
      "11": 0.86987180200489,
      "12": 0.288292870010368,
      "13": 0.145842870872719,
      "14": 0.393138182344679
    },
    "objective_value": 4.622914136144325,
    "lower_bound": 4.622910534879074,
    "absolute_gap": 3.6012652504524567e-06,
    "relative_gap": 7.790038814901397e-07
  },
  "performance": {
    "solution_time_seconds": 1801.8286628723145,
    "solver_status": "ok",
    "termination_condition": "optimal",
    "solver": "gams",
    "subsolver": "scip",
    "is_relaxation": false,
    "root_relaxation_value": 4.62291053487907,
    "root_relaxation_gap_percent": 7.790032756041912e-05,
    "relaxation_gap_percent": null,
    "absolute_gap": null
  }
}