{
  "model_parameters": {
    "n_dimensions": 4,
    "n_clusters": 3,
    "n_points": 10,
    "coord_range_lower": -1,
    "coord_range_upper": 1
  },
  "solution": {
    "status": "feasible",
    "center_coordinates": {
      "cluster_1": {
        "dim_1": -0.459441160872365,
        "dim_2": 0.150891722986016,
        "dim_3": 0.785873818125989,
        "dim_4": -0.538182150081481
      },
      "cluster_2": {
        "dim_1": 0.038306408023402,
        "dim_2": -0.525543197834322,
        "dim_3": 0.436447671191691,
        "dim_4": 0.385640309544893
      },
      "cluster_3": {
        "dim_1": 0.359344713683918,
        "dim_2": 0.935629564452297,
        "dim_3": 0.091089120254154,
        "dim_4": -0.607885504362709
      }
    },
    "distances": {
      "1": 0.007341523081551,
      "2": 0.91509955170589,
      "3": 0.578874781535951,
      "4": 0.291678111136554,
      "5": 0.045157166235987,
      "6": 0.0,
      "7": 0.657206960356065,
      "8": 0.399737520066642,
      "9": 0.371359827823864,
      "10": 0.576533022350285
    },
    "objective_value": 3.8429884642927887,
    "lower_bound": 3.842466385745822,
    "upper_bound": 3.84298846429279,
    "absolute_gap": 0.0005220785469668421,
    "relative_gap": 0.00013587068683373966
  },
  "performance": {
    "solution_time_seconds": 300.54849195480347,
    "solver_status": "ok",
    "termination_condition": "feasible",
    "solver": "gams",
    "subsolver": "gurobi",
    "is_relaxation": false,
    "root_relaxation_value": 0.0,
    "root_relaxation_gap_percent": 100.0,
    "relaxation_gap_percent": null,
    "absolute_gap": null
  }
}