{
  "model_parameters": {
    "n_dimensions": 5,
    "n_clusters": 3,
    "n_points": 17,
    "coord_range_lower": -1,
    "coord_range_upper": 1
  },
  "solution": {
    "status": "optimal",
    "center_coordinates": {
      "cluster_1": {
        "dim_1": -0.342758691926226,
        "dim_2": 0.140894895805479,
        "dim_3": 0.027973226868761,
        "dim_4": 0.208343525347311,
        "dim_5": 0.704841943128095
      },
      "cluster_2": {
        "dim_1": -0.259626474195484,
        "dim_2": -0.29349631143601,
        "dim_3": -0.249914727993514,
        "dim_4": 0.220855799200727,
        "dim_5": -0.620431783070933
      },
      "cluster_3": {
        "dim_1": 0.552710043331335,
        "dim_2": -0.832367082215775,
        "dim_3": -0.004372087361146,
        "dim_4": 0.92420489666815,
        "dim_5": 0.496854852462803
      }
    },
    "distances": {
      "1": 1.117498833761782,
      "2": 0.074243847369113,
      "3": 1.492351879195708,
      "4": 1.664186138044977,
      "5": 2.289698221023535,
      "6": 0.311332912459689,
      "7": 0.950283232897686,
      "8": 0.274506798390308,
      "9": 1.220069754970188,
      "10": 1.525434538816716,
      "11": 0.466816347693827,
      "12": 0.314637081113092,
      "13": 0.585722591333593,
      "14": 0.526938910886831,
      "15": 0.913398596571004,
      "16": 2.12649801780145,
      "17": 0.753896368262403
    },
    "objective_value": 16.6075140705919,
    "lower_bound": 5.333238267712231,
    "upper_bound": 16.607514070591897,
    "absolute_gap": 11.27427580287967,
    "relative_gap": 2.1139643940408335
  },
  "performance": {
    "solution_time_seconds": 301.33943033218384,
    "solver_status": "ok",
    "termination_condition": "optimal",
    "solver": "gams",
    "subsolver": "scip",
    "is_relaxation": false,
    "root_relaxation_value": 5.33323826771223,
    "root_relaxation_gap_percent": 67.88659491695887,
    "relaxation_gap_percent": null,
    "absolute_gap": null
  }
}