{
  "model_parameters": {
    "n_dimensions": 5,
    "n_clusters": 5,
    "n_points": 12,
    "coord_range_lower": -1,
    "coord_range_upper": 1
  },
  "solution": {
    "status": "optimal",
    "center_coordinates": {
      "cluster_1": {
        "dim_1": -0.289471626593228,
        "dim_2": -0.136771357667218,
        "dim_3": 0.196228166743826,
        "dim_4": 0.585679906443372,
        "dim_5": -0.755339510961858
      },
      "cluster_2": {
        "dim_1": -0.289471626593228,
        "dim_2": 0.604457080535635,
        "dim_3": 0.464483983658506,
        "dim_4": 0.504211218445702,
        "dim_5": 0.469195378090468
      },
      "cluster_3": {
        "dim_1": -0.184560789700847,
        "dim_2": 0.510532763218914,
        "dim_3": -0.816669882809795,
        "dim_4": 0.208482702792235,
        "dim_5": 0.565841896663317
      },
      "cluster_4": {
        "dim_1": 0.23863182542556,
        "dim_2": -0.554584016144339,
        "dim_3": 0.95539407890655,
        "dim_4": -0.401400220146913,
        "dim_5": 0.021521205241737
      },
      "cluster_5": {
        "dim_1": 0.29490286855789,
        "dim_2": -0.143953465031363,
        "dim_3": 0.591149928308239,
        "dim_4": -0.807068996448894,
        "dim_5": 0.765919651092967
      }
    },
    "distances": {
      "1": 0.686168553158246,
      "2": 0.302615440342664,
      "3": 0.438494485410322,
      "4": 0.219010410172217,
      "5": 0.473306471754778,
      "6": 0.717135526872804,
      "7": 0.45749699898325,
      "8": 0.371246314548834,
      "9": 0.717135526872804,
      "10": 0.302350012497082,
      "11": 0.176885034838708,
      "12": 0.302350012497083
    },
    "objective_value": 5.164194787948792,
    "lower_bound": 0.255859888147392,
    "upper_bound": 5.164194787948791,
    "absolute_gap": 4.9083348998014,
    "relative_gap": 19.183682660620402
  },
  "performance": {
    "solution_time_seconds": 301.5952310562134,
    "solver_status": "ok",
    "termination_condition": "optimal",
    "solver": "gams",
    "subsolver": "baron",
    "is_relaxation": false,
    "root_relaxation_value": 0.0,
    "root_relaxation_gap_percent": 100.0,
    "relaxation_gap_percent": null,
    "absolute_gap": null
  }
}