{
  "model_parameters": {
    "n_dimensions": 2,
    "n_clusters": 3,
    "n_points": 15,
    "coord_range_lower": -1,
    "coord_range_upper": 1
  },
  "solution": {
    "status": "optimal",
    "center_coordinates": {
      "cluster_1": {
        "dim_1": -0.600379960238857,
        "dim_2": 0.434850473067604
      },
      "cluster_2": {
        "dim_1": 0.023279479350908,
        "dim_2": -0.689265748919629
      },
      "cluster_3": {
        "dim_1": 0.178813161064885,
        "dim_2": 0.714288968391087
      }
    },
    "distances": {
      "1": 0.070763785640016,
      "2": 0.065788063749513,
      "3": 0.084348177264733,
      "4": 0.20799302868638,
      "5": 0.141758710595999,
      "6": 0.138189904345258,
      "7": 0.101351045052475,
      "8": 0.002144822838891,
      "9": 0.273206976353297,
      "10": 0.029399895125988,
      "11": 0.302337394579488,
      "12": 0.11580873187021,
      "13": 0.053797382637143,
      "14": 0.037259522808205,
      "15": 0.005330864575875
    },
    "objective_value": 1.629478306123471,
    "lower_bound": 1.629478304048381,
    "upper_bound": 1.629478306123473,
    "absolute_gap": 2.0750900997512645e-09,
    "relative_gap": 1.2734689959331014e-09
  },
  "performance": {
    "solution_time_seconds": 34.43851017951965,
    "solver_status": "ok",
    "termination_condition": "optimal",
    "solver": "gams",
    "subsolver": "baron",
    "is_relaxation": false,
    "root_relaxation_value": 0.0,
    "root_relaxation_gap_percent": 100.0,
    "relaxation_gap_percent": null,
    "absolute_gap": null
  }
}