{
  "model_parameters": {
    "n_dimensions": 3,
    "n_clusters": 3,
    "n_points": 10,
    "coord_range_lower": -1,
    "coord_range_upper": 1
  },
  "solution": {
    "status": "optimal",
    "center_coordinates": {
      "cluster_1": {
        "dim_1": -0.658643399749366,
        "dim_2": 0.158634228929555,
        "dim_3": -0.422515424452031
      },
      "cluster_2": {
        "dim_1": 0.482446031904426,
        "dim_2": -0.371984989505983,
        "dim_3": -0.649730441151452
      },
      "cluster_3": {
        "dim_1": 0.690284209095256,
        "dim_2": 0.162241714924649,
        "dim_3": 0.642963571701073
      }
    },
    "distances": {
      "1": 0.395667786132532,
      "2": 0.251323088529507,
      "3": 0.395667723296157,
      "4": 0.292447383943829,
      "5": 0.182677940259368,
      "6": 0.190720249888997,
      "7": 0.847333474731603,
      "8": 0.319105748565416,
      "9": 0.079798176767012,
      "10": 0.271749245506313
    },
    "objective_value": 3.2264908176207343,
    "lower_bound": 3.226490918683565,
    "upper_bound": 3.226490817620734,
    "absolute_gap": -1.0106283054867049e-07,
    "relative_gap": -3.132283124165896e-08
  },
  "performance": {
    "solution_time_seconds": 2.056704521179199,
    "solver_status": "ok",
    "termination_condition": "optimal",
    "solver": "gams",
    "subsolver": "baron",
    "is_relaxation": false,
    "root_relaxation_value": 0.0,
    "root_relaxation_gap_percent": 100.0,
    "relaxation_gap_percent": null,
    "absolute_gap": null
  }
}