{
  "model_parameters": {
    "n_dimensions": 3,
    "n_clusters": 3,
    "n_points": 15,
    "coord_range_lower": -1,
    "coord_range_upper": 1
  },
  "solution": {
    "status": "optimal",
    "center_coordinates": {
      "cluster_1": {
        "dim_1": -0.009134489192479,
        "dim_2": 0.517365130905991,
        "dim_3": -0.426549170732026
      },
      "cluster_2": {
        "dim_1": 0.366856460386526,
        "dim_2": -0.012944333840209,
        "dim_3": 0.625471172005729
      },
      "cluster_3": {
        "dim_1": 0.416767210221427,
        "dim_2": -0.555296706945387,
        "dim_3": -0.064104411814195
      }
    },
    "distances": {
      "1": 0.050386230443332,
      "2": 0.248160356204421,
      "3": 0.149717518455113,
      "4": 0.335705224833102,
      "5": 0.084784081234029,
      "6": 0.251676070509352,
      "7": 0.129928331078167,
      "8": 0.763650501203964,
      "9": 0.311432477645473,
      "10": 0.218437824641371,
      "11": 0.885619634680189,
      "12": 0.212468163145666,
      "13": 0.458398525681359,
      "14": 0.116291407676614,
      "15": 0.82538373546607
    },
    "objective_value": 5.042040082898222,
    "lower_bound": 4.379614042623094,
    "upper_bound": 5.042040082898221,
    "absolute_gap": 0.6624260402751281,
    "relative_gap": 0.15125215003612041
  },
  "performance": {
    "solution_time_seconds": 300.7402198314667,
    "solver_status": "ok",
    "termination_condition": "optimal",
    "solver": "gams",
    "subsolver": "scip",
    "is_relaxation": false,
    "root_relaxation_value": 4.37961404262309,
    "root_relaxation_gap_percent": 13.138055814390942,
    "relaxation_gap_percent": null,
    "absolute_gap": null
  }
}