{
  "model_parameters": {
    "n_dimensions": 5,
    "n_clusters": 3,
    "n_points": 17,
    "coord_range_lower": -1,
    "coord_range_upper": 1
  },
  "solution": {
    "status": "feasible",
    "center_coordinates": {
      "cluster_1": {
        "dim_1": -0.301221596755602,
        "dim_2": -0.293507227577749,
        "dim_3": -0.25000809042021,
        "dim_4": 0.220428382620663,
        "dim_5": -0.62050520311531
      },
      "cluster_2": {
        "dim_1": -0.301221596755602,
        "dim_2": 0.141213238532109,
        "dim_3": 0.027203759958397,
        "dim_4": 0.207021008597499,
        "dim_5": 0.704950766459307
      },
      "cluster_3": {
        "dim_1": 0.553327321915869,
        "dim_2": -0.831976186635556,
        "dim_3": -0.005489095947979,
        "dim_4": 0.924805586646702,
        "dim_5": 0.49600406436173
      }
    },
    "distances": {
      "1": 1.075497974468565,
      "2": 0.073508160625176,
      "3": 1.492086537086633,
      "4": 1.637575818978982,
      "5": 2.270497818473858,
      "6": 0.310723307374018,
      "7": 0.997099304133283,
      "8": 0.284856051948235,
      "9": 1.248612539336099,
      "10": 1.546294961918456,
      "11": 0.466579374578062,
      "12": 0.351089742431708,
      "13": 0.553095263230856,
      "14": 0.527913783414103,
      "15": 0.948156360753696,
      "16": 2.111225846148288,
      "17": 0.73721654070527
    },
    "objective_value": 16.63202938560529,
    "lower_bound": 10.154525263796698,
    "upper_bound": 16.63202938560529,
    "absolute_gap": 6.477504121808591,
    "relative_gap": 0.6378933483874857
  },
  "performance": {
    "solution_time_seconds": 300.7526388168335,
    "solver_status": "ok",
    "termination_condition": "feasible",
    "solver": "gams",
    "subsolver": "gurobi",
    "is_relaxation": false,
    "root_relaxation_value": 0.0,
    "root_relaxation_gap_percent": 100.0,
    "relaxation_gap_percent": null,
    "absolute_gap": null
  }
}