{
  "model_parameters": {
    "n_dimensions": 4,
    "n_clusters": 3,
    "n_points": 11,
    "coord_range_lower": -1,
    "coord_range_upper": 1
  },
  "solution": {
    "status": "optimal",
    "center_coordinates": {
      "cluster_1": {
        "dim_1": -0.350553137597181,
        "dim_2": -0.12204143605621,
        "dim_3": 0.628900052949897,
        "dim_4": -0.45934784391982
      },
      "cluster_2": {
        "dim_1": 0.25033989460046,
        "dim_2": -0.336256967408818,
        "dim_3": -0.465869614624982,
        "dim_4": -0.573861221587527
      },
      "cluster_3": {
        "dim_1": 0.423718334681642,
        "dim_2": 0.228546928436692,
        "dim_3": -0.157926236568688,
        "dim_4": 0.420010949920913
      }
    },
    "distances": {
      "1": 0.381000719602888,
      "2": 0.226922253282546,
      "3": 0.069956637423701,
      "4": 0.477071989394449,
      "5": 0.070945910947373,
      "6": 0.425853449640233,
      "7": 0.698588440412187,
      "8": 0.401741702126304,
      "9": 0.188705991902163,
      "10": 0.545500626068189,
      "11": 0.468649469482202
    },
    "objective_value": 3.954937190282235,
    "lower_bound": 3.954917132913933,
    "absolute_gap": 2.005736830179572e-05,
    "relative_gap": 5.0715015328317894e-06
  },
  "performance": {
    "solution_time_seconds": 1802.6414840221405,
    "solver_status": "ok",
    "termination_condition": "optimal",
    "solver": "gams",
    "subsolver": "scip",
    "is_relaxation": false,
    "root_relaxation_value": 3.95491713291393,
    "root_relaxation_gap_percent": 0.0005071475813620442,
    "relaxation_gap_percent": null,
    "absolute_gap": null
  }
}