{
  "model_parameters": {
    "n_dimensions": 4,
    "n_clusters": 4,
    "n_points": 12,
    "coord_range_lower": -1,
    "coord_range_upper": 1
  },
  "solution": {
    "status": "optimal",
    "center_coordinates": {
      "cluster_1": {
        "dim_1": -0.170067533107791,
        "dim_2": -0.504905785960692,
        "dim_3": 0.62886349848143,
        "dim_4": -0.693871135460147
      },
      "cluster_2": {
        "dim_1": 0.136998906277064,
        "dim_2": -0.644478221826454,
        "dim_3": -0.642498690626436,
        "dim_4": 0.786885839080798
      },
      "cluster_3": {
        "dim_1": 0.497891396425342,
        "dim_2": 0.031111942857191,
        "dim_3": -0.40208896415971,
        "dim_4": -0.573914248299467
      },
      "cluster_4": {
        "dim_1": 0.640762178924565,
        "dim_2": 0.696150602169621,
        "dim_3": -0.342898538462569,
        "dim_4": 0.7611546788657
      }
    },
    "distances": {
      "1": 0.189003977549027,
      "2": 0.14884812376304,
      "3": 0.083637029497004,
      "4": 0.416960237209314,
      "5": 0.547207748328568,
      "6": 0.54395014779292,
      "7": 0.35031892424655,
      "8": 0.416960237209313,
      "9": 0.083309210076601,
      "10": 0.430004744801324,
      "11": 0.399902214783723,
      "12": 0.327199944086109
    },
    "objective_value": 3.937302539343493,
    "lower_bound": 3.937302539343492,
    "upper_bound": 3.937302539343492,
    "absolute_gap": 8.881784197001252e-16,
    "relative_gap": 2.2558043503769476e-16
  },
  "performance": {
    "solution_time_seconds": 274.36477541923523,
    "solver_status": "ok",
    "termination_condition": "optimal",
    "solver": "gams",
    "subsolver": "baron",
    "is_relaxation": false,
    "root_relaxation_value": 0.0,
    "root_relaxation_gap_percent": 100.0,
    "relaxation_gap_percent": null,
    "absolute_gap": null
  }
}