{
  "model_parameters": {
    "n_dimensions": 5,
    "n_clusters": 3,
    "n_points": 14,
    "coord_range_lower": -1,
    "coord_range_upper": 1
  },
  "solution": {
    "status": "optimal",
    "center_coordinates": {
      "cluster_1": {
        "dim_1": -0.556397235130752,
        "dim_2": -0.4646119107464,
        "dim_3": -0.366038281242061,
        "dim_4": -0.609481339401725,
        "dim_5": -0.332293412299175
      },
      "cluster_2": {
        "dim_1": -0.384712410224184,
        "dim_2": 0.616619215456441,
        "dim_3": -0.564872464763622,
        "dim_4": 0.699220031803155,
        "dim_5": -0.638158014917583
      },
      "cluster_3": {
        "dim_1": 0.062583868368581,
        "dim_2": 0.009382590349491,
        "dim_3": -0.005371886295468,
        "dim_4": 0.209302619686362,
        "dim_5": 0.113064105282799
      }
    },
    "distances": {
      "1": 0.433860853518426,
      "2": 0.323259560844595,
      "3": 0.826851225435011,
      "4": 1.462320867776197,
      "5": 1.521409420350573,
      "6": 0.126077417616688,
      "7": 0.950698842644137,
      "8": 0.313089999422762,
      "9": 0.340691055682317,
      "10": 0.596683015697888,
      "11": 0.209623779843583,
      "12": 0.784613230162266,
      "13": 0.830832649827609,
      "14": 0.251577104738612
    },
    "objective_value": 8.971589023560664,
    "lower_bound": 6.581080122261724,
    "upper_bound": 8.971589023560664,
    "absolute_gap": 2.39050890129894,
    "relative_gap": 0.363239598498824
  },
  "performance": {
    "solution_time_seconds": 301.5850157737732,
    "solver_status": "ok",
    "termination_condition": "optimal",
    "solver": "gams",
    "subsolver": "baron",
    "is_relaxation": false,
    "root_relaxation_value": 0.0,
    "root_relaxation_gap_percent": 100.0,
    "relaxation_gap_percent": null,
    "absolute_gap": null
  }
}