{
  "model_parameters": {
    "n_dimensions": 5,
    "n_clusters": 4,
    "n_points": 15,
    "coord_range_lower": -1,
    "coord_range_upper": 1
  },
  "solution": {
    "status": "optimal",
    "center_coordinates": {
      "cluster_1": {
        "dim_1": -0.553291184310716,
        "dim_2": -0.576950870661467,
        "dim_3": -0.712259034238238,
        "dim_4": 0.051589254889971,
        "dim_5": 0.223056261915289
      },
      "cluster_2": {
        "dim_1": -0.304783272570498,
        "dim_2": 0.592612784915782,
        "dim_3": 0.115133546971362,
        "dim_4": -0.027332873755969,
        "dim_5": 0.618802019449383
      },
      "cluster_3": {
        "dim_1": 0.452591301070659,
        "dim_2": 0.39743877464987,
        "dim_3": 0.482810665365991,
        "dim_4": 0.17714875571095,
        "dim_5": -0.361491344591196
      },
      "cluster_4": {
        "dim_1": 0.841333395089669,
        "dim_2": -0.559504195315714,
        "dim_3": -0.380699567501022,
        "dim_4": 0.16667791604878,
        "dim_5": 0.65399285776022
      }
    },
    "distances": {
      "1": 0.687755968608837,
      "2": 0.4980863850487,
      "3": 0.962194539734507,
      "4": 0.971812242044951,
      "5": 0.424442534528014,
      "6": 0.861913848815119,
      "7": 0.427269584485144,
      "8": 0.818326325738813,
      "9": 0.645819422187043,
      "10": 0.184338794359209,
      "11": 1.79878758646667,
      "12": 0.280757869354279,
      "13": 0.608967121996631,
      "14": 0.355438624824354,
      "15": 0.843974597754834
    },
    "objective_value": 10.369885445947105,
    "lower_bound": 1.787407440514494,
    "upper_bound": 10.369885445947107,
    "absolute_gap": 8.58247800543261,
    "relative_gap": 4.801634932750531
  },
  "performance": {
    "solution_time_seconds": 301.64456391334534,
    "solver_status": "ok",
    "termination_condition": "optimal",
    "solver": "gams",
    "subsolver": "baron",
    "is_relaxation": false,
    "root_relaxation_value": 0.0,
    "root_relaxation_gap_percent": 100.0,
    "relaxation_gap_percent": null,
    "absolute_gap": null
  }
}