{
  "model_parameters": {
    "n_dimensions": 3,
    "n_clusters": 5,
    "n_points": 15,
    "coord_range_lower": -1,
    "coord_range_upper": 1
  },
  "solution": {
    "status": "optimal",
    "center_coordinates": {
      "cluster_1": {
        "dim_1": -0.694800085708636,
        "dim_2": -0.432324945405633,
        "dim_3": -0.722662793539435
      },
      "cluster_2": {
        "dim_1": -0.475935058353306,
        "dim_2": -0.600233112386113,
        "dim_3": 0.615829599512827
      },
      "cluster_3": {
        "dim_1": -0.449665193806751,
        "dim_2": 0.827800331263174,
        "dim_3": 0.589563982557755
      },
      "cluster_4": {
        "dim_1": 0.072163960515685,
        "dim_2": 0.511928275628194,
        "dim_3": -0.474466087991771
      },
      "cluster_5": {
        "dim_1": 0.561953842219319,
        "dim_2": -0.137542853207418,
        "dim_3": 0.105711785562302
      }
    },
    "distances": {
      "1": 0.312229055177587,
      "2": 0.100184800237713,
      "3": 0.019749530477537,
      "4": 0.429312208199468,
      "5": 0.081115223551942,
      "6": 0.201626703111893,
      "7": 0.343539341614961,
      "8": 0.0,
      "9": 0.214430320798735,
      "10": 0.081115223551942,
      "11": 0.476835580632822,
      "12": 0.451745603898472,
      "13": 0.217597080584731,
      "14": 0.121244219081025,
      "15": 0.118605104195088
    },
    "objective_value": 3.169329995113916,
    "lower_bound": 3.169329995104841,
    "upper_bound": 3.169329995113918,
    "absolute_gap": 9.07496300328603e-12,
    "relative_gap": 2.8633695504421057e-12
  },
  "performance": {
    "solution_time_seconds": 53.954386472702026,
    "solver_status": "ok",
    "termination_condition": "optimal",
    "solver": "gams",
    "subsolver": "baron",
    "is_relaxation": false,
    "root_relaxation_value": 0.0,
    "root_relaxation_gap_percent": 100.0,
    "relaxation_gap_percent": null,
    "absolute_gap": null
  }
}