{
  "model_parameters": {
    "n_dimensions": 3,
    "n_clusters": 3,
    "n_points": 14,
    "coord_range_lower": -1,
    "coord_range_upper": 1
  },
  "solution": {
    "status": "optimal",
    "center_coordinates": {
      "cluster_1": {
        "dim_1": -0.733461365030595,
        "dim_2": -0.057716129698303,
        "dim_3": -0.398211525764618
      },
      "cluster_2": {
        "dim_1": -0.531325578475848,
        "dim_2": -0.853101124019066,
        "dim_3": 0.138591885378167
      },
      "cluster_3": {
        "dim_1": 0.359053665861105,
        "dim_2": 0.438482427448281,
        "dim_3": 0.408638723898943
      }
    },
    "distances": {
      "1": 0.486322068227373,
      "2": 0.065167578418265,
      "3": 0.045237563638838,
      "4": 0.013047279401568,
      "5": 0.354993279006802,
      "6": 0.476222632267297,
      "7": 0.81677659950504,
      "8": 0.193473505793315,
      "9": 0.447509338404196,
      "10": 0.027113235779461,
      "11": 0.86971579203734,
      "12": 0.288576180380427,
      "13": 0.145768176132344,
      "14": 0.392999070404484
    },
    "objective_value": 4.62292229939675,
    "lower_bound": 4.622922299396748,
    "upper_bound": 4.622922299396748,
    "absolute_gap": 1.7763568394002505e-15,
    "relative_gap": 3.842497719747636e-16
  },
  "performance": {
    "solution_time_seconds": 39.22224283218384,
    "solver_status": "ok",
    "termination_condition": "optimal",
    "solver": "gams",
    "subsolver": "scip",
    "is_relaxation": false,
    "root_relaxation_value": 4.62292229939675,
    "root_relaxation_gap_percent": 0.0,
    "relaxation_gap_percent": null,
    "absolute_gap": null
  }
}