{
  "model_parameters": {
    "n_dimensions": 5,
    "n_clusters": 4,
    "n_points": 15,
    "coord_range_lower": -1,
    "coord_range_upper": 1
  },
  "solution": {
    "status": "optimal",
    "center_coordinates": {
      "cluster_1": {
        "dim_1": -0.591837078081018,
        "dim_2": 0.711374620867359,
        "dim_3": 0.041504520033383,
        "dim_4": 0.011949520730075,
        "dim_5": 0.560219794938808
      },
      "cluster_2": {
        "dim_1": -0.553288284748675,
        "dim_2": -0.576948191595867,
        "dim_3": -0.712241503023503,
        "dim_4": 0.051587260748569,
        "dim_5": 0.223049019479923
      },
      "cluster_3": {
        "dim_1": 0.452604205885569,
        "dim_2": 0.397457934052628,
        "dim_3": 0.482815778134839,
        "dim_4": 0.177160021603426,
        "dim_5": -0.361507195213956
      },
      "cluster_4": {
        "dim_1": 0.770082198888129,
        "dim_2": -0.360538488319472,
        "dim_3": -0.201517359798516,
        "dim_4": 0.088720225199706,
        "dim_5": 0.689147741329385
      }
    },
    "distances": {
      "1": 0.522683213917932,
      "2": 0.75341194945143,
      "3": 0.756730330317892,
      "4": 0.971821993780808,
      "5": 0.424433407996952,
      "6": 1.023904438541786,
      "7": 0.462892599570878,
      "8": 0.818327142843977,
      "9": 0.378498679749904,
      "10": 0.095335047882545,
      "11": 1.798758487072712,
      "12": 0.280766925354722,
      "13": 0.608965526924809,
      "14": 0.3554492868037,
      "15": 0.843983972574271
    },
    "objective_value": 10.095963002784318,
    "lower_bound": 6.031017779351409,
    "absolute_gap": 4.064945223432909,
    "relative_gap": 0.674006506389385
  },
  "performance": {
    "solution_time_seconds": 1803.285912513733,
    "solver_status": "ok",
    "termination_condition": "optimal",
    "solver": "gams",
    "subsolver": "scip",
    "is_relaxation": false,
    "root_relaxation_value": 6.03101777935141,
    "root_relaxation_gap_percent": 40.2630756700659,
    "relaxation_gap_percent": null,
    "absolute_gap": null
  }
}