{
  "model_parameters": {
    "n_dimensions": 3,
    "n_clusters": 3,
    "n_points": 11,
    "coord_range_lower": -1,
    "coord_range_upper": 1
  },
  "solution": {
    "status": "optimal",
    "center_coordinates": {
      "cluster_1": {
        "dim_1": -0.419681248309242,
        "dim_2": -0.225218426548503,
        "dim_3": 0.570253972206207
      },
      "cluster_2": {
        "dim_1": -0.322191657621583,
        "dim_2": 0.81299258391771,
        "dim_3": 0.558248233537297
      },
      "cluster_3": {
        "dim_1": 0.155631198152661,
        "dim_2": -0.274298526403947,
        "dim_3": -0.361825035808063
      }
    },
    "distances": {
      "1": 0.339802116423095,
      "2": 0.083560917595167,
      "3": 0.202085968162749,
      "4": 0.165768595580565,
      "5": 0.542900650508693,
      "6": 0.153845331611514,
      "7": 0.723564117574924,
      "8": 0.565246242889879,
      "9": 0.230187628704906,
      "10": 0.270554377241973,
      "11": 0.10417693253293
    },
    "objective_value": 3.381692878826395,
    "lower_bound": 3.381687842631163,
    "absolute_gap": 5.0361952319555314e-06,
    "relative_gap": 1.4892549124336264e-06
  },
  "performance": {
    "solution_time_seconds": 1802.1255340576172,
    "solver_status": "ok",
    "termination_condition": "optimal",
    "solver": "gams",
    "subsolver": "scip",
    "is_relaxation": false,
    "root_relaxation_value": 3.38168784263116,
    "root_relaxation_gap_percent": 0.0001489252695475986,
    "relaxation_gap_percent": null,
    "absolute_gap": null
  }
}