{
  "model_parameters": {
    "n_dimensions": 4,
    "n_clusters": 4,
    "n_points": 16,
    "coord_range_lower": -1,
    "coord_range_upper": 1
  },
  "solution": {
    "status": "optimal",
    "center_coordinates": {
      "cluster_1": {
        "dim_1": -0.154712790985501,
        "dim_2": 0.61925970778223,
        "dim_3": 0.763066175605461,
        "dim_4": -0.37397565872885
      },
      "cluster_2": {
        "dim_1": 0.051066265413732,
        "dim_2": -0.494163282759961,
        "dim_3": 0.27273994858573,
        "dim_4": -0.159110394552686
      },
      "cluster_3": {
        "dim_1": 0.520091754823772,
        "dim_2": 0.417098007075606,
        "dim_3": -0.041445968408919,
        "dim_4": -0.478903302853484
      },
      "cluster_4": {
        "dim_1": 0.649017381016827,
        "dim_2": -0.042989710420971,
        "dim_3": -0.851671700972149,
        "dim_4": -0.173756589468373
      }
    },
    "distances": {
      "1": 0.199974131414848,
      "2": 0.545559735827653,
      "3": 0.037045268384164,
      "4": 0.373528690264763,
      "5": 0.081421325351275,
      "6": 0.340748147877971,
      "7": 0.277401533041332,
      "8": 0.620693749826172,
      "9": 0.716267684310174,
      "10": 0.58543090769406,
      "11": 0.247841350835382,
      "12": 0.330934914104182,
      "13": 0.379979188791269,
      "14": 0.373196946379142,
      "15": 0.217382079853026,
      "16": 0.671599835948743
    },
    "objective_value": 5.999005489904156,
    "lower_bound": 0.193355277483866,
    "upper_bound": 5.999005489904156,
    "absolute_gap": 5.80565021242029,
    "relative_gap": 30.025817179490883
  },
  "performance": {
    "solution_time_seconds": 300.98536705970764,
    "solver_status": "ok",
    "termination_condition": "optimal",
    "solver": "gams",
    "subsolver": "scip",
    "is_relaxation": false,
    "root_relaxation_value": 0.193355277483866,
    "root_relaxation_gap_percent": 96.77687780400824,
    "relaxation_gap_percent": null,
    "absolute_gap": null
  }
}