{
  "model_parameters": {
    "n_dimensions": 4,
    "n_clusters": 4,
    "n_points": 12,
    "coord_range_lower": -1,
    "coord_range_upper": 1
  },
  "solution": {
    "status": "optimal",
    "center_coordinates": {
      "cluster_1": {
        "dim_1": -0.170067533062964,
        "dim_2": -0.504905785874626,
        "dim_3": 0.628863498268363,
        "dim_4": -0.693871135403923
      },
      "cluster_2": {
        "dim_1": 0.136998906146649,
        "dim_2": -0.644478222052648,
        "dim_3": -0.642498690605621,
        "dim_4": 0.78688583950502
      },
      "cluster_3": {
        "dim_1": 0.497891397556011,
        "dim_2": 0.031111945904052,
        "dim_3": -0.402088964659949,
        "dim_4": -0.573914248042068
      },
      "cluster_4": {
        "dim_1": 0.640762177667183,
        "dim_2": 0.696150602849506,
        "dim_3": -0.342898535472567,
        "dim_4": 0.761154681005852
      }
    },
    "distances": {
      "1": 0.189003977501103,
      "2": 0.148848122535879,
      "3": 0.083637029434565,
      "4": 0.416960234112928,
      "5": 0.547207753120171,
      "6": 0.543950147787784,
      "7": 0.350318920621882,
      "8": 0.416960240165473,
      "9": 0.083309210117962,
      "10": 0.430004744617202,
      "11": 0.39990221486661,
      "12": 0.327199944067363
    },
    "objective_value": 3.9373025389489222,
    "lower_bound": 3.937302553384614,
    "upper_bound": 3.937302538948923,
    "absolute_gap": -1.4435691753078572e-08,
    "relative_gap": -3.6663912811752943e-09
  },
  "performance": {
    "solution_time_seconds": 58.25357699394226,
    "solver_status": "ok",
    "termination_condition": "optimal",
    "solver": "gams",
    "subsolver": "baron",
    "is_relaxation": false,
    "root_relaxation_value": 1.14822,
    "root_relaxation_gap_percent": 70.83739467207614,
    "relaxation_gap_percent": null,
    "absolute_gap": null
  }
}