{
  "model_parameters": {
    "n_dimensions": 3,
    "n_clusters": 5,
    "n_points": 14,
    "coord_range_lower": -1,
    "coord_range_upper": 1
  },
  "solution": {
    "status": "optimal",
    "center_coordinates": {
      "cluster_1": {
        "dim_1": -0.929096445917706,
        "dim_2": -0.24069210348352,
        "dim_3": -0.663878678169627
      },
      "cluster_2": {
        "dim_1": -0.422085383578643,
        "dim_2": 0.765582697091636,
        "dim_3": 0.604940027698909
      },
      "cluster_3": {
        "dim_1": -0.120461025180292,
        "dim_2": -0.264540612545223,
        "dim_3": 0.309825694238301
      },
      "cluster_4": {
        "dim_1": 0.469387442376422,
        "dim_2": 0.000800631882818,
        "dim_3": -0.421136993436879
      },
      "cluster_5": {
        "dim_1": 0.932976437893309,
        "dim_2": -0.504140746739731,
        "dim_3": 0.359188307276042
      }
    },
    "distances": {
      "1": 0.297428819194372,
      "2": 0.0,
      "3": 0.345817480603549,
      "4": 0.152942298889514,
      "5": 0.149800763569884,
      "6": 0.055864126203389,
      "7": 0.0,
      "8": 0.149192516253851,
      "9": 0.094459102483058,
      "10": 0.188655278401622,
      "11": 0.083725576504204,
      "12": 0.191559241816943,
      "13": 0.068056878443303,
      "14": 0.335591049513271
    },
    "objective_value": 2.11309313187696,
    "lower_bound": 0.169335676697714,
    "upper_bound": 2.11309313187696,
    "absolute_gap": 1.943757455179246,
    "relative_gap": 11.478723757953876
  },
  "performance": {
    "solution_time_seconds": 300.9688558578491,
    "solver_status": "ok",
    "termination_condition": "optimal",
    "solver": "gams",
    "subsolver": "scip",
    "is_relaxation": false,
    "root_relaxation_value": 0.169335676697714,
    "root_relaxation_gap_percent": 91.98635998843547,
    "relaxation_gap_percent": null,
    "absolute_gap": null
  }
}