{
  "model_parameters": {
    "n_dimensions": 4,
    "n_clusters": 3,
    "n_points": 13,
    "coord_range_lower": -1,
    "coord_range_upper": 1
  },
  "solution": {
    "status": "optimal",
    "center_coordinates": {
      "cluster_1": {
        "dim_1": -0.297630168236897,
        "dim_2": -0.516155442004632,
        "dim_3": -0.150368101346676,
        "dim_4": 0.596167584780163
      },
      "cluster_2": {
        "dim_1": 0.220831333110298,
        "dim_2": -0.123743405939988,
        "dim_3": -0.674664016099837,
        "dim_4": -0.569546018166965
      },
      "cluster_3": {
        "dim_1": 0.664047754949763,
        "dim_2": -0.294807592921477,
        "dim_3": 0.410493429455589,
        "dim_4": -0.215518089812617
      }
    },
    "distances": {
      "1": 0.855574174365197,
      "2": 0.36938372556614,
      "3": 1.070913524997567,
      "4": 0.476700392878436,
      "5": 0.686686785920498,
      "6": 0.23190051748002,
      "7": 0.328795655098154,
      "8": 0.66721920828904,
      "9": 0.522630345874659,
      "10": 0.175973172173177,
      "11": 0.812928114667322,
      "12": 0.251722316057644,
      "13": 0.289604060840322
    },
    "objective_value": 6.740031994208176,
    "lower_bound": 6.740031765266759,
    "upper_bound": 6.740031994208177,
    "absolute_gap": 2.2894141693541314e-07,
    "relative_gap": 3.3967409191631904e-08
  },
  "performance": {
    "solution_time_seconds": 71.81103730201721,
    "solver_status": "ok",
    "termination_condition": "optimal",
    "solver": "gams",
    "subsolver": "gurobi",
    "is_relaxation": false,
    "root_relaxation_value": 0.0,
    "root_relaxation_gap_percent": 100.0,
    "relaxation_gap_percent": null,
    "absolute_gap": null
  }
}