{
  "model_parameters": {
    "n_dimensions": 2,
    "n_clusters": 5,
    "n_points": 16,
    "coord_range_lower": -1,
    "coord_range_upper": 1
  },
  "solution": {
    "status": "optimal",
    "center_coordinates": {
      "cluster_1": {
        "dim_1": -0.883904981479675,
        "dim_2": -0.610903306271343
      },
      "cluster_2": {
        "dim_1": -0.261146772323843,
        "dim_2": 0.530599688072568
      },
      "cluster_3": {
        "dim_1": 0.256202807822029,
        "dim_2": 0.028141318432122
      },
      "cluster_4": {
        "dim_1": 0.274881979671019,
        "dim_2": -0.828699841026324
      },
      "cluster_5": {
        "dim_1": 0.587879060316566,
        "dim_2": 0.621241587236151
      }
    },
    "distances": {
      "1": 0.0246751263587,
      "2": 0.062838522449867,
      "3": 0.063402684289249,
      "4": 0.0246751263587,
      "5": 0.000388301978308,
      "6": 0.165218908782545,
      "7": 0.02276829772237,
      "8": 0.053900117893146,
      "9": 0.079929699113842,
      "10": 0.006852469894247,
      "11": 0.083652366332133,
      "12": 0.212841751569226,
      "13": 0.033307786530843,
      "14": 0.0,
      "15": 0.091839914048244,
      "16": 0.143555486418942
    },
    "objective_value": 1.069846559740362,
    "lower_bound": 1.069845818309428,
    "upper_bound": 1.06984655974036,
    "absolute_gap": 7.414309339814906e-07,
    "relative_gap": 6.93025968127913e-07
  },
  "performance": {
    "solution_time_seconds": 131.81350874900818,
    "solver_status": "ok",
    "termination_condition": "optimal",
    "solver": "gams",
    "subsolver": "baron",
    "is_relaxation": false,
    "root_relaxation_value": 0.0,
    "root_relaxation_gap_percent": 100.0,
    "relaxation_gap_percent": null,
    "absolute_gap": null
  }
}