{
  "model_parameters": {
    "n_dimensions": 4,
    "n_clusters": 5,
    "n_points": 15,
    "coord_range_lower": -1,
    "coord_range_upper": 1
  },
  "solution": {
    "status": "optimal",
    "center_coordinates": {
      "cluster_1": {
        "dim_1": -0.788399108528144,
        "dim_2": 0.872166879981563,
        "dim_3": -0.960757178599961,
        "dim_4": -0.553055760489929
      },
      "cluster_2": {
        "dim_1": -0.6214599609375,
        "dim_2": 0.261076576731705,
        "dim_3": 0.4024658203125,
        "dim_4": 0.0875244140625
      },
      "cluster_3": {
        "dim_1": -0.6214599609375,
        "dim_2": -0.3446044921875,
        "dim_3": -0.576563550862141,
        "dim_4": 0.7342529296875
      },
      "cluster_4": {
        "dim_1": 0.3218994140625,
        "dim_2": 0.030380855875527,
        "dim_3": 0.79150390625,
        "dim_4": 0.3790283203125
      },
      "cluster_5": {
        "dim_1": 0.48477990648323,
        "dim_2": -0.038377125603285,
        "dim_3": -0.4698486328125,
        "dim_4": -0.2904052734375
      }
    },
    "distances": {
      "1": 0.279846087844632,
      "2": 0.0,
      "3": 0.689584424831824,
      "4": 0.252936042867577,
      "5": 0.18796225120702,
      "6": 0.129295115940736,
      "7": 0.390834477572728,
      "8": 0.165714469909179,
      "9": 1.013986034711097,
      "10": 0.30274779746569,
      "11": 0.809835459618693,
      "12": 0.221862263450403,
      "13": 0.5266433189118,
      "14": 1.022167283777239,
      "15": 0.252610500717454
    },
    "objective_value": 6.246025528826072,
    "lower_bound": 0.0,
    "upper_bound": 6.246025528826072,
    "absolute_gap": 6.246025528826072,
    "relative_gap": null
  },
  "performance": {
    "solution_time_seconds": 301.87848591804504,
    "solver_status": "ok",
    "termination_condition": "optimal",
    "solver": "gams",
    "subsolver": "scip",
    "is_relaxation": false,
    "root_relaxation_value": 0.0,
    "root_relaxation_gap_percent": 100.0,
    "relaxation_gap_percent": null,
    "absolute_gap": null
  }
}