{
  "model_parameters": {
    "n_dimensions": 3,
    "n_clusters": 3,
    "n_points": 13,
    "coord_range_lower": -1,
    "coord_range_upper": 1
  },
  "solution": {
    "status": "optimal",
    "center_coordinates": {
      "cluster_1": {
        "dim_1": -0.224895256863981,
        "dim_2": -0.065503350679211,
        "dim_3": -0.749228621890926
      },
      "cluster_2": {
        "dim_1": -0.161392695017238,
        "dim_2": 0.278119199053336,
        "dim_3": 0.690166456987527
      },
      "cluster_3": {
        "dim_1": 0.846517569125982,
        "dim_2": -0.755879704592555,
        "dim_3": 0.605114257836321
      }
    },
    "distances": {
      "1": 0.41613860736558,
      "2": 0.260663864307044,
      "3": 0.849724013472344,
      "4": 0.437411727853696,
      "5": 0.055254247032691,
      "6": 0.506248739901285,
      "7": 0.61749670957712,
      "8": 1.265564228400536,
      "9": 0.039677921770532,
      "10": 0.098968965566099,
      "11": 0.072611648676293,
      "12": 0.617496704640495,
      "13": 0.489700761425906
    },
    "objective_value": 5.726958139989621,
    "lower_bound": 5.726957031912626,
    "absolute_gap": 1.1080769954929792e-06,
    "relative_gap": 1.9348442625261254e-07
  },
  "performance": {
    "solution_time_seconds": 1802.0436713695526,
    "solver_status": "ok",
    "termination_condition": "optimal",
    "solver": "gams",
    "subsolver": "scip",
    "is_relaxation": false,
    "root_relaxation_value": 5.72695703191263,
    "root_relaxation_gap_percent": 1.9348438804096014e-05,
    "relaxation_gap_percent": null,
    "absolute_gap": null
  }
}