{
  "model_parameters": {
    "n_dimensions": 5,
    "n_clusters": 4,
    "n_points": 11,
    "coord_range_lower": -1,
    "coord_range_upper": 1
  },
  "solution": {
    "status": "optimal",
    "center_coordinates": {
      "cluster_1": {
        "dim_1": -0.66562999531342,
        "dim_2": -0.320328299275816,
        "dim_3": -0.149270813467194,
        "dim_4": 0.475277365839793,
        "dim_5": -0.458834836980424
      },
      "cluster_2": {
        "dim_1": -0.594638585795919,
        "dim_2": 0.381865328913933,
        "dim_3": 0.464086267246832,
        "dim_4": -0.218965895556199,
        "dim_5": 0.074131550731484
      },
      "cluster_3": {
        "dim_1": -0.525923709308833,
        "dim_2": -0.385971307149753,
        "dim_3": 0.980603050722732,
        "dim_4": 0.845752277748213,
        "dim_5": 0.314260926801985
      },
      "cluster_4": {
        "dim_1": 0.527600645055852,
        "dim_2": 0.281005037435104,
        "dim_3": 0.604476815096895,
        "dim_4": -0.394736403981176,
        "dim_5": 0.065576873202498
      }
    },
    "distances": {
      "1": 0.122798704379919,
      "2": 0.296023500611551,
      "3": -9.989992e-09,
      "4": 0.953695818482239,
      "5": 0.834159695187953,
      "6": 0.50022660537019,
      "7": 0.553559110339681,
      "8": 0.706874259095156,
      "9": 0.705274798646048,
      "10": 0.757204007543634,
      "11": 0.486089137610587
    },
    "objective_value": 5.915905627276966,
    "lower_bound": 1.646369189828278,
    "absolute_gap": 4.2695364374486875,
    "relative_gap": 2.5933043838690972
  },
  "performance": {
    "solution_time_seconds": 1801.570115327835,
    "solver_status": "ok",
    "termination_condition": "optimal",
    "solver": "gams",
    "subsolver": "scip",
    "is_relaxation": false,
    "root_relaxation_value": 1.64636918982828,
    "root_relaxation_gap_percent": 72.1704622494783,
    "relaxation_gap_percent": null,
    "absolute_gap": null
  }
}