{
  "model_parameters": {
    "n_dimensions": 4,
    "n_clusters": 4,
    "n_points": 10,
    "coord_range_lower": -1,
    "coord_range_upper": 1
  },
  "solution": {
    "status": "optimal",
    "center_coordinates": {
      "cluster_1": {
        "dim_1": -0.997925626682931,
        "dim_2": 0.93405555598008,
        "dim_3": -0.764473840276886,
        "dim_4": 0.097059615142118
      },
      "cluster_2": {
        "dim_1": -0.5097207777662,
        "dim_2": -0.187834098920366,
        "dim_3": 0.279613770094827,
        "dim_4": -0.582976882570221
      },
      "cluster_3": {
        "dim_1": -0.143728972639208,
        "dim_2": -0.408473627504834,
        "dim_3": 0.02452698139355,
        "dim_4": 0.608351483042069
      },
      "cluster_4": {
        "dim_1": 0.43380171498276,
        "dim_2": 0.598726318818033,
        "dim_3": -0.259168479016279,
        "dim_4": -0.817719536388227
      }
    },
    "distances": {
      "1": 0.539317892085956,
      "2": 0.569139590722294,
      "3": 0.4758149272323,
      "4": 0.106321447280575,
      "5": 0.0,
      "6": 0.323782789991596,
      "7": 0.102924838642728,
      "8": 0.75065685688044,
      "9": 0.588530672049644,
      "10": 0.316649540978818
    },
    "objective_value": 3.7731385558643513,
    "lower_bound": 3.773138555864353,
    "upper_bound": 3.773138555864352,
    "absolute_gap": -1.7763568394002505e-15,
    "relative_gap": -4.707902487809175e-16
  },
  "performance": {
    "solution_time_seconds": 76.24566769599915,
    "solver_status": "ok",
    "termination_condition": "optimal",
    "solver": "gams",
    "subsolver": "scip",
    "is_relaxation": false,
    "root_relaxation_value": 3.77313855586435,
    "root_relaxation_gap_percent": 3.530926865856883e-14,
    "relaxation_gap_percent": null,
    "absolute_gap": null
  }
}