{
  "model_parameters": {
    "n_dimensions": 2,
    "n_clusters": 4,
    "n_points": 12,
    "coord_range_lower": -1,
    "coord_range_upper": 1
  },
  "solution": {
    "status": "optimal",
    "center_coordinates": {
      "cluster_1": {
        "dim_1": -0.665447550604463,
        "dim_2": 0.281368960272946
      },
      "cluster_2": {
        "dim_1": -0.379771409228755,
        "dim_2": -0.68558957325682
      },
      "cluster_3": {
        "dim_1": 0.542135825609638,
        "dim_2": -0.730836846511061
      },
      "cluster_4": {
        "dim_1": 0.542135825609638,
        "dim_2": -0.016696576902578
      }
    },
    "distances": {
      "1": 0.033324108709157,
      "2": 0.105971622720753,
      "3": 0.064857684646201,
      "4": 0.103385081821156,
      "5": 0.087295873263012,
      "6": 0.117423573732478,
      "7": 0.064857684646201,
      "8": 0.016697349797085,
      "9": 0.187339954724563,
      "10": 0.121557245492074,
      "11": 0.036233798989832,
      "12": 0.011902599608878
    },
    "objective_value": 0.95084657815139,
    "lower_bound": 0.950846578151389,
    "upper_bound": 0.950846578151389,
    "absolute_gap": 9.992007221626409e-16,
    "relative_gap": 1.050853781380021e-15
  },
  "performance": {
    "solution_time_seconds": 77.93426704406738,
    "solver_status": "ok",
    "termination_condition": "optimal",
    "solver": "gams",
    "subsolver": "baron",
    "is_relaxation": false,
    "root_relaxation_value": 0.0,
    "root_relaxation_gap_percent": 100.0,
    "relaxation_gap_percent": null,
    "absolute_gap": null
  }
}