{
  "model_parameters": {
    "n_dimensions": 4,
    "n_clusters": 4,
    "n_points": 16,
    "coord_range_lower": -1,
    "coord_range_upper": 1
  },
  "solution": {
    "status": "optimal",
    "center_coordinates": {
      "cluster_1": {
        "dim_1": -0.01714606412229,
        "dim_2": -0.494161605834961,
        "dim_3": 0.272552490234375,
        "dim_4": -0.1593017578125
      },
      "cluster_2": {
        "dim_1": -0.01714606412229,
        "dim_2": 0.619803256123376,
        "dim_3": 0.763204855798969,
        "dim_4": -0.37353515625
      },
      "cluster_3": {
        "dim_1": 0.520105361938477,
        "dim_2": 0.416826777874018,
        "dim_3": -0.041444986480665,
        "dim_4": -0.479311936012583
      },
      "cluster_4": {
        "dim_1": 0.648834228515629,
        "dim_2": -0.042486190795898,
        "dim_3": -0.85192871093754,
        "dim_4": -0.173561305966962
      }
    },
    "distances": {
      "1": 0.199711435899542,
      "2": 0.546063407297414,
      "3": 0.037208612164891,
      "4": 0.304645068428802,
      "5": 0.076401184110606,
      "6": 0.359389034564568,
      "7": 0.277047032862785,
      "8": 0.619999710775552,
      "9": 0.759408231782434,
      "10": 0.585183559356375,
      "11": 0.248203412462095,
      "12": 0.293024913649011,
      "13": 0.379498602597499,
      "14": 0.480045572207496,
      "15": 0.217895765729395,
      "16": 0.672097032999979
    },
    "objective_value": 6.055822576888444,
    "lower_bound": 1.009088743120574,
    "upper_bound": 6.055822576888443,
    "absolute_gap": 5.0467338337678695,
    "relative_gap": 5.00127849822307
  },
  "performance": {
    "solution_time_seconds": 301.16610193252563,
    "solver_status": "ok",
    "termination_condition": "optimal",
    "solver": "gams",
    "subsolver": "scip",
    "is_relaxation": false,
    "root_relaxation_value": 1.00908874312057,
    "root_relaxation_gap_percent": 83.33688396070791,
    "relaxation_gap_percent": null,
    "absolute_gap": null
  }
}