{
  "model_parameters": {
    "n_dimensions": 5,
    "n_clusters": 4,
    "n_points": 16,
    "coord_range_lower": -1,
    "coord_range_upper": 1
  },
  "solution": {
    "status": "optimal",
    "center_coordinates": {
      "cluster_1": {
        "dim_1": -0.636869563826325,
        "dim_2": 0.168304260864032,
        "dim_3": 0.546836373142484,
        "dim_4": -0.620909944806221,
        "dim_5": -0.729884985649706
      },
      "cluster_2": {
        "dim_1": -0.179874945750753,
        "dim_2": -0.530620667985024,
        "dim_3": 0.148115957427232,
        "dim_4": 0.300879022962764,
        "dim_5": -0.237195976116702
      },
      "cluster_3": {
        "dim_1": 0.1544897722564,
        "dim_2": 0.412934371578853,
        "dim_3": 0.296662145516926,
        "dim_4": -0.831467283262825,
        "dim_5": 0.454562440009614
      },
      "cluster_4": {
        "dim_1": 0.483763924429649,
        "dim_2": 0.775002894437936,
        "dim_3": -0.224239024272591,
        "dim_4": 0.423955904723443,
        "dim_5": -0.498483417018771
      }
    },
    "distances": {
      "1": 0.822239092758592,
      "2": 1.074738701732038,
      "3": 0.255996050313415,
      "4": 1.154727144099976,
      "5": 0.397081134560232,
      "6": 0.985136002870306,
      "7": 0.729797526031017,
      "8": 0.80024805401771,
      "9": 0.42319404667994,
      "10": 0.373580169105963,
      "11": 0.614480339681663,
      "12": 1.25876539113433,
      "13": 0.340394306629569,
      "14": 0.260512853234306,
      "15": 0.759591505829016,
      "16": 0.489449014787341
    },
    "objective_value": 10.739931333465414,
    "lower_bound": 4.832153015995646,
    "absolute_gap": 5.907778317469768,
    "relative_gap": 1.222597524936303
  },
  "performance": {
    "solution_time_seconds": 1806.3039963245392,
    "solver_status": "ok",
    "termination_condition": "optimal",
    "solver": "gams",
    "subsolver": "scip",
    "is_relaxation": false,
    "root_relaxation_value": 4.83215301599565,
    "root_relaxation_gap_percent": 55.00759859666182,
    "relaxation_gap_percent": null,
    "absolute_gap": null
  }
}