{
  "model_parameters": {
    "n_dimensions": 4,
    "n_clusters": 3,
    "n_points": 15,
    "coord_range_lower": -1,
    "coord_range_upper": 1
  },
  "solution": {
    "status": "optimal",
    "center_coordinates": {
      "cluster_1": {
        "dim_1": -0.672989029014364,
        "dim_2": 0.627951107285871,
        "dim_3": -0.466061842595781,
        "dim_4": -0.004678086069377
      },
      "cluster_2": {
        "dim_1": 0.020637191675485,
        "dim_2": -0.430448850451386,
        "dim_3": 0.15591559718062,
        "dim_4": 0.28218805143721
      },
      "cluster_3": {
        "dim_1": 0.679940894077873,
        "dim_2": 0.298267631224477,
        "dim_3": 0.204738278922083,
        "dim_4": -0.370320158963458
      }
    },
    "distances": {
      "1": 0.258045919927076,
      "2": 0.647771875568282,
      "3": 0.598261218459985,
      "4": 0.365333985303422,
      "5": 1.267457924334866,
      "6": 0.343143928156897,
      "7": 0.692947163791534,
      "8": 0.704990190146504,
      "9": 0.480246374452905,
      "10": 0.388334091278023,
      "11": 0.493222651247113,
      "12": 0.54322549861911,
      "13": 0.299012639423025,
      "14": 0.636025285214374,
      "15": 0.522399478038112
    },
    "objective_value": 8.240418223961228,
    "lower_bound": 4.626504682430106,
    "upper_bound": 8.240418223961228,
    "absolute_gap": 3.6139135415311223,
    "relative_gap": 0.781132580553855
  },
  "performance": {
    "solution_time_seconds": 301.16678285598755,
    "solver_status": "ok",
    "termination_condition": "optimal",
    "solver": "gams",
    "subsolver": "scip",
    "is_relaxation": false,
    "root_relaxation_value": 4.62650468243011,
    "root_relaxation_gap_percent": 43.85594812436454,
    "relaxation_gap_percent": null,
    "absolute_gap": null
  }
}