{
  "model_parameters": {
    "n_dimensions": 2,
    "n_clusters": 4,
    "n_points": 16,
    "coord_range_lower": -1,
    "coord_range_upper": 1
  },
  "solution": {
    "status": "optimal",
    "center_coordinates": {
      "cluster_1": {
        "dim_1": -0.709077974763238,
        "dim_2": 0.160820462919252
      },
      "cluster_2": {
        "dim_1": -0.680350579931777,
        "dim_2": -0.447738818690814
      },
      "cluster_3": {
        "dim_1": 0.285861032616797,
        "dim_2": 0.721324578909662
      },
      "cluster_4": {
        "dim_1": 0.630839392216663,
        "dim_2": 0.042250811938888
      }
    },
    "distances": {
      "1": 0.058941595013412,
      "2": 0.027151504167537,
      "3": 0.043228708794293,
      "4": 0.208134679026634,
      "5": 0.03192291047786,
      "6": 0.081780902147971,
      "7": 0.363722759179995,
      "8": 0.027130529085234,
      "9": 0.099166688607579,
      "10": 0.090010116442997,
      "11": 0.003601556822672,
      "12": 0.251472017988282,
      "13": 0.00404307273629,
      "14": 0.042898012783898,
      "15": 0.135564108249667,
      "16": 0.028167360184543
    },
    "objective_value": 1.496936521708864,
    "lower_bound": 1.496936521708864,
    "upper_bound": 1.496936521708864,
    "absolute_gap": 0.0,
    "relative_gap": 0.0
  },
  "performance": {
    "solution_time_seconds": 40.866507053375244,
    "solver_status": "ok",
    "termination_condition": "optimal",
    "solver": "gams",
    "subsolver": "baron",
    "is_relaxation": false,
    "root_relaxation_value": 0.0,
    "root_relaxation_gap_percent": 100.0,
    "relaxation_gap_percent": null,
    "absolute_gap": null
  }
}