{
  "model_parameters": {
    "n_dimensions": 2,
    "n_clusters": 4,
    "n_points": 15,
    "coord_range_lower": -1,
    "coord_range_upper": 1
  },
  "solution": {
    "status": "optimal",
    "center_coordinates": {
      "cluster_1": {
        "dim_1": -0.590987074503545,
        "dim_2": -0.779527995603351
      },
      "cluster_2": {
        "dim_1": -0.519088537517556,
        "dim_2": 0.255070952739012
      },
      "cluster_3": {
        "dim_1": 0.462688348379674,
        "dim_2": 0.63441673129286
      },
      "cluster_4": {
        "dim_1": 0.756631178980887,
        "dim_2": -0.292812691710147
      }
    },
    "distances": {
      "1": 0.173150023556807,
      "2": 0.135606204604187,
      "3": 0.053456175241684,
      "4": 0.264450226407976,
      "5": 0.020687960883658,
      "6": 0.183276282302037,
      "7": 0.223481980300084,
      "8": 0.126672440193075,
      "9": 0.415105767521741,
      "10": 0.146071988881805,
      "11": 0.044870884036632,
      "12": 0.144894382150362,
      "13": 0.054314610983292,
      "14": 0.121070501647682,
      "15": 0.017614920014234
    },
    "objective_value": 2.124724348725256,
    "lower_bound": 2.12471858363523,
    "absolute_gap": 5.765090025811048e-06,
    "relative_gap": 2.7133428728935118e-06
  },
  "performance": {
    "solution_time_seconds": 1801.7281458377838,
    "solver_status": "ok",
    "termination_condition": "optimal",
    "solver": "gams",
    "subsolver": "scip",
    "is_relaxation": false,
    "root_relaxation_value": 2.12471858363523,
    "root_relaxation_gap_percent": 0.0002713335510683942,
    "relaxation_gap_percent": null,
    "absolute_gap": null
  }
}