{
  "model_parameters": {
    "n_dimensions": 5,
    "n_clusters": 3,
    "n_points": 16,
    "coord_range_lower": -1,
    "coord_range_upper": 1
  },
  "solution": {
    "status": "optimal",
    "center_coordinates": {
      "cluster_1": {
        "dim_1": -0.216982838221041,
        "dim_2": -0.441534196724426,
        "dim_3": -0.187370492988001,
        "dim_4": 0.588172625214801,
        "dim_5": 0.162102120689026
      },
      "cluster_2": {
        "dim_1": 0.380435865745567,
        "dim_2": 0.562696584495462,
        "dim_3": 0.78454230298435,
        "dim_4": 0.388238273477072,
        "dim_5": 0.553314764840715
      },
      "cluster_3": {
        "dim_1": 0.550327960977106,
        "dim_2": -0.126273623621775,
        "dim_3": -0.406078145430744,
        "dim_4": -0.345990295493483,
        "dim_5": -0.439169585063399
      }
    },
    "distances": {
      "1": 1.793596198633253,
      "2": 1.057909452762118,
      "3": 0.725421561227891,
      "4": 0.378380648344166,
      "5": 0.767829581553094,
      "6": 0.281594864930961,
      "7": 0.864829751665624,
      "8": 0.737984953004118,
      "9": 1.288424331694013,
      "10": 1.436066538152781,
      "11": 1.77969522766903,
      "12": 0.642550994911242,
      "13": 0.335560187482359,
      "14": 0.966639151666865,
      "15": 2.47615559056128,
      "16": 0.865795750181198
    },
    "objective_value": 16.398434784439992,
    "lower_bound": 13.153514619472999,
    "absolute_gap": 3.2449201649669934,
    "relative_gap": 0.2466960549207952
  },
  "performance": {
    "solution_time_seconds": 1866.8033850193024,
    "solver_status": "ok",
    "termination_condition": "optimal",
    "solver": "gams",
    "subsolver": "baron",
    "is_relaxation": false,
    "root_relaxation_value": 0.0,
    "root_relaxation_gap_percent": 100.0,
    "relaxation_gap_percent": null,
    "absolute_gap": null
  }
}