{
  "model_parameters": {
    "n_dimensions": 2,
    "n_clusters": 4,
    "n_points": 17,
    "coord_range_lower": -1,
    "coord_range_upper": 1
  },
  "solution": {
    "status": "optimal",
    "center_coordinates": {
      "cluster_1": {
        "dim_1": -0.68380736486179,
        "dim_2": -0.699659476009342
      },
      "cluster_2": {
        "dim_1": -0.647403511628473,
        "dim_2": 0.546943785043937
      },
      "cluster_3": {
        "dim_1": 0.370472431123136,
        "dim_2": -0.092888199795639
      },
      "cluster_4": {
        "dim_1": 0.565132845791252,
        "dim_2": 0.729602821408793
      }
    },
    "distances": {
      "1": 0.076759588944836,
      "2": 0.097447515162514,
      "3": 0.328182065069377,
      "4": 0.108317530152556,
      "5": 0.091039815825094,
      "6": 0.039480059378254,
      "7": 0.026642363378663,
      "8": 0.378160484169395,
      "9": 0.004754619093762,
      "10": 0.086235696904011,
      "11": 0.000769666921348,
      "12": 0.006841006296832,
      "13": 0.157731500156555,
      "14": 0.25174623969461,
      "15": 0.012060008486792,
      "16": 0.311368959696503,
      "17": 0.114280294194493
    },
    "objective_value": 2.091817413525595,
    "lower_bound": 2.091817413525594,
    "absolute_gap": 8.881784197001252e-16,
    "relative_gap": 4.245965321625133e-16
  },
  "performance": {
    "solution_time_seconds": 86.27902173995972,
    "solver_status": "ok",
    "termination_condition": "optimal",
    "solver": "gams",
    "subsolver": "baron",
    "is_relaxation": false,
    "root_relaxation_value": 0.0,
    "root_relaxation_gap_percent": 100.0,
    "relaxation_gap_percent": null,
    "absolute_gap": null
  }
}