{
  "model_parameters": {
    "n_dimensions": 4,
    "n_clusters": 3,
    "n_points": 16,
    "coord_range_lower": -1,
    "coord_range_upper": 1
  },
  "solution": {
    "status": "optimal",
    "center_coordinates": {
      "cluster_1": {
        "dim_1": -0.611053183300001,
        "dim_2": 0.262082699852012,
        "dim_3": 0.249957900314092,
        "dim_4": 0.243234096457672
      },
      "cluster_2": {
        "dim_1": -0.06302209215774,
        "dim_2": 0.428846890618262,
        "dim_3": 0.637157041995431,
        "dim_4": -0.808895280311601
      },
      "cluster_3": {
        "dim_1": 0.26652530601857,
        "dim_2": -0.34741672993449,
        "dim_3": -0.3682122067791,
        "dim_4": 0.616167510896563
      }
    },
    "distances": {
      "1": 0.550512354683739,
      "2": 0.650154750687131,
      "3": 0.448300821629825,
      "4": 0.45855698762772,
      "5": 0.321407572715613,
      "6": 0.229306919879335,
      "7": 0.43545711813087,
      "8": 0.3284788967733,
      "9": 1.162472053982518,
      "10": 0.474422905476985,
      "11": 0.538289934088074,
      "12": 0.466716735216324,
      "13": 0.124327907136338,
      "14": 1.176130302492779,
      "15": 1.019395628470276,
      "16": 0.55432021801433
    },
    "objective_value": 8.938251107005158,
    "lower_bound": 8.93825051346557,
    "upper_bound": 8.938251107005158,
    "absolute_gap": 5.935395872569416e-07,
    "relative_gap": 6.640444753285532e-08
  },
  "performance": {
    "solution_time_seconds": 19.969893217086792,
    "solver_status": "ok",
    "termination_condition": "optimal",
    "solver": "gams",
    "subsolver": "baron",
    "is_relaxation": false,
    "root_relaxation_value": 0.0,
    "root_relaxation_gap_percent": 100.0,
    "relaxation_gap_percent": null,
    "absolute_gap": null
  }
}