{
  "model_parameters": {
    "n_dimensions": 3,
    "n_clusters": 3,
    "n_points": 15,
    "coord_range_lower": -1,
    "coord_range_upper": 1
  },
  "solution": {
    "status": "optimal",
    "center_coordinates": {
      "cluster_1": {
        "dim_1": -0.00931561617969,
        "dim_2": 0.518240950878429,
        "dim_3": -0.426682687860722
      },
      "cluster_2": {
        "dim_1": 0.381730914338245,
        "dim_2": -0.555218603035751,
        "dim_3": -0.064554382415683
      },
      "cluster_3": {
        "dim_1": 0.381730914338245,
        "dim_2": -0.012675595618317,
        "dim_3": 0.625271790237025
      }
    },
    "distances": {
      "1": 0.050425667988894,
      "2": 0.267555175918192,
      "3": 0.158213660569248,
      "4": 0.320440224632176,
      "5": 0.087240361378181,
      "6": 0.257876915065398,
      "7": 0.108042859429279,
      "8": 0.763775028820594,
      "9": 0.31218197960822,
      "10": 0.217814832342579,
      "11": 0.869608171025679,
      "12": 0.213669884934572,
      "13": 0.458106748171317,
      "14": 0.114786828825568,
      "15": 0.847584913887986
    },
    "objective_value": 5.047323252597883,
    "lower_bound": 4.61777569633721,
    "absolute_gap": 0.42954755626067254,
    "relative_gap": 0.09302044631604495
  },
  "performance": {
    "solution_time_seconds": 1801.5542657375336,
    "solver_status": "ok",
    "termination_condition": "optimal",
    "solver": "gams",
    "subsolver": "scip",
    "is_relaxation": false,
    "root_relaxation_value": 4.61777569633721,
    "root_relaxation_gap_percent": 8.510403133771593,
    "relaxation_gap_percent": null,
    "absolute_gap": null
  }
}