{
  "model_parameters": {
    "n_dimensions": 2,
    "n_clusters": 4,
    "n_points": 10,
    "coord_range_lower": -1,
    "coord_range_upper": 1
  },
  "solution": {
    "status": "optimal",
    "center_coordinates": {
      "cluster_1": {
        "dim_1": -0.703641118690616,
        "dim_2": -0.40504993685262
      },
      "cluster_2": {
        "dim_1": -0.07749334252265,
        "dim_2": 0.277568964959299
      },
      "cluster_3": {
        "dim_1": 0.578901595191276,
        "dim_2": 0.637425720909024
      },
      "cluster_4": {
        "dim_1": 0.722353194559864,
        "dim_2": -0.197559310697941
      }
    },
    "distances": {
      "1": 0.101134256582604,
      "2": 0.123227002501164,
      "3": 0.093876709324938,
      "4": 0.052555925883072,
      "5": 0.006177472597415,
      "6": 0.01483327741831,
      "7": 0.00630459699624,
      "8": 0.07801629626051,
      "9": 0.029908771156614,
      "10": 0.093705325160424
    },
    "objective_value": 0.599739633881291,
    "lower_bound": 0.599739633881292,
    "upper_bound": 0.599739633881291,
    "absolute_gap": -9.992007221626409e-16,
    "relative_gap": -1.6660575118175617e-15
  },
  "performance": {
    "solution_time_seconds": 4.784485578536987,
    "solver_status": "ok",
    "termination_condition": "optimal",
    "solver": "gams",
    "subsolver": "scip",
    "is_relaxation": false,
    "root_relaxation_value": 0.599739633881292,
    "root_relaxation_gap_percent": 1.6660575118175648e-13,
    "relaxation_gap_percent": null,
    "absolute_gap": null
  }
}