{
  "model_parameters": {
    "n_dimensions": 4,
    "n_clusters": 3,
    "n_points": 11,
    "coord_range_lower": -1,
    "coord_range_upper": 1
  },
  "solution": {
    "status": "optimal",
    "center_coordinates": {
      "cluster_1": {
        "dim_1": -0.349590171314472,
        "dim_2": -0.121286921418309,
        "dim_3": 0.629732891276047,
        "dim_4": -0.459605917288192
      },
      "cluster_2": {
        "dim_1": 0.250359458034243,
        "dim_2": -0.335398212495745,
        "dim_3": -0.4661556858766,
        "dim_4": -0.572911368670823
      },
      "cluster_3": {
        "dim_1": 0.42285963793736,
        "dim_2": 0.229075186590232,
        "dim_3": -0.159238076465391,
        "dim_4": 0.420240368246884
      }
    },
    "distances": {
      "1": 0.381971815987976,
      "2": 0.227178589890907,
      "3": 0.070028514679986,
      "4": 0.477510904133894,
      "5": 0.070500345924964,
      "6": 0.426433345051203,
      "7": 0.697449490614806,
      "8": 0.400445255944611,
      "9": 0.188795040873164,
      "10": 0.547239556213545,
      "11": 0.467370157666984
    },
    "objective_value": 3.95492301698204,
    "lower_bound": 3.954588794317327,
    "absolute_gap": 0.00033422266471339057,
    "relative_gap": 8.45151498921108e-05
  },
  "performance": {
    "solution_time_seconds": 1800.4507365226746,
    "solver_status": "ok",
    "termination_condition": "optimal",
    "solver": "gams",
    "subsolver": "gurobi",
    "is_relaxation": false,
    "root_relaxation_value": 0.0,
    "root_relaxation_gap_percent": 100.0,
    "relaxation_gap_percent": null,
    "absolute_gap": null
  }
}