{
  "model_parameters": {
    "n_dimensions": 4,
    "n_clusters": 4,
    "n_points": 14,
    "coord_range_lower": -1,
    "coord_range_upper": 1
  },
  "solution": {
    "status": "optimal",
    "center_coordinates": {
      "cluster_1": {
        "dim_1": -0.788348892795364,
        "dim_2": 0.828419257122099,
        "dim_3": -0.907961070596008,
        "dim_4": -0.54242029790679
      },
      "cluster_2": {
        "dim_1": -0.545267593954486,
        "dim_2": -0.185064519444693,
        "dim_3": 0.521136191725297,
        "dim_4": 0.844935313614483
      },
      "cluster_3": {
        "dim_1": 0.169819233696476,
        "dim_2": 0.317945144356279,
        "dim_3": 0.824889363478302,
        "dim_4": -0.370591890491607
      },
      "cluster_4": {
        "dim_1": 0.826297060458244,
        "dim_2": -0.165837995850294,
        "dim_3": -0.20761814165848,
        "dim_4": 0.013900376951365
      }
    },
    "distances": {
      "1": 0.427731725904013,
      "2": 0.208801094615691,
      "3": 0.20059120341317,
      "4": 0.596726051474183,
      "5": 0.457011131920002,
      "6": 0.893651306470923,
      "7": 1.144358443378781,
      "8": 0.333304012563392,
      "9": 0.658667696621131,
      "10": 0.364833478702989,
      "11": 0.401425276347566,
      "12": 0.440732281987574,
      "13": 0.209250580123051,
      "14": 0.984131307306246
    },
    "objective_value": 7.321215590828712,
    "lower_bound": 7.321215590828712,
    "absolute_gap": 0.0,
    "relative_gap": 0.0
  },
  "performance": {
    "solution_time_seconds": 682.0739839076996,
    "solver_status": "ok",
    "termination_condition": "optimal",
    "solver": "gams",
    "subsolver": "baron",
    "is_relaxation": false,
    "root_relaxation_value": 0.0,
    "root_relaxation_gap_percent": 100.0,
    "relaxation_gap_percent": null,
    "absolute_gap": null
  }
}