{
  "model_parameters": {
    "n_dimensions": 2,
    "n_clusters": 4,
    "n_points": 10,
    "coord_range_lower": -1,
    "coord_range_upper": 1
  },
  "solution": {
    "status": "optimal",
    "center_coordinates": {
      "cluster_1": {
        "dim_1": -0.703752176489112,
        "dim_2": -0.404278015865059
      },
      "cluster_2": {
        "dim_1": -0.077963863904621,
        "dim_2": 0.277271047171938
      },
      "cluster_3": {
        "dim_1": 0.579455352830732,
        "dim_2": 0.637931828969234
      },
      "cluster_4": {
        "dim_1": 0.723181257506209,
        "dim_2": -0.198179110281215
      }
    },
    "distances": {
      "1": 0.101451963334647,
      "2": 0.123388908151702,
      "3": 0.094380168782319,
      "4": 0.052603984940663,
      "5": 0.006294997157842,
      "6": 0.014824884776808,
      "7": 0.006185377729693,
      "8": 0.077705796303203,
      "9": 0.029698098206121,
      "10": 0.093202577109249
    },
    "objective_value": 0.599736756492247,
    "lower_bound": 0.599736214212922,
    "absolute_gap": 5.422793249998392e-07,
    "relative_gap": 9.041963985975272e-07
  },
  "performance": {
    "solution_time_seconds": 45.009530782699585,
    "solver_status": "ok",
    "termination_condition": "optimal",
    "solver": "gams",
    "subsolver": "gurobi",
    "is_relaxation": false,
    "root_relaxation_value": 0.0,
    "root_relaxation_gap_percent": 100.0,
    "relaxation_gap_percent": null,
    "absolute_gap": null
  }
}