{
  "model_parameters": {
    "n_dimensions": 5,
    "n_clusters": 4,
    "n_points": 13,
    "coord_range_lower": -1,
    "coord_range_upper": 1
  },
  "solution": {
    "status": "optimal",
    "center_coordinates": {
      "cluster_1": {
        "dim_1": -0.326263338636607,
        "dim_2": 0.726725548964255,
        "dim_3": 0.327957910030223,
        "dim_4": 0.130439503997559,
        "dim_5": 0.800970746516957
      },
      "cluster_2": {
        "dim_1": -0.299171212785901,
        "dim_2": -0.332592090774431,
        "dim_3": 0.005707050143253,
        "dim_4": -0.72949441303391,
        "dim_5": -0.11683867990849
      },
      "cluster_3": {
        "dim_1": 0.372695501430072,
        "dim_2": 0.452323320435869,
        "dim_3": -0.025980267266055,
        "dim_4": 0.389888456932311,
        "dim_5": -0.604842930896592
      },
      "cluster_4": {
        "dim_1": 0.765166760190058,
        "dim_2": -0.399287662401896,
        "dim_3": 0.745284928511813,
        "dim_4": 0.728185327820429,
        "dim_5": 0.700342435039512
      }
    },
    "distances": {
      "1": 0.084924105908139,
      "2": 0.382256710464095,
      "3": 0.183169555775967,
      "4": 0.535369240455295,
      "5": 0.602096275348322,
      "6": 0.527532546985727,
      "7": 0.443362448477334,
      "8": 0.0,
      "9": 1.220618769825052,
      "10": 1.220151724130585,
      "11": 0.619059096948494,
      "12": 0.105172311406917,
      "13": 0.195928596425379
    },
    "objective_value": 6.119641382151306,
    "lower_bound": 5.621562651670357,
    "absolute_gap": 0.4980787304809491,
    "relative_gap": 0.08860147281876384
  },
  "performance": {
    "solution_time_seconds": 1800.7935628890991,
    "solver_status": "ok",
    "termination_condition": "optimal",
    "solver": "gams",
    "subsolver": "gurobi",
    "is_relaxation": false,
    "root_relaxation_value": 0.0,
    "root_relaxation_gap_percent": 100.0,
    "relaxation_gap_percent": null,
    "absolute_gap": null
  }
}