{
  "model_parameters": {
    "n_dimensions": 3,
    "n_clusters": 5,
    "n_points": 17,
    "coord_range_lower": -1,
    "coord_range_upper": 1
  },
  "solution": {
    "status": "optimal",
    "center_coordinates": {
      "cluster_1": {
        "dim_1": -0.546848908303397,
        "dim_2": 0.505923082429584,
        "dim_3": -0.585342453610708
      },
      "cluster_2": {
        "dim_1": -0.229392038864834,
        "dim_2": -0.786194682664109,
        "dim_3": -0.539442462630837
      },
      "cluster_3": {
        "dim_1": -0.049778797972969,
        "dim_2": -0.030687285272768,
        "dim_3": 0.838452446672111
      },
      "cluster_4": {
        "dim_1": 0.442734484910843,
        "dim_2": -0.922670238501079,
        "dim_3": 0.328043285160279
      },
      "cluster_5": {
        "dim_1": 0.729066247493307,
        "dim_2": 0.348930444030813,
        "dim_3": -0.096563932567572
      }
    },
    "distances": {
      "1": 0.0172845051512,
      "2": 0.043597774432377,
      "3": 0.039298516588993,
      "4": 0.060722721758136,
      "5": 0.418509104989015,
      "6": 0.184734552194561,
      "7": 0.33717611571745,
      "8": 0.439241173097011,
      "9": 0.309192416317566,
      "10": 0.108406128929865,
      "11": 0.043597774420535,
      "12": 0.038544584185791,
      "13": 0.272437759983417,
      "14": 0.038544584195275,
      "15": 0.609261591004474,
      "16": 0.1436695932048,
      "17": 0.039298516591209
    },
    "objective_value": 3.1435174127616747,
    "lower_bound": 3.143517360364004,
    "upper_bound": 3.143517412761677,
    "absolute_gap": 5.239767064679768e-08,
    "relative_gap": 1.6668484579557174e-08
  },
  "performance": {
    "solution_time_seconds": 234.15183806419373,
    "solver_status": "ok",
    "termination_condition": "optimal",
    "solver": "gams",
    "subsolver": "baron",
    "is_relaxation": false,
    "root_relaxation_value": 1.20752,
    "root_relaxation_gap_percent": 61.586979124153885,
    "relaxation_gap_percent": null,
    "absolute_gap": null
  }
}