{
  "model_parameters": {
    "n_dimensions": 2,
    "n_clusters": 5,
    "n_points": 11,
    "coord_range_lower": -1,
    "coord_range_upper": 1
  },
  "solution": {
    "status": "optimal",
    "center_coordinates": {
      "cluster_1": {
        "dim_1": -0.74061725606174,
        "dim_2": 0.094058418949357
      },
      "cluster_2": {
        "dim_1": -0.135484340334824,
        "dim_2": 0.651365446961941
      },
      "cluster_3": {
        "dim_1": -0.125811295651901,
        "dim_2": 0.081604232637161
      },
      "cluster_4": {
        "dim_1": 0.522534072891902,
        "dim_2": 0.938245892313944
      },
      "cluster_5": {
        "dim_1": 0.646176149448983,
        "dim_2": -0.265873414874591
      }
    },
    "distances": {
      "1": 0.022890600589196,
      "2": 0.064082465020084,
      "3": 0.022882423063788,
      "4": 0.0,
      "5": 0.068079907608993,
      "6": 0.029834287617924,
      "7": 0.0,
      "8": 0.033820623473529,
      "9": 0.036451212234211,
      "10": 0.065359733805834,
      "11": 0.075856874178423
    },
    "objective_value": 0.419258127591982,
    "lower_bound": 0.419258127591983,
    "upper_bound": 0.419258127591983,
    "absolute_gap": -9.992007221626409e-16,
    "relative_gap": -2.3832590387730087e-15
  },
  "performance": {
    "solution_time_seconds": 62.00038146972656,
    "solver_status": "ok",
    "termination_condition": "optimal",
    "solver": "gams",
    "subsolver": "scip",
    "is_relaxation": false,
    "root_relaxation_value": 0.419258127591983,
    "root_relaxation_gap_percent": 2.3832590387730144e-13,
    "relaxation_gap_percent": null,
    "absolute_gap": null
  }
}