{
  "model_parameters": {
    "n_dimensions": 5,
    "n_clusters": 4,
    "n_points": 14,
    "coord_range_lower": -1,
    "coord_range_upper": 1
  },
  "solution": {
    "status": "optimal",
    "center_coordinates": {
      "cluster_1": {
        "dim_1": -0.045533372747048,
        "dim_2": 0.2933349609375,
        "dim_3": -0.97216796875,
        "dim_4": 0.2808837890625,
        "dim_5": 0.75244140625
      },
      "cluster_2": {
        "dim_1": -0.045533372747048,
        "dim_2": -0.4010009765625,
        "dim_3": -0.5628662109375,
        "dim_4": 0.6141357421875,
        "dim_5": -0.867696791601671
      },
      "cluster_3": {
        "dim_1": -0.045533372747048,
        "dim_2": 0.325859069824207,
        "dim_3": 0.688842773437521,
        "dim_4": 0.029265239040004,
        "dim_5": 0.364843368975397
      },
      "cluster_4": {
        "dim_1": 0.75341796875,
        "dim_2": -0.220329211519641,
        "dim_3": 0.3511962890625,
        "dim_4": 0.6580810546875,
        "dim_5": -0.2889404296875
      }
    },
    "distances": {
      "1": 0.367191109475113,
      "2": 0.593409440067338,
      "3": 0.739734152114298,
      "4": 1.341086061071717,
      "5": 0.258872567085101,
      "6": 0.407039782917075,
      "7": 1.035823596144226,
      "8": 0.394387484944968,
      "9": 0.563991334328999,
      "10": 0.294278419855069,
      "11": 1.026837772043602,
      "12": 0.533941562117519,
      "13": 1.518355524983133,
      "14": 0.159274534421212
    },
    "objective_value": 9.23422334156937,
    "lower_bound": 0.099458994209388,
    "upper_bound": 9.23422334156937,
    "absolute_gap": 9.134764347359981,
    "relative_gap": 91.84452768674535
  },
  "performance": {
    "solution_time_seconds": 300.9828231334686,
    "solver_status": "ok",
    "termination_condition": "optimal",
    "solver": "gams",
    "subsolver": "scip",
    "is_relaxation": false,
    "root_relaxation_value": 0.0994589942093875,
    "root_relaxation_gap_percent": 98.9229305970795,
    "relaxation_gap_percent": null,
    "absolute_gap": null
  }
}