{
  "model_parameters": {
    "n_dimensions": 4,
    "n_clusters": 5,
    "n_points": 14,
    "coord_range_lower": -1,
    "coord_range_upper": 1
  },
  "solution": {
    "status": "optimal",
    "center_coordinates": {
      "cluster_1": {
        "dim_1": -0.784932776376097,
        "dim_2": 0.271765949926693,
        "dim_3": -0.163351396635824,
        "dim_4": -0.338663915657949
      },
      "cluster_2": {
        "dim_1": -0.666079052782696,
        "dim_2": -0.719909311115579,
        "dim_3": -0.81884765625,
        "dim_4": -0.277464749477236
      },
      "cluster_3": {
        "dim_1": -0.071905729309302,
        "dim_2": 0.721950804605508,
        "dim_3": 0.353585397983252,
        "dim_4": 0.392433806566304
      },
      "cluster_4": {
        "dim_1": 0.2200927734375,
        "dim_2": -0.6324462890625,
        "dim_3": 0.2713623046875,
        "dim_4": 0.672391214825987
      },
      "cluster_5": {
        "dim_1": 0.3387451171875,
        "dim_2": 0.2259521484375,
        "dim_3": 0.4918212890625,
        "dim_4": -0.64662562753731
      }
    },
    "distances": {
      "1": 0.214372387791246,
      "2": 0.122975365463267,
      "3": 0.284740727354229,
      "4": 0.226441053631515,
      "5": 0.533473763004002,
      "6": 0.062124617350409,
      "7": 0.349802996156405,
      "8": 0.061671557989585,
      "9": 0.252261149984114,
      "10": 0.349694928395488,
      "11": 0.062201275637223,
      "12": 0.133808539802477,
      "13": 0.120640428834696,
      "14": 0.456586871529935
    },
    "objective_value": 3.230795662924591,
    "lower_bound": 0.000577184785737,
    "upper_bound": 3.230795662924591,
    "absolute_gap": 3.2302184781388537,
    "relative_gap": 5596.506626580997
  },
  "performance": {
    "solution_time_seconds": 300.92901611328125,
    "solver_status": "ok",
    "termination_condition": "optimal",
    "solver": "gams",
    "subsolver": "scip",
    "is_relaxation": false,
    "root_relaxation_value": 0.000577184785737428,
    "root_relaxation_gap_percent": 99.9821349027931,
    "relaxation_gap_percent": null,
    "absolute_gap": null
  }
}