{
  "model_parameters": {
    "n_dimensions": 3,
    "n_clusters": 5,
    "n_points": 15,
    "coord_range_lower": -1,
    "coord_range_upper": 1
  },
  "solution": {
    "status": "feasible",
    "center_coordinates": {
      "cluster_1": {
        "dim_1": -0.694800091726691,
        "dim_2": -0.432324944873703,
        "dim_3": -0.722662792041261
      },
      "cluster_2": {
        "dim_1": -0.660405863637393,
        "dim_2": 0.377612755425731,
        "dim_3": 0.705434550365383
      },
      "cluster_3": {
        "dim_1": -0.34419789619125,
        "dim_2": -0.776119206694604,
        "dim_3": 0.547337761981621
      },
      "cluster_4": {
        "dim_1": 0.07216395999134,
        "dim_2": 0.511928274875546,
        "dim_3": -0.474466086874802
      },
      "cluster_5": {
        "dim_1": 0.561953842002446,
        "dim_2": -0.137542852822114,
        "dim_3": 0.105711785503849
      }
    },
    "distances": {
      "1": 0.312229056341317,
      "2": 0.10018480203639,
      "3": 0.118790642378393,
      "4": 0.429312208146082,
      "5": 0.081115224218442,
      "6": 0.201626704922542,
      "7": 0.343539342702832,
      "8": 0.260506473574444,
      "9": 0.054466369096082,
      "10": 0.081115224978683,
      "11": 0.260506479544881,
      "12": 0.451745605686015,
      "13": 0.21759708160424,
      "14": 0.023221868247952,
      "15": 0.118605105772665
    },
    "objective_value": 3.05456218925096,
    "lower_bound": 1.121914115180477,
    "upper_bound": 3.054562189250959,
    "absolute_gap": 1.932648074070483,
    "relative_gap": 1.722634600920042
  },
  "performance": {
    "solution_time_seconds": 300.852454662323,
    "solver_status": "ok",
    "termination_condition": "feasible",
    "solver": "gams",
    "subsolver": "gurobi",
    "is_relaxation": false,
    "root_relaxation_value": 0.0,
    "root_relaxation_gap_percent": 100.0,
    "relaxation_gap_percent": null,
    "absolute_gap": null
  }
}