{
  "model_parameters": {
    "n_dimensions": 3,
    "n_clusters": 3,
    "n_points": 10,
    "coord_range_lower": -1,
    "coord_range_upper": 1
  },
  "solution": {
    "status": "optimal",
    "center_coordinates": {
      "cluster_1": {
        "dim_1": -0.658643398170781,
        "dim_2": 0.158634227340238,
        "dim_3": -0.422515419171791
      },
      "cluster_2": {
        "dim_1": 0.482446025308379,
        "dim_2": -0.37198498856049,
        "dim_3": -0.649730435650068
      },
      "cluster_3": {
        "dim_1": 0.690284196806815,
        "dim_2": 0.162241692861827,
        "dim_3": 0.642963549027481
      }
    },
    "distances": {
      "1": 0.395667767529181,
      "2": 0.251323096980063,
      "3": 0.39566774184945,
      "4": 0.292447386784085,
      "5": 0.182677942700623,
      "6": 0.190720254692829,
      "7": 0.847333465415229,
      "8": 0.319105750173657,
      "9": 0.079798172442993,
      "10": 0.271749239167289
    },
    "objective_value": 3.226490817735399,
    "lower_bound": 3.226488965761059,
    "upper_bound": 3.226490817735399,
    "absolute_gap": 1.8519743401057553e-06,
    "relative_gap": 5.739906008539269e-07
  },
  "performance": {
    "solution_time_seconds": 4.613253355026245,
    "solver_status": "ok",
    "termination_condition": "optimal",
    "solver": "gams",
    "subsolver": "baron",
    "is_relaxation": false,
    "root_relaxation_value": 2.28875,
    "root_relaxation_gap_percent": 29.063799363098084,
    "relaxation_gap_percent": null,
    "absolute_gap": null
  }
}