{
  "model_parameters": {
    "n_dimensions": 4,
    "n_clusters": 3,
    "n_points": 17,
    "coord_range_lower": -1,
    "coord_range_upper": 1
  },
  "solution": {
    "status": "optimal",
    "center_coordinates": {
      "cluster_1": {
        "dim_1": -0.355819721648739,
        "dim_2": 0.004256349173633,
        "dim_3": -0.558768079324272,
        "dim_4": 0.439775099638159
      },
      "cluster_2": {
        "dim_1": -0.054879698525232,
        "dim_2": 0.388862136662965,
        "dim_3": 0.84169168431056,
        "dim_4": 0.084193722266639
      },
      "cluster_3": {
        "dim_1": 0.321777343749998,
        "dim_2": 0.160707545152265,
        "dim_3": -0.129063428903478,
        "dim_4": -0.194369628324226
      }
    },
    "distances": {
      "1": 0.591223374466455,
      "2": 0.80217923479501,
      "3": 1.003841881063537,
      "4": 0.668937347260734,
      "5": 0.508271061943516,
      "6": 0.189841361424303,
      "7": 0.102785502569628,
      "8": 0.091772387775625,
      "9": 0.672998259096297,
      "10": 0.612896998260567,
      "11": 0.141346997202278,
      "12": 0.668505559228553,
      "13": 0.421533164302928,
      "14": 0.635111617279707,
      "15": 0.570390257424075,
      "16": 0.309238720898028,
      "17": 0.269439398026379
    },
    "objective_value": 8.26031312301762,
    "lower_bound": 4.456804710694688,
    "upper_bound": 8.260313123017621,
    "absolute_gap": 3.8035084123229312,
    "relative_gap": 0.853415991774536
  },
  "performance": {
    "solution_time_seconds": 301.03986859321594,
    "solver_status": "ok",
    "termination_condition": "optimal",
    "solver": "gams",
    "subsolver": "scip",
    "is_relaxation": false,
    "root_relaxation_value": 4.45680471069469,
    "root_relaxation_gap_percent": 46.04557182855859,
    "relaxation_gap_percent": null,
    "absolute_gap": null
  }
}