{
  "model_parameters": {
    "n_dimensions": 3,
    "n_clusters": 5,
    "n_points": 11,
    "coord_range_lower": -1,
    "coord_range_upper": 1
  },
  "solution": {
    "status": "optimal",
    "center_coordinates": {
      "cluster_1": {
        "dim_1": -0.765358332496546,
        "dim_2": -0.124176188240354,
        "dim_3": -0.624970843236958
      },
      "cluster_2": {
        "dim_1": -0.765358342443756,
        "dim_2": 0.964664262772417,
        "dim_3": 0.918046284515036
      },
      "cluster_3": {
        "dim_1": 0.364636531717074,
        "dim_2": -0.388672998909954,
        "dim_3": -0.754658203443727
      },
      "cluster_4": {
        "dim_1": 0.487147573580294,
        "dim_2": 0.604667119678356,
        "dim_3": -0.368233674801703
      },
      "cluster_5": {
        "dim_1": 0.650854887237617,
        "dim_2": -0.592320220837089,
        "dim_3": 0.311053278657688
      }
    },
    "distances": {
      "1": 0.183920755709928,
      "2": 0.232743427990117,
      "3": 0.090526495165652,
      "4": 0.09052649899201,
      "5": 0.360531203495051,
      "6": 0.031549015246324,
      "7": 0.008969397524848,
      "8": 0.397989985431312,
      "9": 0.332686812722132,
      "10": 0.07711280787111,
      "11": 0.338694724998946
    },
    "objective_value": 2.1452511251474298,
    "lower_bound": 0.461161636167306,
    "absolute_gap": 1.6840894889801237,
    "relative_gap": 3.651842124111878
  },
  "performance": {
    "solution_time_seconds": 1801.3239517211914,
    "solver_status": "ok",
    "termination_condition": "optimal",
    "solver": "gams",
    "subsolver": "scip",
    "is_relaxation": false,
    "root_relaxation_value": 0.461161636167306,
    "root_relaxation_gap_percent": 78.5031397601242,
    "relaxation_gap_percent": null,
    "absolute_gap": null
  }
}