{
  "model_parameters": {
    "n_dimensions": 5,
    "n_clusters": 5,
    "n_points": 11,
    "coord_range_lower": -1,
    "coord_range_upper": 1
  },
  "solution": {
    "status": "optimal",
    "center_coordinates": {
      "cluster_1": {
        "dim_1": -0.136837966842592,
        "dim_2": -0.535631846065588,
        "dim_3": 0.192279917474983,
        "dim_4": -0.079226516942385,
        "dim_5": -0.042006429403768
      },
      "cluster_2": {
        "dim_1": -0.136837976828353,
        "dim_2": 0.740605061596982,
        "dim_3": -0.447868284850634,
        "dim_4": -0.81055460604924,
        "dim_5": 0.974485868299485
      },
      "cluster_3": {
        "dim_1": -0.136837986824146,
        "dim_2": -0.212723189292694,
        "dim_3": -0.612716001635794,
        "dim_4": 0.417839708998978,
        "dim_5": 0.582855229275557
      },
      "cluster_4": {
        "dim_1": -0.136837996819963,
        "dim_2": 0.825611065490134,
        "dim_3": 0.615299820481578,
        "dim_4": 0.047593097252827,
        "dim_5": 0.189279578124402
      },
      "cluster_5": {
        "dim_1": 0.219014536911583,
        "dim_2": 0.607596432778915,
        "dim_3": -0.869700291101733,
        "dim_4": 0.258582905357316,
        "dim_5": -0.833812634344779
      }
    },
    "distances": {
      "1": 1.463309333875037,
      "2": 0.225228290215902,
      "3": 0.64961464012181,
      "4": 0.686706915032851,
      "5": 0.279488352476247,
      "6": 0.279488352389374,
      "7": 0.700727032191685,
      "8": 0.932455158980417,
      "9": 0.439300923574955,
      "10": 0.26695593404595,
      "11": 0.640593024106992
    },
    "objective_value": 6.56386795701122,
    "lower_bound": 0.17861143712746,
    "absolute_gap": 6.38525651988376,
    "relative_gap": 35.74942692682741
  },
  "performance": {
    "solution_time_seconds": 1801.5490190982819,
    "solver_status": "ok",
    "termination_condition": "optimal",
    "solver": "gams",
    "subsolver": "scip",
    "is_relaxation": false,
    "root_relaxation_value": 0.17861143712746,
    "root_relaxation_gap_percent": 97.27886913177962,
    "relaxation_gap_percent": null,
    "absolute_gap": null
  }
}