{
  "model_parameters": {
    "n_dimensions": 4,
    "n_clusters": 3,
    "n_points": 17,
    "coord_range_lower": -1,
    "coord_range_upper": 1
  },
  "solution": {
    "status": "optimal",
    "center_coordinates": {
      "cluster_1": {
        "dim_1": -0.356078737759113,
        "dim_2": 0.003967235481596,
        "dim_3": -0.558673368308685,
        "dim_4": 0.439863618450422
      },
      "cluster_2": {
        "dim_1": -0.055103771980058,
        "dim_2": 0.388309517826969,
        "dim_3": 0.842179771081733,
        "dim_4": 0.084519402554085
      },
      "cluster_3": {
        "dim_1": 0.321705586492591,
        "dim_2": 0.160705780321023,
        "dim_3": -0.128401797565327,
        "dim_4": -0.194175067830232
      }
    },
    "distances": {
      "1": 0.592033429291399,
      "2": 0.801154026982819,
      "3": 1.003487799177318,
      "4": 0.669805000086593,
      "5": 0.508028342368017,
      "6": 0.190054059687437,
      "7": 0.102667510817368,
      "8": 0.091303370216033,
      "9": 0.672579593043255,
      "10": 0.613517353006395,
      "11": 0.141559462511212,
      "12": 0.668170418635335,
      "13": 0.421684750112237,
      "14": 0.634658625389645,
      "15": 0.570177954469223,
      "16": 0.309709599657076,
      "17": 0.269719374188856
    },
    "objective_value": 8.260310669640218,
    "lower_bound": 3.340122792788459,
    "upper_bound": 8.26031066964022,
    "absolute_gap": 4.920187876851759,
    "relative_gap": 1.4730559868860997
  },
  "performance": {
    "solution_time_seconds": 300.973934173584,
    "solver_status": "ok",
    "termination_condition": "optimal",
    "solver": "gams",
    "subsolver": "scip",
    "is_relaxation": false,
    "root_relaxation_value": 3.34012279278846,
    "root_relaxation_gap_percent": 59.56419889793394,
    "relaxation_gap_percent": null,
    "absolute_gap": null
  }
}