{
  "model_parameters": {
    "n_dimensions": 3,
    "n_clusters": 3,
    "n_points": 10,
    "coord_range_lower": -1,
    "coord_range_upper": 1
  },
  "solution": {
    "status": "optimal",
    "center_coordinates": {
      "cluster_1": {
        "dim_1": -0.658643085179943,
        "dim_2": 0.158634762002457,
        "dim_3": -0.422514385951422
      },
      "cluster_2": {
        "dim_1": 0.482444710368631,
        "dim_2": -0.371984924852575,
        "dim_3": -0.649730736088416
      },
      "cluster_3": {
        "dim_1": 0.690284614937876,
        "dim_2": 0.162240939477007,
        "dim_3": 0.642961940639134
      }
    },
    "distances": {
      "1": 0.395666990155387,
      "2": 0.251324042885319,
      "3": 0.395668518633961,
      "4": 0.292447125518709,
      "5": 0.182677579152846,
      "6": 0.19072119465425,
      "7": 0.847331701830569,
      "8": 0.319106834597555,
      "9": 0.079797685328634,
      "10": 0.271749142682055
    },
    "objective_value": 3.226490815439285,
    "lower_bound": 3.226490815439284,
    "absolute_gap": 8.881784197001252e-16,
    "relative_gap": 2.7527690934375107e-16
  },
  "performance": {
    "solution_time_seconds": 25.712930917739868,
    "solver_status": "ok",
    "termination_condition": "optimal",
    "solver": "gams",
    "subsolver": "baron",
    "is_relaxation": false,
    "root_relaxation_value": 0.0,
    "root_relaxation_gap_percent": 100.0,
    "relaxation_gap_percent": null,
    "absolute_gap": null
  }
}