{
  "model_parameters": {
    "n_dimensions": 2,
    "n_clusters": 4,
    "n_points": 11,
    "coord_range_lower": -1,
    "coord_range_upper": 1
  },
  "solution": {
    "status": "optimal",
    "center_coordinates": {
      "cluster_1": {
        "dim_1": -0.760713338855169,
        "dim_2": -0.750573068283183
      },
      "cluster_2": {
        "dim_1": -0.754256299478974,
        "dim_2": 0.545297326052484
      },
      "cluster_3": {
        "dim_1": 0.59606769539584,
        "dim_2": 0.703020179502319
      },
      "cluster_4": {
        "dim_1": 0.617791066041888,
        "dim_2": 0.027135090359375
      }
    },
    "distances": {
      "1": 0.028968471056863,
      "2": 0.047695575415616,
      "3": 0.023544932481729,
      "4": 0.043791614234922,
      "5": 0.152520758073441,
      "6": 0.037132362066995,
      "7": 0.001908374721979,
      "8": 0.043953812821006,
      "9": 0.043931269606645,
      "10": 0.047877625510469,
      "11": 0.249527385324842
    },
    "objective_value": 0.720852181314507,
    "lower_bound": 0.720852181314506,
    "upper_bound": 0.720852181314506,
    "absolute_gap": 9.992007221626409e-16,
    "relative_gap": 1.3861381682171702e-15
  },
  "performance": {
    "solution_time_seconds": 14.816123723983765,
    "solver_status": "ok",
    "termination_condition": "optimal",
    "solver": "gams",
    "subsolver": "scip",
    "is_relaxation": false,
    "root_relaxation_value": 0.720852181314506,
    "root_relaxation_gap_percent": 1.3861381682171684e-13,
    "relaxation_gap_percent": null,
    "absolute_gap": null
  }
}