{
  "model_parameters": {
    "n_dimensions": 4,
    "n_clusters": 5,
    "n_points": 10,
    "coord_range_lower": -1,
    "coord_range_upper": 1
  },
  "solution": {
    "status": "optimal",
    "center_coordinates": {
      "cluster_1": {
        "dim_1": -0.628660425084518,
        "dim_2": -0.155321805050684,
        "dim_3": 0.684133711207263,
        "dim_4": 0.063619642434832
      },
      "cluster_2": {
        "dim_1": -0.113281417411686,
        "dim_2": 0.470442242284371,
        "dim_3": -0.587748595130666,
        "dim_4": 0.628595700802588
      },
      "cluster_3": {
        "dim_1": 0.409994602804301,
        "dim_2": 0.565452893110306,
        "dim_3": 0.352225362478701,
        "dim_4": -0.909040218278297
      },
      "cluster_4": {
        "dim_1": 0.509592811873732,
        "dim_2": 0.53173327646185,
        "dim_3": 0.908102283883127,
        "dim_4": -0.03392599831145
      },
      "cluster_5": {
        "dim_1": 0.8875923991028,
        "dim_2": -0.447438255928773,
        "dim_3": 0.793280014044907,
        "dim_4": 0.623535630925119
      }
    },
    "distances": {
      "1": 0.194515582616647,
      "2": 0.257450626276708,
      "3": 0.103148466084052,
      "4": 1.134774624e-06,
      "5": 0.19575079218775,
      "6": 0.256644554545558,
      "7": 0.245809472756162,
      "8": 0.136618445009001,
      "9": 0.246957767818677,
      "10": 0.328070359490262
    },
    "objective_value": 1.964967201559441,
    "lower_bound": 1.832735675297843,
    "absolute_gap": 0.13223152626159806,
    "relative_gap": 0.07214980754936674
  },
  "performance": {
    "solution_time_seconds": 1801.1369111537933,
    "solver_status": "ok",
    "termination_condition": "optimal",
    "solver": "gams",
    "subsolver": "gurobi",
    "is_relaxation": false,
    "root_relaxation_value": 0.0,
    "root_relaxation_gap_percent": 100.0,
    "relaxation_gap_percent": null,
    "absolute_gap": null
  }
}