{
  "model_parameters": {
    "n_dimensions": 5,
    "n_clusters": 5,
    "n_points": 15,
    "coord_range_lower": -1,
    "coord_range_upper": 1
  },
  "solution": {
    "status": "optimal",
    "center_coordinates": {
      "cluster_1": {
        "dim_1": -0.693535077594116,
        "dim_2": -0.105514017919718,
        "dim_3": 0.949834631027462,
        "dim_4": -0.56112727957753,
        "dim_5": 0.177511254370397
      },
      "cluster_2": {
        "dim_1": -0.430691900326693,
        "dim_2": -0.722392492908212,
        "dim_3": 0.588766885976736,
        "dim_4": -0.067676713459757,
        "dim_5": 0.726348515980149
      },
      "cluster_3": {
        "dim_1": -0.430691900326693,
        "dim_2": 0.683922284419127,
        "dim_3": -0.487274382662878,
        "dim_4": 0.672430291811883,
        "dim_5": -0.218741355270342
      },
      "cluster_4": {
        "dim_1": -0.320972450298879,
        "dim_2": 0.317132924783347,
        "dim_3": 0.472615304759396,
        "dim_4": 0.410296819870226,
        "dim_5": -0.305386488363317
      },
      "cluster_5": {
        "dim_1": -0.165564316842795,
        "dim_2": -0.452714120859048,
        "dim_3": -0.425275686242052,
        "dim_4": -0.408157183878072,
        "dim_5": -0.149898099181538
      }
    },
    "distances": {
      "1": 0.428914233006674,
      "2": 0.62133103283416,
      "3": 0.195160528275781,
      "4": 0.331503789690813,
      "5": 0.049674271271232,
      "6": 0.15023760352686,
      "7": 0.225120799612358,
      "8": 1.007054417131127,
      "9": 0.657316695417513,
      "10": 0.049674271271232,
      "11": 0.701022207342782,
      "12": 0.215841339748232,
      "13": 0.293644717991218,
      "14": 0.739344324855369,
      "15": 0.545190298572145
    },
    "objective_value": 6.211030530547496,
    "lower_bound": 6.211030530547498,
    "absolute_gap": -2.6645352591003757e-15,
    "relative_gap": -4.290005090130347e-16
  },
  "performance": {
    "solution_time_seconds": 161.96950888633728,
    "solver_status": "ok",
    "termination_condition": "optimal",
    "solver": "gams",
    "subsolver": "baron",
    "is_relaxation": false,
    "root_relaxation_value": 0.0,
    "root_relaxation_gap_percent": 100.0,
    "relaxation_gap_percent": null,
    "absolute_gap": null
  }
}