{
  "model_parameters": {
    "n_dimensions": 2,
    "n_clusters": 4,
    "n_points": 15,
    "coord_range_lower": -1,
    "coord_range_upper": 1
  },
  "solution": {
    "status": "optimal",
    "center_coordinates": {
      "cluster_1": {
        "dim_1": -0.590987074473755,
        "dim_2": -0.779527995599886
      },
      "cluster_2": {
        "dim_1": -0.519088537499036,
        "dim_2": 0.255070952721646
      },
      "cluster_3": {
        "dim_1": 0.462688348374174,
        "dim_2": 0.634416731291391
      },
      "cluster_4": {
        "dim_1": 0.756631178984259,
        "dim_2": -0.292812691716065
      }
    },
    "distances": {
      "1": 0.173150595467886,
      "2": 0.135606776516934,
      "3": 0.053456747154189,
      "4": 0.264450798283118,
      "5": 0.020688532791759,
      "6": 0.183276854253429,
      "7": 0.223482554555025,
      "8": 0.126673012102682,
      "9": 0.415106343567236,
      "10": 0.146072560768087,
      "11": 0.044871455949108,
      "12": 0.144894954069746,
      "13": 0.054315183460091,
      "14": 0.121071080870735,
      "15": 0.017615491927829
    },
    "objective_value": 2.124732941737854,
    "lower_bound": 2.124732977632307,
    "upper_bound": 2.124732941737854,
    "absolute_gap": -3.589445274343461e-08,
    "relative_gap": -1.68936299861235e-08
  },
  "performance": {
    "solution_time_seconds": 8.952841758728027,
    "solver_status": "ok",
    "termination_condition": "optimal",
    "solver": "gams",
    "subsolver": "baron",
    "is_relaxation": false,
    "root_relaxation_value": 0.0,
    "root_relaxation_gap_percent": 100.0,
    "relaxation_gap_percent": null,
    "absolute_gap": null
  }
}