{
  "model_parameters": {
    "n_dimensions": 3,
    "n_clusters": 3,
    "n_points": 20,
    "coord_range_lower": -1,
    "coord_range_upper": 1
  },
  "solution": {
    "status": "optimal",
    "center_coordinates": {
      "cluster_1": {
        "dim_1": -0.418224597442947,
        "dim_2": -0.273676126110686,
        "dim_3": 0.29806468888796
      },
      "cluster_2": {
        "dim_1": 0.055513251791122,
        "dim_2": 0.688423033326011,
        "dim_3": -0.427824559987938
      },
      "cluster_3": {
        "dim_1": 0.726469479121507,
        "dim_2": 0.261331933773179,
        "dim_3": 0.432450384999683
      }
    },
    "distances": {
      "1": 0.836464656639259,
      "2": 0.217792271227204,
      "3": 0.597679099542313,
      "4": 0.766107626394917,
      "5": 0.525648325933853,
      "6": 0.075360684211804,
      "7": 0.097875899914315,
      "8": 0.833187018267679,
      "9": 0.134976844435937,
      "10": 0.532078670206751,
      "11": 0.48948681494862,
      "12": 0.119005711105258,
      "13": 0.064645698043797,
      "14": 0.161032526055488,
      "15": 0.592473187952269,
      "16": 1.383228370784755,
      "17": 0.189535393517553,
      "18": 0.86338742888085,
      "19": 0.647912849330613,
      "20": 0.391086691576683
    },
    "objective_value": 9.518965768969919,
    "lower_bound": 6.638200700335554,
    "absolute_gap": 2.880765068634364,
    "relative_gap": 0.4339677570292119
  },
  "performance": {
    "solution_time_seconds": 1802.5128662586212,
    "solver_status": "ok",
    "termination_condition": "optimal",
    "solver": "gams",
    "subsolver": "scip",
    "is_relaxation": false,
    "root_relaxation_value": 6.63820070033555,
    "root_relaxation_gap_percent": 30.26342502486073,
    "relaxation_gap_percent": null,
    "absolute_gap": null
  }
}