{
  "model_parameters": {
    "n_dimensions": 2,
    "n_clusters": 5,
    "n_points": 13,
    "coord_range_lower": -1,
    "coord_range_upper": 1
  },
  "solution": {
    "status": "optimal",
    "center_coordinates": {
      "cluster_1": {
        "dim_1": -0.802173140880966,
        "dim_2": 0.789246573519529
      },
      "cluster_2": {
        "dim_1": -0.672749741223448,
        "dim_2": -0.294267222360727
      },
      "cluster_3": {
        "dim_1": 0.029702213556125,
        "dim_2": -0.663858297257457
      },
      "cluster_4": {
        "dim_1": 0.601826635472652,
        "dim_2": -0.170992857482016
      },
      "cluster_5": {
        "dim_1": 0.768402102183145,
        "dim_2": 0.743543766178938
      }
    },
    "distances": {
      "1": 0.013904979295018,
      "2": 0.017841405708072,
      "3": 0.228661762159975,
      "4": 0.037896074291846,
      "5": 0.037896376278956,
      "6": 0.014133086734939,
      "7": 0.0141305835934,
      "8": 0.024040587606507,
      "9": 0.05386134830535,
      "10": 0.095791101829834,
      "11": 0.027082810818595,
      "12": 0.051604878413005,
      "13": 0.051603607219075
    },
    "objective_value": 0.668448602254572,
    "lower_bound": 0.668448602254573,
    "absolute_gap": -9.992007221626409e-16,
    "relative_gap": -1.4948056122677084e-15
  },
  "performance": {
    "solution_time_seconds": 2.6825666427612305,
    "solver_status": "ok",
    "termination_condition": "optimal",
    "solver": "gams",
    "subsolver": "baron",
    "is_relaxation": false,
    "root_relaxation_value": 0.0,
    "root_relaxation_gap_percent": 100.0,
    "relaxation_gap_percent": null,
    "absolute_gap": null
  }
}