{
  "model_parameters": {
    "n_dimensions": 3,
    "n_clusters": 5,
    "n_points": 16,
    "coord_range_lower": -1,
    "coord_range_upper": 1
  },
  "solution": {
    "status": "optimal",
    "center_coordinates": {
      "cluster_1": {
        "dim_1": -0.457248876013796,
        "dim_2": 0.235877130751035,
        "dim_3": -0.759110215692878
      },
      "cluster_2": {
        "dim_1": -0.457248876013796,
        "dim_2": -0.810040182798891,
        "dim_3": -0.195630212223551
      },
      "cluster_3": {
        "dim_1": -0.457248876013796,
        "dim_2": 0.599367459188876,
        "dim_3": 0.236085581001641
      },
      "cluster_4": {
        "dim_1": 0.391171221805638,
        "dim_2": 0.23258611960797,
        "dim_3": -0.106785319554645
      },
      "cluster_5": {
        "dim_1": 0.732781938344178,
        "dim_2": 0.41673199217902,
        "dim_3": 0.859835056188727
      }
    },
    "distances": {
      "1": 0.057776150728421,
      "2": 0.208917405515544,
      "3": 0.166353587091156,
      "4": 0.017573386851926,
      "5": 0.313104824900859,
      "6": 0.078278174967489,
      "7": 0.271203814373716,
      "8": 0.551012500317197,
      "9": 0.122005654316611,
      "10": 0.314724641292375,
      "11": 0.078278198260017,
      "12": 0.255426025804294,
      "13": 0.121341024958663,
      "14": 0.179517652377548,
      "15": 0.272020047130447,
      "16": 0.16352153111079
    },
    "objective_value": 3.171054619997053,
    "lower_bound": 3.171054619997054,
    "upper_bound": 3.171054619997054,
    "absolute_gap": -8.881784197001252e-16,
    "relative_gap": -2.8008928452356663e-16
  },
  "performance": {
    "solution_time_seconds": 30.241721153259277,
    "solver_status": "ok",
    "termination_condition": "optimal",
    "solver": "gams",
    "subsolver": "baron",
    "is_relaxation": false,
    "root_relaxation_value": 0.0,
    "root_relaxation_gap_percent": 100.0,
    "relaxation_gap_percent": null,
    "absolute_gap": null
  }
}