{
  "model_parameters": {
    "n_dimensions": 5,
    "n_clusters": 3,
    "n_points": 14,
    "coord_range_lower": -1,
    "coord_range_upper": 1
  },
  "solution": {
    "status": "optimal",
    "center_coordinates": {
      "cluster_1": {
        "dim_1": -0.556382271038232,
        "dim_2": -0.464611761375996,
        "dim_3": -0.366113713848707,
        "dim_4": -0.609547348468498,
        "dim_5": -0.332260907892041
      },
      "cluster_2": {
        "dim_1": -0.384724509404185,
        "dim_2": 0.616645450977493,
        "dim_3": -0.56489146681101,
        "dim_4": 0.699133155602059,
        "dim_5": -0.638118582295812
      },
      "cluster_3": {
        "dim_1": 0.06265560603419,
        "dim_2": 0.009516011773507,
        "dim_3": -0.005260052035,
        "dim_4": 0.209208341469769,
        "dim_5": 0.113071809055268
      }
    },
    "distances": {
      "1": 0.433849695509861,
      "2": 0.323351648026328,
      "3": 0.826861316856186,
      "4": 1.462163553903656,
      "5": 1.521301533454615,
      "6": 0.126108092350516,
      "7": 0.950837586721625,
      "8": 0.313080326819144,
      "9": 0.340635689811669,
      "10": 0.596547020947782,
      "11": 0.209614848769437,
      "12": 0.784688349983048,
      "13": 0.830927823280009,
      "14": 0.2516185206334
    },
    "objective_value": 8.971586007067277,
    "lower_bound": 8.971586007067277,
    "absolute_gap": 0.0,
    "relative_gap": 0.0
  },
  "performance": {
    "solution_time_seconds": 267.0807363986969,
    "solver_status": "ok",
    "termination_condition": "optimal",
    "solver": "gams",
    "subsolver": "baron",
    "is_relaxation": false,
    "root_relaxation_value": 0.0,
    "root_relaxation_gap_percent": 100.0,
    "relaxation_gap_percent": null,
    "absolute_gap": null
  }
}