{
  "model_parameters": {
    "n_dimensions": 4,
    "n_clusters": 4,
    "n_points": 12,
    "coord_range_lower": -1,
    "coord_range_upper": 1
  },
  "solution": {
    "status": "optimal",
    "center_coordinates": {
      "cluster_1": {
        "dim_1": -0.170046513168301,
        "dim_2": -0.50487478559097,
        "dim_3": 0.628812103178174,
        "dim_4": -0.693846066670048
      },
      "cluster_2": {
        "dim_1": 0.137032054977052,
        "dim_2": -0.644462830508855,
        "dim_3": -0.64249686099015,
        "dim_4": 0.786879114240752
      },
      "cluster_3": {
        "dim_1": 0.497929010883101,
        "dim_2": 0.031125451244167,
        "dim_3": -0.402055333579242,
        "dim_4": -0.573878421380261
      },
      "cluster_4": {
        "dim_1": 0.640706690240565,
        "dim_2": 0.696171892022064,
        "dim_3": -0.342849657257612,
        "dim_4": 0.761214126463927
      }
    },
    "distances": {
      "1": 0.189003409430208,
      "2": 0.148852193138669,
      "3": 0.083643460535512,
      "4": 0.41692197058686,
      "5": 0.547237273943725,
      "6": 0.543952537274975,
      "7": 0.350285371488549,
      "8": 0.416998548415054,
      "9": 0.083323927237115,
      "10": 0.430034462857384,
      "11": 0.399866090155567,
      "12": 0.327183492467794
    },
    "objective_value": 3.937302737531412,
    "lower_bound": 3.937302560884913,
    "absolute_gap": 1.7664649876181215e-07,
    "relative_gap": 4.486485253043664e-08
  },
  "performance": {
    "solution_time_seconds": 10.757788896560669,
    "solver_status": "ok",
    "termination_condition": "optimal",
    "solver": "gams",
    "subsolver": "gurobi",
    "is_relaxation": false,
    "root_relaxation_value": 0.0,
    "root_relaxation_gap_percent": 100.0,
    "relaxation_gap_percent": null,
    "absolute_gap": null
  }
}