{
  "model_parameters": {
    "n_dimensions": 5,
    "n_clusters": 5,
    "n_points": 17,
    "coord_range_lower": -1,
    "coord_range_upper": 1
  },
  "solution": {
    "status": "optimal",
    "center_coordinates": {
      "cluster_1": {
        "dim_1": -0.332121571736725,
        "dim_2": 0.422906497813066,
        "dim_3": 0.342569512895415,
        "dim_4": -0.79182665721788,
        "dim_5": 0.406987117214257
      },
      "cluster_2": {
        "dim_1": -0.332121571153281,
        "dim_2": 0.285798694327866,
        "dim_3": 0.808492592486481,
        "dim_4": 0.229525387461459,
        "dim_5": -0.324315656609882
      },
      "cluster_3": {
        "dim_1": -0.332121570333856,
        "dim_2": 0.2506691173987,
        "dim_3": -0.430599851626652,
        "dim_4": 0.919867551932119,
        "dim_5": -0.861474373255907
      },
      "cluster_4": {
        "dim_1": 0.195120178051911,
        "dim_2": -0.894131274445299,
        "dim_3": -0.164350476002097,
        "dim_4": -0.644177738527206,
        "dim_5": -0.51306416600373
      },
      "cluster_5": {
        "dim_1": 0.456013044131467,
        "dim_2": -0.130894028976451,
        "dim_3": 0.061701485155516,
        "dim_4": 0.584269772325656,
        "dim_5": 0.640539869888002
      }
    },
    "distances": {
      "1": 0.739724914463547,
      "2": 0.289949097281622,
      "3": 0.19261385027209,
      "4": 0.336359133122429,
      "5": 1.453989417903176,
      "6": 0.413741732742383,
      "7": 0.737444546715515,
      "8": 0.289730830910021,
      "9": 0.972253653776894,
      "10": 0.796988198082462,
      "11": 0.605437608502047,
      "12": 0.432933149682287,
      "13": 1.040870352386274,
      "14": 1.512131456839669,
      "15": 0.224435197635862,
      "16": 0.720492767279287,
      "17": 0.173492519859125
    },
    "objective_value": 10.93258842745469,
    "lower_bound": 4.870124745261035,
    "absolute_gap": 6.062463682193655,
    "relative_gap": 1.2448271860167128
  },
  "performance": {
    "solution_time_seconds": 1802.3844707012177,
    "solver_status": "ok",
    "termination_condition": "optimal",
    "solver": "gams",
    "subsolver": "gurobi",
    "is_relaxation": false,
    "root_relaxation_value": 0.0,
    "root_relaxation_gap_percent": 100.0,
    "relaxation_gap_percent": null,
    "absolute_gap": null
  }
}