{
  "model_parameters": {
    "n_dimensions": 3,
    "n_clusters": 3,
    "n_points": 10,
    "coord_range_lower": -1,
    "coord_range_upper": 1
  },
  "solution": {
    "status": "optimal",
    "center_coordinates": {
      "cluster_1": {
        "dim_1": -0.65887060955652,
        "dim_2": 0.158961542556506,
        "dim_3": -0.422568313724844
      },
      "cluster_2": {
        "dim_1": 0.482757148780148,
        "dim_2": -0.372279880350892,
        "dim_3": -0.649458446155056
      },
      "cluster_3": {
        "dim_1": 0.689842406675941,
        "dim_2": 0.162105858952971,
        "dim_3": 0.642925401923649
      }
    },
    "distances": {
      "1": 0.395659425474161,
      "2": 0.251233491245144,
      "3": 0.395675709410859,
      "4": 0.292187473863487,
      "5": 0.183046932367357,
      "6": 0.190612940199466,
      "7": 0.847390904932206,
      "8": 0.319414820902705,
      "9": 0.079802324377292,
      "10": 0.27146408980381
    },
    "objective_value": 3.226488112576487,
    "lower_bound": 3.226488112576487,
    "upper_bound": 3.226488112576487,
    "absolute_gap": 0.0,
    "relative_gap": 0.0
  },
  "performance": {
    "solution_time_seconds": 3.0288562774658203,
    "solver_status": "ok",
    "termination_condition": "optimal",
    "solver": "gams",
    "subsolver": "scip",
    "is_relaxation": false,
    "root_relaxation_value": 3.22648811257649,
    "root_relaxation_gap_percent": 9.634699898113277e-14,
    "relaxation_gap_percent": null,
    "absolute_gap": null
  }
}