{
  "model_parameters": {
    "n_dimensions": 2,
    "n_clusters": 3,
    "n_points": 14,
    "coord_range_lower": -1,
    "coord_range_upper": 1
  },
  "solution": {
    "status": "optimal",
    "center_coordinates": {
      "cluster_1": {
        "dim_1": -0.50537392286939,
        "dim_2": 0.450970847652126
      },
      "cluster_2": {
        "dim_1": -0.218718787952266,
        "dim_2": -0.324206130626077
      },
      "cluster_3": {
        "dim_1": 0.656196256995122,
        "dim_2": 0.390755451421233
      }
    },
    "distances": {
      "1": 0.237607059994878,
      "2": 0.202526146776276,
      "3": 0.000347324805567,
      "4": 0.134340890593156,
      "5": 0.353929659663137,
      "6": 0.053837071821896,
      "7": 0.085058304285664,
      "8": 0.007461431633835,
      "9": 0.305062232813871,
      "10": 0.03147301007177,
      "11": 0.203173029464455,
      "12": 0.172891374811174,
      "13": 0.055510748235144,
      "14": 0.068706240784051
    },
    "objective_value": 1.911924525754874,
    "lower_bound": 1.911924525754874,
    "absolute_gap": 0.0,
    "relative_gap": 0.0
  },
  "performance": {
    "solution_time_seconds": 16.80884289741516,
    "solver_status": "ok",
    "termination_condition": "optimal",
    "solver": "gams",
    "subsolver": "scip",
    "is_relaxation": false,
    "root_relaxation_value": 1.91192452575487,
    "root_relaxation_gap_percent": 2.0904605986329556e-13,
    "relaxation_gap_percent": null,
    "absolute_gap": null
  }
}