{
  "model_parameters": {
    "n_dimensions": 5,
    "n_clusters": 5,
    "n_points": 12,
    "coord_range_lower": -1,
    "coord_range_upper": 1
  },
  "solution": {
    "status": "optimal",
    "center_coordinates": {
      "cluster_1": {
        "dim_1": -0.432658105611444,
        "dim_2": 0.604455261978124,
        "dim_3": 0.464472978088886,
        "dim_4": 0.504219071552564,
        "dim_5": 0.469194192686283
      },
      "cluster_2": {
        "dim_1": -0.18455549495538,
        "dim_2": 0.510528717675145,
        "dim_3": -0.816656928675286,
        "dim_4": 0.208484881640876,
        "dim_5": 0.565836173801545
      },
      "cluster_3": {
        "dim_1": -0.074736657849813,
        "dim_2": -0.136769362058857,
        "dim_3": 0.196230370368855,
        "dim_4": 0.585676819099952,
        "dim_5": -0.755310699596719
      },
      "cluster_4": {
        "dim_1": 0.181548297530375,
        "dim_2": -0.649847689904186,
        "dim_3": 0.856158328190253,
        "dim_4": -0.512275996116598,
        "dim_5": 0.228293653490588
      },
      "cluster_5": {
        "dim_1": 0.579502238582898,
        "dim_2": 0.647755705303383,
        "dim_3": 0.623755291130317,
        "dim_4": -0.769200841152482,
        "dim_5": 0.683234086834889
      }
    },
    "distances": {
      "1": 0.533624317972228,
      "2": 0.603757719045546,
      "3": 0.439232232914688,
      "4": 0.143940788577748,
      "5": 0.533575281826342,
      "6": 0.695039581110468,
      "7": 0.510787475853527,
      "8": 0.331508500742157,
      "9": 2.52902e-10,
      "10": 0.3023629551677,
      "11": 0.106694156220848,
      "12": 0.302337080707093
    },
    "objective_value": 4.502860090391247,
    "lower_bound": 3.715679576024356,
    "absolute_gap": 0.7871805143668906,
    "relative_gap": 0.21185371296443856
  },
  "performance": {
    "solution_time_seconds": 1800.4358463287354,
    "solver_status": "ok",
    "termination_condition": "optimal",
    "solver": "gams",
    "subsolver": "gurobi",
    "is_relaxation": false,
    "root_relaxation_value": 0.0,
    "root_relaxation_gap_percent": 100.0,
    "relaxation_gap_percent": null,
    "absolute_gap": null
  }
}