{
  "model_parameters": {
    "n_dimensions": 2,
    "n_clusters": 3,
    "n_points": 13,
    "coord_range_lower": -1,
    "coord_range_upper": 1
  },
  "solution": {
    "status": "optimal",
    "center_coordinates": {
      "cluster_1": {
        "dim_1": -0.684499612819956,
        "dim_2": 0.245978968283498
      },
      "cluster_2": {
        "dim_1": 0.414606065894009,
        "dim_2": -0.266749849333214
      },
      "cluster_3": {
        "dim_1": 0.824459764533051,
        "dim_2": 0.787805230060365
      }
    },
    "distances": {
      "1": 0.103353988245821,
      "2": 0.04494150645425,
      "3": 0.056030708334604,
      "4": 0.109282840662527,
      "5": 0.035243196291178,
      "6": 0.05933572477009,
      "7": 0.079826191725421,
      "8": 0.364065394887468,
      "9": 0.302600762057003,
      "10": 0.015496827532511,
      "11": 0.058073771269723,
      "12": 0.128649289918872,
      "13": 0.10632490697387
    },
    "objective_value": 1.463225109123338,
    "lower_bound": 1.463223924061433,
    "upper_bound": 1.463225109123337,
    "absolute_gap": 1.1850619048292543e-06,
    "relative_gap": 8.098978463528046e-07
  },
  "performance": {
    "solution_time_seconds": 1.5725336074829102,
    "solver_status": "ok",
    "termination_condition": "optimal",
    "solver": "gams",
    "subsolver": "gurobi",
    "is_relaxation": false,
    "root_relaxation_value": 0.0,
    "root_relaxation_gap_percent": 100.0,
    "relaxation_gap_percent": null,
    "absolute_gap": null
  }
}