{
  "model_parameters": {
    "n_dimensions": 5,
    "n_clusters": 3,
    "n_points": 20,
    "coord_range_lower": -1,
    "coord_range_upper": 1
  },
  "solution": {
    "status": "optimal",
    "center_coordinates": {
      "cluster_1": {
        "dim_1": -0.386089324951172,
        "dim_2": 0.156292309871216,
        "dim_3": -0.045357507316681,
        "dim_4": 0.378862399101913,
        "dim_5": 0.409581399807785
      },
      "cluster_2": {
        "dim_1": -0.056417543678484,
        "dim_2": -0.482560295806876,
        "dim_3": -0.0831889728245,
        "dim_4": -0.611875763575175,
        "dim_5": -0.68186170420282
      },
      "cluster_3": {
        "dim_1": 0.266924705630861,
        "dim_2": 0.274328913054488,
        "dim_3": -0.618609664620458,
        "dim_4": -0.562583150000591,
        "dim_5": 0.457360606101829
      }
    },
    "distances": {
      "1": 0.3820110979407,
      "2": 1.169289345046068,
      "3": 0.963741890716588,
      "4": 0.654634623624429,
      "5": 0.812161647534591,
      "6": 1.155150757858882,
      "7": 0.938291364564315,
      "8": 0.757739749694192,
      "9": 1.500838660244457,
      "10": 0.966530546943709,
      "11": 0.252197963198123,
      "12": 0.461875833323337,
      "13": 1.005291768809413,
      "14": 0.699445369293487,
      "15": 0.577826987960477,
      "16": 0.774762731238881,
      "17": 1.261159872988588,
      "18": 0.526897439468662,
      "19": 1.472439666110901,
      "20": 1.002107409348408
    },
    "objective_value": 17.334394725908208,
    "lower_bound": 6.641415990335963,
    "absolute_gap": 10.692978735572245,
    "relative_gap": 1.61004501918443
  },
  "performance": {
    "solution_time_seconds": 1802.4068636894226,
    "solver_status": "ok",
    "termination_condition": "optimal",
    "solver": "gams",
    "subsolver": "scip",
    "is_relaxation": false,
    "root_relaxation_value": 6.64141599033596,
    "root_relaxation_gap_percent": 61.68648461425875,
    "relaxation_gap_percent": null,
    "absolute_gap": null
  }
}