{
  "model_parameters": {
    "n_dimensions": 3,
    "n_clusters": 5,
    "n_points": 17,
    "coord_range_lower": -1,
    "coord_range_upper": 1
  },
  "solution": {
    "status": "optimal",
    "center_coordinates": {
      "cluster_1": {
        "dim_1": -0.546848908277944,
        "dim_2": 0.505923082375006,
        "dim_3": -0.585342453632301
      },
      "cluster_2": {
        "dim_1": -0.229392038836937,
        "dim_2": -0.786194682685119,
        "dim_3": -0.539442462601429
      },
      "cluster_3": {
        "dim_1": 0.198013147947964,
        "dim_2": -0.003380106138998,
        "dim_3": 0.692542877451661
      },
      "cluster_4": {
        "dim_1": 0.442734484918339,
        "dim_2": -0.922670238531693,
        "dim_3": 0.328043285188742
      },
      "cluster_5": {
        "dim_1": 0.737933550749865,
        "dim_2": 0.42335449422959,
        "dim_3": -0.220885839089907
      }
    },
    "distances": {
      "1": 0.072652806002663,
      "2": 0.241044265094593,
      "3": 0.039298516595134,
      "4": 0.056978277750951,
      "5": 0.418509104999308,
      "6": 0.184734552169845,
      "7": 0.333744531629159,
      "8": 0.439241173059227,
      "9": 0.260567522502122,
      "10": 0.108406128890857,
      "11": 0.013023549546309,
      "12": 0.038544584198733,
      "13": 0.185144777883285,
      "14": 0.038544584182333,
      "15": 0.609261591061725,
      "16": 0.143669593238765,
      "17": 0.039298516585068
    },
    "objective_value": 3.222664075390077,
    "lower_bound": 0.803034366818379,
    "upper_bound": 3.222664075390077,
    "absolute_gap": 2.419629708571698,
    "relative_gap": 3.013108539997195
  },
  "performance": {
    "solution_time_seconds": 301.6514675617218,
    "solver_status": "ok",
    "termination_condition": "optimal",
    "solver": "gams",
    "subsolver": "baron",
    "is_relaxation": false,
    "root_relaxation_value": 0.0174181,
    "root_relaxation_gap_percent": 99.45951239122273,
    "relaxation_gap_percent": null,
    "absolute_gap": null
  }
}