{
  "model_parameters": {
    "n_dimensions": 4,
    "n_clusters": 4,
    "n_points": 15,
    "coord_range_lower": -1,
    "coord_range_upper": 1
  },
  "solution": {
    "status": "optimal",
    "center_coordinates": {
      "cluster_1": {
        "dim_1": -0.794309046498406,
        "dim_2": -0.201110978269463,
        "dim_3": -0.923759934680964,
        "dim_4": 0.141939626614038
      },
      "cluster_2": {
        "dim_1": -0.557349001905133,
        "dim_2": -0.51675856953185,
        "dim_3": 0.728028446356392,
        "dim_4": -0.507301806957644
      },
      "cluster_3": {
        "dim_1": 0.230191476794501,
        "dim_2": 0.316881369552599,
        "dim_3": -0.508438169454833,
        "dim_4": -0.518200007820727
      },
      "cluster_4": {
        "dim_1": 0.626517151108117,
        "dim_2": 0.304943670804077,
        "dim_3": 0.481362962722087,
        "dim_4": -0.036050589239698
      }
    },
    "distances": {
      "1": 0.789953048965029,
      "2": 0.666742337622597,
      "3": 0.574496026117399,
      "4": 0.275800242708639,
      "5": 0.444619345091241,
      "6": 0.688269652480895,
      "7": 0.526179222874027,
      "8": 0.133836886074957,
      "9": 0.230490235927897,
      "10": 0.275968071022395,
      "11": 0.134159532857325,
      "12": 0.494990819316818,
      "13": 0.276988989332999,
      "14": 0.799702755734958,
      "15": 0.41139884700061
    },
    "objective_value": 6.723596013127786,
    "lower_bound": 1.001585042375554,
    "upper_bound": 6.723596013127784,
    "absolute_gap": 5.7220109707522315,
    "relative_gap": 5.712955693887758
  },
  "performance": {
    "solution_time_seconds": 300.9668798446655,
    "solver_status": "ok",
    "termination_condition": "optimal",
    "solver": "gams",
    "subsolver": "scip",
    "is_relaxation": false,
    "root_relaxation_value": 1.00158504237555,
    "root_relaxation_gap_percent": 85.10343214523954,
    "relaxation_gap_percent": null,
    "absolute_gap": null
  }
}