{
  "model_parameters": {
    "n_dimensions": 3,
    "n_clusters": 4,
    "n_points": 15,
    "coord_range_lower": -1,
    "coord_range_upper": 1
  },
  "solution": {
    "status": "optimal",
    "center_coordinates": {
      "cluster_1": {
        "dim_1": -0.629533484539912,
        "dim_2": 0.701048169335837,
        "dim_3": -0.212604916208109
      },
      "cluster_2": {
        "dim_1": 0.12719922938022,
        "dim_2": 0.200381265130752,
        "dim_3": 0.474810064338561
      },
      "cluster_3": {
        "dim_1": 0.289668760336382,
        "dim_2": -0.492882677112199,
        "dim_3": -0.606823414592416
      },
      "cluster_4": {
        "dim_1": 0.62321330457077,
        "dim_2": -0.795149821691243,
        "dim_3": 0.557327013017715
      }
    },
    "distances": {
      "1": 0.145119895350735,
      "2": 0.1007365944835,
      "3": 0.024509340763505,
      "4": 0.092784186845252,
      "5": 0.122741977855941,
      "6": 0.2221832237349,
      "7": 0.02048489163222,
      "8": 0.150365742921179,
      "9": 0.044397067421706,
      "10": 0.204381490833117,
      "11": 0.004702007218206,
      "12": 0.658409373151615,
      "13": 0.278415292075824,
      "14": 0.066249062221628,
      "15": 0.092784186845257
    },
    "objective_value": 2.228264333354585,
    "lower_bound": 2.228264333354583,
    "absolute_gap": 2.220446049250313e-15,
    "relative_gap": 9.964913121000776e-16
  },
  "performance": {
    "solution_time_seconds": 369.70136308670044,
    "solver_status": "ok",
    "termination_condition": "optimal",
    "solver": "gams",
    "subsolver": "baron",
    "is_relaxation": false,
    "root_relaxation_value": 0.0,
    "root_relaxation_gap_percent": 100.0,
    "relaxation_gap_percent": null,
    "absolute_gap": null
  }
}