{
  "model_parameters": {
    "n_dimensions": 5,
    "n_clusters": 5,
    "n_points": 15,
    "coord_range_lower": -1,
    "coord_range_upper": 1
  },
  "solution": {
    "status": "optimal",
    "center_coordinates": {
      "cluster_1": {
        "dim_1": -0.693579761391187,
        "dim_2": -0.105377197265625,
        "dim_3": 0.94970703125,
        "dim_4": -0.560990956525893,
        "dim_5": 0.17724609375
      },
      "cluster_2": {
        "dim_1": -0.459136962890625,
        "dim_2": 0.548026920637773,
        "dim_3": -0.423101245497156,
        "dim_4": 0.667190551757812,
        "dim_5": -0.258200929334663
      },
      "cluster_3": {
        "dim_1": -0.2479248046875,
        "dim_2": -0.452705383300781,
        "dim_3": -0.42508132694636,
        "dim_4": -0.407786594367638,
        "dim_5": -0.149963024260036
      },
      "cluster_4": {
        "dim_1": -0.2479248046875,
        "dim_2": -0.722499847412109,
        "dim_3": 0.588780405488754,
        "dim_4": -0.067915982475351,
        "dim_5": 0.726061574694692
      },
      "cluster_5": {
        "dim_1": -0.213555628425221,
        "dim_2": 0.473951294968319,
        "dim_3": 0.79248046875,
        "dim_4": 0.29248046875,
        "dim_5": -0.2501220703125
      }
    },
    "distances": {
      "1": 0.459334817553816,
      "2": 0.392612812005094,
      "3": 0.224787572138401,
      "4": 0.380363239260929,
      "5": 0.049651312899874,
      "6": 0.200026186218103,
      "7": 0.203769170849701,
      "8": 1.121682507690912,
      "9": 0.577535838930047,
      "10": 0.049696041074187,
      "11": 0.739065250704463,
      "12": 0.291161074822095,
      "13": 0.281726536937827,
      "14": 0.37981791248303,
      "15": 0.499431399922738
    },
    "objective_value": 5.850661673491217,
    "lower_bound": 0.311952036647398,
    "upper_bound": 5.850661673491219,
    "absolute_gap": 5.538709636843819,
    "relative_gap": 17.755003930633954
  },
  "performance": {
    "solution_time_seconds": 301.64927101135254,
    "solver_status": "ok",
    "termination_condition": "optimal",
    "solver": "gams",
    "subsolver": "scip",
    "is_relaxation": false,
    "root_relaxation_value": 0.311952036647398,
    "root_relaxation_gap_percent": 94.66808962718144,
    "relaxation_gap_percent": null,
    "absolute_gap": null
  }
}