{
  "model_parameters": {
    "n_dimensions": 5,
    "n_clusters": 5,
    "n_points": 12,
    "coord_range_lower": -1,
    "coord_range_upper": 1
  },
  "solution": {
    "status": "optimal",
    "center_coordinates": {
      "cluster_1": {
        "dim_1": -0.405107863925746,
        "dim_2": 0.518219894703048,
        "dim_3": 0.188029036779135,
        "dim_4": 0.460193814724348,
        "dim_5": -0.920848332117665
      },
      "cluster_2": {
        "dim_1": -0.405107873865389,
        "dim_2": 0.604457080531774,
        "dim_3": 0.464483983652701,
        "dim_4": 0.504211218446847,
        "dim_5": 0.469195378089396
      },
      "cluster_3": {
        "dim_1": -0.184560789694346,
        "dim_2": 0.51053276321546,
        "dim_3": -0.816669882797531,
        "dim_4": 0.208482702791147,
        "dim_5": 0.565841896659153
      },
      "cluster_4": {
        "dim_1": 0.2464624342844,
        "dim_2": -0.725319592980218,
        "dim_3": 0.587511659035954,
        "dim_4": 0.188971711129586,
        "dim_5": -0.524205466811317
      },
      "cluster_5": {
        "dim_1": 0.246462424316472,
        "dim_2": -0.323195600637591,
        "dim_3": 0.769471517984934,
        "dim_4": -0.621279019359506,
        "dim_5": 0.513745790448534
      }
    },
    "distances": {
      "1": 0.433547788289006,
      "2": 0.480866882593424,
      "3": 0.420489301653869,
      "4": 0.155191865726891,
      "5": 0.006836814190728,
      "6": 0.637531937995214,
      "7": 0.497357136254749,
      "8": 0.335966655921685,
      "9": 1.125503829002852,
      "10": 0.302349987958923,
      "11": 0.399675884401471,
      "12": 0.302350002495574
    },
    "objective_value": 5.097668086484386,
    "lower_bound": 0.10844242816325,
    "absolute_gap": 4.9892256583211365,
    "relative_gap": 46.008059233147385
  },
  "performance": {
    "solution_time_seconds": 1801.4992218017578,
    "solver_status": "ok",
    "termination_condition": "optimal",
    "solver": "gams",
    "subsolver": "scip",
    "is_relaxation": false,
    "root_relaxation_value": 0.10844242816325,
    "root_relaxation_gap_percent": 97.87270519925048,
    "relaxation_gap_percent": null,
    "absolute_gap": null
  }
}