{
  "model_parameters": {
    "n_dimensions": 4,
    "n_clusters": 3,
    "n_points": 13,
    "coord_range_lower": -1,
    "coord_range_upper": 1
  },
  "solution": {
    "status": "optimal",
    "center_coordinates": {
      "cluster_1": {
        "dim_1": -0.29720236998977,
        "dim_2": -0.515760571840984,
        "dim_3": -0.150237711046028,
        "dim_4": 0.596206848348013
      },
      "cluster_2": {
        "dim_1": 0.220993227247994,
        "dim_2": -0.123490956406559,
        "dim_3": -0.674521991038202,
        "dim_4": -0.569207593949675
      },
      "cluster_3": {
        "dim_1": 0.664355010224938,
        "dim_2": -0.294970117984049,
        "dim_3": 0.410120851595642,
        "dim_4": -0.215398998567935
      }
    },
    "distances": {
      "1": 0.855891176191014,
      "2": 0.369331716938042,
      "3": 1.070648251328482,
      "4": 0.476433653593952,
      "5": 0.687247486298909,
      "6": 0.232246753131797,
      "7": 0.32870333002453,
      "8": 0.667231471849147,
      "9": 0.522578044924511,
      "10": 0.17579283554235,
      "11": 0.812464168083817,
      "12": 0.251594071415135,
      "13": 0.289861156427095
    },
    "objective_value": 6.740024115748781,
    "lower_bound": 6.740012806894747,
    "absolute_gap": 1.1308854034552951e-05,
    "relative_gap": 1.6778683303070987e-06
  },
  "performance": {
    "solution_time_seconds": 1801.8248553276062,
    "solver_status": "ok",
    "termination_condition": "optimal",
    "solver": "gams",
    "subsolver": "scip",
    "is_relaxation": false,
    "root_relaxation_value": 6.74001280689475,
    "root_relaxation_gap_percent": 0.00016778655145425816,
    "relaxation_gap_percent": null,
    "absolute_gap": null
  }
}