{
  "model_parameters": {
    "n_dimensions": 4,
    "n_clusters": 3,
    "n_points": 11,
    "coord_range_lower": -1,
    "coord_range_upper": 1
  },
  "solution": {
    "status": "optimal",
    "center_coordinates": {
      "cluster_1": {
        "dim_1": -0.350170472564631,
        "dim_2": -0.121547432345891,
        "dim_3": 0.628942795836868,
        "dim_4": -0.459390238705297
      },
      "cluster_2": {
        "dim_1": 0.24968701300549,
        "dim_2": -0.336003297785738,
        "dim_3": -0.465544201699389,
        "dim_4": -0.573429394098353
      },
      "cluster_3": {
        "dim_1": 0.423298085810623,
        "dim_2": 0.228348965338832,
        "dim_3": -0.158453953250796,
        "dim_4": 0.41991012517894
      }
    },
    "distances": {
      "1": 0.381780927343984,
      "2": 0.226790784439879,
      "3": 0.069895857138378,
      "4": 0.477545577534821,
      "5": 0.071077888374774,
      "6": 0.426262557273266,
      "7": 0.697868584342649,
      "8": 0.401339843430314,
      "9": 0.188706060610806,
      "10": 0.54577060192844,
      "11": 0.46789983268963
    },
    "objective_value": 3.954938515106941,
    "lower_bound": 3.954938487528775,
    "upper_bound": 3.954938515106941,
    "absolute_gap": 2.7578165973096702e-08,
    "relative_gap": 6.973096057008156e-09
  },
  "performance": {
    "solution_time_seconds": 6.71134614944458,
    "solver_status": "ok",
    "termination_condition": "optimal",
    "solver": "gams",
    "subsolver": "baron",
    "is_relaxation": false,
    "root_relaxation_value": 0.0,
    "root_relaxation_gap_percent": 100.0,
    "relaxation_gap_percent": null,
    "absolute_gap": null
  }
}