{
  "model_parameters": {
    "n_dimensions": 5,
    "n_clusters": 3,
    "n_points": 11,
    "coord_range_lower": -1,
    "coord_range_upper": 1
  },
  "solution": {
    "status": "optimal",
    "center_coordinates": {
      "cluster_1": {
        "dim_1": -0.605799119258199,
        "dim_2": -0.599998267247354,
        "dim_3": -0.207212250878749,
        "dim_4": 0.276124800986189,
        "dim_5": -0.170756586672992
      },
      "cluster_2": {
        "dim_1": 0.108605418761793,
        "dim_2": 0.575515247257371,
        "dim_3": -0.139803917168557,
        "dim_4": 0.163054192979626,
        "dim_5": 0.139458830946056
      },
      "cluster_3": {
        "dim_1": 0.853130867087262,
        "dim_2": -0.696204451794025,
        "dim_3": 0.840850183344358,
        "dim_4": -0.2424996612714,
        "dim_5": 0.021286391170998
      }
    },
    "distances": {
      "1": 0.905583487239502,
      "2": 1.000605643211611,
      "3": 0.744428146996526,
      "4": 0.441271538769385,
      "5": 0.838495456511112,
      "6": 0.721106637712724,
      "7": 0.487152303874198,
      "8": 0.915196662036467,
      "9": 1.071017898022101,
      "10": 1.325820770429558,
      "11": 0.744428146870336
    },
    "objective_value": 9.19510669167352,
    "lower_bound": 9.195106691673521,
    "upper_bound": 9.195106691673521,
    "absolute_gap": -1.7763568394002505e-15,
    "relative_gap": -1.9318501665769702e-16
  },
  "performance": {
    "solution_time_seconds": 111.02267622947693,
    "solver_status": "ok",
    "termination_condition": "optimal",
    "solver": "gams",
    "subsolver": "baron",
    "is_relaxation": false,
    "root_relaxation_value": 0.0,
    "root_relaxation_gap_percent": 100.0,
    "relaxation_gap_percent": null,
    "absolute_gap": null
  }
}