{
  "model_parameters": {
    "n_dimensions": 5,
    "n_clusters": 4,
    "n_points": 14,
    "coord_range_lower": -1,
    "coord_range_upper": 1
  },
  "solution": {
    "status": "feasible",
    "center_coordinates": {
      "cluster_1": {
        "dim_1": -0.394525003109662,
        "dim_2": 0.347578270517939,
        "dim_3": 0.693603191748559,
        "dim_4": 0.1621551788101,
        "dim_5": 0.38424242970746
      },
      "cluster_2": {
        "dim_1": -0.114515030749719,
        "dim_2": -0.400642101107345,
        "dim_3": -0.563090985799533,
        "dim_4": 0.614114093802505,
        "dim_5": -0.868038091654298
      },
      "cluster_3": {
        "dim_1": 0.426836149464507,
        "dim_2": 0.293676829908312,
        "dim_3": -0.972081416924417,
        "dim_4": 0.281172698765625,
        "dim_5": 0.752566642318625
      },
      "cluster_4": {
        "dim_1": 0.781496205473833,
        "dim_2": -0.132527472695569,
        "dim_3": 0.413869737541893,
        "dim_4": 0.399730422184002,
        "dim_5": -0.177994936070307
      }
    },
    "distances": {
      "1": 0.107606505224772,
      "2": 0.687348049498162,
      "3": 0.746584035951153,
      "4": 1.463659058058672,
      "5": 0.321918396675386,
      "6": 0.464019076601944,
      "7": 0.866883882124122,
      "8": 0.321837956552712,
      "9": 0.6807888704704,
      "10": 0.107595147181829,
      "11": 0.822527468194608,
      "12": 0.468692633648638,
      "13": 1.038814219663338,
      "14": 0.46674098389405
    },
    "objective_value": 8.565016283739785,
    "lower_bound": 4.336853140238456,
    "upper_bound": 8.565016283739785,
    "absolute_gap": 4.228163143501329,
    "relative_gap": 0.9749380499586965
  },
  "performance": {
    "solution_time_seconds": 300.7048490047455,
    "solver_status": "ok",
    "termination_condition": "feasible",
    "solver": "gams",
    "subsolver": "gurobi",
    "is_relaxation": false,
    "root_relaxation_value": 0.0,
    "root_relaxation_gap_percent": 100.0,
    "relaxation_gap_percent": null,
    "absolute_gap": null
  }
}