{
  "model_parameters": {
    "n_dimensions": 3,
    "n_clusters": 4,
    "n_points": 16,
    "coord_range_lower": -1,
    "coord_range_upper": 1
  },
  "solution": {
    "status": "optimal",
    "center_coordinates": {
      "cluster_1": {
        "dim_1": -0.815581573415096,
        "dim_2": 0.481012222751043,
        "dim_3": 0.212638412090546
      },
      "cluster_2": {
        "dim_1": -0.352860954073968,
        "dim_2": -0.571179699521867,
        "dim_3": -0.114445146530825
      },
      "cluster_3": {
        "dim_1": 0.448055695763593,
        "dim_2": 0.543976027136976,
        "dim_3": 0.71499718813734
      },
      "cluster_4": {
        "dim_1": 0.761739311705727,
        "dim_2": 0.803536888860507,
        "dim_3": -0.757955040178532
      }
    },
    "distances": {
      "1": 0.218117440961667,
      "2": 0.317325260613745,
      "3": 0.268950907773071,
      "4": 0.11433040828099,
      "5": 0.294139932720651,
      "6": 0.468804883194551,
      "7": 0.096410815925241,
      "8": 0.187302657876222,
      "9": 0.194448927645174,
      "10": 0.325901785497084,
      "11": 0.060905854789304,
      "12": 0.138695346964483,
      "13": 0.039887125809969,
      "14": 0.044958018359962,
      "15": 0.080109613511434,
      "16": 0.092280570879366
    },
    "objective_value": 2.942569550802914,
    "lower_bound": 2.942569529474167,
    "absolute_gap": 2.1328747212834287e-08,
    "relative_gap": 7.248340948003259e-09
  },
  "performance": {
    "solution_time_seconds": 9.452785730361938,
    "solver_status": "ok",
    "termination_condition": "optimal",
    "solver": "gams",
    "subsolver": "gurobi",
    "is_relaxation": false,
    "root_relaxation_value": 0.0,
    "root_relaxation_gap_percent": 100.0,
    "relaxation_gap_percent": null,
    "absolute_gap": null
  }
}