{
  "model_parameters": {
    "n_dimensions": 4,
    "n_clusters": 5,
    "n_points": 16,
    "coord_range_lower": -1,
    "coord_range_upper": 1
  },
  "solution": {
    "status": "optimal",
    "center_coordinates": {
      "cluster_1": {
        "dim_1": -0.866131964149084,
        "dim_2": -0.315613226071494,
        "dim_3": -0.156454591864201,
        "dim_4": -0.29912769438868
      },
      "cluster_2": {
        "dim_1": -0.043184774125942,
        "dim_2": -0.877135515269889,
        "dim_3": -0.251400924130658,
        "dim_4": -0.680049149716104
      },
      "cluster_3": {
        "dim_1": -0.043184784076531,
        "dim_2": -0.273507853360975,
        "dim_3": 0.655303173726158,
        "dim_4": 0.255595118835227
      },
      "cluster_4": {
        "dim_1": -0.043184794037413,
        "dim_2": 0.799765158076356,
        "dim_3": 0.459772351406652,
        "dim_4": 0.197195567210042
      },
      "cluster_5": {
        "dim_1": 0.674766225848149,
        "dim_2": 0.00064484387414,
        "dim_3": 0.020300340063205,
        "dim_4": -0.623786879283854
      }
    },
    "distances": {
      "1": 0.961111655687432,
      "2": 0.663346472701009,
      "3": 0.363315697206044,
      "4": 0.156555131862156,
      "5": 0.406190008174185,
      "6": 0.479661341194998,
      "7": 0.692327152947457,
      "8": 0.152632511784061,
      "9": 0.338152477877491,
      "10": 0.354449798821372,
      "11": 0.367071932927627,
      "12": 0.496780647223955,
      "13": 1.049488816136765,
      "14": 0.054229870194012,
      "15": 0.498142900881357,
      "16": 0.063750600067617
    },
    "objective_value": 7.0972070156875375,
    "lower_bound": 0.0,
    "absolute_gap": 7.0972070156875375,
    "relative_gap": null
  },
  "performance": {
    "solution_time_seconds": 1801.5320799350739,
    "solver_status": "ok",
    "termination_condition": "optimal",
    "solver": "gams",
    "subsolver": "scip",
    "is_relaxation": false,
    "root_relaxation_value": 1.11022302462516e-16,
    "root_relaxation_gap_percent": 100.0,
    "relaxation_gap_percent": null,
    "absolute_gap": null
  }
}