{
  "model_parameters": {
    "n_dimensions": 2,
    "n_clusters": 4,
    "n_points": 14,
    "coord_range_lower": -1,
    "coord_range_upper": 1
  },
  "solution": {
    "status": "optimal",
    "center_coordinates": {
      "cluster_1": {
        "dim_1": -0.45156683810594,
        "dim_2": 0.263233722395812
      },
      "cluster_2": {
        "dim_1": -0.229538786735858,
        "dim_2": -0.703019161682588
      },
      "cluster_3": {
        "dim_1": 0.608412148259776,
        "dim_2": -0.240793278608836
      },
      "cluster_4": {
        "dim_1": 0.69147577050484,
        "dim_2": 0.773789613327497
      }
    },
    "distances": {
      "1": 0.050007276369074,
      "2": 0.034135581798024,
      "3": 0.146082617358271,
      "4": 0.058074298615556,
      "5": 0.015082776383457,
      "6": 0.092523177494065,
      "7": 0.050532146642761,
      "8": 0.078198419830006,
      "9": 0.050410289426438,
      "10": 0.304945406963209,
      "11": 0.139222598221395,
      "12": 0.004109535711509,
      "13": 0.044649772074636,
      "14": 0.042039031106032
    },
    "objective_value": 1.1100129279944329,
    "lower_bound": 1.110012927994435,
    "absolute_gap": -2.220446049250313e-15,
    "relative_gap": -2.0003785480788967e-15
  },
  "performance": {
    "solution_time_seconds": 16.102047443389893,
    "solver_status": "ok",
    "termination_condition": "optimal",
    "solver": "gams",
    "subsolver": "baron",
    "is_relaxation": false,
    "root_relaxation_value": 0.0,
    "root_relaxation_gap_percent": 100.0,
    "relaxation_gap_percent": null,
    "absolute_gap": null
  }
}